source_type,reference_code,generic_name,trade_name,dosage_form,manufacturer,status
TTMT,9000400,ขมิ้นชัน,ขมิ้นชัน,ยาแคปซูล,โรงพยาบาลพระปกเกล้า,ACTIVE
TTMT,9000459,ฟ้าทะลายโจร,ฟ้าทะลายโจร,ยาแคปซูล,โรงพยาบาลพระปกเกล้า,ACTIVE
TTMT,9001267,ฟ้าทะลายโจร,ฟ้าทะลายโจร,ยาแคปซูล,โรงพยาบาลมหาราชนครราชสีมา,ACTIVE
TTMT,9001279,หญ้าหนวดแมว,หญ้าหนวดแมว,ยาชง,โรงพยาบาลมหาราชนครราชสีมา,ACTIVE
TTMT,9001687,ขมิ้นชัน,ขมิ้นชัน,ยาแคปซูล,โรงพยาบาลสรรพสิทธิประสงค์,ACTIVE
TTMT,9001694,ไพล,ไพล,ครีม,โรงพยาบาลสรรพสิทธิประสงค์,ACTIVE
TTMT,9001706,ฟ้าทะลายโจร,ฟ้าทะลายโจร,ยาแคปซูล,โรงพยาบาลสรรพสิทธิประสงค์,ACTIVE
TTMT,9002120,พญายอ,พญายอ,สารละลายสำหรับป้ายปาก,โรงพยาบาลอุตรดิตถ์,ACTIVE
TTMT,9002131,พญายอ,พญายอ,ขี้ผึ้ง,โรงพยาบาลอุตรดิตถ์,ACTIVE
TTMT,9002149,พญายอ,พญายอ,ครีม,โรงพยาบาลอุตรดิตถ์,ACTIVE
TTMT,9002154,พลู,พลู,ยาน้ำแขวนตะกอน,โรงพยาบาลอุตรดิตถ์,ACTIVE
TTMT,9002165,พลู,พลู,ครีม,โรงพยาบาลอุตรดิตถ์,ACTIVE
TTMT,9002177,ไพล,ไพล,ครีม,โรงพยาบาลอุตรดิตถ์,ACTIVE
TTMT,9003783,ขมิ้นชัน,ขมิ้นชัน,ยาแคปซูล,โรงพยาบาลอินทร์บุรี,ACTIVE
TTMT,9003806,พญายอ,พญายอ,ครีม,โรงพยาบาลอินทร์บุรี,ACTIVE
TTMT,9003810,พญายอ,พญายอ,สารละลายสำหรับป้ายปาก,โรงพยาบาลอินทร์บุรี,ACTIVE
TTMT,9003847,ฟ้าทะลายโจร,ฟ้าทะลายโจร,ยาแคปซูล,โรงพยาบาลอินทร์บุรี,ACTIVE
TTMT,9004258,ขมิ้นชัน,ขมิ้นชัน,ยาแคปซูล,โรงพยาบาลหนองคาย,ACTIVE
TTMT,9004262,ฟ้าทะลายโจร,ฟ้าทะลายโจร,ยาแคปซูล,โรงพยาบาลหนองคาย,ACTIVE
TTMT,9005122,ไพล,ไพล,ครีม,โรงพยาบาลนครพิงค์,ACTIVE
TTMT,9005935,พญายอ,พญายอ,ครีม,โรงพยาบาลศรีสังวาลย์,ACTIVE
TTMT,9007164,พริก,พริก,ครีม,โรงพยาบาลเพชรบูรณ์,ACTIVE
TTMT,9007571,พญายอ,คาลาไมด์พญายอ,ยาน้ำแขวนตะกอน,โรงพยาบาลดำเนินสะดวก,ACTIVE
TTMT,9007585,พญายอ,พญายอเจล,เจล,โรงพยาบาลดำเนินสะดวก,ACTIVE
TTMT,9007592,พญายอ,พญายอ,ยาครีมสำหรับป้ายปาก,โรงพยาบาลดำเนินสะดวก,ACTIVE
TTMT,9007603,พริก,เจลพริก,เจล,โรงพยาบาลดำเนินสะดวก,ACTIVE
TTMT,9008423,ขมิ้นชัน,ขมิ้นชัน,ยาแคปซูล,โรงพยาบาลกระบี่,ACTIVE
TTMT,9008434,ขิง,ขิง,ยาแคปซูล,โรงพยาบาลกระบี่,ACTIVE
TTMT,9008447,ชุมเห็ดเทศ,ชุมเห็ดเทศ,ยาแคปซูล,โรงพยาบาลกระบี่,ACTIVE
TTMT,9008468,พญายอ,พญายอ,ครีม,โรงพยาบาลกระบี่,ACTIVE
TTMT,9008475,พญายอ,พญายอ,สารละลายสำหรับป้ายปาก,โรงพยาบาลกระบี่,ACTIVE
TTMT,9008499,ฟ้าทะลายโจร,ฟ้าทะลายโจร,ยาแคปซูล,โรงพยาบาลกระบี่,ACTIVE
TTMT,9009310,รางจืด,รางจืด,ยาชง,โรงพยาบาลพัทลุง,ACTIVE
TTMT,9009323,หญ้าหนวดแมว,หญ้าหนวดแมว,ยาชง,โรงพยาบาลพัทลุง,ACTIVE
TTMT,9010132,ขมิ้นชัน,ขมิ้นชัน,ยาแคปซูล,โรงพยาบาลบางซ้าย,ACTIVE
TTMT,9010178,ฟ้าทะลายโจร,ฟ้าทะลายโจร,ยาแคปซูล,โรงพยาบาลบางซ้าย,ACTIVE
TTMT,9010184,มะขามแขก,มะขามแขก,ยาแคปซูล,โรงพยาบาลบางซ้าย,ACTIVE
TTMT,9010197,มะระขี้นก,มะระขี้นก,ยาแคปซูล,โรงพยาบาลบางซ้าย,ACTIVE
TTMT,9010653,มะขามแขก,มะขามแขก,ยาแคปซูล,โรงพยาบาลโพธิ์ทอง,ACTIVE
TTMT,9010669,มะระขี้นก,มะระขี้นก,ยาแคปซูล,โรงพยาบาลโพธิ์ทอง,ACTIVE
TTMT,9010676,รางจืด,รางจืด,ยาชง,โรงพยาบาลโพธิ์ทอง,ACTIVE
TTMT,9010682,หญ้าหนวดแมว,หญ้าหนวดแมว,ยาชง,โรงพยาบาลโพธิ์ทอง,ACTIVE
TTMT,9011149,ฟ้าทะลายโจร,ฟ้าทะลายโจร,ยาแคปซูล,โรงพยาบาลวิเศษชัยชาญ,ACTIVE
TTMT,9011154,มะขามแขก,มะขามแขก,ยาแคปซูล,โรงพยาบาลวิเศษชัยชาญ,ACTIVE
TTMT,9011165,มะระขี้นก,มะระขี้นก,ยาแคปซูล,โรงพยาบาลวิเศษชัยชาญ,ACTIVE
TTMT,9011177,รางจืด,รางจืด,ยาชง,โรงพยาบาลวิเศษชัยชาญ,ACTIVE
TTMT,9011183,หญ้าปักกิ่ง,หญ้าปักกิ่ง,ยาแคปซูล,โรงพยาบาลวิเศษชัยชาญ,ACTIVE
TTMT,9011196,หญ้าหนวดแมว,หญ้าหนวดแมว,ยาชง,โรงพยาบาลวิเศษชัยชาญ,ACTIVE
TTMT,9011623,มะขามแขก,มะขามแขก,ยาแคปซูล,โรงพยาบาลสามโก้,ACTIVE
TTMT,9011634,มะระขี้นก,มะระขี้นก,ยาแคปซูล,โรงพยาบาลสามโก้,ACTIVE
TTMT,9012042,ฟ้าทะลายโจร,ฟ้าทะลายโจร,ยาแคปซูล,โรงพยาบาลหนองม่วง,ACTIVE
TTMT,9012455,ฟ้าทะลายโจร,ฟ้าทะลายโจร,ยาแคปซูล,โรงพยาบาลพรหมบุรี,ACTIVE
TTMT,9013264,ขมิ้นชัน,ขมิ้นชัน,ยาแคปซูล,โรงพยาบาลสรรคบุรี,ACTIVE
TTMT,9013272,เถาวัลย์เปรียง,เถาวัลย์เปรียง,ยาแคปซูล,โรงพยาบาลสรรคบุรี,ACTIVE
TTMT,9013293,บัวบก,บัวบก,ยาแคปซูล,โรงพยาบาลสรรคบุรี,ACTIVE
TTMT,9013303,ฟ้าทะลายโจร,ฟ้าทะลายโจร,ยาแคปซูล,โรงพยาบาลสรรคบุรี,ACTIVE
TTMT,9013319,มะระขี้นก,มะระขี้นก,ยาแคปซูล,โรงพยาบาลสรรคบุรี,ACTIVE
TTMT,9013326,ว่านชักมดลูก,ว่านชักมดลูก,ยาแคปซูล,โรงพยาบาลสรรคบุรี,ACTIVE
TTMT,9014535,กระเทียม,Allium cap,ยาแคปซูล,โรงพยาบาลหนองโดน,ACTIVE
TTMT,9014542,ขมิ้นชัน,ขมิ้นชัน,ยาแคปซูล,โรงพยาบาลหนองโดน,ACTIVE
TTMT,9014557,คำฝอย,Carthamus powder,ยาชง,โรงพยาบาลหนองโดน,ACTIVE
TTMT,9014561,คำฝอย,Carthamus cap,ยาแคปซูล,โรงพยาบาลหนองโดน,ACTIVE
TTMT,9014574,บอระเพ็ด,Timospora cap,ยาแคปซูล,โรงพยาบาลหนองโดน,ACTIVE
TTMT,9014588,พญายอ,Clinacanthus tincture,ทิงเจอร์,โรงพยาบาลหนองโดน,ACTIVE
TTMT,9014590,พญายอ,Clinacanthus cream,ครีม,โรงพยาบาลหนองโดน,ACTIVE
TTMT,9014601,เพชรสังฆาต,cissus capsul,ยาแคปซูล,โรงพยาบาลหนองโดน,ACTIVE
TTMT,9014617,ฟ้าทะลายโจร,ฟ้าทะลายโจร,ยาแคปซูล,โรงพยาบาลหนองโดน,ACTIVE
TTMT,9014629,มะขามแขก,Senna cap.,ยาแคปซูล,โรงพยาบาลหนองโดน,ACTIVE
TTMT,9014638,ยอ,Morinda cap.,ยาแคปซูล,โรงพยาบาลหนองโดน,ACTIVE
TTMT,9014640,ส้มแขก,Garcinia cap,ยาแคปซูล,โรงพยาบาลหนองโดน,ACTIVE
TTMT,9014655,หญ้าหนวดแมว,Orthohiphom powder,ยาชง,โรงพยาบาลหนองโดน,ACTIVE
TTMT,9014664,เหงือกปลาหมอ,Acanthus cap.,ยาแคปซูล,โรงพยาบาลหนองโดน,ACTIVE
TTMT,9015470,ฟ้าทะลายโจร,ฟ้าทะลายโจร,ยาแคปซูล,โรงพยาบาลมวกเหล็ก,ACTIVE
TTMT,9016282,เถาวัลย์เปรียง,เถาวัลย์เปรียง,ยาแคปซูล,โรงพยาบาลพานทอง,ACTIVE
TTMT,9016691,กระเจี๊ยบแดง,ยาชงกระเจี๊ยบแดง,ยาชง,โรงพยาบาลพนัสนิคม,ACTIVE
TTMT,9016712,ขิง,ยาชงขิง,ยาชง,โรงพยาบาลพนัสนิคม,ACTIVE
TTMT,9016720,คำฝอย,ยาชงคำฝอย,ยาชง,โรงพยาบาลพนัสนิคม,ACTIVE
TTMT,9016749,เถาวัลย์เปรียง,ยาเถาวัลย์เปรียง,ยาแคปซูล,โรงพยาบาลพนัสนิคม,ACTIVE
TTMT,9016754,บอระเพ็ด,ยาบอระเพ็ด,ยาแคปซูล,โรงพยาบาลพนัสนิคม,ACTIVE
TTMT,9016765,ใบหม่อน,ชาชงใบหม่อน,ยาชง,โรงพยาบาลพนัสนิคม,ACTIVE
TTMT,9016796,เพชรสังฆาต,ยาเพชรสังฆาต ตำรับ2,ยาแคปซูล,โรงพยาบาลพนัสนิคม,ACTIVE
TTMT,9016806,มะระขี้นก,ยามะระขี้นก,ยาแคปซูล,โรงพยาบาลพนัสนิคม,ACTIVE
TTMT,9016810,รางจืด,ยาชงรางจืด,ยาชง,โรงพยาบาลพนัสนิคม,ACTIVE
TTMT,9016823,ว่านชักมดลูก,ยาว่านชักมดลูก,ยาแคปซูล,โรงพยาบาลพนัสนิคม,ACTIVE
TTMT,9016834,หญ้าดอกขาว,ยาชงหญ้าดอกขาว,ยาชง,โรงพยาบาลพนัสนิคม,ACTIVE
TTMT,9016847,เหงือกปลาหมอ,ยาเหงือกปลาหมอ,ยาแคปซูล,โรงพยาบาลพนัสนิคม,ACTIVE
TTMT,9018867,ขมิ้นชัน,ขมิ้นชัน,ยาแคปซูล,โรงพยาบาลวังจันทร์,ACTIVE
TTMT,9018879,ชุมเห็ดเทศ,ชุมเห็ดเทศ,ยาชง,โรงพยาบาลวังจันทร์,ACTIVE
TTMT,9018898,พญายอ,พญายอ,ครีม,โรงพยาบาลวังจันทร์,ACTIVE
TTMT,9018908,พญายอ,พญายอ,สารละลายสำหรับป้ายปาก,โรงพยาบาลวังจันทร์,ACTIVE
TTMT,9018920,ฟ้าทะลายโจร,ฟ้าทะลายโจร,ยาแคปซูล,โรงพยาบาลวังจันทร์,ACTIVE
TTMT,9020135,ขมิ้นชัน,ขมิ้นชัน แคปซูล,ยาแคปซูล,โรงพยาบาลเขาคิชฌกูฏ,ACTIVE
TTMT,9020142,คำฝอย,ชาชงคำฝอย,ยาชง,โรงพยาบาลเขาคิชฌกูฏ,ACTIVE
TTMT,9020157,ชุมเห็ดเทศ,ชาชงชุมเห็ดเทศ,ยาชง,โรงพยาบาลเขาคิชฌกูฏ,ACTIVE
TTMT,9020161,พริกไทย,พริกไทยแคปซูล,ยาแคปซูล,โรงพยาบาลเขาคิชฌกูฏ,ACTIVE
TTMT,9020174,เพชรสังฆาต,เพชรสังฆาต แคปซูล,ยาแคปซูล,โรงพยาบาลเขาคิชฌกูฏ,ACTIVE
TTMT,9020190,รางจืด,ชาชงรางจืด,ยาชง,โรงพยาบาลเขาคิชฌกูฏ,ACTIVE
TTMT,9021002,ขมิ้นชัน,ขมิ้นชัน,ยาแคปซูล,โรงพยาบาลแปลงยาว,ACTIVE
TTMT,9021018,ชุมเห็ดเทศ,ชุมเห็ดเทศ,ยาชง,โรงพยาบาลแปลงยาว,ACTIVE
TTMT,9021025,พญายอ,พญายอ,ครีม,โรงพยาบาลแปลงยาว,ACTIVE
TTMT,9021039,พญายอ,พญายอ,สารละลายสำหรับป้ายปาก,โรงพยาบาลแปลงยาว,ACTIVE
TTMT,9021041,ฟ้าทะลายโจร,ฟ้าทะลายโจร,ยาแคปซูล,โรงพยาบาลแปลงยาว,ACTIVE
TTMT,9021877,ขมิ้นชัน,ขมิ้นชัน,ยาแคปซูล,โรงพยาบาลบ้านนา,ACTIVE
TTMT,9021896,ขิง,ขิง,ยาชง,โรงพยาบาลบ้านนา,ACTIVE
TTMT,9021934,ชุมเห็ดเทศ,ชุมเห็ดเทศ,ยาชง,โรงพยาบาลบ้านนา,ACTIVE
TTMT,9021947,เถาวัลย์เปรียง,เถาวัลย์เปรียง,ยาแคปซูล,โรงพยาบาลบ้านนา,ACTIVE
TTMT,9021952,บัวบก,บัวบก,ยาแคปซูล,โรงพยาบาลบ้านนา,ACTIVE
TTMT,9021975,พญายอ,พญายอ,ครีม,โรงพยาบาลบ้านนา,ACTIVE
TTMT,9021981,พญายอ,พญายอ,สารละลายสำหรับป้ายปาก,โรงพยาบาลบ้านนา,ACTIVE
TTMT,9021999,ฟ้าทะลายโจร,ฟ้าทะลายโจร,ยาแคปซูล,โรงพยาบาลบ้านนา,ACTIVE
TTMT,9022009,มะระขี้นก,มะระขี้นก,ยาแคปซูล,โรงพยาบาลบ้านนา,ACTIVE
TTMT,9022013,มะระขี้นก,มะระขี้นก,ยาชง,โรงพยาบาลบ้านนา,ACTIVE
TTMT,9022032,รางจืด,รางจืด,ยาชง,โรงพยาบาลบ้านนา,ACTIVE
TTMT,9022066,หญ้าดอกขาว,หญ้าดอกขาว,ยาชง,โรงพยาบาลบ้านนา,ACTIVE
TTMT,9022078,หญ้าปักกิ่ง,หญ้าปักกิ่ง,ยาชง,โรงพยาบาลบ้านนา,ACTIVE
TTMT,9022084,หญ้าหนวดแมว,หญ้าหนวดแมว,ยาชง,โรงพยาบาลบ้านนา,ACTIVE
TTMT,9022508,กระเจี๊ยบแดง,กระเจี๊ยบแดง,ยาชง,โรงพยาบาลวังน้ำเย็น,ACTIVE
TTMT,9022512,ขมิ้นชัน,ขมิ้นชัน,ยาแคปซูล,โรงพยาบาลวังน้ำเย็น,ACTIVE
TTMT,9022520,ขมิ้นชัน,ขมิ้นชัน,ยาเม็ด,โรงพยาบาลวังน้ำเย็น,ACTIVE
TTMT,9022549,ขิง,ขิง,ยาชง,โรงพยาบาลวังน้ำเย็น,ACTIVE
TTMT,9022565,ชุมเห็ดเทศ,ชาชงชุมเห็ดเทศ,ยาชง,โรงพยาบาลวังน้ำเย็น,ACTIVE
TTMT,9022583,เถาวัลย์เปรียง,สมุนไพรโรงพยาบาลวังน้ำเย็น,ยาแคปซูล,โรงพยาบาลวังน้ำเย็น,ACTIVE
TTMT,9022651,เพชรสังฆาต,สมุนไพรโรงพยาบาลวังน้ำเย็น,ยาแคปซูล,โรงพยาบาลวังน้ำเย็น,ACTIVE
TTMT,9022679,ฟ้าทะลายโจร,ยาฟ้าทะลายโจร,ยาแคปซูล,โรงพยาบาลวังน้ำเย็น,ACTIVE
TTMT,9022680,ฟ้าทะลายโจร,ฟ้าทะลายโจร,ยาลูกกลอน,โรงพยาบาลวังน้ำเย็น,ACTIVE
TTMT,9022698,รางจืด,รางจืด,ยาชง,โรงพยาบาลวังน้ำเย็น,ACTIVE
TTMT,9023516,กระเทียม,กระเทียม,ยาแคปซูล,โรงพยาบาลขามสะแกแสง,ACTIVE
TTMT,9023528,ขมิ้นชัน,ขมิ้นชัน,ยาแคปซูล,โรงพยาบาลขามสะแกแสง,ACTIVE
TTMT,9023537,คำฝอย,ดอกคำฝอย,ยาชง,โรงพยาบาลขามสะแกแสง,ACTIVE
TTMT,9023544,ชุมเห็ดเทศ,ชุมเห็ดเทศ,ยาชง,โรงพยาบาลขามสะแกแสง,ACTIVE
TTMT,9023559,ตะไคร้,ตะไคร้,ยาชง,โรงพยาบาลขามสะแกแสง,ACTIVE
TTMT,9023563,เถาวัลย์เปรียง,เถาวัลย์เปรียง,ยาแคปซูล,โรงพยาบาลขามสะแกแสง,ACTIVE
TTMT,9023571,บอระเพ็ด,บอระเพ็ด,ยาแคปซูล,โรงพยาบาลขามสะแกแสง,ACTIVE
TTMT,9023585,เพชรสังฆาต,เพชรสังฆาต,ยาแคปซูล,โรงพยาบาลขามสะแกแสง,ACTIVE
TTMT,9023592,ฟ้าทะลายโจร,ฟ้าทะลายโจร,ยาแคปซูล,โรงพยาบาลขามสะแกแสง,ACTIVE
TTMT,9023603,รางจืด,รางจืด,ยาชง,โรงพยาบาลขามสะแกแสง,ACTIVE
TTMT,9023619,หญ้าหนวดแมว,หญ้าหนวดแมว,ยาชง,โรงพยาบาลขามสะแกแสง,ACTIVE
TTMT,9024022,กระเจี๊ยบแดง,กระเจี๊ยบแดง,ยาต้ม,โรงพยาบาลสูงเนิน,ACTIVE
TTMT,9024046,ขิง,ชาขิง,ยาชง,โรงพยาบาลสูงเนิน,ACTIVE
TTMT,9024051,คำฝอย,ชาดอกคำฝอย,ยาชง,โรงพยาบาลสูงเนิน,ACTIVE
TTMT,9024067,ชุมเห็ดเทศ,ชุมเห็ดเทศ,ยาชง,โรงพยาบาลสูงเนิน,ACTIVE
TTMT,9024098,มะระขี้นก,มะระขี้นก,ยาแคปซูล,โรงพยาบาลสูงเนิน,ACTIVE
TTMT,9024112,หญ้าดอกขาว,หญ้าดอกขาว,ยาชง,โรงพยาบาลสูงเนิน,ACTIVE
TTMT,9024120,หญ้าหนวดแมว,หญ้าหนวดแมว,ยาชง,โรงพยาบาลสูงเนิน,ACTIVE
TTMT,9025735,กล้วย,ยากล้วยแคปซุล รพ.คูเมือง,ยาแคปซูล,โรงพยาบาลคูเมือง,ACTIVE
TTMT,9025742,ขมิ้นชัน,ยาขมิ้นชันแคปซูล รพ.คูเมือง,ยาแคปซูล,โรงพยาบาลคูเมือง,ACTIVE
TTMT,9025757,ขิง,ขิง,ยาแคปซูล,โรงพยาบาลคูเมือง,ACTIVE
TTMT,9025788,บัวบก,บัวบกแคปซูล รพ.คูเมือง,ยาแคปซูล,โรงพยาบาลคูเมือง,ACTIVE
TTMT,9025790,พญายอ,ยาครีมพญายอ รพ.คูเมือง,เจล,โรงพยาบาลคูเมือง,ACTIVE
TTMT,9025816,เพชรสังฆาต,ยาเพชรสังฆาตแคปซูล รพ.คูเมือง,ยาแคปซูล,โรงพยาบาลคูเมือง,ACTIVE
TTMT,9025828,ฟ้าทะลายโจร,ฟ้าทะลายโจร,ยาแคปซูล,โรงพยาบาลคูเมือง,ACTIVE
TTMT,9025837,มะขามแขก,ยามะขามแขกแคปซูล รพ.คูมือง,ยาแคปซูล,โรงพยาบาลคูเมือง,ACTIVE
TTMT,9025844,มะระขี้นก,ยามะระขี้นกแคปซูล รพ.คูเมือง,ยาแคปซูล,โรงพยาบาลคูเมือง,ACTIVE
TTMT,9025859,รางจืด,รางจืด,ยาชง,โรงพยาบาลคูเมือง,ACTIVE
TTMT,9026696,มะระขี้นก,มะระขี้นก,ยาแคปซูล,โรงพยาบาลประโคนชัย,ACTIVE
TTMT,9029921,พญายอ,ยาดองเสลดพังพอน,ทิงเจอร์,โรงพยาบาลกาบเชิง,ACTIVE
TTMT,9029932,พญายอ,เสลดพังพอนกลีเซอรีน,สารละลายสำหรับป้ายปาก,โรงพยาบาลกาบเชิง,ACTIVE
TTMT,9029945,พลู,พลู,ทิงเจอร์,โรงพยาบาลกาบเชิง,ACTIVE
TTMT,9029950,ฟ้าทะลายโจร,แคปซูลฟ้าทะลายโจร,ยาแคปซูล,โรงพยาบาลกาบเชิง,ACTIVE
TTMT,9029966,รางจืด,ชาชงรางจืด,ยาชง,โรงพยาบาลกาบเชิง,ACTIVE
TTMT,9031176,ขมิ้นชัน,ขมิ้นชันห้วยเฮิร์บ,ยาแคปซูล,โรงพยาบาลห้วยทับทัน,ACTIVE
TTMT,9031218,รางจืด,รางจืด,ยาชง,โรงพยาบาลห้วยทับทัน,ACTIVE
TTMT,9031225,หญ้าหนวดแมว,หญ้าหนวดแมว,ยาชง,โรงพยาบาลห้วยทับทัน,ACTIVE
TTMT,9031633,ขมิ้นชัน,ขมิ้นชัน,ยาแคปซูล,โรงพยาบาลนาจะหลวย,ACTIVE
TTMT,9031646,เถาวัลย์เปรียง,เถาวัลย์เปรียง,ยาแคปซูล,โรงพยาบาลนาจะหลวย,ACTIVE
TTMT,9031679,ฟ้าทะลายโจร,ฟ้าทะลายโจร,ยาแคปซูล,โรงพยาบาลนาจะหลวย,ACTIVE
TTMT,9031680,มะระขี้นก,มะระขี้นก,ยาแคปซูล,โรงพยาบาลนาจะหลวย,ACTIVE
TTMT,9032104,ขมิ้นชัน,ขมิ้นชันแคปซูล,ยาแคปซูล,โรงพยาบาลตระการพืชผล,ACTIVE
TTMT,9032115,ชุมเห็ดเทศ,ชาชุมเห็ดเทศ,ยาชง,โรงพยาบาลตระการพืชผล,ACTIVE
TTMT,9032127,ตะไคร้,ชาตะไคร้,ยาชง,โรงพยาบาลตระการพืชผล,ACTIVE
TTMT,9032136,ทิงเจอร์ทองพันชั่ง,ทิงเจอร์ทองพันชั่ง,ทิงเจอร์,โรงพยาบาลตระการพืชผล,ACTIVE
TTMT,9032143,ใบเตย,ชาใบเตย,ยาชง,โรงพยาบาลตระการพืชผล,ACTIVE
TTMT,9032158,พญายอ,ทิงเจอร์พญายอ,ทิงเจอร์,โรงพยาบาลตระการพืชผล,ACTIVE
TTMT,9032162,ฟ้าทะลายโจร,ฟ้าทะลายโจรแคปซูล,ยาแคปซูล,โรงพยาบาลตระการพืชผล,ACTIVE
TTMT,9032170,รางจืด,ชารางจืด,ยาชง,โรงพยาบาลตระการพืชผล,ACTIVE
TTMT,9032189,หญ้าหนวดแมว,ชาหญ้าหนวดแมว,ยาชง,โรงพยาบาลตระการพืชผล,ACTIVE
TTMT,9033007,คำฝอย,ยาชงดอกคำฝอย,ยาชง,โรงพยาบาลกุดชุม,ACTIVE
TTMT,9033024,ชุมเห็ดเทศ,ยาชงชุมเห็ดเทศ,ยาชง,โรงพยาบาลกุดชุม,ACTIVE
TTMT,9033048,ฟ้าทะลายโจร,ฟ้าทะลายโจร,ยาแคปซูล,โรงพยาบาลกุดชุม,ACTIVE
TTMT,9033053,ย่านางแดง,ยาชงย่านางแดง,ยาชง,โรงพยาบาลกุดชุม,ACTIVE
TTMT,9033069,รางจืด,ยาชงรางจืด,ยาชง,โรงพยาบาลกุดชุม,ACTIVE
TTMT,9033076,หญ้าหนวดแมว,ยาชงหญ้าหนวดแมว,ยาชง,โรงพยาบาลกุดชุม,ACTIVE
TTMT,9033886,ฟ้าทะลายโจร,ฟ้าทะลายโจร,ยาแคปซูล,โรงพยาบาลจัตุรัส,ACTIVE
TTMT,9034296,เถาวัลย์เปรียง,เถาวัลย์เปรียง,ยาแคปซูล,โรงพยาบาลบำเหน็จณรงค์,ACTIVE
TTMT,9034310,รางจืด,รางจืด,ยาแคปซูล,โรงพยาบาลบำเหน็จณรงค์,ACTIVE
TTMT,9035125,กระเจี๊ยบแดง,ชาชงกระเจี๊ยบ โรงพยาบาลพนา,ยาชง,โรงพยาบาลพนา,ACTIVE
TTMT,9035141,เถาวัลย์เปรียง,เถาวัลย์เปรียง,ยาแคปซูล,โรงพยาบาลพนา,ACTIVE
TTMT,9035156,เถาวัลย์เปรียง,เถาวัลย์เปรียง,ยาแคปซูล,โรงพยาบาลพนา,ACTIVE
TTMT,9035187,รางจืด,ชาชงรางจืด โรงพยาบาลพนา,ยาชง,โรงพยาบาลพนา,ACTIVE
TTMT,9035194,หญ้าหนวดแมว,หญ้าหนวดแมว,ยาชง,โรงพยาบาลพนา,ACTIVE
TTMT,9036004,ขมิ้นชัน,พลทิพย์,ยาแคปซูล,โรงพยาบาลพล,ACTIVE
TTMT,9036015,ขิง,พลทิพย์,ยาผง,โรงพยาบาลพล,ACTIVE
TTMT,9036027,ชุมเห็ดเทศ,พลทิพย์,ยาชง,โรงพยาบาลพล,ACTIVE
TTMT,9036036,ตะไคร้,พลทิพย์,ยาชง,โรงพยาบาลพล,ACTIVE
TTMT,9036043,เถาวัลย์เปรียง,พลทิพย์,ยาแคปซูล,โรงพยาบาลพล,ACTIVE
TTMT,9036058,บอระเพ็ด,พลทิพย์,ยาแคปซูล,โรงพยาบาลพล,ACTIVE
TTMT,9036062,พญายอ,พลทิพย์,ยาน้ำแขวนตะกอน,โรงพยาบาลพล,ACTIVE
TTMT,9036070,พญายอ,พลทิพย์,เจล,โรงพยาบาลพล,ACTIVE
TTMT,9036089,ฟ้าทะลายโจร,พลทิพย์,ยาแคปซูล,โรงพยาบาลพล,ACTIVE
TTMT,9036091,มะระขี้นก,พลทิพย์,ยาแคปซูล,โรงพยาบาลพล,ACTIVE
TTMT,9036101,รางจืด,พลทิพย์,ยาชง,โรงพยาบาลพล,ACTIVE
TTMT,9036117,หญ้าหนวดแมว,พลทิพย์,ยาชง,โรงพยาบาลพล,ACTIVE
TTMT,9037326,เถาวัลย์เปรียง,เถาวัลย์เปรียง,ยาแคปซูล,โรงพยาบาลเซกา,ACTIVE
TTMT,9038543,พญายอ,พญายอ,สารละลายสำหรับป้ายปาก,โรงพยาบาลบรบือ,ACTIVE
TTMT,9041360,ขมิ้นชัน,ขมิ้นชัน,ยาแคปซูล,โรงพยาบาลนามน,ACTIVE
TTMT,9041373,ชุมเห็ดเทศ,ชุมเห็ดเทศ,ยาชง,โรงพยาบาลนามน,ACTIVE
TTMT,9041394,ฟ้าทะลายโจร,ฟ้าทะลายโจร,ยาแคปซูล,โรงพยาบาลนามน,ACTIVE
TTMT,9041413,รางจืด,รางจืด,ยาชง,โรงพยาบาลนามน,ACTIVE
TTMT,9043430,กระชายดำ,กระชายดำ,ยาชง,โรงพยาบาลพระอาจารย์ฝั้นอาจาโร,ACTIVE
TTMT,9043448,ขมิ้นชัน,ขมิ้นชัน,ยาลูกกลอน,โรงพยาบาลพระอาจารย์ฝั้นอาจาโร,ACTIVE
TTMT,9043453,ขิง,ขิง,ยาชง,โรงพยาบาลพระอาจารย์ฝั้นอาจาโร,ACTIVE
TTMT,9043469,คำฝอย,คำฝอย,ยาชง,โรงพยาบาลพระอาจารย์ฝั้นอาจาโร,ACTIVE
TTMT,9043476,ชุมเห็ดเทศ,ชุมเห็ดเทศ,ยาชง,โรงพยาบาลพระอาจารย์ฝั้นอาจาโร,ACTIVE
TTMT,9043495,บอระเพ็ด,บอระเพ็ด,ยาแคปซูล,โรงพยาบาลพระอาจารย์ฝั้นอาจาโร,ACTIVE
TTMT,9043509,บอระเพ็ด,บอระเพ็ด,ยาลูกกลอน,โรงพยาบาลพระอาจารย์ฝั้นอาจาโร,ACTIVE
TTMT,9043513,ฟ้าทะลายโจร,ฟ้าทะลายโจร,ยาลูกกลอน,โรงพยาบาลพระอาจารย์ฝั้นอาจาโร,ACTIVE
TTMT,9043521,ฟ้าทะลายโจร,ฟ้าทะลายโจร,ยาแคปซูล,โรงพยาบาลพระอาจารย์ฝั้นอาจาโร,ACTIVE
TTMT,9043532,ว่านชักมดลูก,ว่านชักมดลูก,ยาแคปซูล,โรงพยาบาลพระอาจารย์ฝั้นอาจาโร,ACTIVE
TTMT,9043545,ว่านชักมดลูก,ว่านชักมดลูก,ยาชง,โรงพยาบาลพระอาจารย์ฝั้นอาจาโร,ACTIVE
TTMT,9043550,หญ้าหนวดแมว,หญ้าหนวดแมว,ยาชง,โรงพยาบาลพระอาจารย์ฝั้นอาจาโร,ACTIVE
TTMT,9043964,ฟ้าทะลายโจร,ฟ้าทะลายโจร,ยาลูกกลอน,โรงพยาบาลพังโคน,ACTIVE
TTMT,9045591,พญายอ,พญายอ,ทิงเจอร์,โรงพยาบาลโคกศรีสุพรรณ,ACTIVE
TTMT,9046002,ขมิ้นชัน,ขมิ้นชัน,ยาแคปซูล,โรงพยาบาลเรณูนคร,ACTIVE
TTMT,9046039,ชุมเห็ดเทศ,ชุมเห็ดเทศ,ยาชง,โรงพยาบาลเรณูนคร,ACTIVE
TTMT,9046041,ฟ้าทะลายโจร,ฟ้าทะลายโจร,ยาแคปซูล,โรงพยาบาลเรณูนคร,ACTIVE
TTMT,9046056,หญ้าหนวดแมว,หญ้าหนวดแมว,ยาชง,โรงพยาบาลเรณูนคร,ACTIVE
TTMT,9046463,ขมิ้นชัน,ขมิ้นชัน,ยาแคปซูล,โรงพยาบาลนิคมคำสร้อย,ACTIVE
TTMT,9046883,ขมิ้นชัน,ขมิ้นชัน,ยาแคปซูล,โรงพยาบาลดอนตาล,ACTIVE
TTMT,9046896,ชุมเห็ดเทศ,ชุมเห็ดเทศ,ยาชง,โรงพยาบาลดอนตาล,ACTIVE
TTMT,9046910,บัวบก,บัวบก,ยาแคปซูล,โรงพยาบาลดอนตาล,ACTIVE
TTMT,9046947,ฟ้าทะลายโจร,ฟ้าทะลายโจร,ยาแคปซูล,โรงพยาบาลดอนตาล,ACTIVE
TTMT,9046952,มะระขี้นก,มะระขี้นก,ยาแคปซูล,โรงพยาบาลดอนตาล,ACTIVE
TTMT,9046968,หญ้าหนวดแมว,หญ้าหนวดแมว,ยาแคปซูล,โรงพยาบาลดอนตาล,ACTIVE
TTMT,9047372,พญายอ,พญายอ,ขี้ผึ้ง,โรงพยาบาลดงหลวง,ACTIVE
TTMT,9047386,พญายอ,พญายอ,สารละลายสำหรับป้ายปาก,โรงพยาบาลดงหลวง,ACTIVE
TTMT,9048208,รางจืด,รางจืด,ยาชง,โรงพยาบาลเทพรัตนเวชชานุกูล เฉลิมพระเกียรติ ๖๐ พรรษา,ACTIVE
TTMT,9048212,หญ้าดอกขาว,หญ้าดอกขาว,ยาชง,โรงพยาบาลเทพรัตนเวชชานุกูล เฉลิมพระเกียรติ ๖๐ พรรษา,ACTIVE
TTMT,9048220,หญ้าหนวดแมว,หญ้าหนวดแมว,ยาชง,โรงพยาบาลเทพรัตนเวชชานุกูล เฉลิมพระเกียรติ ๖๐ พรรษา,ACTIVE
TTMT,9049032,ฟ้าทะลายโจร,ฟ้าทะลายโจร,ยาแคปซูล,โรงพยาบาลสะเมิง,ACTIVE
TTMT,9049045,หญ้าหนวดแมว,หญ้าหนวดแมว,ยาชง,โรงพยาบาลสะเมิง,ACTIVE
TTMT,9049452,ขมิ้นชัน,ขมิ้นชัน,ยาแคปซูล,โรงพยาบาลฝาง,ACTIVE
TTMT,9049475,ฟ้าทะลายโจร,ฟ้าทะลายโจร,ยาแคปซูล,โรงพยาบาลฝาง,ACTIVE
TTMT,9049481,รางจืด,รางจืด,ยาชง,โรงพยาบาลฝาง,ACTIVE
TTMT,9049499,หญ้าหนวดแมว,หญ้าหนวดแมว,ยาชง,โรงพยาบาลฝาง,ACTIVE
TTMT,9050304,ขมิ้นชัน,ขมิ้นชัน,ยาแคปซูล,โรงพยาบาลลี้,ACTIVE
TTMT,9050336,ฟ้าทะลายโจร,ฟ้าทะลายโจร,ยาแคปซูล,โรงพยาบาลลี้,ACTIVE
TTMT,9050343,มะระขี้นก,มะระขี้นก,ยาแคปซูล,โรงพยาบาลลี้,ACTIVE
TTMT,9051168,ขิง,ขิง,ยาชง,โรงพยาบาลป่าซาง,ACTIVE
TTMT,9051181,ชุมเห็ดเทศ,ชุมเห็ดเทศ,ยาชง,โรงพยาบาลป่าซาง,ACTIVE
TTMT,9051201,รางจืด,รางจืด,ยาชง,โรงพยาบาลป่าซาง,ACTIVE
TTMT,9051217,หญ้าดอกขาว,หญ้าดอกขาว,ยาชง,โรงพยาบาลป่าซาง,ACTIVE
TTMT,9052029,ขมิ้นชัน,ขมิ้นชัน,ยาแคปซูล,โรงพยาบาลแจ้ห่ม,ACTIVE
TTMT,9052038,ชุมเห็ดเทศ,ชุมเห็ดเทศ,ยาชง,โรงพยาบาลแจ้ห่ม,ACTIVE
TTMT,9052055,ฟ้าทะลายโจร,ฟ้าทะลายโจร,ยาแคปซูล,โรงพยาบาลแจ้ห่ม,ACTIVE
TTMT,9052064,หญ้าดอกขาว,หญ้าดอกขาว,ยาชง,โรงพยาบาลแจ้ห่ม,ACTIVE
TTMT,9054071,ไพล,ไพล,ครีม,โรงพยาบาลเมืองปาน,ACTIVE
TTMT,9054488,กระชายดำ,กระชายดำ,ยาแคปซูล,โรงพยาบาลพิชัย,ACTIVE
TTMT,9054490,ขมิ้นชัน,ขมิ้นชัน,ยาแคปซูล,โรงพยาบาลพิชัย,ACTIVE
TTMT,9054501,ขิง,ขิง,ยาแคปซูล,โรงพยาบาลพิชัย,ACTIVE
TTMT,9054529,คำฝอย,คำฝอย,ยาแคปซูล,โรงพยาบาลพิชัย,ACTIVE
TTMT,9054538,ชุมเห็ดเทศ,ชุมเห็ดเทศ,ยาแคปซูล,โรงพยาบาลพิชัย,ACTIVE
TTMT,9054540,บอระเพ็ด,บอระเพ็ด,ยาแคปซูล,โรงพยาบาลพิชัย,ACTIVE
TTMT,9054555,ใบเตย,ใบเตย,ยาชง,โรงพยาบาลพิชัย,ACTIVE
TTMT,9054564,พริกไทย,พริกไทย,ยาแคปซูล,โรงพยาบาลพิชัย,ACTIVE
TTMT,9054572,เพชรสังฆาต,เพชรสังฆาต,ยาแคปซูล,โรงพยาบาลพิชัย,ACTIVE
TTMT,9054586,มะขามแขก,มะขามแขก,ยาแคปซูล,โรงพยาบาลพิชัย,ACTIVE
TTMT,9054593,มะระขี้นก,มะระขี้นก,ยาแคปซูล,โรงพยาบาลพิชัย,ACTIVE
TTMT,9054604,รางจืด,รางจืด,ยาแคปซูล,โรงพยาบาลพิชัย,ACTIVE
TTMT,9054615,หญ้าหนวดแมว,หญ้าหนวดแมว,ยาแคปซูล,โรงพยาบาลพิชัย,ACTIVE
TTMT,9056233,ขมิ้นชัน,ขมิ้นชันแคปซูล (รพ.แม่ใจ),ยาแคปซูล,โรงพยาบาลแม่ใจ,ACTIVE
TTMT,9056246,เพชรสังฆาต,เพชรสังฆาตแคปซูล (รพ.แม่ใจ),ยาแคปซูล,โรงพยาบาลแม่ใจ,ACTIVE
TTMT,9056251,ฟ้าทะลายโจร,ฟ้าทะลายโจรแคปซูล (รพ.แม่ใจ),ยาแคปซูล,โรงพยาบาลแม่ใจ,ACTIVE
TTMT,9056687,ชุมเห็ดเทศ,ชุมเห็ดเทศ,ยาชง,โรงพยาบาลเทิง,ACTIVE
TTMT,9056734,ฟ้าทะลายโจร,ฟ้าทะลายโจร,ยาแคปซูล,โรงพยาบาลเทิง,ACTIVE
TTMT,9056747,มะระขี้นก,มะระขี้นก,ยาแคปซูล,โรงพยาบาลเทิง,ACTIVE
TTMT,9056752,รางจืด,รางจืด,ยาชง,โรงพยาบาลเทิง,ACTIVE
TTMT,9056768,หญ้าปักกิ่ง,หญ้าปักกิ่ง,ยาชง,โรงพยาบาลเทิง,ACTIVE
TTMT,9056781,หญ้าหนวดแมว,หญ้าหนวดแมว,ยาชง,โรงพยาบาลเทิง,ACTIVE
TTMT,9057216,ฟ้าทะลายโจร,ฟ้าทะลายโจร,ยาแคปซูล,โรงพยาบาลป่าแดด,ACTIVE
TTMT,9058025,ขมิ้นชัน,ขมิ้นชันแคปซูล,ยาแคปซูล,โรงพยาบาลพญาเม็งราย,ACTIVE
TTMT,9058039,ขมิ้นชัน,ขมิ้นชันลูกกลอน,ยาลูกกลอน,โรงพยาบาลพญาเม็งราย,ACTIVE
TTMT,9058041,คำฝอย,ชาคำฝอย,ยาชง,โรงพยาบาลพญาเม็งราย,ACTIVE
TTMT,9058056,บอระเพ็ด,บระเพ็ดแคปซูล,ยาแคปซูล,โรงพยาบาลพญาเม็งราย,ACTIVE
TTMT,9058060,พญายอ,เสลดพังพอนกลีเซอรีน,สารละลายสำหรับป้ายปาก,โรงพยาบาลพญาเม็งราย,ACTIVE
TTMT,9058073,ฟ้าทะลายโจร,ฟ้าทะลายโจรแคปซูล,ยาแคปซูล,โรงพยาบาลพญาเม็งราย,ACTIVE
TTMT,9058087,มะระขี้นก,มะระขี้นกแคปซูล,ยาแคปซูล,โรงพยาบาลพญาเม็งราย,ACTIVE
TTMT,9058094,รางจืด,ชารางจืด,ยาชง,โรงพยาบาลพญาเม็งราย,ACTIVE
TTMT,9058104,หญ้าดอกขาว,ชาหญ้าดอกขาว,ยาชง,โรงพยาบาลพญาเม็งราย,ACTIVE
TTMT,9058115,หญ้าหนวดแมว,ชาหญ้าหนวดแมว,ยาชง,โรงพยาบาลพญาเม็งราย,ACTIVE
TTMT,9061732,พญายอ,พญายอ,สารละลายสำหรับป้ายปาก,โรงพยาบาลบรรพตพิสัย,ACTIVE
TTMT,9061745,พญายอ,พญายอ,ขี้ผึ้ง,โรงพยาบาลบรรพตพิสัย,ACTIVE
TTMT,9061750,พญายอ,พญายอ,ทิงเจอร์,โรงพยาบาลบรรพตพิสัย,ACTIVE
TTMT,9061766,รางจืด,รางจืด,ยาชง,โรงพยาบาลบรรพตพิสัย,ACTIVE
TTMT,9062201,รางจืด,รางจืด,ยาชง,โรงพยาบาลเก้าเลี้ยว,ACTIVE
TTMT,9063417,ขมิ้นชัน,ขมิ้นชัน,ยาแคปซูล,โรงพยาบาลขาณุวรลักษบุรี,ACTIVE
TTMT,9063429,ขิง,ขิง,ยาชง,โรงพยาบาลขาณุวรลักษบุรี,ACTIVE
TTMT,9063440,พญายอ,พญายอ,สารละลายสำหรับป้ายปาก,โรงพยาบาลขาณุวรลักษบุรี,ACTIVE
TTMT,9063455,รางจืด,รางจืด,ยาชง,โรงพยาบาลขาณุวรลักษบุรี,ACTIVE
TTMT,9063866,ขมิ้นชัน,ขมิ้นชัน,ยาแคปซูล,โรงพยาบาลบ้านตาก,ACTIVE
TTMT,9063878,ขลู่,ยาผงสมุนไพร ขลู่,ยาชง,โรงพยาบาลบ้านตาก,ACTIVE
TTMT,9063884,ขิง,ยาผงสมุนไพร ขิง,ยาชง,โรงพยาบาลบ้านตาก,ACTIVE
TTMT,9063897,ชุมเห็ดเทศ,ยาผงสมุนไพร ชุมเห็ดเทศ,ยาชง,โรงพยาบาลบ้านตาก,ACTIVE
TTMT,9063907,ตะไคร้,ยาผงสมุนไพร ตะไคร้,ยาชง,โรงพยาบาลบ้านตาก,ACTIVE
TTMT,9063911,บอระเพ็ด, บอระเพ็ดแคปซูล,ยาแคปซูล,โรงพยาบาลบ้านตาก,ACTIVE
TTMT,9063924,ใบเตย,ยาผงสมุนไพร ใบเตย,ยาชง,โรงพยาบาลบ้านตาก,ACTIVE
TTMT,9063930,เพชรสังฆาต,เพชรสังฆาตแคปซูล,ยาแคปซูล,โรงพยาบาลบ้านตาก,ACTIVE
TTMT,9064343,ขมิ้นชัน,ขมิ้นชัน,ยาแคปซูล,โรงพยาบาลสวรรคโลก,ACTIVE
TTMT,9064362,ชุมเห็ดเทศ,ชุมเห็ดเทศ,ยาชง,โรงพยาบาลสวรรคโลก,ACTIVE
TTMT,9064406,รางจืด,รางจืด,ยาชง,โรงพยาบาลสวรรคโลก,ACTIVE
TTMT,9064410,หญ้าหนวดแมว,หญ้าหนวดแมว,ยาชง,โรงพยาบาลสวรรคโลก,ACTIVE
TTMT,9065226,กระชายดำ,กระชายดำแคปซูล,ยาแคปซูล,โรงพยาบาลบางกระทุ่ม,ACTIVE
TTMT,9065235,กระเทียม,กระเทียมแคปซูล,ยาแคปซูล,โรงพยาบาลบางกระทุ่ม,ACTIVE
TTMT,9065242,กล้วย,กล้วยลูกกลอน,ยาลูกกลอน,โรงพยาบาลบางกระทุ่ม,ACTIVE
TTMT,9065257,ขมิ้นชัน,ขมิ้นชันแคปซูล,ยาแคปซูล,โรงพยาบาลบางกระทุ่ม,ACTIVE
TTMT,9065261,ขมิ้นชัน,ขมิ้นชันลูกกลอน,ยาลูกกลอน,โรงพยาบาลบางกระทุ่ม,ACTIVE
TTMT,9065274,ขิง,ขิงแคปซูล,ยาแคปซูล,โรงพยาบาลบางกระทุ่ม,ACTIVE
TTMT,9065288,ขิง,ขิงยาชง,ยาชง,โรงพยาบาลบางกระทุ่ม,ACTIVE
TTMT,9065316,คำฝอย,คำฝอยแคปซูล,ยาแคปซูล,โรงพยาบาลบางกระทุ่ม,ACTIVE
TTMT,9065328,ชุมเห็ดเทศ,ชุมเห็ดเทศยาชง,ยาชง,โรงพยาบาลบางกระทุ่ม,ACTIVE
TTMT,9065337,ชุมเห็ดเทศ,ชุมเห็ดเทศ,ยาแคปซูล,โรงพยาบาลบางกระทุ่ม,ACTIVE
TTMT,9065344,ตะไคร้,ตะไคร้ยาชง,ยาชง,โรงพยาบาลบางกระทุ่ม,ACTIVE
TTMT,9065363,เถาวัลย์เปรียง,เถาวัลย์เปรียงแคปซูล,ยาแคปซูล,โรงพยาบาลบางกระทุ่ม,ACTIVE
TTMT,9065371,บอระเพ็ด,บอระเพ็ดแคปซูล,ยาแคปซูล,โรงพยาบาลบางกระทุ่ม,ACTIVE
TTMT,9065385,บัวบก,บัวบกแคปซูล,ยาแคปซูล,โรงพยาบาลบางกระทุ่ม,ACTIVE
TTMT,9065392,ใบเตย,ใบเตยยาชง,ยาชง,โรงพยาบาลบางกระทุ่ม,ACTIVE
TTMT,9065407,ปัญจขันธ์,ปัญจขันธ์แคปซูล,ยาแคปซูล,โรงพยาบาลบางกระทุ่ม,ACTIVE
TTMT,9065430,พญายอ,พญายอ,ครีม,โรงพยาบาลบางกระทุ่ม,ACTIVE
TTMT,9065453,พญายอ,พญายอทิงเจอร์,ทิงเจอร์,โรงพยาบาลบางกระทุ่ม,ACTIVE
TTMT,9065469,พริกไทย,พริกไทยแคปซูล,ยาแคปซูล,โรงพยาบาลบางกระทุ่ม,ACTIVE
TTMT,9065476,พลูคาว,พลูคาวแคปซูล,ยาแคปซูล,โรงพยาบาลบางกระทุ่ม,ACTIVE
TTMT,9065509,เพชรสังฆาต,ยาผสมเพชรสังฆาตแคปซูล,ยาแคปซูล,โรงพยาบาลบางกระทุ่ม,ACTIVE
TTMT,9065513,ฟ้าทะลายโจร,ฟ้าทะลายโจร,ยาแคปซูล,โรงพยาบาลบางกระทุ่ม,ACTIVE
TTMT,9065521,ฟ้าทะลายโจร,ฟ้าทะลายโจรลูกกลอน,ยาลูกกลอน,โรงพยาบาลบางกระทุ่ม,ACTIVE
TTMT,9065532,มะระขี้นก,มะระขี้นกแคปซูล,ยาแคปซูล,โรงพยาบาลบางกระทุ่ม,ACTIVE
TTMT,9065545,รางจืด,รางจืดแคปซูล,ยาแคปซูล,โรงพยาบาลบางกระทุ่ม,ACTIVE
TTMT,9065550,รางจืด,รางจืดยาชง,ยาชง,โรงพยาบาลบางกระทุ่ม,ACTIVE
TTMT,9065566,ส้มแขก,ส้มแขกแคปซูล,ยาแคปซูล,โรงพยาบาลบางกระทุ่ม,ACTIVE
TTMT,9065578,หญ้าดอกขาว,หญ้าดอกขาวยาชง,ยาชง,โรงพยาบาลบางกระทุ่ม,ACTIVE
TTMT,9065584,หญ้าปักกิ่ง,หญ้าปักกิ่งแคปซูล,ยาแคปซูล,โรงพยาบาลบางกระทุ่ม,ACTIVE
TTMT,9065597,หญ้าปักกิ่ง,หญ้าปักกิ่ง,ยาผง,โรงพยาบาลบางกระทุ่ม,ACTIVE
TTMT,9065606,หญ้าหนวดแมว,หญ้าหนวดแมวยาชง,ยาชง,โรงพยาบาลบางกระทุ่ม,ACTIVE
TTMT,9065610,หญ้าหนวดแมว,หญ้าหนวดแมว,ยาแคปซูล,โรงพยาบาลบางกระทุ่ม,ACTIVE
TTMT,9066023,พญายอ,พญายอ,สารละลายสำหรับป้ายปาก,โรงพยาบาลวังทอง,ACTIVE
TTMT,9066034,พญายอ,พญายอ,ทิงเจอร์,โรงพยาบาลวังทอง,ACTIVE
TTMT,9066449,ขมิ้นชัน,ยาขมิ้นชัน,ยาแคปซูล,โรงพยาบาลทับคล้อ,ACTIVE
TTMT,9066454,ฟ้าทะลายโจร,ยาฟ้าทะลายโจร,ยาแคปซูล,โรงพยาบาลทับคล้อ,ACTIVE
TTMT,9066863,บัวบก,บัวบก,ยาแคปซูล,โรงพยาบาลหล่มสัก,ACTIVE
TTMT,9066885,พริก,พริก,ครีม,โรงพยาบาลหล่มสัก,ACTIVE
TTMT,9066892,ไพล,ไพล,ครีม,โรงพยาบาลหล่มสัก,ACTIVE
TTMT,9068105,ฟ้าทะลายโจร,ฟ้าทะลายโจร,ยาแคปซูล,โรงพยาบาลเจ็ดเสมียน,ACTIVE
TTMT,9068510,ฟ้าทะลายโจร,ฟ้าทะลายโจร,ยาแคปซูล,โรงพยาบาลปากท่อ,ACTIVE
TTMT,9068523,มะขามแขก,มะขามแขก,ยาแคปซูล,โรงพยาบาลปากท่อ,ACTIVE
TTMT,9070137,กระชายดำ,กระชายดำแคปซูล,ยาแคปซูล,โรงพยาบาลอู่ทอง,ACTIVE
TTMT,9070144,กล้วย,กล้วยผง,ยาผง,โรงพยาบาลอู่ทอง,ACTIVE
TTMT,9070159,ขมิ้นชัน,ขมิ้นชันแคปซูล,ยาแคปซูล,โรงพยาบาลอู่ทอง,ACTIVE
TTMT,9070163,ขิง,ชาชงขิง,ยาชง,โรงพยาบาลอู่ทอง,ACTIVE
TTMT,9070171,ขี้เหล็ก,ขี้เหล็กแคปซูล,ยาแคปซูล,โรงพยาบาลอู่ทอง,ACTIVE
TTMT,9070185,คำฝอย,ชาชงคำฝอย,ยาชง,โรงพยาบาลอู่ทอง,ACTIVE
TTMT,9070192,ช้าพลู,ชาชงช้าพลู,ยาชง,โรงพยาบาลอู่ทอง,ACTIVE
TTMT,9070205,ทิงเจอร์ทองพันชั่ง,ทิงเจอร์ทองพันชั่ง,ทิงเจอร์,โรงพยาบาลอู่ทอง,ACTIVE
TTMT,9070222,บัวบก,บัวบก,ยาแคปซูล,โรงพยาบาลอู่ทอง,ACTIVE
TTMT,9070233,บัวบก,ครีมบัวบก,ครีม,โรงพยาบาลอู่ทอง,ACTIVE
TTMT,9070251,ไพล,ไพลครีม,ครีม,โรงพยาบาลอู่ทอง,ACTIVE
TTMT,9070267,ฟ้าทะลายโจร,ฟ้าทะลายโจรแคปซูล,ยาแคปซูล,โรงพยาบาลอู่ทอง,ACTIVE
TTMT,9070279,มะขามแขก,มะขามแขกแคปซูล,ยาแคปซูล,โรงพยาบาลอู่ทอง,ACTIVE
TTMT,9070280,มะขามแขก,ชาชงมะขามแขก,ยาชง,โรงพยาบาลอู่ทอง,ACTIVE
TTMT,9070298,มะระขี้นก,มะระขี้นกแคปซูล,ยาแคปซูล,โรงพยาบาลอู่ทอง,ACTIVE
TTMT,9070308,ยอ,ลูกยอแคปซูล,ยาแคปซูล,โรงพยาบาลอู่ทอง,ACTIVE
TTMT,9070312,รางจืด,ชาชงรางจืด,ยาชง,โรงพยาบาลอู่ทอง,ACTIVE
TTMT,9070320,ว่านชักมดลูก,ว่านชักมดลูกแคปซูล,ยาแคปซูล,โรงพยาบาลอู่ทอง,ACTIVE
TTMT,9070349,หญ้าดอกขาว,ชาชงหญ้าดอกขาว,ยาชง,โรงพยาบาลอู่ทอง,ACTIVE
TTMT,9070354,หญ้าปักกิ่ง,หญ้าปักกิ่ง,ยาแคปซูล,โรงพยาบาลอู่ทอง,ACTIVE
TTMT,9070377,หญ้าหนวดแมว,หญ้าหนวดแมว,ยาแคปซูล,โรงพยาบาลอู่ทอง,ACTIVE
TTMT,9070383,หญ้าหนวดแมว,ชาชงหญ้าหนวดแมว,ยาชง,โรงพยาบาลอู่ทอง,ACTIVE
TTMT,9070809,ขมิ้นชัน,ขมิ้นชัน,ยาเม็ด,โรงพยาบาลห้วยพลู,ACTIVE
TTMT,9070845,ฟ้าทะลายโจร,ฟ้าทะลายโจร,ยาเม็ด,โรงพยาบาลห้วยพลู,ACTIVE
TTMT,9070850,มะระขี้นก,มะระขี้นก,ยาแคปซูล,โรงพยาบาลห้วยพลู,ACTIVE
TTMT,9071661,บัวบก,บัวบก,ยาแคปซูล,โรงพยาบาลสามพราน,ACTIVE
TTMT,9071688,มะระขี้นก,มะระขี้นก,ยาแคปซูล,โรงพยาบาลสามพราน,ACTIVE
TTMT,9071690,หญ้าปักกิ่ง,หญ้าปักกิ่ง,ยาแคปซูล,โรงพยาบาลสามพราน,ACTIVE
TTMT,9072505,ขมิ้นชัน,ขมิ้นชัน,ยาแคปซูล,โรงพยาบาลบางสะพาน,ACTIVE
TTMT,9072514,ฟ้าทะลายโจร,ฟ้าทะลายโจร,ยาแคปซูล,โรงพยาบาลบางสะพาน,ACTIVE
TTMT,9074122,ขมิ้นชัน,ยาขมิ้นชันโรงพยาบาลท่าฉาง,ยาแคปซูล,โรงพยาบาลท่าฉาง,ACTIVE
TTMT,9074133,คำฝอย,ชาชงดอกคำฝอยโรงพยาบาลท่าฉาง,ยาชง,โรงพยาบาลท่าฉาง,ACTIVE
TTMT,9074146,เถาวัลย์เปรียง,ยาเถาวัลย์เปรียงโรงพยาบาลท่าฉาง,ยาแคปซูล,โรงพยาบาลท่าฉาง,ACTIVE
TTMT,9074151,ใบหม่อน,ชาชงใบหม่อนโรงพยาบาลท่าฉาง,ยาชง,โรงพยาบาลท่าฉาง,ACTIVE
TTMT,9074167,พญายอ,ยาพญายอโรงพยาบาลท่าฉาง,ยาน้ำแขวนตะกอน,โรงพยาบาลท่าฉาง,ACTIVE
TTMT,9074179,พญายอ,ยาพญายอโรงพยาบาลท่าฉาง,สารละลายสำหรับป้ายปาก,โรงพยาบาลท่าฉาง,ACTIVE
TTMT,9074180,พริกไทย,ยาพริกไทยโรงพยาบาลท่าฉาง,ยาแคปซูล,โรงพยาบาลท่าฉาง,ACTIVE
TTMT,9074198,เพชรสังฆาต,ยาเพชรสังฆาตโรงพยาบาลท่าฉาง,ยาแคปซูล,โรงพยาบาลท่าฉาง,ACTIVE
TTMT,9074200,ฟ้าทะลายโจร,ยาฟ้าทะลายโจรโรงพยาบาลท่าฉาง,ยาแคปซูล,โรงพยาบาลท่าฉาง,ACTIVE
TTMT,9074216,มะขามแขก,ยามะขามแขกโรงพยาบาลท่าฉาง,ยาแคปซูล,โรงพยาบาลท่าฉาง,ACTIVE
TTMT,9074228,มะขามแขก,ชาชงมะขามแขกโรงพยาบาลท่าฉาง,ยาชง,โรงพยาบาลท่าฉาง,ACTIVE
TTMT,9074237,มะระขี้นก,ยามะระขี้นกโรงพยาบาลท่าฉาง,ยาแคปซูล,โรงพยาบาลท่าฉาง,ACTIVE
TTMT,9074244,รางจืด,ชาชงรางจืดโรงพยาบาลท่าฉาง,ยาชง,โรงพยาบาลท่าฉาง,ACTIVE
TTMT,9074259,ส้มแขก,ยาส้มแขกโรงพยาบาลท่าฉาง,ยาแคปซูล,โรงพยาบาลท่าฉาง,ACTIVE
TTMT,9074665,ขมิ้นชัน,ขมิ้นชันแคปซูล,ยาแคปซูล,โรงพยาบาลท่าแซะ,ACTIVE
TTMT,9074683,ชุมเห็ดเทศ,ชาชงสมุนไพรชุมเห็ดเทศ,ยาชง,โรงพยาบาลท่าแซะ,ACTIVE
TTMT,9074696,ชุมเห็ดเทศ,ชุมเห็ดเทศแคปซูล,ยาแคปซูล,โรงพยาบาลท่าแซะ,ACTIVE
TTMT,9074704,ทิงเจอร์ทองพันชั่ง,ทิงเจอร์ทองพันชั่ง,ทิงเจอร์,โรงพยาบาลท่าแซะ,ACTIVE
TTMT,9074715,บอระเพ็ด,บอระเพ็ดแคปซูล,ยาแคปซูล,โรงพยาบาลท่าแซะ,ACTIVE
TTMT,9074727,พญายอ,พญายอ,ทิงเจอร์,โรงพยาบาลท่าแซะ,ACTIVE
TTMT,9074736,พญายอ,คาลาไมน์พญายอ,ยาน้ำแขวนตะกอน,โรงพยาบาลท่าแซะ,ACTIVE
TTMT,9074743,พญายอ,เสลดพังพอนครีม,ครีม,โรงพยาบาลท่าแซะ,ACTIVE
TTMT,9074762,ฟ้าทะลายโจร,ฟ้าทะลายโจรแคปซูล,ยาแคปซูล,โรงพยาบาลท่าแซะ,ACTIVE
TTMT,9074770,มะระขี้นก,มะระขี้นกแคปซูล,ยาแคปซูล,โรงพยาบาลท่าแซะ,ACTIVE
TTMT,9074789,รางจืด,ชาชงสมุนไพรรางจืด ,ยาชง,โรงพยาบาลท่าแซะ,ACTIVE
TTMT,9074791,หญ้าดอกขาว,ชาชงสมุนไพรหญ้าดอกขาว,ยาชง,โรงพยาบาลท่าแซะ,ACTIVE
TTMT,9074801,หญ้าหนวดแมว,หญ้าหนวดแมว,ยาชง,โรงพยาบาลท่าแซะ,ACTIVE
TTMT,9076423,ขมิ้นชัน,ขมิ้นชัน,ยาแคปซูล,โรงพยาบาลท่าแพ,ACTIVE
TTMT,9076434,ฟ้าทะลายโจร,ฟ้าทะลายโจร,ยาแคปซูล,โรงพยาบาลท่าแพ,ACTIVE
TTMT,9076857,ขมิ้นชัน,ขมิ้นชัน,ยาแคปซูล,โรงพยาบาลละงู,ACTIVE
TTMT,9076861,ชุมเห็ดเทศ,ชุมเห็ดเทศ,ยาแคปซูล,โรงพยาบาลละงู,ACTIVE
TTMT,9076874,เถาวัลย์เปรียง,เถาวัลย์เปรียง,ยาแคปซูล,โรงพยาบาลละงู,ACTIVE
TTMT,9076888,บอระเพ็ด,บอระเพ็ด,ยาแคปซูล,โรงพยาบาลละงู,ACTIVE
TTMT,9076890,พญายอ,พญายอ,สารละลายสำหรับป้ายปาก,โรงพยาบาลละงู,ACTIVE
TTMT,9076900,พญายอ,ครีมพญายอ,ครีม,โรงพยาบาลละงู,ACTIVE
TTMT,9076916,พริกไทย,พริกไทย,ยาแคปซูล,โรงพยาบาลละงู,ACTIVE
TTMT,9076928,ฟ้าทะลายโจร,ฟ้าทะลายโจร,ยาแคปซูล,โรงพยาบาลละงู,ACTIVE
TTMT,9076937,มะระขี้นก,มะระขี้นก,ยาแคปซูล,โรงพยาบาลละงู,ACTIVE
TTMT,9076944,ยอ,ยอ,ยาแคปซูล,โรงพยาบาลละงู,ACTIVE
TTMT,9076959,ส้มแขก,ส้มแขก,ยาแคปซูล,โรงพยาบาลละงู,ACTIVE
TTMT,9077765,ชุมเห็ดเทศ,ชุมเห็ดเทศ,ยาแคปซูล,โรงพยาบาลห้วยยอด,ACTIVE
TTMT,9077777,เถาวัลย์เปรียง,เถาวัลย์เปรียง,ยาแคปซูล,โรงพยาบาลห้วยยอด,ACTIVE
TTMT,9077806,มะระขี้นก,มะระขี้นก,ยาแคปซูล,โรงพยาบาลห้วยยอด,ACTIVE
TTMT,9078610,กระชายดำ,กระชายดำแคปซูล PBH,ยาแคปซูล,โรงพยาบาลป่าบอน,ACTIVE
TTMT,9078623,กานพลู,PBH กานพลู,อื่นๆ,โรงพยาบาลป่าบอน,ACTIVE
TTMT,9078634,คำฝอย,ยาชงคำฝอย PBH,ยาชง,โรงพยาบาลป่าบอน,ACTIVE
TTMT,9078647,ชะเอมเทศ,ยาชงชะเอมเทศ PBH,ยาชง,โรงพยาบาลป่าบอน,ACTIVE
TTMT,9078718,รางจืด,ยาชงรางจืด PBH,ยาชง,โรงพยาบาลป่าบอน,ACTIVE
TTMT,9078741,หญ้าหนวดแมว,ยาชงหญ้าหนวดแมว PBH,ยาชง,โรงพยาบาลป่าบอน,ACTIVE
TTMT,9080776,ฟ้าทะลายโจร,ฟ้าทะลายโจร,ยาแคปซูล,โรงพยาบาลสมเด็จพระยุพราชเดชอุดม,ACTIVE
TTMT,9080782,รางจืด,รางจืด,ยาชง,โรงพยาบาลสมเด็จพระยุพราชเดชอุดม,ACTIVE
TTMT,9083191,ขมิ้นชัน,ขมิ้นชัน,ยาแคปซูล,โรงพยาบาลสมเด็จพระยุพราชตะพานหิน,ACTIVE
TTMT,9083213,ชุมเห็ดเทศ,ชุมเห็ดเทศ,ยาชง,โรงพยาบาลสมเด็จพระยุพราชตะพานหิน,ACTIVE
TTMT,9083232,รางจืด,รางจืด,ยาชง,โรงพยาบาลสมเด็จพระยุพราชตะพานหิน,ACTIVE
TTMT,9083245,หญ้าหนวดแมว,หญ้าหนวดแมว,ยาชง,โรงพยาบาลสมเด็จพระยุพราชตะพานหิน,ACTIVE
TTMT,9083655,ฟ้าทะลายโจร,ฟ้าทะลายโจร,ยาแคปซูล,โรงพยาบาลสมเด็จพระยุพราชจอมบึง,ACTIVE
TTMT,9084467,กระเจี๊ยบแดง,กระเจี๊ยบแดง,ยาชง,โรงพยาบาลสมเด็จพระยุพราชยะหา,ACTIVE
TTMT,9084524,เถาวัลย์เปรียง,เถาวัลย์เปรียง 500 มิลลิกรัม รพร.ยะหา,ยาแคปซูล,โรงพยาบาลสมเด็จพระยุพราชยะหา,ACTIVE
TTMT,9084569,มะขามแขก,มะขามแขก 500 มิลลิกรัม รพร.ยะหา,ยาแคปซูล,โรงพยาบาลสมเด็จพระยุพราชยะหา,ACTIVE
TTMT,9084582,มะระขี้นก,มะระขี้นก,ยาแคปซูล,โรงพยาบาลสมเด็จพระยุพราชยะหา,ACTIVE
TTMT,9084595,รางจืด,รางจืด,ยาชง,โรงพยาบาลสมเด็จพระยุพราชยะหา,ACTIVE
TTMT,9084613,หญ้าดอกขาว,หญ้าดอกขาว,ยาชง,โรงพยาบาลสมเด็จพระยุพราชยะหา,ACTIVE
TTMT,9084621,หญ้าหนวดแมว,หญ้าหนวดแมว,ยาชง,โรงพยาบาลสมเด็จพระยุพราชยะหา,ACTIVE
TTMT,9085857,เถาวัลย์เปรียง,เถาวัลย์เปรียง,ยาแคปซูล,วิทยาลัยการสาธารณสุขสิรินธร จังหวัดพิษณุโลก,ACTIVE
TTMT,9085861,มะระขี้นก,มะระขี้นก,ยาแคปซูล,วิทยาลัยการสาธารณสุขสิรินธร จังหวัดพิษณุโลก,ACTIVE
TTMT,9085888,หญ้าดอกขาว,หญ้าดอกขาว,ยาชง,วิทยาลัยการสาธารณสุขสิรินธร จังหวัดพิษณุโลก,ACTIVE
TTMT,9086300,ชุมเห็ดเทศ,ชุมเห็ดเทศ,ยาชง,โรงพยาบาลราชสาส์น,ACTIVE
TTMT,9086316,ฟ้าทะลายโจร,ฟ้าทะลายโจร,ยาแคปซูล,โรงพยาบาลราชสาส์น,ACTIVE
TTMT,9086328,รางจืด,รางจืด,ยาชง,โรงพยาบาลราชสาส์น,ACTIVE
TTMT,9087135,ขมิ้นชัน,ขมิ้นชัน,ยาแคปซูล,โรงพยาบาลหลวงพ่อเปิ่น,ACTIVE
TTMT,9087142,ขิง,ขิง,ยาชง,โรงพยาบาลหลวงพ่อเปิ่น,ACTIVE
TTMT,9087174,ชุมเห็ดเทศ,ชุมเห็ดเทศ,ยาชง,โรงพยาบาลหลวงพ่อเปิ่น,ACTIVE
TTMT,9087188,บัวบก,บัวบก,ยาแคปซูล,โรงพยาบาลหลวงพ่อเปิ่น,ACTIVE
TTMT,9087212,มะระขี้นก,มะระขี้นก,ยาแคปซูล,โรงพยาบาลหลวงพ่อเปิ่น,ACTIVE
TTMT,9087220,รางจืด,รางจืด,ยาชง,โรงพยาบาลหลวงพ่อเปิ่น,ACTIVE
TTMT,9088034,หญ้าหนวดแมว,หญ้าหนวดแมว,ยาชง,โรงพยาบาลสระใคร,ACTIVE
TTMT,9088844,ขมิ้นชัน,ขมิ้นชัน,ยาแคปซูล,โรงพยาบาลการแพทย์แผนไทย มหาวิทยาลัยสงขลานครินทร์,ACTIVE
TTMT,9088859,ฟ้าทะลายโจร,ฟ้าทะลายโจร,ยาแคปซูล,โรงพยาบาลการแพทย์แผนไทย มหาวิทยาลัยสงขลานครินทร์,ACTIVE
TTMT,9088863,ฟ้าทะลายโจร,ฟ้าทะลายโจร,ยาแคปซูล,โรงพยาบาลการแพทย์แผนไทย มหาวิทยาลัยสงขลานครินทร์,ACTIVE
TTMT,9089279,กระเจี๊ยบแดง,กระเจี๊ยบแดง,ยาชง,คณะการแพทย์บูรณาการ มหาวิทยาลัยเทคโนโลยีราชมงคลธัญบุรี,ACTIVE
TTMT,9089280,ขมิ้นชัน,ขมิ้นชัน,ยาแคปซูล,คณะการแพทย์บูรณาการ มหาวิทยาลัยเทคโนโลยีราชมงคลธัญบุรี,ACTIVE
TTMT,9089308,ชุมเห็ดเทศ,ชุมเห็ดเทศ,ยาชง,คณะการแพทย์บูรณาการ มหาวิทยาลัยเทคโนโลยีราชมงคลธัญบุรี,ACTIVE
TTMT,9089312,เถาวัลย์เปรียง,เถาวัลย์เปรียง,ยาแคปซูล,คณะการแพทย์บูรณาการ มหาวิทยาลัยเทคโนโลยีราชมงคลธัญบุรี,ACTIVE
TTMT,9089320,ทิงเจอร์ทองพันชั่ง,ทิงเจอร์ทองพันชั่ง,ทิงเจอร์,คณะการแพทย์บูรณาการ มหาวิทยาลัยเทคโนโลยีราชมงคลธัญบุรี,ACTIVE
TTMT,9089349,บัวบก,บัวบก,ยาแคปซูล,คณะการแพทย์บูรณาการ มหาวิทยาลัยเทคโนโลยีราชมงคลธัญบุรี,ACTIVE
TTMT,9089383,ฟ้าทะลายโจร,ฟ้าทะลายโจร,ยาแคปซูล,คณะการแพทย์บูรณาการ มหาวิทยาลัยเทคโนโลยีราชมงคลธัญบุรี,ACTIVE
TTMT,9089396,รางจืด,รางจืด,ยาชง,คณะการแพทย์บูรณาการ มหาวิทยาลัยเทคโนโลยีราชมงคลธัญบุรี,ACTIVE
TTMT,9089813,กระเจี๊ยบแดง,กระเจี๊ยบแดง,ยาชง,สถาบันวิจัยการแพทย์แผนไทย,ACTIVE
TTMT,9089924,ขมิ้นชัน,ขมิ้นชัน,ยาแคปซูล,สถาบันวิจัยการแพทย์แผนไทย,ACTIVE
TTMT,9090007,ขิง,ขิง,ยาชง,สถาบันวิจัยการแพทย์แผนไทย,ACTIVE
TTMT,9090024,ขิง,ขิง,ยาแคปซูล,สถาบันวิจัยการแพทย์แผนไทย,ACTIVE
TTMT,9090048,ขิง,ขิง,ยาแคปซูล,สถาบันวิจัยการแพทย์แผนไทย,ACTIVE
TTMT,9090082,ชุมเห็ดเทศ,ชุมเห็ดเทศ,ยาชง,สถาบันวิจัยการแพทย์แผนไทย,ACTIVE
TTMT,9090122,เถาวัลย์เปรียง,เถาวัลย์เปรียง,ยาแคปซูล,สถาบันวิจัยการแพทย์แผนไทย,ACTIVE
TTMT,9090180,ทิงเจอร์ทองพันชั่ง,ทิงเจอร์ทองพันชั่ง,ทิงเจอร์,สถาบันวิจัยการแพทย์แผนไทย,ACTIVE
TTMT,9090263,บัวบก,บัวบก,ยาพอก,สถาบันวิจัยการแพทย์แผนไทย,ACTIVE
TTMT,9090341,พลู,พลู,ครีม,สถาบันวิจัยการแพทย์แผนไทย,ACTIVE
TTMT,9090373,ฟ้าทะลายโจร,ฟ้าทะลายโจร,ยาแคปซูล,สถาบันวิจัยการแพทย์แผนไทย,ACTIVE
TTMT,9090387,ฟ้าทะลายโจร,ฟ้าทะลายโจร,ยาแคปซูล,สถาบันวิจัยการแพทย์แผนไทย,ACTIVE
TTMT,9090409,ฟ้าทะลายโจร,ฟ้าทะลายโจร,ยาเม็ด,สถาบันวิจัยการแพทย์แผนไทย,ACTIVE
TTMT,9090421,ฟ้าทะลายโจร,ฟ้าทะลายโจร,ยาเม็ด,สถาบันวิจัยการแพทย์แผนไทย,ACTIVE
TTMT,9090445,ฟ้าทะลายโจร,ฟ้าทะลายโจร,ยาลูกกลอน,สถาบันวิจัยการแพทย์แผนไทย,ACTIVE
TTMT,9090466,ฟ้าทะลายโจร,ฟ้าทะลายโจร,ยาลูกกลอน,สถาบันวิจัยการแพทย์แผนไทย,ACTIVE
TTMT,9090484,มะขามแขก,มะขามแขก,ยาชง,สถาบันวิจัยการแพทย์แผนไทย,ACTIVE
TTMT,9090608,รางจืด,รางจืด,ยาชง,สถาบันวิจัยการแพทย์แผนไทย,ACTIVE
TTMT,9090612,กระเจี๊ยบแดง,กระเจี๊ยบแดง,ยาชง,ศูนย์บริการทางการแพทย์แผนไทย มหาวิทยาลัยเทคโนโลยีราชมงคลอีสาน วิทยาเขตสกลนคร,ACTIVE
TTMT,9090677,ขมิ้นชัน,ขมิ้นชัน,ยาแคปซูล,ศูนย์บริการทางการแพทย์แผนไทย มหาวิทยาลัยเทคโนโลยีราชมงคลอีสาน วิทยาเขตสกลนคร,ACTIVE
TTMT,9090704,ขิง,ขิง,ยาแคปซูล,ศูนย์บริการทางการแพทย์แผนไทย มหาวิทยาลัยเทคโนโลยีราชมงคลอีสาน วิทยาเขตสกลนคร,ACTIVE
TTMT,9090715,ขิง,ขิง,ยาผง,ศูนย์บริการทางการแพทย์แผนไทย มหาวิทยาลัยเทคโนโลยีราชมงคลอีสาน วิทยาเขตสกลนคร,ACTIVE
TTMT,9090770,ชุมเห็ดเทศ,ชุมเห็ดเทศ,ยาชง,ศูนย์บริการทางการแพทย์แผนไทย มหาวิทยาลัยเทคโนโลยีราชมงคลอีสาน วิทยาเขตสกลนคร,ACTIVE
TTMT,9090791,เถาวัลย์เปรียง,เถาวัลย์เปรียง,ยาแคปซูล,ศูนย์บริการทางการแพทย์แผนไทย มหาวิทยาลัยเทคโนโลยีราชมงคลอีสาน วิทยาเขตสกลนคร,ACTIVE
TTMT,9090838,บัวบก,บัวบก,ครีม,ศูนย์บริการทางการแพทย์แผนไทย มหาวิทยาลัยเทคโนโลยีราชมงคลอีสาน วิทยาเขตสกลนคร,ACTIVE
TTMT,9090872,พญายอ,พญายอ,ครีม,ศูนย์บริการทางการแพทย์แผนไทย มหาวิทยาลัยเทคโนโลยีราชมงคลอีสาน วิทยาเขตสกลนคร,ACTIVE
TTMT,9090886,พญายอ,พญายอ,สารละลายสำหรับป้ายปาก,ศูนย์บริการทางการแพทย์แผนไทย มหาวิทยาลัยเทคโนโลยีราชมงคลอีสาน วิทยาเขตสกลนคร,ACTIVE
TTMT,9090893,พญายอ,พญายอ,โลชั่น,ศูนย์บริการทางการแพทย์แผนไทย มหาวิทยาลัยเทคโนโลยีราชมงคลอีสาน วิทยาเขตสกลนคร,ACTIVE
TTMT,9090903,พริก,พริก,เจล,ศูนย์บริการทางการแพทย์แผนไทย มหาวิทยาลัยเทคโนโลยีราชมงคลอีสาน วิทยาเขตสกลนคร,ACTIVE
TTMT,9090961,ฟ้าทะลายโจร,ฟ้าทะลายโจร,ยาแคปซูล,ศูนย์บริการทางการแพทย์แผนไทย มหาวิทยาลัยเทคโนโลยีราชมงคลอีสาน วิทยาเขตสกลนคร,ACTIVE
TTMT,9090974,มะขามแขก,มะขามแขก,ยาแคปซูล,ศูนย์บริการทางการแพทย์แผนไทย มหาวิทยาลัยเทคโนโลยีราชมงคลอีสาน วิทยาเขตสกลนคร,ACTIVE
TTMT,9090988,มะขามแขก,มะขามแขก,ยาชง,ศูนย์บริการทางการแพทย์แผนไทย มหาวิทยาลัยเทคโนโลยีราชมงคลอีสาน วิทยาเขตสกลนคร,ACTIVE
TTMT,9091006,มะระขี้นก,มะระขี้นก,ยาแคปซูล,ศูนย์บริการทางการแพทย์แผนไทย มหาวิทยาลัยเทคโนโลยีราชมงคลอีสาน วิทยาเขตสกลนคร,ACTIVE
TTMT,9091034,รางจืด,รางจืด,ยาชง,ศูนย์บริการทางการแพทย์แผนไทย มหาวิทยาลัยเทคโนโลยีราชมงคลอีสาน วิทยาเขตสกลนคร,ACTIVE
TTMT,9091081,หญ้าหนวดแมว,หญ้าหนวดแมว,ยาชง,ศูนย์บริการทางการแพทย์แผนไทย มหาวิทยาลัยเทคโนโลยีราชมงคลอีสาน วิทยาเขตสกลนคร,ACTIVE
TTMT,9091505,กระเจี๊ยบแดง,กระเจี๊ยบแดง,ยาชง,สถานการแพทย์แผนไทยประยุกต์ คณะแพทยศาสตร์ศิริราชพยาบาล มหาวิทยาลัยมหิดล,ACTIVE
TTMT,9091522,ขมิ้นชัน,ขมิ้นชัน,ยาเม็ด,สถานการแพทย์แผนไทยประยุกต์ คณะแพทยศาสตร์ศิริราชพยาบาล มหาวิทยาลัยมหิดล,ACTIVE
TTMT,9091533,ขมิ้นชัน,ขมิ้นชัน,ยาแคปซูล,สถานการแพทย์แผนไทยประยุกต์ คณะแพทยศาสตร์ศิริราชพยาบาล มหาวิทยาลัยมหิดล,ACTIVE
TTMT,9091546,ขิง,ขิง,ยาชง,สถานการแพทย์แผนไทยประยุกต์ คณะแพทยศาสตร์ศิริราชพยาบาล มหาวิทยาลัยมหิดล,ACTIVE
TTMT,9091567,ชุมเห็ดเทศ,ชุมเห็ดเทศ,ยาชง,สถานการแพทย์แผนไทยประยุกต์ คณะแพทยศาสตร์ศิริราชพยาบาล มหาวิทยาลัยมหิดล,ACTIVE
TTMT,9091580,เถาวัลย์เปรียง,เถาวัลย์เปรียง,ยาแคปซูล,สถานการแพทย์แผนไทยประยุกต์ คณะแพทยศาสตร์ศิริราชพยาบาล มหาวิทยาลัยมหิดล,ACTIVE
TTMT,9091611,ฟ้าทะลายโจร,ฟ้าทะลายโจร,ยาเม็ด,สถานการแพทย์แผนไทยประยุกต์ คณะแพทยศาสตร์ศิริราชพยาบาล มหาวิทยาลัยมหิดล,ACTIVE
TTMT,9091624,ฟ้าทะลายโจร,ฟ้าทะลายโจร,ยาแคปซูล,สถานการแพทย์แผนไทยประยุกต์ คณะแพทยศาสตร์ศิริราชพยาบาล มหาวิทยาลัยมหิดล,ACTIVE
TTMT,9091630,รางจืด,รางจืด,ยาผง,สถานการแพทย์แผนไทยประยุกต์ คณะแพทยศาสตร์ศิริราชพยาบาล มหาวิทยาลัยมหิดล,ACTIVE
TTMT,9091653,พญายอ,พญายอ,สารละลายสำหรับป้ายปาก,สถานการแพทย์แผนไทยประยุกต์ คณะแพทยศาสตร์ศิริราชพยาบาล มหาวิทยาลัยมหิดล,ACTIVE
TTMT,9092460,ฟ้าทะลายโจร,ฟ้าทะลายโจร,ยาแคปซูล,บริษัท ซีโนฟาร์ม(ไทย) จำกัด,ACTIVE
TTMT,9092473,มหาหิงคุ์,มหาหิงคุ์ (Asafetida tincture),ยาน้ำ,บริษัท วิทยาศรม จำกัด,ACTIVE
TTMT,9092494,ขมิ้นชัน,ยาขมิ้นชัน ชนิดแคปซูล,ยาแคปซูล,ห้างหุ้นส่วนจำกัด โรงงานเภสัชอุตสาหกรรม ค็อกช์,ACTIVE
TTMT,9092500,น้ำมันมะกอก,น้ำมันมะกอก,ยาเข้าน้ำมัน,องค์การเภสัชกรรม,ACTIVE
TTMT,9092516,มะขามแขก,ยาแคปซูลใบมะขามแขก,ยาแคปซูล,บริษัท โรงงานเภสัชกรรมแหลมทองการแพทย์ จำกัด,ACTIVE
TTMT,9092528,มะระขี้นก,ยาแคปซูลมะระขี้นก,ยาแคปซูล,บริษัท โรงงานเภสัชกรรมแหลมทองการแพทย์ จำกัด,ACTIVE
TTMT,9092537,พญายอ,กลีเซอรีนพญายอ,สารละลายสำหรับป้ายปาก,โรงงานเภสัชกรรมทหารศูนย์การอุตสาหกรรมป้องกันประเทศและพลังงานทหาร,ACTIVE
TTMT,9092544,ฟ้าทะลายโจร,ยาแคปซูลฟ้าทะลายโจร,ยาแคปซูล,โรงงานเภสัชกรรมทหารศูนย์การอุตสาหกรรมป้องกันประเทศและพลังงานทหาร,ACTIVE
TTMT,9092559,พญายอ,ยาครีมพญายอ 5% ,ครีม,โรงงานเภสัชกรรมทหารศูนย์การอุตสาหกรรมป้องกันประเทศและพลังงานทหาร,ACTIVE
TTMT,9092571,ว่านชักมดลูก,ยาว่านชักมดลูก,ยาแคปซูล,ร้านเกรียงไกรเภสัช,ACTIVE
TTMT,9092585,ขมิ้นชัน,ยาขมิ้นชัน แคปซูล,ยาแคปซูล,บริษัท แก้วมังกรเภสัช จำกัด,ACTIVE
TTMT,9092592,ขมิ้นชัน,ยาขมิ้นชัน แคปซูล,ยาแคปซูล,บริษัท แก้วมังกรเภสัช จำกัด,ACTIVE
TTMT,9092603,มะขามแขก,ใบมะขามแขกแคปซูล,ยาแคปซูล,บริษัท แก้วมังกรเภสัช จำกัด,ACTIVE
TTMT,9092619,ขมิ้นชัน,ยาขมิ้นชัน แคปซูล,ยาแคปซูล,บริษัท แก้วมังกรเภสัช จำกัด,ACTIVE
TTMT,9092626,พริก,ยาพิกก้า เจล,เจล,บริษัท แก้วมังกรเภสัช จำกัด,ACTIVE
TTMT,9092635,หญ้าหนวดแมว,ยาชงหญ้าหนวดแมว,ยาชง,บริษัท โกร่งทองเภสัชกรรม จำกัด,ACTIVE
TTMT,9092642,เถาวัลย์เปรียง,ยาแคปซูลเถาวัลย์เปรียง ตราโกร่งทอง,ยาแคปซูล,บริษัท โกร่งทองเภสัชกรรม จำกัด,ACTIVE
TTMT,9092657,ฟ้าทะลายโจร,ยาศรีฟ้าตราโกร่งทอง,ยาแคปซูล,บริษัท โกร่งทองเภสัชกรรม จำกัด,ACTIVE
TTMT,9092661,มหาหิงคุ์,ยาน้ำมหาหิงคุ์,ยาน้ำ,บริษัท ขาวละออเภสัช จำกัด,ACTIVE
TTMT,9092674,เพชรสังฆาต,ยาเม็ดเพชรสังฆาต ตราดอกว่าน,ยาเม็ด,บริษัท ขาวละออเภสัช จำกัด,ACTIVE
TTMT,9092688,มะระขี้นก,ยามะระขี้นกชนิดเม็ด ,ยาเม็ด,บริษัท ขาวละออเภสัช จำกัด,ACTIVE
TTMT,9092690,เถาวัลย์เปรียง,ยาเถาวัลย์เปรียง ชนิดเม็ดตราดอกว่าน,ยาเม็ด,บริษัท ขาวละออเภสัช จำกัด,ACTIVE
TTMT,9092711,มะขามแขก,ยาเม็ดมะขามแขก ตราดอกว่าน,ยาเม็ด,บริษัท ขาวละออเภสัช จำกัด,ACTIVE
TTMT,9092724,หญ้าหนวดแมว,ยาเม็ดหญ้าหนวดแมวสกัด,ยาเม็ด,บริษัท ขาวละออเภสัช จำกัด,ACTIVE
TTMT,9092730,รางจืด,ยาเม็ดรางจืด,ยาเม็ด,บริษัท ขาวละออเภสัช จำกัด,ACTIVE
TTMT,9092748,ขี้เหล็ก,ยาเม็ดใบขี้เหล็ก,ยาเม็ด,บริษัท ขาวละออเภสัช จำกัด,ACTIVE
TTMT,9092753,ฟ้าทะลายโจร,ยาฟ้าทะลายโจรสกัดแคปซูล,ยาแคปซูล,บริษัท ขาวละออเภสัช จำกัด,ACTIVE
TTMT,9092769,มหาหิงคุ์,ยาน้ำมหาหิงคุ์,ยาน้ำ,บริษัท ขาวละออเภสัช จำกัด,ACTIVE
TTMT,9092776,กวาวเครือขาว,กวาวเครือขาว,ยาเม็ด,บริษัท ขาวละออเภสัช จำกัด,ACTIVE
TTMT,9092782,ฟ้าทะลายโจร,ยาฟ้าทะลายโจรสกัด ตราน้ำเต้าทอง,ยาเม็ด,บริษัท คั้นกี่น้ำเต้าทอง จำกัด,ACTIVE
TTMT,9092795,ฟ้าทะลายโจร,ยาแอนดิส,ยาแคปซูล,บริษัท คั้นกี่น้ำเต้าทอง จำกัด,ACTIVE
TTMT,9092805,ขมิ้นชัน,ขมิ้นชัน,ยาแคปซูล,บริษัท เจริญสุขเภสัช (เจริญสุขกรุ๊ป),ACTIVE
TTMT,9092814,หญ้าหนวดแมว,ยาชงหญ้าหนวดแมว,ยาชง,ชุมชนปฐมอโศก,ACTIVE
TTMT,9092822,มะขามแขก,ยาชงมะขามแขก,ยาชง,ชุมชนปฐมอโศก,ACTIVE
TTMT,9092833,เถาวัลย์เปรียง,ยาเม็ดเถาวัลย์เปรียง,ยาเม็ด,ชุมชนปฐมอโศก,ACTIVE
TTMT,9092846,พลูคาว,ยาแคปซูลพลูคาว,ยาแคปซูล,ชุมชนปฐมอโศก,ACTIVE
TTMT,9092851,หญ้าปักกิ่ง,ยาชงหญ้าปักกิ่ง,ยาชง,ชุมชนปฐมอโศก,ACTIVE
TTMT,9092867,มะขามแขก,ยาแคปซูลมะขามแขก,ยาแคปซูล,ชุมชนปฐมอโศก,ACTIVE
TTMT,9092879,คำฝอย,ยาชงดอกคำฝอย,ยาชง,ชุมชนปฐมอโศก,ACTIVE
TTMT,9092880,เพชรสังฆาต,ยาแคปซูลเพชรสังฆาต,ยาแคปซูล,ชุมชนปฐมอโศก,ACTIVE
TTMT,9092898,รางจืด,ยาชงรางจืด,ยาชง,ชุมชนปฐมอโศก,ACTIVE
TTMT,9092908,ชุมเห็ดเทศ,ยาชงชุมเห็ดเทศ,ยาชง,ชุมชนปฐมอโศก,ACTIVE
TTMT,9092912,รางจืด,ยาแคปซูลรางจืด,ยาแคปซูล,ชุมชนปฐมอโศก,ACTIVE
TTMT,9092920,หญ้าหนวดแมว,ยาแคปซูลหญ้าหนวดแมว,ยาแคปซูล,ชุมชนปฐมอโศก,ACTIVE
TTMT,9092931,ขลู่,ยาชงขลู่,ยาชง,ชุมชนปฐมอโศก,ACTIVE
TTMT,9092949,เถาวัลย์เปรียง,ยาเม็ดเถาวัลย์เปรียง,ยาเม็ด,ชุมชนปฐมอโศก,ACTIVE
TTMT,9092954,ขมิ้นชัน,ยาแคปซูลขมิ้นชัน,ยาแคปซูล,บริษัท ไทยเอฟดี จำกัด,ACTIVE
TTMT,9092977,ขมิ้นชัน,ยาแคปซูลขมิ้นชันตราธงทอง,ยาแคปซูล,ห้างธงทองโอสถ,ACTIVE
TTMT,9092983,มะขามแขก,มะขามแขก แคปซูล,ยาแคปซูล,ห้างธงทองโอสถ,ACTIVE
TTMT,9092996,ว่านชักมดลูก,ยาแคปซูลว่านชักมดลูก,ยาแคปซูล,ห้างธงทองโอสถ,ACTIVE
TTMT,9093009,ขิง,"ยาเม็ดขิง ตรา ""ทีซี-เอ็กซ์""",ยาเม็ด,ห้างธงทองโอสถ,ACTIVE
TTMT,9093013,กระเทียม,ยาแคปซูลกระเทียม,ยาแคปซูล,ห้างธงทองโอสถ,ACTIVE
TTMT,9093021,รางจืด,ยาแคปซูลรางจืด,ยาแคปซูล,บริษัท ธันยพรสมุนไพร จำกัด,ACTIVE
TTMT,9093032,ขิง,ยาแคปซูลขิง,ยาแคปซูล,บริษัท ธันยพรสมุนไพร จำกัด,ACTIVE
TTMT,9093045,กระชาย,ยาแคปซูลกระชาย,ยาแคปซูล,บริษัท ธันยพรสมุนไพร จำกัด,ACTIVE
TTMT,9093050,ฟ้าทะลายโจร,ยาแคปซูลฟ้าทลายโจร,ยาแคปซูล,บริษัท ธันยพรสมุนไพร จำกัด,ACTIVE
TTMT,9093066,หนุมานประสานกาย,ยาแคปซูลหนุมานประสานกาย,ยาแคปซูล,บริษัท ธันยพรสมุนไพร จำกัด,ACTIVE
TTMT,9093078,มะขามแขก,ยาแคปซูลมะขามแขก,ยาแคปซูล,บริษัท ธันยพรสมุนไพร จำกัด,ACTIVE
TTMT,9093084,เพชรสังฆาต,ยาแคปซูลเพชรสังฆาต ,ยาแคปซูล,บริษัท ธันยพรสมุนไพร จำกัด,ACTIVE
TTMT,9093097,บอระเพ็ด,ยาแคปซูลบอระเพ็ด ตราธันยพรสมุนไพร,ยาแคปซูล,บริษัท ธันยพรสมุนไพร จำกัด,ACTIVE
TTMT,9093107,มะระขี้นก,ยาแคปซูลมะระขี้นก ตราธันยพรสมุนไพร,ยาแคปซูล,บริษัท ธันยพรสมุนไพร จำกัด,ACTIVE
TTMT,9093111,คำฝอย,ยาแคปซูลดอกคำฝอยตราธันยพรสมุนไพร,ยาแคปซูล,บริษัท ธันยพรสมุนไพร จำกัด,ACTIVE
TTMT,9093124,หญ้าหนวดแมว,ยาแคปซูลหญ้าหนวดแมว ตราธันยพรสมุนไพร,ยาแคปซูล,บริษัท ธันยพรสมุนไพร จำกัด,ACTIVE
TTMT,9093130,เถาวัลย์เปรียง,ยาแคปซูลเถาวัลย์เปรียง ตราธันยพรสมุนไพร,ยาแคปซูล,บริษัท ธันยพรสมุนไพร จำกัด,ACTIVE
TTMT,9093153,ขมิ้นชัน,ขมิ้นชันแคปซูล,ยาแคปซูล,บริษัท ผลิตภัณฑ์สมุนไพรไทย จำกัด,ACTIVE
TTMT,9093169,พลู,พลูจีนอล,ครีม,บริษัท ผลิตภัณฑ์สมุนไพรไทย จำกัด,ACTIVE
TTMT,9093176,พญายอ,ครีมพญายอ,ครีม,บริษัท ผลิตภัณฑ์สมุนไพรไทย จำกัด,ACTIVE
TTMT,9093182,ฟ้าทะลายโจร,ฟ้าทะลายโจรแคปซูล,ยาแคปซูล,บริษัท ผลิตภัณฑ์สมุนไพรไทย จำกัด,ACTIVE
TTMT,9093195,พริก,เจลพริก,เจล,บริษัท ผลิตภัณฑ์สมุนไพรไทย จำกัด,ACTIVE
TTMT,9093202,พญายอ,พญายอกลีเซอรีน,สารละลายสำหรับป้ายปาก,บริษัท ผลิตภัณฑ์สมุนไพรไทย จำกัด,ACTIVE
TTMT,9093218,มะขามแขก,ยาเม็ดมะขามแขก ,ยาเม็ด,บริษัท ผลิตภัณฑ์สมุนไพรไทย จำกัด,ACTIVE
TTMT,9093225,หญ้าหนวดแมว,ยาชงหญ้าหนวดแมว,ยาชง,บริษัท ผลิตภัณฑ์สมุนไพรไทย จำกัด,ACTIVE
TTMT,9093239,บัวบก,เซนเทลลา ครีม,ครีม,บริษัท ผลิตภัณฑ์สมุนไพรไทย จำกัด,ACTIVE
TTMT,9093241,ชุมเห็ดเทศ,ยาชงชุมเห็ดเทศ,ยาชง,บริษัท ผลิตภัณฑ์สมุนไพรไทย จำกัด,ACTIVE
TTMT,9093256,ฟ้าทะลายโจร,สารสกัดฟ้าทะลายโจร แคปซูล,ยาแคปซูล,บริษัท ผลิตภัณฑ์สมุนไพรไทย จำกัด,ACTIVE
TTMT,9093260,ขมิ้นชัน,ยาแคปซูลขมิ้นชัน,ยาแคปซูล,มูลนิธิ โรงพยาบาลเจ้าพระยาอภัยภูเบศร,ACTIVE
TTMT,9093273,ฟ้าทะลายโจร,ยาแคปซูลฟ้าทะลายโจร,ยาแคปซูล,มูลนิธิ โรงพยาบาลเจ้าพระยาอภัยภูเบศร,ACTIVE
TTMT,9093287,พญายอ,ยาครีมพญายอ,ครีม,มูลนิธิ โรงพยาบาลเจ้าพระยาอภัยภูเบศร,ACTIVE
TTMT,9093294,ยอ,ยาแคปซูลยอ,ยาแคปซูล,มูลนิธิ โรงพยาบาลเจ้าพระยาอภัยภูเบศร,ACTIVE
TTMT,9093304,หญ้าหนวดแมว,ยาชงสมุนไพรหญ้าหนวดแมว,ยาชง,มูลนิธิ โรงพยาบาลเจ้าพระยาอภัยภูเบศร,ACTIVE
TTMT,9093315,พญายอ,กลีเซอรีนพญายอ,สารละลายสำหรับป้ายปาก,มูลนิธิ โรงพยาบาลเจ้าพระยาอภัยภูเบศร,ACTIVE
TTMT,9093327,ชุมเห็ดเทศ,ยาชงสมุนไพรชุมเห็ดเทศ,ยาชง,มูลนิธิ โรงพยาบาลเจ้าพระยาอภัยภูเบศร,ACTIVE
TTMT,9093336,บัวบก,ยาแคปซูลบัวบก,ยาแคปซูล,มูลนิธิ โรงพยาบาลเจ้าพระยาอภัยภูเบศร,ACTIVE
TTMT,9093343,พญายอ,คาลาไมน์พญายอ,ยาน้ำแขวนตะกอน,มูลนิธิ โรงพยาบาลเจ้าพระยาอภัยภูเบศร,ACTIVE
TTMT,9093358,เพกา,ยาแคปซูลเพกา,ยาแคปซูล,มูลนิธิ โรงพยาบาลเจ้าพระยาอภัยภูเบศร,ACTIVE
TTMT,9093362,เถาวัลย์เปรียง,ยาแคปซูลเถาวัลย์เปรียง,ยาแคปซูล,มูลนิธิ โรงพยาบาลเจ้าพระยาอภัยภูเบศร,ACTIVE
TTMT,9093370,บอระเพ็ด,ยาแคปซูลบอระเพ็ด,ยาแคปซูล,มูลนิธิ โรงพยาบาลเจ้าพระยาอภัยภูเบศร,ACTIVE
TTMT,9093389,มะระขี้นก,ยาแคปซูลมะระขี้นก,ยาแคปซูล,มูลนิธิ โรงพยาบาลเจ้าพระยาอภัยภูเบศร,ACTIVE
TTMT,9093391,ไพล,ครีมไพล,ครีม,มูลนิธิ โรงพยาบาลเจ้าพระยาอภัยภูเบศร,ACTIVE
TTMT,9093406,ขมิ้นชัน,ยาแคปซูลขมิ้นชัน,ยาแคปซูล,มูลนิธิ โรงพยาบาลเจ้าพระยาอภัยภูเบศร,ACTIVE
TTMT,9093410,ฟ้าทะลายโจร,ยาแคปซูลฟ้าทะลายโจร,ยาแคปซูล,มูลนิธิ โรงพยาบาลเจ้าพระยาอภัยภูเบศร,ACTIVE
TTMT,9093423,ขิง,ยาแคปซูลขิง,ยาแคปซูล,มูลนิธิ โรงพยาบาลเจ้าพระยาอภัยภูเบศร,ACTIVE
TTMT,9093434,พริก,ยาครีมพริก,ครีม,มูลนิธิ โรงพยาบาลเจ้าพระยาอภัยภูเบศร,ACTIVE
TTMT,9093447,พริก,เจลพริก,เจล,มูลนิธิ โรงพยาบาลเจ้าพระยาอภัยภูเบศร,ACTIVE
TTMT,9093452,มะระขี้นก,มะระขี้นก,ยาแคปซูล,บริษัท หมอยาไทย 101 จำกัด,ACTIVE
TTMT,9093468,ขิง,ยาแคปซูลขิง ตราพระอินทร์,ยาแคปซูล,บริษัท หมอยาไทย 101 จำกัด,ACTIVE
TTMT,9093475,เพชรสังฆาต,แคปซูลเพชรสังฆาตตราพระอินทร์,ยาแคปซูล,บริษัท หมอยาไทย 101 จำกัด,ACTIVE
TTMT,9093481,มะระขี้นก,มะระขี้นก,ยาเม็ด,ลำปางรักษ์สมุนไพร,ACTIVE
TTMT,9093499,มะระขี้นก,มะระขี้นก,ยาแคปซูล,ลำปางรักษ์สมุนไพร,ACTIVE
TTMT,9093508,หญ้าหนวดแมว,หญ้าหนวดแมว,ยาแคปซูล,ลำปางรักษ์สมุนไพร,ACTIVE
TTMT,9093512,หญ้าหนวดแมว,หญ้าหนวดแมว,ยาชง,ลำปางรักษ์สมุนไพร,ACTIVE
TTMT,9093520,มะระขี้นก,มะระขี้นก,ยาชง,ลำปางรักษ์สมุนไพร,ACTIVE
TTMT,9093531,คำฝอย,ยาแคปซูลสมุนไพรดอกคำฝอย,ยาแคปซูล,ลำปางรักษ์สมุนไพร,ACTIVE
TTMT,9093549,เพชรสังฆาต,เพชรสังฆาตแคปซูล,ยาแคปซูล,ลำปางรักษ์สมุนไพร,ACTIVE
TTMT,9093554,ฟ้าทะลายโจร,ยาฟ้าทะลายโจรชนิดแคปซูล,ยาแคปซูล,สถานที่ผลิตยาอ้วยอันโอสถ,ACTIVE
TTMT,9093565,ขมิ้นชัน,ยาขมิ้นชันชนิดแคปซูล,ยาแคปซูล,สถานที่ผลิตยาอ้วยอันโอสถ,ACTIVE
TTMT,9093577,มะขามแขก,ยาใบมะขามแขก ชนิดแคปซูล,ยาแคปซูล,สถานที่ผลิตยาอ้วยอันโอสถ,ACTIVE
TTMT,9093583,มะระขี้นก,มะระขี้นกสกัด ชนิดแคปซูล,ยาแคปซูล,บริษัท เอกสมุนไพร จำกัด,ACTIVE
TTMT,9093596,บอระเพ็ด,ยาแก้ไข้บอระเพ็ด แคปซูล,ยาแคปซูล,สถานที่ผลิตยาอ้วยอันโอสถ,ACTIVE
TTMT,9093605,ตังกุย(โกฐเชียง),ยาบำรุงตังกุยแคปซูล,ยาแคปซูล,สถานที่ผลิตยาอ้วยอันโอสถ,ACTIVE
TTMT,9093614,พริกไทย,ยาขับลมพริกไทยแคปซูล,ยาแคปซูล,สถานที่ผลิตยาอ้วยอันโอสถ,ACTIVE
TTMT,9093622,หญ้าหนวดแมว,ยาชงหญ้าหนวดแมว,ยาชง,สถานที่ผลิตยาอ้วยอันโอสถ,ACTIVE
TTMT,9093633,เถาเอ็นอ่อน,ยาบรรเทาปวดเมื่อยเถาเอ็นอ่อนแคปซูล,ยาแคปซูล,สถานที่ผลิตยาอ้วยอันโอสถ,ACTIVE
TTMT,9093646,คำฝอย,ยาแคปซูลดอกคำฝอย,ยาแคปซูล,สถานที่ผลิตยาอ้วยอันโอสถ,ACTIVE
TTMT,9093651,ว่านชักมดลูก,ยาแคปซูลว่านชักมดลูก,ยาแคปซูล,สถานที่ผลิตยาอ้วยอันโอสถ,ACTIVE
TTMT,9093667,ฟ้าทะลายโจร,ฟ้าทะลายโจรแคปซูล,ยาแคปซูล,สหกรณ์การเกษตรสมุนไพรตำบลแม่มอก จำกัด,ACTIVE
TTMT,9093679,ขมิ้นชัน,ยาแคปซูลขมิ้นชัน,ยาแคปซูล,สหกรณ์การเกษตรสมุนไพรตำบลแม่มอก จำกัด,ACTIVE
TTMT,9093680,ขิง,ยาผงขิง,ยาชง,สหกรณ์การเกษตรสมุนไพรตำบลแม่มอก จำกัด,ACTIVE
TTMT,9093698,ฟ้าทะลายโจร,ยาฟ้าทะลายโจรชนิดสกัดแสงสว่างตราค้างคาว,ยาแคปซูล,บริษัท แสงสว่างตราค้างคาว จำกัด,ACTIVE
TTMT,9093701,ขี้เหล็ก,ยาแคปซูลขี้เหล็ก,ยาแคปซูล,บริษัท เอกสมุนไพร จำกัด,ACTIVE
TTMT,9093729,ขมิ้นชัน,ยาขมิ้นชัน แคปซูล ตราเคเอ็มพี,ยาแคปซูล,บริษัท แก้วมังกรเภสัช จำกัด,ACTIVE
TTMT,9093738,ขิง,ขิง แคปซูล ตราเคเอ็มพี,ยาแคปซูล,บริษัท แก้วมังกรเภสัช จำกัด,ACTIVE
TTMT,9093755,ฟ้าทะลายโจร,ยาฟ้าทะลายโจร แคปซูล,ยาแคปซูล,บริษัท แก้วมังกรเภสัช จำกัด,ACTIVE
TTMT,9093764,ฟ้าทะลายโจร,ยาแอนดร็อกซิล,ยาแคปซูล,บริษัท แก้วมังกรเภสัช จำกัด,ACTIVE
TTMT,9093772,ฟ้าทะลายโจร,ยาฟ้าทะลายโจร แคปซูล ตราเคเอ็มพี,ยาแคปซูล,บริษัท แก้วมังกรเภสัช จำกัด,ACTIVE
TTMT,9093803,ขมิ้นชัน,ยาแคปซูลขมิ้นชัน,ยาแคปซูล,บริษัท ไทยเอฟดี จำกัด,ACTIVE
TTMT,9093819,ขิง,ยาแคปซูลขิง,ยาแคปซูล,บริษัท ไทยเอฟดี จำกัด,ACTIVE
TTMT,9093826,ฟ้าทะลายโจร,ยาแคปซูลฟ้าทะลายโจร,ยาแคปซูล,บริษัท ไทยเอฟดี จำกัด,ACTIVE
TTMT,9093835,ฟ้าทะลายโจร,ยาแคปซูลฟ้าทะลายโจร 250 มิลลิกรัม,ยาแคปซูล,บริษัท ไทยเอฟดี จำกัด,ACTIVE
TTMT,9093842,มะขามแขก,ยาระบายเซนาทัย,ยาแคปซูล,บริษัท ไทยเอฟดี จำกัด,ACTIVE
TTMT,9093857,มะระขี้นก,ยาแคปซูลมะระขี้นก,ยาแคปซูล,บริษัท ไทยเอฟดี จำกัด,ACTIVE
TTMT,9093861,โสม,ยาแคปซูลโสมทีเอฟดี,ยาแคปซูล,บริษัท ไทยเอฟดี จำกัด,ACTIVE
TTMT,9093874,เห็ดหลินจือ/เห็ดขอนไม้,ยาแคปซูลเห็ดหลินจือ,ยาแคปซูล,บริษัท ไทยเอฟดี จำกัด,ACTIVE
TTMT,9093888,ขมิ้นชัน,ขมิ้นชันแคปซูล 250,ยาแคปซูล,บริษัท ผลิตภัณฑ์สมุนไพรไทย จำกัด,ACTIVE
TTMT,9093890,ถั่วเหลืองสกัด,ฟลาวซอยแคปซูล,ยาแคปซูล,บริษัท ผลิตภัณฑ์สมุนไพรไทย จำกัด,ACTIVE
TTMT,9093900,มะรุม/ผักอีสุม,"ผักอีสุม
(มะรุม)


",ยาแคปซูล,โรงพยาบาลบางกระทุ่ม,ACTIVE
TTMT,9093916,ว่านลิง/ฮว่านง็อก,"ว่านลิง 
(ฮว่านง็อก)
",ยาแคปซูล,โรงพยาบาลบางกระทุ่ม,ACTIVE
TTMT,9093928,เห็ดหลินจือ/เห็ดขอนไม้,เห็ดขอนไม้สกัด(เห็ดหลินจือ),ยาแคปซูล,โรงพยาบาลบางกระทุ่ม,ACTIVE
TTMT,9094019,ขมิ้นชัน,ขมิ้นชัน,ยาแคปซูล,โรงพยาบาลแม่ออน,ACTIVE
TTMT,9094061,ฟ้าทะลายโจร,ฟ้าทะลายโจร,ยาแคปซูล,โรงพยาบาลแม่ออน,ACTIVE
TTMT,9094074,มะระขี้นก,มะระขี้นก,ยาแคปซูล,โรงพยาบาลแม่ออน,ACTIVE
TTMT,9094088,พญายอ,เสลดพังพอนทิงเจอร์ ,ทิงเจอร์,โรงพยาบาลร้องกวาง,ACTIVE
TTMT,9094090,พญายอ,เสลดพังพอนกลีเซอรีน,สารละลายสำหรับป้ายปาก,โรงพยาบาลร้องกวาง,ACTIVE
TTMT,9094100,กระชายดำ,กระชายดำแคปซูล,ยาแคปซูล,โรงพยาบาลหนองโดน,ACTIVE
TTMT,9094116,แป๊ะก๊วย,แป๊ะก๊วย,ยาแคปซูล,โรงพยาบาลหนองโดน,ACTIVE
TTMT,9094128,พริกไทย,พริกไทย แคปซูล,ยาแคปซูล,โรงพยาบาลหนองโดน,ACTIVE
TTMT,9094137,มะรุม/ผักอีสุม,มะรุม,ยาแคปซูล,โรงพยาบาลหนองโดน,ACTIVE
TTMT,9094144,ขมิ้นชัน,ขมิ้นชัน,ยาแคปซูล,โรงพยาบาลอุดรธานี,ACTIVE
TTMT,9094159,ฟ้าทะลายโจร,ฟ้าทะลายโจร,ยาแคปซูล,โรงพยาบาลอุดรธานี,ACTIVE
TTMT,9094163,ฟ้าทะลายโจร,ยาเม็ดฟ้าทะลายโจร,ยาเม็ด,ห้างหุ้นส่วนจำกัด โรงงานเภสัชอุตสาหกรรม ค็อกช์,ACTIVE
TTMT,9094171,ขมิ้นชัน,"ยาเม็ดขมิ้นชัน""ธงทอง""",ยาเม็ด,ห้างธงทองโอสถ,ACTIVE
TTMT,9094185,ขมิ้นชัน,ยาแคปซูลขมิ้นชัน ตราธงทอง,ยาแคปซูล,ห้างธงทองโอสถ,ACTIVE
TTMT,9094192,ขิง,ยาแคปซูลขิง ตราธงทอง,ยาแคปซูล,ห้างธงทองโอสถ,ACTIVE
TTMT,9094205,ชุมเห็ดเทศ,ยาชงชุมเห็ดเทศ ตราธงทอง,ยาชง,ห้างธงทองโอสถ,ACTIVE
TTMT,9094214,พริก,ยาเจลพริกชี้ฟ้า,เจล,ห้างธงทองโอสถ,ACTIVE
TTMT,9094222,ไพล,ยาครีมไพล ตราธงทอง,ครีม,ห้างธงทองโอสถ,ACTIVE
TTMT,9094233,ฟ้าทะลายโจร,ยาแคปซูลฟ้าทะลายโจรตราธงทอง,ยาแคปซูล,ห้างธงทองโอสถ,ACTIVE
TTMT,9094246,ฟ้าทะลายโจร,"ยาเม็ดฟ้าทะลายโจร""ธงทอง""",ยาเม็ด,ห้างธงทองโอสถ,ACTIVE
TTMT,9094251,ฟ้าทะลายโจร,ยาแคปซูลฟ้าทะลายโจร ตราธงทอง,ยาแคปซูล,ห้างธงทองโอสถ,ACTIVE
TTMT,9094267,หญ้าหนวดแมว,ยาแคปซูลหญ้าหนวดแมว ตราธงทอง,ยาแคปซูล,ห้างธงทองโอสถ,ACTIVE
TTMT,9094279,หญ้าหนวดแมว,ยาชงหญ้าหนวดแมว,ยาชง,บริษัท เอกสมุนไพร จำกัด,ACTIVE
TTMT,9094298,ฟ้าทะลายโจร,ฟ้าทะลายโจร,ยาแคปซูล,โรงพยาบาลสรรคบุรี,ACTIVE
TTMT,9094308,ฟ้าทะลายโจร,  ยาแคปซูลฟ้าทะลายโจร  ตราวังหลัง  FA THALAI CHON CAPSULES WANGLANG BRAND,ยาแคปซูล,บริษัท ซีโนฟาร์ม(ไทย) จำกัด,ACTIVE
TTMT,9094312,ขลู่,ยาชงขลู่,ยาชง,โรงพยาบาลบรรพตพิสัย,ACTIVE
TTMT,9094320,ฟ้าทะลายโจร,ฟ้าทะลายโจร,ยาแคปซูล,โรงพยาบาลเสลภูมิ,ACTIVE
TTMT,9094331,พญายอ,เสลดพังพอนทิงเจอร์,ทิงเจอร์,โรงพยาบาลบางแพ,ACTIVE
TTMT,9094349,ขมิ้นชัน,อโรคาแคปซูล ขมิ้นชัน,ยาแคปซูล,บริษัท หมอยาไทย 101 จำกัด,ACTIVE
TTMT,9094365,ชุมเห็ดเทศ,ยาชงชุมเห็ดเทศ,ยาชง,บริษัท เอกสมุนไพร จำกัด,ACTIVE
TTMT,9094377,หญ้าดอกขาว,ชาชงหญ้าดอกขาว,ยาชง,โรงพยาบาลสรรคบุรี,ACTIVE
TTMT,9094383,ขมิ้นชัน,  ยาแคปซูลขมิ้นชัน  ตราวังหลัง  KHAMIN  CHAN CAPSULES  WANGLANG  BRAND,ยาแคปซูล,บริษัท ซีโนฟาร์ม(ไทย) จำกัด,ACTIVE
TTMT,9094396,เหงือกปลาหมอ,ยาชงเหงือกปลาหมอ,ยาชง,โรงพยาบาลบรรพตพิสัย,ACTIVE
TTMT,9094417,ขมิ้นชัน,อโรคาแคปซูล ขมิ้นชัน,ยาแคปซูล,บริษัท หมอยาไทย 101 จำกัด,ACTIVE
TTMT,9094429,เถาวัลย์เปรียง,เถาวัลย์เปรียง,ยาแคปซูล,โรงพยาบาลเสลภูมิ,ACTIVE
TTMT,9094438,ฟ้าทะลายโจร,อโรคาแคปซูล ฟ้าทะลายโจร,ยาแคปซูล,บริษัท หมอยาไทย 101 จำกัด,ACTIVE
TTMT,9094440,เห็ดหลินจือ/เห็ดขอนไม้,ยาเห็ดหลินจือสกัด ชนิดแคปซูล,ยาแคปซูล,บริษัท ขาวละออเภสัช จำกัด,ACTIVE
TTMT,9094464,ฟ้าทะลายโจร,อโรคาแคปซูล ฟ้าทะลายโจร,ยาแคปซูล,บริษัท หมอยาไทย 101 จำกัด,ACTIVE
TTMT,9094472,ขมิ้นชัน,ขมิ้นชัน,ยาแคปซูล,โรงพยาบาลเสลภูมิ,ACTIVE
TTMT,9094486,กระเจี๊ยบแดง,ชาชงกระเจี๊ยบแดง,ยาชง,โรงพยาบาลสรรคบุรี,ACTIVE
TTMT,9094493,หญ้าหนวดแมว,ยาหญ้าหนวดแมว ชนิดแคปซูล,ยาแคปซูล,บริษัท เอกสมุนไพร จำกัด,ACTIVE
TTMT,9094504,รางจืด,รางจืด,ยาแคปซูล,โรงพยาบาลสรรคบุรี,ACTIVE
TTMT,9094515,ฟ้าทะลายโจร,ยาฟ้าทะลายโจรสกัดชนิดเม็ดเคลือบ ตราดอกว่าน,ยาเม็ด,บริษัท ขาวละออเภสัช จำกัด,ACTIVE
TTMT,9094527,มะระขี้นก,มะระขี้นก,ยาแคปซูล,โรงพยาบาลเสลภูมิ,ACTIVE
TTMT,9094536,เห็ดหลินจือ/เห็ดขอนไม้,ยาเห็ดหลินจือสกัดชนิดเม็ดเคลือบ ตราดอกว่าน,ยาเม็ด,บริษัท ขาวละออเภสัช จำกัด,ACTIVE
TTMT,9094543,หญ้าหนวดแมว,ชาชงสมุนไพรหญ้าหนวดแมว,ยาผง,บริษัท หมอยาไทย 101 จำกัด,ACTIVE
TTMT,9094558,มะขามแขก,ไซโดแล็กซ์(มะขามแขก),ยาเม็ด,บริษัท ขาวละออเภสัช จำกัด,ACTIVE
TTMT,9094570,หญ้าดอกขาว,หญ้าดอกขาว,ยาชง,โรงพยาบาลเสลภูมิ,ACTIVE
TTMT,9094589,ชุมเห็ดเทศ,ชุมเห็ดเทศ,ยาชง,โรงพยาบาลเสลภูมิ,ACTIVE
TTMT,9094591,ขิง,ขิง,ยาชง,โรงพยาบาลเสลภูมิ,ACTIVE
TTMT,9094602,ขมิ้นชัน,ยาเม็ดขมิ้นชัน ( ยาสามัญประจำบ้าน ),ยาเม็ด,บริษัท ขาวละออเภสัช จำกัด,ACTIVE
TTMT,9094618,รางจืด,รางจืด,ยาชง,โรงพยาบาลเสลภูมิ,ACTIVE
TTMT,9094625,ขมิ้นชัน,ยาขมิ้นชันแคปซูล ,ยาแคปซูล,บริษัท ขาวละออเภสัช จำกัด,ACTIVE
TTMT,9094639,ชุมเห็ดเทศ,ยาชงสมุนไพร(ชุมเห็ดเทศ)เครื่องหมายการค้าหรรษา กรีน,ยาชง,บริษัท ขาวละออเภสัช จำกัด,ACTIVE
TTMT,9094641,ขมิ้นชัน,ยาขมิ้นชัน 500 มก. ตราขาวละออ,ยาแคปซูล,บริษัท ขาวละออเภสัช จำกัด,ACTIVE
TTMT,9094656,ขิง,ยาขิงแคปซูล เครื่องหมายการค้าขาวละออ,ยาแคปซูล,บริษัท ขาวละออเภสัช จำกัด,ACTIVE
TTMT,9094660,ขมิ้นชัน,ยาขมิ้นชัน ชนิดเม็ด ตราดอกว่าน,ยาเม็ด,บริษัท ขาวละออเภสัช จำกัด,ACTIVE
TTMT,9094687,พริก,พริก,เจล,โรงพยาบาลพหลพลพยุหเสนา,ACTIVE
TTMT,9094694,ฟ้าทะลายโจร,ฟ้าทะลายโจร,ยาแคปซูล,สถานีอนามัยเฉลิมพระเกียรติ 60 พรรษา นวมินทราชินี ตำบลหนองหิน,ACTIVE
TTMT,9094723,ฟ้าทะลายโจร,ยาฟ้าทะลายโจรแคปซูล,ยาแคปซูล,บริษัท เจริญสุขเภสัช (เจริญสุขกรุ๊ป),ACTIVE
TTMT,9094813,กระชาย,กระชายแคปซูล,ยาแคปซูล,โรงพยาบาลเจ้าคุณไพบูลย์พนมทวน,ACTIVE
TTMT,9094821,เห็ดหลินจือ/เห็ดขอนไม้,ยาเห็ดหลินจือชนิดแคปซูล,ยาแคปซูล,บริษัท เจริญสุขเภสัช (เจริญสุขกรุ๊ป),ACTIVE
TTMT,9094832,มะระขี้นก,ยามะระขี้นกชนิดแคปซูล,ยาแคปซูล,บริษัท เจริญสุขเภสัช (เจริญสุขกรุ๊ป),ACTIVE
TTMT,9094845,ฟ้าทะลายโจร,ยาฟ้าทะลายโจรแคปซูล,ยาแคปซูล,บริษัท เจริญสุขเภสัช (เจริญสุขกรุ๊ป),ACTIVE
TTMT,9094850,ขิง,ยาชงขิง 100%,ยาชง,บริษัท เจริญสุขเภสัช (เจริญสุขกรุ๊ป),ACTIVE
TTMT,9094878,มะระขี้นก,ยามะระขี้นกสกัดชนิดแคปซูล ตราดอกว่าน,ยาแคปซูล,บริษัท ขาวละออเภสัช จำกัด,ACTIVE
TTMT,9094884,ฟ้าทะลายโจร,ยาฟ้าทะลายโจรสกัด ชนิดแคปซูล,ยาแคปซูล,บริษัท ขาวละออเภสัช จำกัด,ACTIVE
TTMT,9094897,พญายอ,โลวิเริม,ครีม,บริษัท ขาวละออเภสัช จำกัด,ACTIVE
TTMT,9094907,ขิง,ขิงแคปซูล GINGER CAPSULE,ยาแคปซูล,บริษัท ผลิตภัณฑ์สมุนไพรไทย จำกัด,ACTIVE
TTMT,9094911,ฟ้าทะลายโจร,ยาฟ้าทะลายโจรแคปซูล 250 FA-THALAI-CHON CPSULE 250,ยาแคปซูล,บริษัท ผลิตภัณฑ์สมุนไพรไทย จำกัด,ACTIVE
TTMT,9094924,กล้วย,กล้วย,ยาผง,โรงพยาบาลโพนสวรรค์,ACTIVE
TTMT,9094930,ขิง,ขิง,ยาแคปซูล,โรงพยาบาลโพนสวรรค์,ACTIVE
TTMT,9094948,ขิง,ขิง,ยาผง,โรงพยาบาลโพนสวรรค์,ACTIVE
TTMT,9094953,ชุมเห็ดเทศ,ชุมเห็ดเทศ,ยาแคปซูล,โรงพยาบาลโพนสวรรค์,ACTIVE
TTMT,9094969,ชุมเห็ดเทศ,ชุมเห็ดเทศ,ยาผง,โรงพยาบาลโพนสวรรค์,ACTIVE
TTMT,9094976,เถาวัลย์เปรียง,เถาวัลย์เปรียง,ยาแคปซูล,โรงพยาบาลโพนสวรรค์,ACTIVE
TTMT,9094982,บัวบก,บัวบก,ยาแคปซูล,โรงพยาบาลโพนสวรรค์,ACTIVE
TTMT,9094995,บัวบก,บัวบก,ยาชง,โรงพยาบาลโพนสวรรค์,ACTIVE
TTMT,9095002,ฟ้าทะลายโจร,ฟ้าทะลายโจร,ยาแคปซูล,โรงพยาบาลโพนสวรรค์,ACTIVE
TTMT,9095018,ฟ้าทะลายโจร,ฟ้าทะลายโจร,ยาชง,โรงพยาบาลโพนสวรรค์,ACTIVE
TTMT,9095025,รางจืด,รางจืด,ยาแคปซูล,โรงพยาบาลโพนสวรรค์,ACTIVE
TTMT,9095039,รางจืด,รางจืด,ยาชง,โรงพยาบาลโพนสวรรค์,ACTIVE
TTMT,9095041,หญ้าดอกขาว,หญ้าดอกขาว,ยาชง,โรงพยาบาลโพนสวรรค์,ACTIVE
TTMT,9095056,หญ้าปักกิ่ง,หญ้าปักกิ่ง,ยาแคปซูล,โรงพยาบาลโพนสวรรค์,ACTIVE
TTMT,9095060,หญ้าปักกิ่ง,หญ้าปักกิ่ง,ยาชง,โรงพยาบาลโพนสวรรค์,ACTIVE
TTMT,9095073,หญ้าหนวดแมว,หญ้าหนวดแมว,ยาชง,โรงพยาบาลโพนสวรรค์,ACTIVE
TTMT,9095209,เถาเอ็นอ่อน,ยาเถาเอ็นอ่อน,ยาแคปซูล,โรงพยาบาลสอง,ACTIVE
TTMT,9095213,ว่านชักมดลูก,ยาว่านชักมดลูก,ยาแคปซูล,โรงพยาบาลสอง,ACTIVE
TTMT,9095221,น้ำนมราชสีห์,ยาน้ำนมราชสีห์,ยาต้ม,โรงพยาบาลสอง,ACTIVE
TTMT,9095232,น้ำนมราชสีห์,ยาน้ำนมราชสีห์,ยาชง,โรงพยาบาลสอง,ACTIVE
TTMT,9095245,หญ้าหนวดแมว,ยาหญ้าหนวดแมว,ยาแคปซูล,โรงพยาบาลสอง,ACTIVE
TTMT,9095250,พริก,แคปซิกา เจล (CAPSIKA GEL),เจล,บริษัท บางกอกแล็ป แอนด์ คอสเมติค จำกัด,ACTIVE
TTMT,9095266,พริก,แคปซิกา - 25 เจล (CAPSIKA - 25 GEL),เจล,บริษัท บางกอกแล็ป แอนด์ คอสเมติค จำกัด,ACTIVE
TTMT,9095278,พริก,แคปซิกา - ดีเอส (CAPSIKA - DS) ,เจล,บริษัท บางกอกแล็ป แอนด์ คอสเมติค จำกัด,ACTIVE
TTMT,9095284,พริก,แคปซิกา โลชั่น (CAPSIKA LOTION),โลชั่น,บริษัท บางกอกแล็ป แอนด์ คอสเมติค จำกัด,ACTIVE
TTMT,9095297,พริก,แคปซิกา - 25 โลชั่น (CAPSIKA - 25 LOTION),โลชั่น,บริษัท บางกอกแล็ป แอนด์ คอสเมติค จำกัด,ACTIVE
TTMT,9095307,ไพล,ไพลวาน่า (PLAIVANA),ครีม,บริษัท บางกอกแล็ป แอนด์ คอสเมติค จำกัด,ACTIVE
TTMT,9095311,ไพล,ไพลวาน่า (กลิ่นบัวหลวง)  PLAIVANA (LOTUS ODOR),ครีม,บริษัท บางกอกแล็ป แอนด์ คอสเมติค จำกัด,ACTIVE
TTMT,9095324,ฟ้าทะลายโจร,คาลเม็ก แคปซูล (KALMEG CAPSULE),ยาแคปซูล,บริษัท พนาพัฒน์ เฮลท์แคร์ จำกัด,ACTIVE
TTMT,9095330,ขมิ้นชัน,คิวเมอร์ริกซ์ แคปซูล (CUMERIX Capsule),ยาแคปซูล,บริษัท พนาพัฒน์ เฮลท์แคร์ จำกัด,ACTIVE
TTMT,9095348,ขิง,จิงเจอร์ริกซ์ แคปซูล (GINGERIX Capsule),ยาแคปซูล,บริษัท พนาพัฒน์ เฮลท์แคร์ จำกัด,ACTIVE
TTMT,9095353,พริกไทย,พริกไทย แคปซูล,ยาแคปซูล,โรงพยาบาลหนองฉาง,ACTIVE
TTMT,9095369,บอระเพ็ด,บอระเพ็ด แคปซูล,ยาแคปซูล,โรงพยาบาลหนองฉาง,ACTIVE
TTMT,9095376,เพชรสังฆาต,เพชรสังฆาต แคปซูล,ยาแคปซูล,โรงพยาบาลหนองฉาง,ACTIVE
TTMT,9095382,ส้มแขก,ส้มแขก แคปซูล,ยาแคปซูล,โรงพยาบาลหนองฉาง,ACTIVE
TTMT,9095395,บุก,บุก แคปซูล,ยาแคปซูล,โรงพยาบาลหนองฉาง,ACTIVE
TTMT,9095400,เหงือกปลาหมอ,เหงือกปลาหมอ แคปซูล,ยาแคปซูล,โรงพยาบาลหนองฉาง,ACTIVE
TTMT,9095416,กระเทียม,กระเทียม แคปซูล,ยาแคปซูล,โรงพยาบาลหนองฉาง,ACTIVE
TTMT,9095428,ไพล,ไพล แคปซูล,ยาแคปซูล,โรงพยาบาลหนองฉาง,ACTIVE
TTMT,9095437,มะรุม/ผักอีสุม,มะรุม แคปซูล,ยาแคปซูล,โรงพยาบาลหนองฉาง,ACTIVE
TTMT,9095444,ขลู่,ยาชงสมุนไพร ขลู่,ยาชง,โรงพยาบาลหนองฉาง,ACTIVE
TTMT,9095459,หญ้าลูกใต้ใบ,ยาชงสมุนไพร ลูกใต้ใบ,ยาชง,โรงพยาบาลหนองฉาง,ACTIVE
TTMT,9095463,ทองพันชั่ง,ยาชงสมุนไพร ทองพันช่าง,ยาชง,โรงพยาบาลหนองฉาง,ACTIVE
TTMT,9095471,เถาวัลย์เปรียง,ยาชงสมุนไพร เถาวัลย์เปรียง,ยาชง,โรงพยาบาลหนองฉาง,ACTIVE
TTMT,9095485,ใบหม่อน,ยาชงสมุนไพร ใบหม่อน,ยาชง,โรงพยาบาลหนองฉาง,ACTIVE
TTMT,9095492,คำฝอย,ยาชงสมุนไพร ดอกคำฝอย,ยาชง,โรงพยาบาลหนองฉาง,ACTIVE
TTMT,9095503,ขิง,ยาขิงแคปซูล,ยาแคปซูล,บริษัท เอกสมุนไพร จำกัด,ACTIVE
TTMT,9095519,ขมิ้นชัน,ขมิ้นชัน เมืองศรีภูมิ,ยาแคปซูล,โรงพยาบาลสุวรรณภูมิ,ACTIVE
TTMT,9095526,ฟ้าทะลายโจร,ฟ้าทะลายโจร เมืองศรีภูมิ,ยาแคปซูล,โรงพยาบาลสุวรรณภูมิ,ACTIVE
TTMT,9095535,เพชรสังฆาต,เพชรสังฆาต เมืองศรีภูมิ,ยาแคปซูล,โรงพยาบาลสุวรรณภูมิ,ACTIVE
TTMT,9095542,ขลู่,ขลู่ เมืองศรีภูมิ,ยาแคปซูล,โรงพยาบาลสุวรรณภูมิ,ACTIVE
TTMT,9095557,บอระเพ็ดพุงช้าง,สบู่เลือด เมืองศรีภูมิ,ยาแคปซูล,โรงพยาบาลสุวรรณภูมิ,ACTIVE
TTMT,9095561,รางจืด,รางจืด เมืองศรีภูมิ,ยาแคปซูล,โรงพยาบาลสุวรรณภูมิ,ACTIVE
TTMT,9095574,เถาวัลย์เปรียง,เถาวัลย์เปรียง เมืองศรีภูมิ,ยาแคปซูล,โรงพยาบาลสุวรรณภูมิ,ACTIVE
TTMT,9095588,บอระเพ็ด,บอระเพ็ด เมืองศรีภูมิ,ยาแคปซูล,โรงพยาบาลสุวรรณภูมิ,ACTIVE
TTMT,9095590,พริก,NATGESIC (แนทจีสิค),เจล,บริษัท อังกฤษตรางู (แอล.พี.) จำกัด,ACTIVE
TTMT,9095601,มะขามแขก,ยาระบายมะขามแขก ชนิดแคปซูล,ยาแคปซูล,บริษัท แซนด์ - เอ็ม อินเตอร์เนชั่นแนล จำกัด,ACTIVE
TTMT,9095617,ฟ้าทะลายโจร,ยาฟ้าทะลายโจร ตราช่อเขียวมะกอก ชนิดแคปซูล,ยาแคปซูล,บริษัท แซนด์ - เอ็ม อินเตอร์เนชั่นแนล จำกัด,ACTIVE
TTMT,9095629,ขมิ้นชัน,ยาแคปซูลขมิ้นชัน ตราช่อเขียวมะกอก CAMIN CHAWKHAEW MAKROK BAND HERBAL CAPSULE,ยาแคปซูล,บริษัท แซนด์ - เอ็ม อินเตอร์เนชั่นแนล จำกัด,ACTIVE
TTMT,9095638,รางจืด,ยาชงรางจืด,ยาชง,โรงพยาบาลน้ำพอง,ACTIVE
TTMT,9095640,พญายอ,ทิงเจอร์พญายอ,ทิงเจอร์,โรงพยาบาลน้ำพอง,ACTIVE
TTMT,9095655,ตะไคร้,ชาชงตะไคร้ (TRAKRAI),ยาชง,โรงพยาบาลหนองบุญมาก,ACTIVE
TTMT,9095664,เพชรสังฆาต,ยาลูกกลอนเพชรสังฆาต,ยาแคปซูล,โรงพยาบาลหนองบุญมาก,ACTIVE
TTMT,9095672,หนุมานประสานกาย,ยาแคปซูลหนุมานประสานกาย,ยาแคปซูล,โรงพยาบาลหนองบุญมาก,ACTIVE
TTMT,9095686,ฟ้าทะลายโจร,ฟ้าทะลายโจร,ยาแคปซูล,โรงพยาบาลเขาคิชฌกูฏ,ACTIVE
TTMT,9095693,เถาวัลย์เปรียง,เถาวัลย์เปรียง,ยาแคปซูล,โรงพยาบาลเขาคิชฌกูฏ,ACTIVE
TTMT,9095705,หญ้าดอกขาว,ยาชงหญ้าดอกขาว,ยาชง,โรงพยาบาลเขาคิชฌกูฏ,ACTIVE
TTMT,9095714,ฟ้าทะลายโจร, ยาฟาร์แคป ฟ้าทะลายโจร,ยาแคปซูล,บริษัท ยาอินไทย จำกัด,ACTIVE
TTMT,9095722,ขมิ้นชัน,ยาคิวเมอร์ริกซ์ 500 CUMERIX 500 Capsule,ยาแคปซูล,บริษัท พนาพัฒน์ เฮลท์แคร์ จำกัด,ACTIVE
TTMT,9095733,พญายอ,ทิงเจอร์พญายอ,ทิงเจอร์,โรงพยาบาลสูงเม่น,ACTIVE
TTMT,9095746,ทิงเจอร์ทองพันชั่ง,ทิงเจอร์ทองพันชั่ง,ทิงเจอร์,โรงพยาบาลสูงเม่น,ACTIVE
TTMT,9095751,น้ำมันไพล,ยาน้ำมันไพล,ยาเข้าน้ำมัน,โรงพยาบาลโนนสัง,ACTIVE
TTMT,9095767,ฟ้าทะลายโจร,ยาฟ้าทะลายโจร,ยาแคปซูล,โรงพยาบาลโนนสัง,ACTIVE
TTMT,9095779,ขมิ้นชัน,ยาขมิ้นชัน,ยาแคปซูล,โรงพยาบาลโนนสัง,ACTIVE
TTMT,9095798,มะระขี้นก,ยามะระขี้นกชนิดแคปซูล,ยาแคปซูล,บริษัท โรงงานเภสัชอุตสาหกรรม เจเอสพี (ประเทศไทย) จำกัด (มหาชน),ACTIVE
TTMT,9095808,ชุมเห็ดเทศ,ยาแคปซูลชุมเห็ดเทศ,ยาแคปซูล,บริษัท โรงงานเภสัชอุตสาหกรรม เจเอสพี (ประเทศไทย) จำกัด (มหาชน),ACTIVE
TTMT,9095812,มะขามแขก,ยาเซ็นนาฮอฟ (Sennahof),ยาแคปซูล,บริษัท โรงงานเภสัชอุตสาหกรรม เจเอสพี (ประเทศไทย) จำกัด (มหาชน),ACTIVE
TTMT,9095831,ฟ้าทะลายโจร,ยาเม็ดฟ้าทะลายโจร (Andrographi Paniculata Tablet),ยาเม็ด,บริษัท โรงงานเภสัชอุตสาหกรรม เจเอสพี (ประเทศไทย) จำกัด (มหาชน),ACTIVE
TTMT,9095849,ฟ้าทะลายโจร,ยาเม็ดฟ้าทะลายโจร(Fatalaijone Tablet),ยาเม็ด,บริษัท โรงงานเภสัชอุตสาหกรรม เจเอสพี (ประเทศไทย) จำกัด (มหาชน),ACTIVE
TTMT,9095854,ขมิ้นชัน,ยาแคปซูลขมื้นชัน,ยาแคปซูล,มูลนิธิ อิ่มบุญจัง,ACTIVE
TTMT,9095865,มะระขี้นก,ยาแคปซูลมะระขี้นก,ยาแคปซูล,มูลนิธิ อิ่มบุญจัง,ACTIVE
TTMT,9095877,ขิง,ยาแคปซูลขิง,ยาแคปซูล,มูลนิธิ อิ่มบุญจัง,ACTIVE
TTMT,9095883,ฟ้าทะลายโจร,ยาแปซูลฟ้าทะลายโจร,ยาแคปซูล,มูลนิธิ อิ่มบุญจัง,ACTIVE
TTMT,9095896,ชุมเห็ดเทศ,ยาแคปซูลชุมเห็ดเทศ,ยาแคปซูล,มูลนิธิ อิ่มบุญจัง,ACTIVE
TTMT,9095906,ขิง,ยาชิงขิง,ยาชง,มูลนิธิ อิ่มบุญจัง,ACTIVE
TTMT,9095910,รางจืด,ชาชงรางจืด,ยาชง,โรงพยาบาลสมเด็จพระยุพราชด่านซ้าย,ACTIVE
TTMT,9095923,หญ้าดอกขาว,ชาชงหญ้าดอกขาว,ยาชง,โรงพยาบาลสมเด็จพระยุพราชด่านซ้าย,ACTIVE
TTMT,9095934,หญ้าหนวดแมว,ชาชงหญ้าหนวดแมว,ยาชง,โรงพยาบาลสมเด็จพระยุพราชด่านซ้าย,ACTIVE
TTMT,9095947,มะระขี้นก,มะระขี้นก,ยาแคปซูล,โรงพยาบาลสมเด็จพระยุพราชด่านซ้าย,ACTIVE
TTMT,9095968,ฟ้าทะลายโจร,ฟ้าทะลายโจร,ยาแคปซูล,โรงพยาบาลสมเด็จพระยุพราชด่านซ้าย,ACTIVE
TTMT,9095975,ขมิ้นชัน,ขมิ้นชัน,ยาแคปซูล,โรงพยาบาลสมเด็จพระยุพราชด่านซ้าย,ACTIVE
TTMT,9095981,พญายอ,ทิงเจอร์เสลดพังพอน,ทิงเจอร์,โรงพยาบาลสมเด็จพระยุพราชด่านซ้าย,ACTIVE
TTMT,9095999,พญายอ,กลีเซอรีนเสลดพังพอน,สารละลายสำหรับป้ายปาก,โรงพยาบาลสมเด็จพระยุพราชด่านซ้าย,ACTIVE
TTMT,9096001,มะระขี้นก,ยามะระขี้นกแคปซูล,ยาแคปซูล,ห้างธงทองโอสถ,ACTIVE
TTMT,9096017,มะระขี้นก,ยามะระขี้นกแคปซูล,ยาแคปซูล,ห้างธงทองโอสถ,ACTIVE
TTMT,9096029,เห็ดหลินจือ/เห็ดขอนไม้,ยาแคปซูลเห็ดหลินจือ,ยาแคปซูล,ห้างธงทองโอสถ,ACTIVE
TTMT,9096038,กวาวเครือขาว,ยาแคปซูลกวาวเครือขาวตราธงทอง,ยาแคปซูล,ห้างธงทองโอสถ,ACTIVE
TTMT,9096040,ฟ้าทะลายโจร,ยาแคปซูลฟ้าทะลายโจร,ยาแคปซูล,บริษัท พรีราน่าเนเจอร์ จำกัด,ACTIVE
TTMT,9096055,ขมิ้นชัน,ยาแคปซูลขมิ้นชัน,ยาแคปซูล,บริษัท พรีราน่าเนเจอร์ จำกัด,ACTIVE
TTMT,9096064,มะระขี้นก,ยาแคปซูลมะระขี้นก,ยาแคปซูล,บริษัท พรีราน่าเนเจอร์ จำกัด,ACTIVE
TTMT,9096072,มะขามแขก,ยาเซ็นนาฮอฟ,ยาแคปซูล,ห้างหุ้นส่วนจำกัด โรงงานเภสัชอุตสาหกรรม ค็อกช์,ACTIVE
TTMT,9096086,คำฝอย,ยาชงคำฝอย,ยาชง,โรงพยาบาลสังขะ,ACTIVE
TTMT,9096093,กานพลู,ยากานพลู,อื่นๆ,โรงพยาบาลสมเด็จพระยุพราชสายบุรี,ACTIVE
TTMT,9096103,ไพล,ไพลครีม(plai cream),ครีม,บริษัท ผลิตภัณฑ์สมุนไพรไทย จำกัด,ACTIVE
TTMT,9096119,เห็ดหลินจือ/เห็ดขอนไม้,กาโนลินแคปซูล(GANOLIN CAPSULE),ยาแคปซูล,บริษัท ผลิตภัณฑ์สมุนไพรไทย จำกัด,ACTIVE
TTMT,9096135,ถั่วเหลืองสกัด,Flamina ฟลามิน่า,ยาแคปซูล,บริษัท อังกฤษตรางู (แอล.พี.) จำกัด,ACTIVE
TTMT,9096142,มะขามแขก,ยามะขามแขกแคปซูล ตราสไบทอง Senna Capsules Sabaithong Brand  ,ยาแคปซูล,บริษัท อังกฤษตรางู (แอล.พี.) จำกัด,ACTIVE
TTMT,9096157,มะขามแขก,บู๊ทส์ มะขามแขกแคปซูล Boots Senna Capsules ,ยาแคปซูล,บริษัท อังกฤษตรางู (แอล.พี.) จำกัด,ACTIVE
TTMT,9096161,มะขามแขก,มะขามแขกแคปซูล Senna Capsules ,ยาแคปซูล,บริษัท อังกฤษตรางู (แอล.พี.) จำกัด,ACTIVE
TTMT,9096174,ขมิ้นชัน,อูซิงแคปซูล  ,ยาแคปซูล,บริษัท อังกฤษตรางู (แอล.พี.) จำกัด,ACTIVE
TTMT,9096188,ขมิ้นชัน,ขมิ้นชันแคปซูล ตราเฮอร์เวย์,ยาแคปซูล,บริษัท อังกฤษตรางู (แอล.พี.) จำกัด,ACTIVE
TTMT,9096190,ขมิ้นชัน,ขมิ้นชัน แคปซูล Turmeric Capsules,ยาแคปซูล,บริษัท อังกฤษตรางู (แอล.พี.) จำกัด,ACTIVE
TTMT,9096208,ฟ้าทะลายโจร,ฟ้าทะลายโจรแคปซูล ตราเฮอร์เวย์,ยาแคปซูล,บริษัท อังกฤษตรางู (แอล.พี.) จำกัด,ACTIVE
TTMT,9096212,ฟ้าทะลายโจร,ฟ้าทะลายโจรแคปซูล The Creat capsules,ยาแคปซูล,บริษัท อังกฤษตรางู (แอล.พี.) จำกัด,ACTIVE
TTMT,9096220,ขมิ้นชัน,ยาแคปซูลสมุนไพรผงขมิ้นชัน ตราสามหมี,ยาแคปซูล,บริษัท แมคโครฟาร์ จำกัด,ACTIVE
TTMT,9096231,ฟ้าทะลายโจร,ยาแคปซูลสมุนไพรฟ้าทะลายโจร ตราสามหมี,ยาแคปซูล,บริษัท แมคโครฟาร์ จำกัด,ACTIVE
TTMT,9096249,มะระขี้นก,ยาแคปซูลสมุนไพรมะระขี้นก ตราสามหมี,ยาแคปซูล,บริษัท แมคโครฟาร์ จำกัด,ACTIVE
TTMT,9096254,มะขามแขก,ยาแคปซูลสมุนไพรใบมะขามแขก ตราสามหมี,ยาแคปซูล,บริษัท แมคโครฟาร์ จำกัด,ACTIVE
TTMT,9096265,มะขามแขก,ยาแคปซูลสมุนไพรมะขามแขก ตราสามหมี,ยาแคปซูล,บริษัท แมคโครฟาร์ จำกัด,ACTIVE
TTMT,9096277,มะขามแขก,ยาแคปซูลสมุนไพรใบมะขามแขก ตราสามหมี (SENNA LEAF CAPSULES SAMMEE BRAND),ยาแคปซูล,บริษัท แมคโครฟาร์ จำกัด,ACTIVE
TTMT,9096283,มะขามแขก,ยา เฟม-แล๊กซ์ (YA FEM-LAX),ยาเม็ด,บริษัท แมคโครฟาร์ จำกัด,ACTIVE
TTMT,9096296,ฟ้าทะลายโจร,ฟ้าทะลายโจร,ยาแคปซูล,โรงพยาบาลอุดรธานี,ACTIVE
TTMT,9096306,รางจืด,รางจืด,ยาชง,โรงพยาบาลอุดรธานี,ACTIVE
TTMT,9096310,มะขามแขก,มะขามแขก,ยาชง,โรงพยาบาลอุดรธานี,ACTIVE
TTMT,9096323,หญ้าดอกขาว,หญ้าดอกขาว,ยาชง,โรงพยาบาลอุดรธานี,ACTIVE
TTMT,9096334,พญายอ,พญายอ,สารละลายสำหรับป้ายปาก,โรงพยาบาลอุดรธานี,ACTIVE
TTMT,9096347,พญายอ,พญายอ,ครีม,โรงพยาบาลอุดรธานี,ACTIVE
TTMT,9096352,หญ้าหนวดแมว,หญ้าหนวดแมว,ยาชง,โรงพยาบาลอุดรธานี,ACTIVE
TTMT,9096368,น้ำมันไพล,น้ำมันไพล,ยาเข้าน้ำมัน,โรงพยาบาลอุดรธานี,ACTIVE
TTMT,9096375,พญายอ,ทิงเจอร์เสลดพังพอน,ทิงเจอร์,โรงพยาบาลเพ็ญ,ACTIVE
TTMT,9096381,ไพล,ยาหม่องสมุนไพร,ขี้ผึ้ง,โรงพยาบาลเพ็ญ,ACTIVE
TTMT,9096399,ขิง,ยาขิง,ยาแคปซูล,โรงพยาบาลอุดรธานี,ACTIVE
TTMT,9096404,ขิง,ยาขิง,ยาชง,โรงพยาบาลอุดรธานี,ACTIVE
TTMT,9096415,เถาวัลย์เปรียง,ยาเถาวัลย์เปรียง,ยาแคปซูล,โรงพยาบาลอุดรธานี,ACTIVE
TTMT,9096427,พริก,ยาพริก,เจล,โรงพยาบาลอุดรธานี,ACTIVE
TTMT,9096436,ทิงเจอร์ทองพันชั่ง,ยาทิงเจอร์ทองพันชั่ง,ทิงเจอร์,โรงพยาบาลอุดรธานี,ACTIVE
TTMT,9096443,ทิงเจอร์พลู,ยาทิงเจอร์พูล,ทิงเจอร์,โรงพยาบาลอุดรธานี,ACTIVE
TTMT,9096458,มังคุด/เปลือกมังคุด,ยาเปลือกมังคุด,ยาน้ำ,โรงพยาบาลอุดรธานี,ACTIVE
TTMT,9096462,ยอ,ลูกยอไทย,ยาแคปซูล,โรงพยาบาลบางกระทุ่ม,ACTIVE
TTMT,9096470,ยอ,ยาน้ำลูกยอไทย,ยาน้ำ,โรงพยาบาลบางกระทุ่ม,ACTIVE
TTMT,9096489,บอระเพ็ด,บอระเพ็ดแคปซูล,ยาแคปซูล,โรงพยาบาลตระการพืชผล,ACTIVE
TTMT,9096491,เถาวัลย์เปรียง,เถาวัลย์เปรียงแคปซูล,ยาแคปซูล,โรงพยาบาลตระการพืชผล,ACTIVE
TTMT,9096502,มะตูม,ชามะตูม,ยาชง,โรงพยาบาลตระการพืชผล,ACTIVE
TTMT,9096518,ช้าพลู,ชาช้าพลู,ยาชง,โรงพยาบาลตระการพืชผล,ACTIVE
TTMT,9096525,กระเจี๊ยบแดง,ชากระเจี๊ยบ,ยาชง,โรงพยาบาลตระการพืชผล,ACTIVE
TTMT,9096539,ขิง,ชาขิง,ยาชง,โรงพยาบาลตระการพืชผล,ACTIVE
TTMT,9096541,ใบหม่อน,ชาใบหม่อนกลิ่นใบเตย,ยาชง,โรงพยาบาลตระการพืชผล,ACTIVE
TTMT,9096556,พญายอ,ยาครีมพญายอ ตราปาริฉัตร,ครีม,บริษัท ที.แมน.ฟาร์มาซูติคอล จำกัด (บริษัท เฮเว่น เฮิร์บ จำกัด ),ACTIVE
TTMT,9096560,ทิงเจอร์พลู,ทิงเจอร์พลู,ทิงเจอร์,โรงพยาบาลสูงเม่น,ACTIVE
TTMT,9096573,รางจืด,รางจืด,ยาชง,โรงพยาบาลบางน้ำเปรี้ยว,ACTIVE
TTMT,9096587,หญ้าดอกขาว,หญ้าดอกขาว,ยาชง,โรงพยาบาลบางน้ำเปรี้ยว,ACTIVE
TTMT,9096594,พริก,ยาเจลสูตรพริก,เจล,บริษัท ที.แมน.ฟาร์มาซูติคอล จำกัด (บริษัท เฮเว่น เฮิร์บ จำกัด ),ACTIVE
TTMT,9096600,ฟ้าทะลายโจร,ยาแคปซูล สารสกัดฟ้าทะลายโจร ตราปาริฉัตร,ยาแคปซูล,บริษัท ที.แมน.ฟาร์มาซูติคอล จำกัด (บริษัท เฮเว่น เฮิร์บ จำกัด ),ACTIVE
TTMT,9096616,ขมิ้นชัน,ยาแคปซูลขมิ้นชัน ตราปาริฉัตร,ยาแคปซูล,บริษัท ที.แมน.ฟาร์มาซูติคอล จำกัด (บริษัท เฮเว่น เฮิร์บ จำกัด ),ACTIVE
TTMT,9096628,ขมิ้นชัน,ยาแคปซูลขมิ้นชัน ตราปาริฉัตร,ยาแคปซูล,บริษัท ที.แมน.ฟาร์มาซูติคอล จำกัด (บริษัท เฮเว่น เฮิร์บ จำกัด ),ACTIVE
TTMT,9096637,ขิง,ยาแคปซูลขิง ตราปาริฉัตร,ยาแคปซูล,บริษัท ที.แมน.ฟาร์มาซูติคอล จำกัด (บริษัท เฮเว่น เฮิร์บ จำกัด ),ACTIVE
TTMT,9096644,ขมิ้นชัน,ยาคิวเมอร์ริกซ์ ซีดี แคปซูล CUMERIX CD CAPSULE,ยาแคปซูล,บริษัท พนาพัฒน์ เฮลท์แคร์ จำกัด,ACTIVE
TTMT,9096659,ขมิ้นชัน,ยาแคปซูลขมิ้นชัน,ยาแคปซูล,บริษัท เจริญสุขเภสัช (เจริญสุขกรุ๊ป),ACTIVE
TTMT,9096663,กระเทียม,กระเทียมสกัดแคปซูล (Garlic extract capsules),ยาแคปซูล,โรงงานเภสัชกรรมทหารศูนย์การอุตสาหกรรมป้องกันประเทศและพลังงานทหาร,ACTIVE
TTMT,9096671,ขมิ้นชัน,ขมิ้นชันแคปซูล 500 mg (Khamin Chan Capsules 500) ,ยาแคปซูล,โรงงานเภสัชกรรมทหารศูนย์การอุตสาหกรรมป้องกันประเทศและพลังงานทหาร,ACTIVE
TTMT,9096685,เถาวัลย์เปรียง,ยาแคปซูลเถาวัลย์เปรียง (Derris scandens capsules),ยาแคปซูล,โรงงานเภสัชกรรมทหารศูนย์การอุตสาหกรรมป้องกันประเทศและพลังงานทหาร,ACTIVE
TTMT,9096692,มะระขี้นก,ยาแคปซูลมะระขี้นก (Bitter cucumber capsules),ยาแคปซูล,โรงงานเภสัชกรรมทหารศูนย์การอุตสาหกรรมป้องกันประเทศและพลังงานทหาร,ACTIVE
TTMT,9096709,ชุมเห็ดเทศ,ยาชงชุมเห็ดเทศ  (Chumhetthet Infusion) ,ยาชง,โรงงานเภสัชกรรมทหารศูนย์การอุตสาหกรรมป้องกันประเทศและพลังงานทหาร,ACTIVE
TTMT,9096713,หญ้าดอกขาว,ชาชงหญ้าดอกขาว (Ya Dok Khao Tea Bags) ,ยาชง,โรงงานเภสัชกรรมทหารศูนย์การอุตสาหกรรมป้องกันประเทศและพลังงานทหาร,ACTIVE
TTMT,9096721,ไพล,ครีมน้ำมันไพล 14%W/W  (14% W/W Phlai oil cream  ),ครีม,โรงงานเภสัชกรรมทหารศูนย์การอุตสาหกรรมป้องกันประเทศและพลังงานทหาร,ACTIVE
TTMT,9096732,รางจืด,ยาชงรางจืด ตราธงทอง,ยาชง,ห้างธงทองโอสถ,ACTIVE
TTMT,9096745,ขิง,ขิงชง ตราธงทอง,ยาชง,ห้างธงทองโอสถ,ACTIVE
TTMT,9096750,รางจืด,ชาชงรางจืด,ยาชง,โรงพยาบาลอินทร์บุรี,ACTIVE
TTMT,9096766,พญายอ,คาลาไมน์เสลดพังพอน,ยาน้ำแขวนตะกอน,โรงพยาบาลอินทร์บุรี,ACTIVE
TTMT,9096778,แห้ม/แฮ่ม,แห้ม,ยาแคปซูล,โรงพยาบาลวิเศษชัยชาญ,ACTIVE
TTMT,9096784,กระเทียม,ยากระเทียมสกัด,ยาแคปซูล,โรงพยาบาลวิเศษชัยชาญ,ACTIVE
TTMT,9096797,แป๊ะก๊วย,ยาผงแปะก๊วย,ยาผง,โรงพยาบาลวิเศษชัยชาญ,ACTIVE
TTMT,9096807,ใบหม่อน,ยาผงใบหม่อน,ยาผง,โรงพยาบาลวิเศษชัยชาญ,ACTIVE
TTMT,9096811,พริกไทย,ยาพริกไทย,ยาแคปซูล,โรงพยาบาลวิเศษชัยชาญ,ACTIVE
TTMT,9096824,มะรุม/ผักอีสุม,ยามะรุม,ยาแคปซูล,โรงพยาบาลวิเศษชัยชาญ,ACTIVE
TTMT,9096830,ว่านชักมดลูก,ยาว่านชักมดลูก,ยาแคปซูล,โรงพยาบาลวิเศษชัยชาญ,ACTIVE
TTMT,9096848,ส้มแขก,ยาส้มแขก,ยาแคปซูล,โรงพยาบาลวิเศษชัยชาญ,ACTIVE
TTMT,9096853,หญ้าดอกขาว,ยาชงหญ้าดอกขาว,ยาชง,โรงพยาบาลเจ้าพระยาอภัยภูเบศร,ACTIVE
TTMT,9096869,คำฝอย,ยาชงดอกคำฝอย,ยาชง,โรงพยาบาลเจ้าพระยาอภัยภูเบศร,ACTIVE
TTMT,9096876,บัวบก,ยาชงบัวบก,ยาผง,โรงพยาบาลเจ้าพระยาอภัยภูเบศร,ACTIVE
TTMT,9096882,มะขามป้อม,ยาชงมะขามป้อม,ยาผง,โรงพยาบาลเจ้าพระยาอภัยภูเบศร,ACTIVE
TTMT,9096895,เถาวัลย์เปรียง,ยาชงเถาวัลย์เปรียง,ยาผง,โรงพยาบาลเจ้าพระยาอภัยภูเบศร,ACTIVE
TTMT,9096905,มะตูม,ยาชงมะตูม,ยาผง,โรงพยาบาลเจ้าพระยาอภัยภูเบศร,ACTIVE
TTMT,9096914,กระเจี๊ยบแดง,ยาชงกระเจี๊ยบ,ยาชง,โรงพยาบาลเจ้าพระยาอภัยภูเบศร,ACTIVE
TTMT,9096922,สามสิบ,ยารากสามสิบ,ยาต้ม,โรงพยาบาลเจ้าพระยาอภัยภูเบศร,ACTIVE
TTMT,9096933,ฟ้าทะลายโจร,แคปซูลฟ้าทะลายโจร(ยาสามัญประจำบ้าน),ยาแคปซูล,มูลนิธิ โรงพยาบาลเจ้าพระยาอภัยภูเบศร,ACTIVE
TTMT,9096946,ขมิ้นชัน,แคปซูลขมินชัน(ยาสามัญประจำบ้าน),ยาแคปซูล,มูลนิธิ โรงพยาบาลเจ้าพระยาอภัยภูเบศร,ACTIVE
TTMT,9096951,บัวบก,ครีมบัวบก,ครีม,มูลนิธิ โรงพยาบาลเจ้าพระยาอภัยภูเบศร,ACTIVE
TTMT,9096967,กล้วย,ยากล้วย,ยาผง,โรงพยาบาลนิคมน้ำอูน,ACTIVE
TTMT,9096979,น้ำมันไพล,ยาน้ำมันไพล,ยาเข้าน้ำมัน,โรงพยาบาลนิคมน้ำอูน,ACTIVE
TTMT,9096980,รางจืด,ยารางจืด,ยาแคปซูล,โรงพยาบาลนิคมน้ำอูน,ACTIVE
TTMT,9096998,ขมิ้นชัน,ยาขมิ้นชันแคปซูล,ยาแคปซูล,ร้านเวชกรโอสถ,ACTIVE
TTMT,9097005,ฟ้าทะลายโจร,ยาฟ้าทะลายโจรแคปซูล,ยาแคปซูล,ร้านเวชกรโอสถ,ACTIVE
TTMT,9097014,หญ้าหนวดแมว,ยาหญ้าหนวดแมวแคปซูล,ยาแคปซูล,ร้านเวชกรโอสถ,ACTIVE
TTMT,9097022,ฟ้าทะลายโจร,ยาฟ้าทะลายโจรแคปซูล,ยาแคปซูล,ห้างหุ้นส่วนจำกัด ไทยเฮิร์บบัล ดรัก,ACTIVE
TTMT,9097033,ขมิ้นชัน,ยาขมิ้นชันแคปซูล,ยาแคปซูล,ห้างหุ้นส่วนจำกัด ไทยเฮิร์บบัล ดรัก,ACTIVE
TTMT,9097046,ฟ้าทะลายโจร,ฟาทาลิน FAHTALIN,ยาแคปซูล,บริษัท ผลิตภัณฑ์สมุนไพรไทย จำกัด,ACTIVE
TTMT,9097051,หญ้าหนวดแมว,ยาชงหญ้าหนวดแมวตราธงทอง,ยาชง,ห้างธงทองโอสถ,ACTIVE
TTMT,9097067,แป๊ะก๊วย,ใบแปะก๊วยแคปซูล,ยาแคปซูล,โรงพยาบาลบางซ้าย,ACTIVE
TTMT,9097079,เห็ดหลินจือ/เห็ดขอนไม้,เห็ดหลินจือแคปซูล,ยาแคปซูล,โรงพยาบาลบางซ้าย,ACTIVE
TTMT,9097080,มะรุม/ผักอีสุม,มะรุมแคปซูล,ยาแคปซูล,โรงพยาบาลบางซ้าย,ACTIVE
TTMT,9097098,หญ้าดอกขาว,ชาชงหญ้าดอกขาว,ยาชง,โรงพยาบาลบางซ้าย,ACTIVE
TTMT,9097108,รางจืด,ชาชงรางจืด,ยาชง,โรงพยาบาลบางซ้าย,ACTIVE
TTMT,9097112,โสม,ยาโสมสกัด ชนิดแคปซูล,ยาแคปซูล,บริษัท เอกสมุนไพร จำกัด,ACTIVE
TTMT,9097120,เห็ดหลินจือ/เห็ดขอนไม้,เห็ดหลินจือสกัดชนิดแคปซูล,ยาแคปซูล,บริษัท เอกสมุนไพร จำกัด,ACTIVE
TTMT,9097131,พริกไทย,ยาขับลมพริกไทยแคปซูล,ยาแคปซูล,บริษัท เอกสมุนไพร จำกัด,ACTIVE
TTMT,9097149,มะขามแขก,ยาชงมะขามแขกตราธงทอง,ยาชง,ห้างธงทองโอสถ,ACTIVE
TTMT,9097154,ไพล,ไพลรีนิกซ์ ครีม,ครีม,บริษัท แก้วมังกรเภสัช จำกัด,ACTIVE
TTMT,9097165,ขมิ้นชัน,ยาแคปซูลขมิ้นชัน,ยาแคปซูล,บริษัท ธันยพรสมุนไพร จำกัด,ACTIVE
TTMT,9097177,มะขามแขก,ยาแคปซูลมะขามแขก,ยาแคปซูล,บริษัท ธันยพรสมุนไพร จำกัด,ACTIVE
TTMT,9097183,ขิง,ยาแคปซูลขิง ตราธันยพรสมุนไพร,ยาแคปซูล,บริษัท ธันยพรสมุนไพร จำกัด,ACTIVE
TTMT,9097196,เห็ดหลินจือ/เห็ดขอนไม้,ยาแคปซูลเห็ดหลินจือ ตราธันยพรสมุนไพร,ยาแคปซูล,บริษัท ธันยพรสมุนไพร จำกัด,ACTIVE
TTMT,9097203,รางจืด,ชาชงรางจืด,ยาชง,โรงพยาบาลสมเด็จพระยุพราชสายบุรี,ACTIVE
TTMT,9097219,หญ้าหนวดแมว,หญ้าหนวดแมว,ยาชง,โรงพยาบาลสมเด็จพระยุพราชสายบุรี,ACTIVE
TTMT,9097226,หญ้าดอกขาว,หญ้าดอกขาว,ยาชง,โรงพยาบาลสมเด็จพระยุพราชสายบุรี,ACTIVE
TTMT,9097235,บัวบก,บัวบก,ยาชง,โรงพยาบาลสมเด็จพระยุพราชสายบุรี,ACTIVE
TTMT,9097242,กระเจี๊ยบแดง,กระเจี๊ยบแดง,ยาชง,โรงพยาบาลสมเด็จพระยุพราชสายบุรี,ACTIVE
TTMT,9097257,ชุมเห็ดเทศ,ชาชงชุมเห็ดเทศ,ยาชง,โรงพยาบาลสมเด็จพระยุพราชสายบุรี,ACTIVE
TTMT,9097261,ขมิ้นชัน,ขมิ้นชันแคปซูล,ยาแคปซูล,โรงพยาบาลสมเด็จพระยุพราชสายบุรี,ACTIVE
TTMT,9097274,ฟ้าทะลายโจร,ฟ้าทะลายโจรแคปซูล,ยาแคปซูล,โรงพยาบาลสมเด็จพระยุพราชสายบุรี,ACTIVE
TTMT,9097288,เถาวัลย์เปรียง,เถาวัลย์เปรียงแคปซูล,ยาแคปซูล,โรงพยาบาลสมเด็จพระยุพราชสายบุรี,ACTIVE
TTMT,9097290,ขิง,ขิงแคปซูล,ยาแคปซูล,โรงพยาบาลสมเด็จพระยุพราชสายบุรี,ACTIVE
TTMT,9097300,น้ำมันไพล,ยาน้ำมันไพล,ยาเข้าน้ำมัน,โรงพยาบาลศรีบุญเรือง,ACTIVE
TTMT,9097316,มะรุม/ผักอีสุม,มะรุม,ยาแคปซูล,โรงพยาบาลประโคนชัย,ACTIVE
TTMT,9097328,ขมิ้นชัน,ยาขมิ้นชันแคปซูล,ยาแคปซูล,บริษัท เจริญสุขเภสัช (เจริญสุขกรุ๊ป),ACTIVE
TTMT,9097337,ขิง,ยาแคปซูลขิง,ยาแคปซูล,โรงงานฟาร์มแคร์ฟาร์มาซูติคอล คณะเภสัชศาสตร์ มหาวิทยาลัยมหาสารคาม,ACTIVE
TTMT,9097344,ฟ้าทะลายโจร,ยาแคปซูลฟ้าทะลายโจร,ยาแคปซูล,โรงงานฟาร์มแคร์ฟาร์มาซูติคอล คณะเภสัชศาสตร์ มหาวิทยาลัยมหาสารคาม,ACTIVE
TTMT,9097359,น้ำมันไพล,ยาน้ำมันไพล,ยาเข้าน้ำมัน,โรงพยาบาลส่งเสริมสุขภาพตำบลเชียงกลม,ACTIVE
TTMT,9097363,ฟ้าทะลายโจร,ยาคาแม็ก KAMAG,ยาแคปซูล,บริษัท พนาพัฒน์ เฮลท์แคร์ จำกัด,ACTIVE
TTMT,9097371,มะขามแขก,แลกซ์เซ่น ชนิดเม็ด LAXEN TABLET,ยาเม็ด,บริษัท พนาพัฒน์ เฮลท์แคร์ จำกัด,ACTIVE
TTMT,9097385,ไพล,ไพลจีซาล,ครีม,บริษัท ผลิตภัณฑ์สมุนไพรไทย จำกัด,ACTIVE
TTMT,9097392,มะขามแขก,ยาชงมะขามแขก,ยาชง,บริษัท ผลิตภัณฑ์สมุนไพรไทย จำกัด,ACTIVE
TTMT,9097407,กระชาย,กระชาย,ยาแคปซูล,โรงพยาบาลบางกระทุ่ม,ACTIVE
TTMT,9097411,กระชาย,กระชาย,ยาแคปซูล,โรงพยาบาลบางกระทุ่ม,ACTIVE
TTMT,9097424,มะระขี้นก,ยามะระขี้นก,ยาแคปซูล,โรงพยาบาลอุดรธานี,ACTIVE
TTMT,9097430,เถาวัลย์เปรียง,ยาเถาวัลย์เปรียง,ยาแคปซูล,โรงพยาบาลอุดรธานี,ACTIVE
TTMT,9097448,บัวบก,บัวบก,ยาแคปซูล,โรงพยาบาลอุดรธานี,ACTIVE
TTMT,9097453,บัวบก,บัวบก,ครีม,โรงพยาบาลอุดรธานี,ACTIVE
TTMT,9097469,ไพล,ไพล,ครีม,โรงพยาบาลอุดรธานี,ACTIVE
TTMT,9097476,กระเจี๊ยบแดง,กระเจี๊ยบแดง,ยาชง,โรงพยาบาลอุดรธานี,ACTIVE
TTMT,9097482,ขมิ้นชัน,ยาขมิ้นชันแคปซูล,ยาแคปซูล,สถานที่ผลิตยาแผนโบราณ คณะเภสัชศาสตร์ มหาวิทยาลัยสงขลานครินทร์,ACTIVE
TTMT,9097495,ขมิ้นชัน,ยาเม็ดขมิ้นชัน,ยาเม็ด,สถานที่ผลิตยาแผนโบราณ คณะเภสัชศาสตร์ มหาวิทยาลัยสงขลานครินทร์,ACTIVE
TTMT,9097509,ฟ้าทะลายโจร,ยาฟ้าทะลายโจรแคปซูล,ยาแคปซูล,สถานที่ผลิตยาแผนโบราณ คณะเภสัชศาสตร์ มหาวิทยาลัยสงขลานครินทร์,ACTIVE
TTMT,9097513,ขิง,ยาขิงแคปซูล,ยาแคปซูล,สถานที่ผลิตยาแผนโบราณ คณะเภสัชศาสตร์ มหาวิทยาลัยสงขลานครินทร์,ACTIVE
TTMT,9097521,ชุมเห็ดเทศ,ยาชุมเห็ดเทศแคปซูล,ยาแคปซูล,สถานที่ผลิตยาแผนโบราณ คณะเภสัชศาสตร์ มหาวิทยาลัยสงขลานครินทร์,ACTIVE
TTMT,9097532,น้ำมันไพล,ยาน้ำมันไพล,ยาเข้าน้ำมัน,โรงพยาบาลสังคม,ACTIVE
TTMT,9097545,พญายอ,ยาทิงเจอร์พญายอ,ทิงเจอร์,โรงพยาบาลสังคม,ACTIVE
TTMT,9097550,ทิงเจอร์ทองพันชั่ง,ยาทิงเจอร์ทองพันชั่ง,ทิงเจอร์,โรงพยาบาลสังคม,ACTIVE
TTMT,9097566,พญายอ,ยาขี้ผึ้งพญายอ,ขี้ผึ้ง,โรงพยาบาลสังคม,ACTIVE
TTMT,9097578,ฟ้าทะลายโจร,ฟ้าทะลายโจร,ยาแคปซูล,ศูนย์บริการทางการแพทย์ คณะแพทยศาสตร์ มหาวิทยาลัยมหาสารคาม,ACTIVE
TTMT,9097584,ขมิ้นชัน,ขมิ้นชัน,ยาแคปซูล,ศูนย์บริการทางการแพทย์ คณะแพทยศาสตร์ มหาวิทยาลัยมหาสารคาม,ACTIVE
TTMT,9097597,มะระขี้นก,มะระขี้นก,ยาแคปซูล,ศูนย์บริการทางการแพทย์ คณะแพทยศาสตร์ มหาวิทยาลัยมหาสารคาม,ACTIVE
TTMT,9097606,ชุมเห็ดเทศ,ชุมเห็ดเทศ,ยาชง,ศูนย์บริการทางการแพทย์ คณะแพทยศาสตร์ มหาวิทยาลัยมหาสารคาม,ACTIVE
TTMT,9097610,กระเจี๊ยบแดง,กระเจี้ยบแดง,ยาชง,ศูนย์บริการทางการแพทย์ คณะแพทยศาสตร์ มหาวิทยาลัยมหาสารคาม,ACTIVE
TTMT,9097623,รางจืด,รางจืด,ยาชง,ศูนย์บริการทางการแพทย์ คณะแพทยศาสตร์ มหาวิทยาลัยมหาสารคาม,ACTIVE
TTMT,9097634,ยอ,ยอ,ยาแคปซูล,ศูนย์บริการทางการแพทย์ คณะแพทยศาสตร์ มหาวิทยาลัยมหาสารคาม,ACTIVE
TTMT,9097647,มะรุม/ผักอีสุม,มะรุม,ยาแคปซูล,ศูนย์บริการทางการแพทย์ คณะแพทยศาสตร์ มหาวิทยาลัยมหาสารคาม,ACTIVE
TTMT,9097652,คำฝอย,ดอกคำฝอย,ยาชง,ศูนย์บริการทางการแพทย์ คณะแพทยศาสตร์ มหาวิทยาลัยมหาสารคาม,ACTIVE
TTMT,9097668,ตะไคร้,ตะไคร้,ยาชง,ศูนย์บริการทางการแพทย์ คณะแพทยศาสตร์ มหาวิทยาลัยมหาสารคาม,ACTIVE
TTMT,9097675,กล้วย,ยากล้วย,ยาผง,โรงพยาบาลอุดรธานี,ACTIVE
TTMT,9097681,หญ้าปักกิ่ง,ยาหญ้าปักกิ่ง,ยาชง,โรงพยาบาลอุดรธานี,ACTIVE
TTMT,9097699,หญ้าปักกิ่ง,ยาหญ้าปักกิ่ง,ยาแคปซูล,โรงพยาบาลอุดรธานี,ACTIVE
TTMT,9097702,เถาวัลย์เปรียง,เถาวัลย์เปรี้ยง,ยาแคปซูล,โรงพยาบาลสะเมิง,ACTIVE
TTMT,9097718,พริกไทย,พริกไทย แคปซูล,ยาแคปซูล,โรงพยาบาลหนองฉาง,ACTIVE
TTMT,9097725,บอระเพ็ด,บอระเพ็ด แคปซูล,ยาแคปซูล,โรงพยาบาลหนองฉาง,ACTIVE
TTMT,9097739,ส้มแขก,ส้มแขก แคปซูล,ยาแคปซูล,โรงพยาบาลหนองฉาง,ACTIVE
TTMT,9097741,บุก,บุก แคปซูล,ยาแคปซูล,โรงพยาบาลหนองฉาง,ACTIVE
TTMT,9097756,เหงือกปลาหมอ,เหงือกปลาหมอ แคปซูล,ยาแคปซูล,โรงพยาบาลหนองฉาง,ACTIVE
TTMT,9097760,กระเทียม,กระเทียม แคปซูล,ยาแคปซูล,โรงพยาบาลหนองฉาง,ACTIVE
TTMT,9097773,ไพล,ไพล แคปซูล,ยาแคปซูล,โรงพยาบาลหนองฉาง,ACTIVE
TTMT,9097787,มะรุม/ผักอีสุม,มะรุม แคปซูล,ยาแคปซูล,โรงพยาบาลหนองฉาง,ACTIVE
TTMT,9097794,ขมิ้นชัน,ยาขมิ้นชัน,ยาแคปซูล,โรงพยาบาลฮอด,ACTIVE
TTMT,9097804,รางจืด,ยารางจืด,ยาแคปซูล,โรงพยาบาลฮอด,ACTIVE
TTMT,9097815,ขมิ้นชัน,ขมิ้นชัน แคปซูล 500,ยาแคปซูล,โรงพยาบาลวังจันทร์,ACTIVE
TTMT,9097827,เพชรสังฆาต,เพชรสังฆาต แคปซูล 500,ยาแคปซูล,โรงพยาบาลวังจันทร์,ACTIVE
TTMT,9097836,ฟ้าทะลายโจร,ฟ้าทะลายโจร แคปซูล,ยาแคปซูล,บริษัท แก้วมังกรเภสัช จำกัด,ACTIVE
TTMT,9097843,เห็ดหลินจือ/เห็ดขอนไม้,ยาเห็ดหลินจือสกัดตราเคเอ็มพี,ยาแคปซูล,บริษัท แก้วมังกรเภสัช จำกัด,ACTIVE
TTMT,9097858,พลู,พลูก้าเจล,ครีม,บริษัท แก้วมังกรเภสัช จำกัด,ACTIVE
TTMT,9097862,พญายอ,ทิงเจอร์พญายอ,ทิงเจอร์,โรงพยาบาลจังหาร,ACTIVE
TTMT,9097870,ฝรั่ง,ยาชงใบฝรั่ง,ยาชง,โรงพยาบาลสมเด็จพระยุพราชสว่างแดนดิน,ACTIVE
TTMT,9097889,ฝรั่ง,ยาน้ำใบฝรั่ง,ยาน้ำ,โรงพยาบาลสมเด็จพระยุพราชสว่างแดนดิน,ACTIVE
TTMT,9097891,กล้วย,ยากล้วย,ยาชง,โรงพยาบาลสมเด็จพระยุพราชสว่างแดนดิน,ACTIVE
TTMT,9097901,กล้วย,ยากล้วย,ยาแคปซูล,โรงพยาบาลสมเด็จพระยุพราชสว่างแดนดิน,ACTIVE
TTMT,9097917,รางจืด,ยาชงรางจืด,ยาชง,โรงพยาบาลสมเด็จพระยุพราชสว่างแดนดิน,ACTIVE
TTMT,9097929,หญ้าดอกขาว,ชาชงหญ้าดอกขาว,ยาชง,โรงพยาบาลสมเด็จพระยุพราชสว่างแดนดิน,ACTIVE
TTMT,9097938,น้ำมันไพล,น้ำมันไพล,ยาเข้าน้ำมัน,โรงพยาบาลสมเด็จพระยุพราชด่านซ้าย,ACTIVE
TTMT,9097940,น้ำมันไพล,น้ำมันไพล,ยาเข้าน้ำมัน,โรงพยาบาลปากชม,ACTIVE
TTMT,9097955,น้ำมันไพล,ยาน้ำมันไพล,ยาเข้าน้ำมัน,โรงพยาบาลส่งเสริมสุขภาพตำบลบ้านม่วง,ACTIVE
TTMT,9097964,ฟ้าทะลายโจร,ยาฟ้าทะลายโจรชนิดแคปซูล,ยาแคปซูล,บริษัท วิริยมัย(2448) จำกัด,ACTIVE
TTMT,9097972,ฟ้าทะลายโจร,ยาฟ้าทะลายโจรชนิดแคปซูล,ยาแคปซูล,บริษัท วิริยมัย(2448) จำกัด,ACTIVE
TTMT,9097986,ฟ้าทะลายโจร,ยาฟ้าทะลายโจรชนิดแคปซูล,ยาแคปซูล,บริษัท วิริยมัย(2448) จำกัด,ACTIVE
TTMT,9097993,ขมิ้นชัน,ขมิ้นชันชนิดแคปซูล,ยาแคปซูล,บริษัท วิริยมัย(2448) จำกัด,ACTIVE
TTMT,9098000,ขมิ้นชัน,ยาขมิ้นชันชนิดแคปซูล,ยาแคปซูล,บริษัท วิริยมัย(2448) จำกัด,ACTIVE
TTMT,9098016,ขมิ้นชัน,ขมิ้นชันชนิดแคปซูล,ยาแคปซูล,บริษัท วิริยมัย(2448) จำกัด,ACTIVE
TTMT,9098028,มะระขี้นก,ยามะระขี้นกชนิดแคปซูล,ยาแคปซูล,บริษัท วิริยมัย(2448) จำกัด,ACTIVE
TTMT,9098037,น้ำมันไพล,ยาน้ำมันไพล,ยาเข้าน้ำมัน,โรงพยาบาลส่งเสริมสุขภาพตำบลทานสัมฤทธิ์,ACTIVE
TTMT,9098044,โคคลาน,โคคลาน,ยาแคปซูล,โรงพยาบาลอู่ทอง,ACTIVE
TTMT,9098059,ตะไคร้,ชาตะไคร้ ,ยาชง,โรงพยาบาลอู่ทอง,ACTIVE
TTMT,9098063,เห็ดหลินจือ/เห็ดขอนไม้,เห็ดหลินจือ ,ยาแคปซูล,โรงพยาบาลอู่ทอง,ACTIVE
TTMT,9098071,ฟ้าทะลายโจร,ยาฟ้าทะลายโจร,ยาแคปซูล,บริษัท ภูลประสิทธิ์ จำกัด,ACTIVE
TTMT,9098085,ขมิ้นชัน,ขมิ้นชันแคปซูล,ยาแคปซูล,บริษัท อุทัยประสิทธิ์ จำกัด,ACTIVE
TTMT,9098092,ฟ้าทะลายโจร,ฟ้าทะลายโจรแคปซูล,ยาแคปซูล,บริษัท อุทัยประสิทธิ์ จำกัด,ACTIVE
TTMT,9098102,บัวบก,ยาแคปซูลบัวบก,ยาแคปซูล,บริษัท อุทัยประสิทธิ์ จำกัด,ACTIVE
TTMT,9098118,อบเชย,ยาแคปซูลอบเชยเทศ,ยาแคปซูล,บริษัท อุทัยประสิทธิ์ จำกัด,ACTIVE
TTMT,9098125,ขมิ้นชัน,ยาแคปซูลขมิ้นชัน,ยาแคปซูล,บริษัท ตำรับ บอทานิกา จำกัด,ACTIVE
TTMT,9098139,ฟ้าทะลายโจร,ยาแคปซูลฟ้าทะลายโจร,ยาแคปซูล,บริษัท ตำรับ บอทานิกา จำกัด,ACTIVE
TTMT,9098141,ว่านหางจระเข้,Burnova Gel,เจล,บริษัท บางกอกแล็ป แอนด์ คอสเมติค จำกัด,ACTIVE
TTMT,9098156,ว่านหางจระเข้,เจลว่างหางจระเข้,เจล,บริษัท ผลิตภัณฑ์สมุนไพรไทย จำกัด,ACTIVE
TTMT,9098160,ฟ้าทะลายโจร,ฟ้าทะลายโจร,ยาแคปซูล,โรงพยาบาลพนัสนิคม,ACTIVE
TTMT,9098173,ขมิ้นชัน,ขมิ้นชัน,ยาแคปซูล,โรงพยาบาลพนัสนิคม,ACTIVE
TTMT,9098187,รางจืด,รางจืด,ยาแคปซูล,โรงพยาบาลพนัสนิคม,ACTIVE
TTMT,9098194,น้ำมันไพล,ยาน้ำมันไพล,ยาเข้าน้ำมัน,โรงพยาบาลส่งเสริมสุขภาพตำบลบางเขน ,ACTIVE
TTMT,9098207,พญายอ,เสลดพังพอน,ขี้ผึ้ง,โรงพยาบาลโพนพิสัย,ACTIVE
TTMT,9098211,ขมิ้นชัน,ขมิ้นชันแคปซูล,ยาแคปซูล,โรงพยาบาลสมเด็จพระยุพราชเด่นชัย,ACTIVE
TTMT,9098224,ฟ้าทะลายโจร,ฟ้าทะลายโจรแคปซูล,ยาแคปซูล,โรงพยาบาลสมเด็จพระยุพราชเด่นชัย,ACTIVE
TTMT,9098230,มะระขี้นก,มะระขี้นกแคปซูล,ยาแคปซูล,โรงพยาบาลสมเด็จพระยุพราชเด่นชัย,ACTIVE
TTMT,9098248,รางจืด,รางจืดแคปซูล,ยาแคปซูล,โรงพยาบาลสมเด็จพระยุพราชเด่นชัย,ACTIVE
TTMT,9098253,เถาวัลย์เปรียง,เถาวัลย์เปรียงแคปซูล,ยาแคปซูล,โรงพยาบาลสมเด็จพระยุพราชเด่นชัย,ACTIVE
TTMT,9098269,หญ้าดอกขาว,ยาชงหญ้าดอกขาว,ยาชง,โรงพยาบาลสมเด็จพระยุพราชเด่นชัย,ACTIVE
TTMT,9098276,หญ้าหนวดแมว,ยาชงหญ้าหนวดแมว,ยาชง,โรงพยาบาลสมเด็จพระยุพราชเด่นชัย,ACTIVE
TTMT,9098282,พญายอ,ทิงเจอร์พญายอ,ทิงเจอร์,โรงพยาบาลสมเด็จพระยุพราชเด่นชัย,ACTIVE
TTMT,9098295,พญายอ,กลีเซอรีนพญายอ,สารละลายสำหรับป้ายปาก,โรงพยาบาลสมเด็จพระยุพราชเด่นชัย,ACTIVE
TTMT,9098305,ว่านชักมดลูก,ว่านชักมดลูกแคปซูล,ยาแคปซูล,โรงพยาบาลสมเด็จพระยุพราชเด่นชัย,ACTIVE
TTMT,9098314,นมนาง,ยานมนาง,ยาต้ม,โรงพยาบาลสมเด็จพระยุพราชเด่นชัย,ACTIVE
TTMT,9098322,ขมิ้นชัน,ยาขมิ้นชัน ชนิดแคปซูล Curcuma Longa L. Capsule,ยาแคปซูล,บริษัท โรงงานเภสัชอุตสาหกรรม เจเอสพี (ประเทศไทย) จำกัด (มหาชน),ACTIVE
TTMT,9098333,ขมิ้นชัน,ยาขมิ้นชัน แคปซูล สูตร 5 ,ยาแคปซูล,บริษัท โรงงานเภสัชอุตสาหกรรม เจเอสพี (ประเทศไทย) จำกัด (มหาชน),ACTIVE
TTMT,9098346,ฟ้าทะลายโจร,ยาฟ้าทะลายโจร ตราสุภาพโอสถ,ยาแคปซูล,บริษัท โรงงานเภสัชอุตสาหกรรม เจเอสพี (ประเทศไทย) จำกัด (มหาชน),ACTIVE
TTMT,9098351,มะระขี้นก,ยามะระขี้นก ตราสุภาพโอสถ,ยาแคปซูล,บริษัท โรงงานเภสัชอุตสาหกรรม เจเอสพี (ประเทศไทย) จำกัด (มหาชน),ACTIVE
TTMT,9098367,มะขามแขก,ยาระบายมะขามแขก Compound senna laxative capsule,ยาแคปซูล,บริษัท โรงงานเภสัชอุตสาหกรรม เจเอสพี (ประเทศไทย) จำกัด (มหาชน),ACTIVE
TTMT,9098379,ดีบัว,ยาดีบัว,ยาแคปซูล,โรงพยาบาลเจ้าพระยาอภัยภูเบศร,ACTIVE
TTMT,9098380,ขมิ้นชัน,ขมิ้นชันแคปซูล,ยาแคปซูล,โรงพยาบาลสิงหนคร,ACTIVE
TTMT,9098398,ฟ้าทะลายโจร,ฟ้าทะลายโจรแคปซูล,ยาแคปซูล,โรงพยาบาลสิงหนคร,ACTIVE
TTMT,9098403,เถาวัลย์เปรียง,เถาวัลย์เปรียงแคปซูล,ยาแคปซูล,โรงพยาบาลสิงหนคร,ACTIVE
TTMT,9098419,ขิง,ยาขิงชนิดแคปซูล,ยาแคปซูล,บริษัท เจริญสุขเภสัช (เจริญสุขกรุ๊ป),ACTIVE
TTMT,9098426,หญ้าดอกขาว,ชาชงสมุนไพรหญ้าดอกขาว,ยาชง,โรงพยาบาลพล,ACTIVE
TTMT,9098435,รางจืด,ชาชงสมุนไพรชาชงรางจืด,ยาชง,โรงพยาบาลพล,ACTIVE
TTMT,9098442,รางจืด,สมุนไพรรางจืด,ยาแคปซูล,โรงพยาบาลพล,ACTIVE
TTMT,9098457,ชุมเห็ดเทศ,ยาชงชุมเห็ดเทศ ตราเคเอ็มพี,ยาชง,บริษัท แก้วมังกรเภสัช จำกัด,ACTIVE
TTMT,9098461,มะระขี้นก,มะระขี้นก แคปซูล ตราเคเอ็มพี,ยาแคปซูล,บริษัท แก้วมังกรเภสัช จำกัด,ACTIVE
TTMT,9098474,หญ้าหนวดแมว,ยาชงหญ้าหนวดแมว ตราเคเอ็มพี,ยาชง,บริษัท แก้วมังกรเภสัช จำกัด,ACTIVE
TTMT,9098488,ทิงเจอร์ทองพันชั่ง,ทิงเจอร์ทองพันชั่ง,ทิงเจอร์,โรงพยาบาลป่าแดด,ACTIVE
TTMT,9098490,พญายอ,ทิงเจอร์เสลดพังพอน,ทิงเจอร์,โรงพยาบาลป่าแดด,ACTIVE
TTMT,9098501,ทิงเจอร์พลู,ทิงเจอร์พลู,ทิงเจอร์,โรงพยาบาลป่าแดด,ACTIVE
TTMT,9098517,ข่า,ทิงเจอร์ข่า,ทิงเจอร์,โรงพยาบาลป่าแดด,ACTIVE
TTMT,9098529,ชุมเห็ดเทศ,ชุมเห็ดเทศ,ยาชง,โรงพยาบาลหนองบุญมาก,ACTIVE
TTMT,9098538,ทิงเจอร์ทองพันชั่ง,ทิงเจอร์ทองพันชั่ง,ทิงเจอร์,โรงพยาบาลหนองบุญมาก,ACTIVE
TTMT,9098555,รางจืด,สมศักดิ์พัฒนาเฮิร์บ,ยาชง,โรงพยาบาลส่งเสริมสุขภาพตำบลสมศักดิ์พัฒนา,ACTIVE
TTMT,9098564,มะขามแขก,แลกซ์เซ่น ชนิดแคปซูล LAXEN CAPSULE,ยาแคปซูล,บริษัท พนาพัฒน์ เฮลท์แคร์ จำกัด,ACTIVE
TTMT,9098572,ฝรั่ง,ยาน้ำใบฝรั่ง,ยาน้ำ,โรงพยาบาลสกลนคร,ACTIVE
TTMT,9098586,ฝรั่ง,ยาน้ำใบฝรั่ง,ยาน้ำ,โรงพยาบาลพระอาจารย์แบน  ธนากโร,ACTIVE
TTMT,9098593,ฝรั่ง,ยาน้ำใบฝรั่ง,ยาน้ำ,โรงพยาบาลกุสุมาลย์,ACTIVE
TTMT,9098604,ฝรั่ง,ยาน้ำใบฝรั่ง,ยาน้ำ,โรงพยาบาลกุดบาก,ACTIVE
TTMT,9098615,ฝรั่ง,ยาน้ำใบฝรั่ง,ยาน้ำ,โรงพยาบาลพระอาจารย์ฝั้นอาจาโร,ACTIVE
TTMT,9098627,ฝรั่ง,ยาน้ำใบฝรั่ง,ยาน้ำ,โรงพยาบาลพังโคน,ACTIVE
TTMT,9098636,ฝรั่ง,ยาน้ำใบฝรั่ง,ยาน้ำ,โรงพยาบาลวาริชภูมิ,ACTIVE
TTMT,9098643,ฝรั่ง,ยาน้ำใบฝรั่ง,ยาน้ำ,โรงพยาบาลนิคมน้ำอูน,ACTIVE
TTMT,9098658,ฝรั่ง,ยาน้ำใบฝรั่ง,ยาน้ำ,โรงพยาบาลวานรนิวาส,ACTIVE
TTMT,9098662,ฝรั่ง,ยาน้ำใบฝรั่ง,ยาน้ำ,โรงพยาบาลคำตากล้า,ACTIVE
TTMT,9098670,ฝรั่ง,ยาน้ำใบฝรั่ง,ยาน้ำ,โรงพยาบาลบ้านม่วง,ACTIVE
TTMT,9098689,ฝรั่ง,ยาน้ำใบฝรั่ง,ยาน้ำ,โรงพยาบาลอากาศอำนวย,ACTIVE
TTMT,9098691,ฝรั่ง,ยาน้ำใบฝรั่ง,ยาน้ำ,โรงพยาบาลส่องดาว,ACTIVE
TTMT,9098708,ฝรั่ง,ยาน้ำใบฝรั่ง,ยาน้ำ,โรงพยาบาลเต่างอย,ACTIVE
TTMT,9098712,ฝรั่ง,ยาน้ำใบฝรั่ง,ยาน้ำ,โรงพยาบาลโคกศรีสุพรรณ,ACTIVE
TTMT,9098720,ฝรั่ง,ยาน้ำใบฝรั่ง,ยาน้ำ,โรงพยาบาลเจริญศิลป์,ACTIVE
TTMT,9098731,ฝรั่ง,ยาน้ำใบฝรั่ง,ยาน้ำ,โรงพยาบาลโพนนาแก้ว,ACTIVE
TTMT,9098749,ขิง,ขิง,ยาต้ม,โรงพยาบาลเอราวัณ,ACTIVE
TTMT,9098754,มะระขี้นก,มะระขี้นก,ยาต้ม,โรงพยาบาลเอราวัณ,ACTIVE
TTMT,9098765,กล้วย,กล้วย,ยาต้ม,โรงพยาบาลเอราวัณ,ACTIVE
TTMT,9098777,ขมิ้นชัน,ขมิ้นชันแคปซูล,ยาแคปซูล,โรงพยาบาลสมเด็จพระยุพราชสายบุรี,ACTIVE
TTMT,9098783,มะขามแขก,มะขามแขกแคปซูล,ยาแคปซูล,โรงพยาบาลสมเด็จพระยุพราชสายบุรี,ACTIVE
TTMT,9098796,ฟ้าทะลายโจร,ฟ้าทะลายโจรแคปซูล,ยาแคปซูล,โรงพยาบาลสมเด็จพระยุพราชสายบุรี,ACTIVE
TTMT,9098806,เถาวัลย์เปรียง,เถาวัลย์เปรียงแคปซูล,ยาแคปซูล,โรงพยาบาลสมเด็จพระยุพราชสายบุรี,ACTIVE
TTMT,9098810,ขิง,ขิงแคปซูล,ยาแคปซูล,โรงพยาบาลสมเด็จพระยุพราชสายบุรี,ACTIVE
TTMT,9098823,หญ้าดอกขาว,ชาชงหญ้าดอกขาว,ยาชง,โรงพยาบาลป่าซาง,ACTIVE
TTMT,9098834,รางจืด,ชาชงรางจืด,ยาชง,โรงพยาบาลป่าซาง,ACTIVE
TTMT,9098847,หญ้าหนวดแมว,ชาชงหญ้าหนวดแมว,ยาชง,โรงพยาบาลป่าซาง,ACTIVE
TTMT,9098852,ขมิ้นชัน,แคปซูลขมิ้นชัน,ยาแคปซูล,โรงพยาบาลป่าซาง,ACTIVE
TTMT,9098868,ฟ้าทะลายโจร,ยาฟ้าทะลายโจร,ยาแคปซูล,โรงพยาบาลป่าซาง,ACTIVE
TTMT,9098875,ขิง,ยาขิง,ยาแคปซูล,โรงพยาบาลป่าซาง,ACTIVE
TTMT,9098881,พญายอ,ทิงเจอร์เสลดพังพอน,ทิงเจอร์,โรงพยาบาลป่าซาง,ACTIVE
TTMT,9098899,พญายอ,ขี้ผึ้งเสลดพังพอน,ขี้ผึ้ง,โรงพยาบาลท่าอุเทน,ACTIVE
TTMT,9098909,น้ำมันไพล,น้ำมันไพล,ยาเข้าน้ำมัน,โรงพยาบาลท่าอุเทน,ACTIVE
TTMT,9098913,กล้วย,กล้วย,ยาผง,โรงพยาบาลแม่สรวย,ACTIVE
TTMT,9098921,ขิง,ขิง,ยาผง,โรงพยาบาลแม่สรวย,ACTIVE
TTMT,9098945,ชุมเห็ดเทศ,ชุมเห็ดเทศ,ยาต้ม,โรงพยาบาลแม่สรวย,ACTIVE
TTMT,9098950,ทิงเจอร์ทองพันชั่ง,ทิงเจอร์ทองพันชั่ง,ทิงเจอร์,โรงพยาบาลแม่สรวย,ACTIVE
TTMT,9098966,ทิงเจอร์พลู,ทิงเจอร์พลู,ทิงเจอร์,โรงพยาบาลแม่สรวย,ACTIVE
TTMT,9098984,พญายอ,พญายอ,ทิงเจอร์,โรงพยาบาลแม่สรวย,ACTIVE
TTMT,9098997,กระเจี๊ยบแดง,กระเจี๊ยบแดง,ยาต้ม,โรงพยาบาลแม่สรวย,ACTIVE
TTMT,9099012,หญ้าหนวดแมว,หญ้าหนวดแมว,ยาต้ม,โรงพยาบาลแม่สรวย,ACTIVE
TTMT,9099031,หญ้าปักกิ่ง,หญ้าปักกิ่ง,ยาต้ม,โรงพยาบาลแม่สรวย,ACTIVE
TTMT,9099049,รางจืด,รางจืด,ยาต้ม,โรงพยาบาลแม่สรวย,ACTIVE
TTMT,9099054,บัวบก,บัวบก,ยาต้ม,โรงพยาบาลแม่สรวย,ACTIVE
TTMT,9099077,หญ้าดอกขาว,หญ้าดอกขาว,ยาต้ม,โรงพยาบาลแม่สรวย,ACTIVE
TTMT,9099096,ทิงเจอร์ทองพันชั่ง,ยาทิงเจอร์ทองพันชั่ง(รพ.),ทิงเจอร์,โรงพยาบาลจะนะ,ACTIVE
TTMT,9099106,เถาวัลย์เปรียง,เถาวัลย์เปรียง,ยาแคปซูล,โรงพยาบาลตรัง,ACTIVE
TTMT,9099110,ขมิ้นชัน,ขมิ้นชัน,ยาแคปซูล,โรงพยาบาลตรัง,ACTIVE
TTMT,9099123,เพชรสังฆาต,เพชรสังฆาต,ยาแคปซูล,โรงพยาบาลตรัง,ACTIVE
TTMT,9099134,ฟ้าทะลายโจร,ฟ้าทะลายโจร,ยาแคปซูล,โรงพยาบาลตรัง,ACTIVE
TTMT,9099147,ว่านหางจระเข้,เจลว่านหางจระเข้,เจล,โรงพยาบาลสามพราน,ACTIVE
TTMT,9099152,บัวบก,เจลบัวบก,เจล,โรงพยาบาลสามพราน,ACTIVE
TTMT,9099168,ขมิ้นชัน,ยาแคปซูลขมิ้นชันศิริบัญชา,ยาแคปซูล,บริษัท ศิริบัญชา จำกัด,ACTIVE
TTMT,9099175,มะระขี้นก,ยาแคปซูลมะระขี้นก ศิริบัญชา,ยาแคปซูล,บริษัท ศิริบัญชา จำกัด,ACTIVE
TTMT,9099181,ชุมเห็ดเทศ,ยาแคปซูลยาชุมเห็ดเทศ เอส.บี.ศิริบัญชา,ยาแคปซูล,บริษัท ศิริบัญชา จำกัด,ACTIVE
TTMT,9099199,เห็ดหลินจือ/เห็ดขอนไม้,ยาเห็ดหลินจือ ตรายังจิน,ยาผง,บริษัท ศิริบัญชา จำกัด,ACTIVE
TTMT,9099201,ชุมเห็ดเทศ,ยาชงชุมเห็ดเทศ ตราทีเอฟดี,ยาชง,บริษัท ไทยเอฟดี จำกัด,ACTIVE
TTMT,9099217,ฝรั่ง,ยาใบฝรั่ง,ยาแคปซูล,โรงพยาบาลสมเด็จพระยุพราชสว่างแดนดิน,ACTIVE
TTMT,9099229,ขมิ้นชัน,ขมิ้นชันแคปซูล,ยาแคปซูล,โรงพยาบาลสมเด็จพระยุพราชยะหา,ACTIVE
TTMT,9099238,ฟ้าทะลายโจร,ฟ้าทะลายโจรแคปซูล,ยาแคปซูล,โรงพยาบาลสมเด็จพระยุพราชยะหา,ACTIVE
TTMT,9099240,ขิง,ขิงแคปซูล,ยาแคปซูล,โรงพยาบาลสมเด็จพระยุพราชยะหา,ACTIVE
TTMT,9099255,เพชรสังฆาต,ยาเพชรสังฆาต,ยาแคปซูล,โรงพยาบาลสมเด็จพระยุพราชยะหา,ACTIVE
TTMT,9100160,ยาประคบ,ยาประคบ,ยาประคบ,โรงพยาบาลชลบุรี,ACTIVE
TTMT,9101072,ธรณีสันฑะฆาต,ธรณีสันฑะฆาต,ยาแคปซูล,โรงพยาบาลพระปกเกล้า,ACTIVE
TTMT,9101086,ธรณีสันฑะฆาต,ธรณีสันฑะฆาต,ยาลูกกลอน,โรงพยาบาลพระปกเกล้า,ACTIVE
TTMT,9101126,ธาตุบรรจบ ,ธาตุบรรจบ,ยาแคปซูล,โรงพยาบาลพระปกเกล้า,ACTIVE
TTMT,9101188,บรรเทาริดสีดวงทวาร (รพ.พระปกเกล้า),บรรเทาริดสีดวงทวาร (รพ.พระปกเกล้า),ยาแคปซูล,โรงพยาบาลพระปกเกล้า,ACTIVE
TTMT,9101399,ประสะจันทน์แดง ,ประสะจันทน์แดง,ยาแคปซูล,โรงพยาบาลพระปกเกล้า,ACTIVE
TTMT,9101502,ประสะไพล ,ประสะไพล,ยาแคปซูล,โรงพยาบาลพระปกเกล้า,ACTIVE
TTMT,9101713,ไฟประลัยกัลป์,ไฟประลัยกัลป์,ยาแคปซูล,โรงพยาบาลพระปกเกล้า,ACTIVE
TTMT,9106204,น้ำมันไพล,น้ำมันไพล,ยาเข้าน้ำมัน,โรงพยาบาลอุตรดิตถ์,ACTIVE
TTMT,9108030,ยาประคบ,ยาประคบ,ยาประคบ,โรงพยาบาลนครปฐม,ACTIVE
TTMT,9111110,น้ำมันไพล,น้ำมันไพล,ยาเข้าน้ำมัน,โรงพยาบาลอินทร์บุรี,ACTIVE
TTMT,9111716,ยาประคบ,ยาประคบ,ยาประคบ,โรงพยาบาลอินทร์บุรี,ACTIVE
TTMT,9112946,ยาประคบ,ยาประคบ,ยาประคบ,โรงพยาบาลหนองคาย,ACTIVE
TTMT,9113454,จันทน์ลีลา,จันทน์ลีลา,ยาแคปซูล,โรงพยาบาลมหาสารคาม,ACTIVE
TTMT,9113939,ประสะไพล ,ประสะไพล,ยาแคปซูล,โรงพยาบาลมหาสารคาม,ACTIVE
TTMT,9117903,ยาประคบ,ยาประคบ,ยาประคบ,โรงพยาบาลศรีสังวาลย์,ACTIVE
TTMT,9120366,ยาประคบ,ยาประคบ,ยาประคบ,โรงพยาบาลพิจิตร,ACTIVE
TTMT,9127663,ยาประคบ,ยาประคบ,ยาประคบ,โรงพยาบาลพัทลุง,ACTIVE
TTMT,9128885,ยาประคบ,ยาประคบ,ยาประคบ,โรงพยาบาลประชาธิปัตย์,ACTIVE
TTMT,9131926,ธรณีสันฑะฆาต,ธรณีสันฑะฆาต,ยาแคปซูล,โรงพยาบาลวิเศษชัยชาญ,ACTIVE
TTMT,9132572,ยาประคบ,ยาประคบ,ยาประคบ,โรงพยาบาลวิเศษชัยชาญ,ACTIVE
TTMT,9132708,สหัศธารา,สหัศธารา,ยาแคปซูล,โรงพยาบาลวิเศษชัยชาญ,ACTIVE
TTMT,9137449,ยาประคบ,ยาประคบ,ยาประคบ,โรงพยาบาลสรรพยา,ACTIVE
TTMT,9137902,คลายเส้น สูตร 1,คลายเส้น สูตร 2,ยาแคปซูล,โรงพยาบาลสรรคบุรี,ACTIVE
TTMT,9137918,คลายเส้น สูตร 2,คลายเส้น สูตร 3,ยาแคปซูล,โรงพยาบาลสรรคบุรี,ACTIVE
TTMT,9138072,ธรณีสันฑะฆาต,ธรณีสันฑะฆาต,ยาแคปซูล,โรงพยาบาลสรรคบุรี,ACTIVE
TTMT,9138126,บำรุงเลือด (รพ.สรรคบุรี),บำรุงเลือด (รพ.สรรคบุรี),ยาแคปซูล,โรงพยาบาลสรรคบุรี,ACTIVE
TTMT,9138212,เบญจกูล / พิกัดเบญจกูล,เบญจกูล / พิกัดเบญจกูล,ยาแคปซูล,โรงพยาบาลสรรคบุรี,ACTIVE
TTMT,9138853,สหัศธารา,สหัศธารา,ยาแคปซูล,โรงพยาบาลสรรคบุรี,ACTIVE
TTMT,9139959,ยาประคบ,ยาประคบ,ยาประคบ,โรงพยาบาลบ้านหมอ,ACTIVE
TTMT,9141177,ยาประคบ,ยาประคบ,ยาประคบ,โรงพยาบาลดอนพุด,ACTIVE
TTMT,9144820,ยาประคบ,ยาประคบ,ยาประคบ,โรงพยาบาลมวกเหล็ก,ACTIVE
TTMT,9146044,ยาประคบ,ยาประคบ,ยาประคบ,โรงพยาบาลวัดญาณสังวราราม,ACTIVE
TTMT,9147287,ยาประคบ,ยาประคบ,ยาประคบ,โรงพยาบาลพานทอง,ACTIVE
TTMT,9147410,สหัศธารา,สหัศธารา,ยาแคปซูล,โรงพยาบาลพานทอง,ACTIVE
TTMT,9147890,ธรณีสันฑะฆาต,ยาธรณีสันฑะฆาต,ยาแคปซูล,โรงพยาบาลพนัสนิคม,ACTIVE
TTMT,9147937,ธาตุบรรจบ ,ยาธาตุบรรจบ,ยาแคปซูล,โรงพยาบาลพนัสนิคม,ACTIVE
TTMT,9147959,น้ำมันไพล,น้ำมันไพล,ยาเข้าน้ำมัน,โรงพยาบาลพนัสนิคม,ACTIVE
TTMT,9147963,บำรุงเลือด (รพ.พนัสนิคม),ยาบำรุงเลือด (รพ.พนัสนิคม),ยาแคปซูล,โรงพยาบาลพนัสนิคม,ACTIVE
TTMT,9148058,เบญจกูล / พิกัดเบญจกูล,ยาเบญจกูล ,ยาแคปซูล,โรงพยาบาลพนัสนิคม,ACTIVE
TTMT,9148268,ประสะไพล ,ยาประสะไพล,ยาแคปซูล,โรงพยาบาลพนัสนิคม,ACTIVE
TTMT,9148571,ยาถ่าย (รพ.พนัสนิคม),ยาถ่าย (รพ.พนัสนิคม),ยาแคปซูล,โรงพยาบาลพนัสนิคม,ACTIVE
TTMT,9148711,สหัศธารา,ยาสหัศธารา,ยาแคปซูล,โรงพยาบาลพนัสนิคม,ACTIVE
TTMT,9148769,หอมเทพจิตร,ยาหอมเทพจิตร,ยาผง,โรงพยาบาลพนัสนิคม,ACTIVE
TTMT,9148795,หอมนวโกฐ,ยาหอมนวโกฐ,ยาผง,โรงพยาบาลพนัสนิคม,ACTIVE
TTMT,9149838,ยาประคบ,ยาประคบ,ยาประคบ,โรงพยาบาลเกาะสีชัง,ACTIVE
TTMT,9151052,ยาประคบ,ยาประคบ,ยาประคบ,โรงพยาบาลสัตหีบกม.10,ACTIVE
TTMT,9152275,ยาประคบ,ยาประคบ,ยาประคบ,โรงพยาบาลบ่อทอง,ACTIVE
TTMT,9153508,ยาประคบ,ยาประคบ,ยาประคบ,โรงพยาบาลแกลง,ACTIVE
TTMT,9154723,ยาประคบ,ยาประคบ 400 กรัม,ยาประคบ,โรงพยาบาลวังจันทร์,ACTIVE
TTMT,9155952,ยาประคบ,ยาประคบ,ยาประคบ,โรงพยาบาลปลวกแดง,ACTIVE
TTMT,9157177,ยาประคบ,ยาประคบ,ยาประคบ,โรงพยาบาลสอยดาว,ACTIVE
TTMT,9159609,ยาประคบ,ยาประคบ,ยาประคบ,โรงพยาบาลสนามชัยเขต,ACTIVE
TTMT,9161441,บรรเทาริดสีดวงทวาร (รพ.กบินทร์บุรี),บรรเทาริดสีดวงทวาร (รพ.กบินทร์บุรี),ยาลูกกลอน,โรงพยาบาลกบินทร์บุรี,ACTIVE
TTMT,9162258,หอมบำรุงหัวใจ,หอมบำรุงหัวใจ,ยาผง,โรงพยาบาลกบินทร์บุรี,ACTIVE
TTMT,9162546,จันทน์ลีลา,จันทน์ลีลา,ยาแคปซูล,โรงพยาบาลบ้านนา,ACTIVE
TTMT,9162567,ตรีเกสรมาศ / พิกัดเกสรมาศ,ตรีเกสรมาศ,ยาชง,โรงพยาบาลบ้านนา,ACTIVE
TTMT,9162611,ตรีผลา / พิกัดตรีผลา ,ตรีผลา,ยาชง,โรงพยาบาลบ้านนา,ACTIVE
TTMT,9162695,ธรณีสันฑะฆาต,ธรณีสันฑะฆาต,ยาแคปซูล,โรงพยาบาลบ้านนา,ACTIVE
TTMT,9162742,น้ำมันไพล,น้ำมันไพล,ยาเข้าน้ำมัน,โรงพยาบาลบ้านนา,ACTIVE
TTMT,9162844,เบญจกูล / พิกัดเบญจกูล,เบญจกูล,ยาชง,โรงพยาบาลบ้านนา,ACTIVE
TTMT,9163055,ประสะไพล ,ประสะไพล,ยาแคปซูล,โรงพยาบาลบ้านนา,ACTIVE
TTMT,9163375,ยาประคบ,ยาประคบ,ยาประคบ,โรงพยาบาลบ้านนา,ACTIVE
TTMT,9163518,สหัศธารา,สหัศธารา,ยาแคปซูล,โรงพยาบาลบ้านนา,ACTIVE
TTMT,9163882,จันทน์ลีลา,จันทน์ลีลา,ยาลูกกลอน,โรงพยาบาลวังน้ำเย็น,ACTIVE
TTMT,9164024,ธรณีสันฑะฆาต,ธรณีสันฑะฆาต,ยาลูกกลอน,โรงพยาบาลวังน้ำเย็น,ACTIVE
TTMT,9164069,ธาตุบรรจบ ,ธาตุบรรจบ,ยาลูกกลอน,โรงพยาบาลวังน้ำเย็น,ACTIVE
TTMT,9164179,เบญจกูล / พิกัดเบญจกูล,เบญจกูล,ยาลูกกลอน,โรงพยาบาลวังน้ำเย็น,ACTIVE
TTMT,9164387,ประสะไพล ,ประสะไพล,ยาลูกกลอน,โรงพยาบาลวังน้ำเย็น,ACTIVE
TTMT,9164715,ยาประคบ,สมุนไพรโรงพยาบาลวังน้ำเย็น,ยาประคบ,โรงพยาบาลวังน้ำเย็น,ACTIVE
TTMT,9164855,สหัศธารา,สมุนไพรโรงพยาบาลวังน้ำเย็น,ยาแคปซูล,โรงพยาบาลวังน้ำเย็น,ACTIVE
TTMT,9164864,สหัศธารา,สหัศธารา,ยาลูกกลอน,โรงพยาบาลวังน้ำเย็น,ACTIVE
TTMT,9164961,หอมบำรุงหัวใจ,สมุนไพรโรงพยาบาลวังน้ำเย็น,ยาผง,โรงพยาบาลวังน้ำเย็น,ACTIVE
TTMT,9165020,ห้าราก / แก้ไข้ห้าราก / แก้วห้าดวง / เบญจโลกวิเชียร ,ห้าราก,ยาผง,โรงพยาบาลวังน้ำเย็น,ACTIVE
TTMT,9165110,อำมฤควาที,อำมฤควาที,ยาผง,โรงพยาบาลวังน้ำเย็น,ACTIVE
TTMT,9166531,ตรีผลา / พิกัดตรีผลา ,ตรีผลา / พิกัดตรีผลา ,ยาแคปซูล,โรงพยาบาลขามสะแกแสง,ACTIVE
TTMT,9166944,ประสะไพล ,ประสะไพล,ยาแคปซูล,โรงพยาบาลขามสะแกแสง,ACTIVE
TTMT,9167269,ยาประคบ,ยาประคบ,ยาประคบ,โรงพยาบาลขามสะแกแสง,ACTIVE
TTMT,9167276,ยาประคบ,ยาประคบ,ยาประคบ,โรงพยาบาลขามสะแกแสง,ACTIVE
TTMT,9167367,สมุนไพรอบตัว,สมุนไพรอบตัว,ยาต้ม,โรงพยาบาลขามสะแกแสง,ACTIVE
TTMT,9167783,จันทน์ลีลา,จันทน์ลีลา,ยาลูกกลอน,โรงพยาบาลสูงเนิน,ACTIVE
TTMT,9167945,ธาตุบรรจบ ,ธาตุบรรจบ,ยาลูกกลอน,โรงพยาบาลสูงเนิน,ACTIVE
TTMT,9167978,บรรเทาริดสีดวงทวาร (รพ.สูงเนิน),ริดสีดวงทวารลูกกลอน,ยาลูกกลอน,โรงพยาบาลสูงเนิน,ACTIVE
TTMT,9168300,ประสะมะแว้ง,ประสะมะแว้งลูกกลอน,ยาลูกกลอน,โรงพยาบาลสูงเนิน,ACTIVE
TTMT,9168337,ปราบชมพูทวีป,ปราบชมพูทวีป,ยาลูกกลอน,โรงพยาบาลสูงเนิน,ACTIVE
TTMT,9168363,ปลูกไฟธาตุ,ปลูกไฟธาตุลูกกลอน,ยาลูกกลอน,โรงพยาบาลสูงเนิน,ACTIVE
TTMT,9168675,เลือดงาม,เลือดงาม,ยาแคปซูล,โรงพยาบาลสูงเนิน,ACTIVE
TTMT,9168760,สหัศธารา,สหัศธารา,ยาลูกกลอน,โรงพยาบาลสูงเนิน,ACTIVE
TTMT,9168773,หลังคลอด (รพ.สูงเนิน),ชุดอบหลังคลอด,ยาต้ม,โรงพยาบาลสูงเนิน,ACTIVE
TTMT,9168870,หอมบำรุงหัวใจ,หอมบำรุงหัวใจ,ยาผง,โรงพยาบาลสูงเนิน,ACTIVE
TTMT,9168964,เหลืองปิดสมุทร,เหลืองปิดสมุทรลูกกลอน,ยาลูกกลอน,โรงพยาบาลสูงเนิน,ACTIVE
TTMT,9169018,อำมฤควาที,อำมฤควาที,ยาผง,โรงพยาบาลสูงเนิน,ACTIVE
TTMT,9169910,ยาประคบ,ยาประคบ,ยาประคบ,โรงพยาบาลสีคิ้ว,ACTIVE
TTMT,9172358,ยาประคบ,ยาประคบ,ยาประคบ,โรงพยาบาลวังน้ำเขียว,ACTIVE
TTMT,9172362,ยาประคบ,ยาประคบ,ยาประคบ,โรงพยาบาลวังน้ำเขียว,ACTIVE
TTMT,9172370,ยาประคบ,ยาประคบ,ยาประคบ,โรงพยาบาลวังน้ำเขียว,ACTIVE
TTMT,9173036,น้ำมันไพล,น้ำมันไพล,ยาเข้าน้ำมัน,โรงพยาบาลคูเมือง,ACTIVE
TTMT,9173635,ยาประคบ,ยาประคบ,ยาประคบ,โรงพยาบาลคูเมือง,ACTIVE
TTMT,9173908,ห้าราก / แก้ไข้ห้าราก / แก้วห้าดวง / เบญจโลกวิเชียร ,ห้าราก,ยาแคปซูล,โรงพยาบาลคูเมือง,ACTIVE
TTMT,9174870,ยาประคบ,ยาประคบ,ยาประคบ,โรงพยาบาลละหานทราย,ACTIVE
TTMT,9176151,ยาประคบ,ยาประคบ,ยาประคบ,โรงพยาบาลประโคนชัย,ACTIVE
TTMT,9176292,สหัศธารา,สหัศธารา,ยาแคปซูล,โรงพยาบาลประโคนชัย,ACTIVE
TTMT,9176432,ห้าราก / แก้ไข้ห้าราก / แก้วห้าดวง / เบญจโลกวิเชียร ,ห้าราก,ยาแคปซูล,โรงพยาบาลประโคนชัย,ACTIVE
TTMT,9177401,ยาประคบ,ยาประคบ,ยาประคบ,โรงพยาบาลลำปลายมาศ,ACTIVE
TTMT,9179852,ยาประคบ,ยาประคบ,ยาประคบ,โรงพยาบาลนาโพธิ์,ACTIVE
TTMT,9181090,ยาประคบ,ยาประคบ,ยาประคบ,โรงพยาบาลหนองหงส์,ACTIVE
TTMT,9182337,ยาประคบ,ยาประคบ,ยาประคบ,โรงพยาบาลห้วยราช,ACTIVE
TTMT,9183555,ยาประคบ,ยาประคบ,ยาประคบ,โรงพยาบาลโนนสุวรรณ,ACTIVE
TTMT,9184788,ยาประคบ,ยาประคบ,ยาประคบ,โรงพยาบาลชำนิ,ACTIVE
TTMT,9185133,แก้น้ำนมพิการ(รพ.กาบเชิง),ยาบำรุงน้ำนม,ยาผง,โรงพยาบาลกาบเชิง,ACTIVE
TTMT,9185146,แก้โรคโลหิตระดู  ,ยากระจายเลือด,ยาต้ม,โรงพยาบาลกาบเชิง,ACTIVE
TTMT,9185167,แก้อัมพฤกษ์ อัมพาต(กาบเชิง),ยาอัมพฤกษ์,ยาผง,โรงพยาบาลกาบเชิง,ACTIVE
TTMT,9185244,ขับพิษสูตร 2,ยาโลดทะนงแดง,ยาผง,โรงพยาบาลกาบเชิง,ACTIVE
TTMT,9185292,ครอบไข้,ยาครอบไข้,ยาต้ม,โรงพยาบาลกาบเชิง,ACTIVE
TTMT,9185302,คลายเส้น (รพ.กาบเชิง),ยาคลายเส้น,ยาลูกกลอน,โรงพยาบาลกาบเชิง,ACTIVE
TTMT,9185341,จันทน์ลีลา,แคปซูลจันทลีลา,ยาแคปซูล,โรงพยาบาลกาบเชิง,ACTIVE
TTMT,9185421,ตำรับแกแล ,ยาแกแล,ยาต้ม,โรงพยาบาลกาบเชิง,ACTIVE
TTMT,9185432,ตำรับตะแบกป่า ,ยาตะแบกป่า,ยาต้ม,โรงพยาบาลกาบเชิง,ACTIVE
TTMT,9185445,ตำรับโลดทะนงแดง  ,ยาโลดทะนงแดง,ยาผง,โรงพยาบาลกาบเชิง,ACTIVE
TTMT,9185450,ตำรับหัวร้อยรู  ,ยาหัวร้อยรู,ยาต้ม,โรงพยาบาลกาบเชิง,ACTIVE
TTMT,9185523,ธรณีสันฑะฆาต,แคปซูลธรณีสันฑฆาต,ยาแคปซูล,โรงพยาบาลกาบเชิง,ACTIVE
TTMT,9185568,ธาตุบรรจบ ,แคปซูลธาตุบรรจบ,ยาแคปซูล,โรงพยาบาลกาบเชิง,ACTIVE
TTMT,9185612,บำรุงเลือด (รพ.กาบเชิง),ยาบำรุงเลือด,ยาต้ม,โรงพยาบาลกาบเชิง,ACTIVE
TTMT,9185988,ผิดสำแดง,ยาแก้ผิดสำแดง,ยาต้ม,โรงพยาบาลกาบเชิง,ACTIVE
TTMT,9186065,พรายเลือดพรายลม,ยาพรายเลือดพรายลม,ยาต้ม,โรงพยาบาลกาบเชิง,ACTIVE
TTMT,9186134,มธุรเมหะ (รพ.กาบเชิง),ยาเบาหวาน,ยาต้ม,โรงพยาบาลกาบเชิง,ACTIVE
TTMT,9186240,ยาประคบ,ลูกประคบสมุนไพร,ยาประคบ,โรงพยาบาลกาบเชิง,ACTIVE
TTMT,9186335,สมุนไพรอบตัว,ยาอบสมุนไพร,ยาต้ม,โรงพยาบาลกาบเชิง,ACTIVE
TTMT,9186388,สหัศธารา,แคปซูลสหัสธารา,ยาแคปซูล,โรงพยาบาลกาบเชิง,ACTIVE
TTMT,9186390,สามว่าน,ยาสามว่าน,ยาต้ม,โรงพยาบาลกาบเชิง,ACTIVE
TTMT,9186405,หลังคลอด (รพ.กาบเชิง),ยาหลังคลอด,ยาต้ม,โรงพยาบาลกาบเชิง,ACTIVE
TTMT,9186548,ห้าราก / แก้ไข้ห้าราก / แก้วห้าดวง / เบญจโลกวิเชียร ,แคปซูลห้าราก,ยาแคปซูล,โรงพยาบาลกาบเชิง,ACTIVE
TTMT,9188755,ยาประคบ,ยาประคบ,ยาประคบ,โรงพยาบาลขุนหาญ,ACTIVE
TTMT,9188764,ยาประคบ,ยาประคบ,ยาประคบ,โรงพยาบาลขุนหาญ,ACTIVE
TTMT,9188772,ยาประคบ,ยาประคบ,ยาประคบ,โรงพยาบาลขุนหาญ,ACTIVE
TTMT,9190014,ยาประคบ,ลูกประคบห้วยเฮิร์บ,ยาประคบ,โรงพยาบาลห้วยทับทัน,ACTIVE
TTMT,9190108,สมุนไพรอบตัว,ชุดอบห้วยเฮิร์บ,ยาต้ม,โรงพยาบาลห้วยทับทัน,ACTIVE
TTMT,9190955,ประสะไพล ,ประสะไพล,ยาแคปซูล,โรงพยาบาลนาจะหลวย,ACTIVE
TTMT,9191531,ห้าราก / แก้ไข้ห้าราก / แก้วห้าดวง / เบญจโลกวิเชียร ,ห้าราก,ยาแคปซูล,โรงพยาบาลนาจะหลวย,ACTIVE
TTMT,9191937,น้ำมันไพล,น้ำมันไพล,ยาเข้าน้ำมัน,โรงพยาบาลตระการพืชผล,ACTIVE
TTMT,9192542,ยาประคบ,ยาประคบ,ยาประคบ,โรงพยาบาลตระการพืชผล,ACTIVE
TTMT,9192638,สมุนไพรอบตัว,ยาอบสมุนไพร,ยาต้ม,โรงพยาบาลตระการพืชผล,ACTIVE
TTMT,9192686,หลังคลอด (รพ.ตระการพืชผล),ยาต้มบำรุงสตรีหลังคลอด,ยาต้ม,โรงพยาบาลตระการพืชผล,ACTIVE
TTMT,9193789,ยาประคบ,ยาประคบ,ยาประคบ,โรงพยาบาลสิรินธร,ACTIVE
TTMT,9194126,แก้ตะโจพิการ ,ผงแช่เท้า,ยาผง,โรงพยาบาลกุดชุม,ACTIVE
TTMT,9194135,แก้น้ำนมพิการ(รพ.กุดชุม),ยาบำรุงน้ำนม,ยาผง,โรงพยาบาลกุดชุม,ACTIVE
TTMT,9194142,แก้มุตตังพิการ(รพ.กุดชุม),ยาต้มเบาหวาน,ยาต้ม,โรงพยาบาลกุดชุม,ACTIVE
TTMT,9194265,คลายเส้น (รพ.กุดชุม),ยาคลายเส้น,ยาลูกกลอน,โรงพยาบาลกุดชุม,ACTIVE
TTMT,9194368,ตำรับโคคลาน,ยาต้มโคคลาน,ยาต้ม,โรงพยาบาลกุดชุม,ACTIVE
TTMT,9195125,เลือดงาม,ยาเลือดงาม,ยาแคปซูล,โรงพยาบาลกุดชุม,ACTIVE
TTMT,9196313,ยาประคบ,ยาประคบ,ยาประคบ,โรงพยาบาลเกษตรสมบูรณ์,ACTIVE
TTMT,9197548,ยาประคบ,ยาประคบ,ยาประคบ,โรงพยาบาลจัตุรัส,ACTIVE
TTMT,9199987,ยาประคบ,ยาประคบ,ยาประคบ,โรงพยาบาลชานุมาน,ACTIVE
TTMT,9200614,น้ำมันไพล,น้ำมันไพล,ยาเข้าน้ำมัน,โรงพยาบาลพนา,ACTIVE
TTMT,9201229,ยาประคบ,ยาประคบ,ยาประคบ,โรงพยาบาลพนา,ACTIVE
TTMT,9202458,ยาประคบ,ยาประคบ,ยาประคบ,โรงพยาบาลบ้านไผ่,ACTIVE
TTMT,9202807,แก้น้ำนมพิการสูตร 1 ,พลทิพย์,ยาต้ม,โรงพยาบาลพล,ACTIVE
TTMT,9202811,แก้น้ำนมพิการสูตร 2,พลทิพย์,ยาต้ม,โรงพยาบาลพล,ACTIVE
TTMT,9202824,แก้ปวดข้อ,พลทิพย์,ยาต้ม,โรงพยาบาลพล,ACTIVE
TTMT,9202830,แก้ยกนังพิการ,พลทิพย์,ยาต้ม,โรงพยาบาลพล,ACTIVE
TTMT,9202853,แก้โลหิตระดูสตรีตกหมกช้ำ,พลทิพย์,ยาผง,โรงพยาบาลพล,ACTIVE
TTMT,9202869,แก้โลหิตระดูสตรีปกติโทษ 5 ประการ,พลทิพย์,ยาต้ม,โรงพยาบาลพล,ACTIVE
TTMT,9202876,แก้เส้นเบอร์ 1 ,พลทิพย์,ยาต้ม,โรงพยาบาลพล,ACTIVE
TTMT,9202882,แก้เส้นเบอร์ 3,พลทิพย์,ยาต้ม,โรงพยาบาลพล,ACTIVE
TTMT,9202895,แก้เส้นเบอร์ 4,พลทิพย์,ยาต้ม,โรงพยาบาลพล,ACTIVE
TTMT,9202905,แก้เส้นเบอร์ 5,พลทิพย์,ยาผง,โรงพยาบาลพล,ACTIVE
TTMT,9202951,แก้ไอผสมมะนาวดอง,พลทิพย์,ยาลูกกลอน,โรงพยาบาลพล,ACTIVE
TTMT,9203010,ไข้ทับระดู (รพ.พล),พลทิพย์,ยาต้ม,โรงพยาบาลพล,ACTIVE
TTMT,9203052,จันทน์ลีลา,พลทิพย์,ยาแคปซูล,โรงพยาบาลพล,ACTIVE
TTMT,9203121,ตำรับกษัยเส้น,พลทิพย์,ยาต้ม,โรงพยาบาลพล,ACTIVE
TTMT,9203132,ตำรับแก้ลมขึ้นเบื้องสูง,พลทิพย์,ยาต้ม,โรงพยาบาลพล,ACTIVE
TTMT,9203236,ธาตุบรรจบ ,พลทิพย์,ยาแคปซูล,โรงพยาบาลพล,ACTIVE
TTMT,9203258,น้ำมันไพลในน้ำมันงา,พลทิพย์,ยาเข้าน้ำมัน,โรงพยาบาลพล,ACTIVE
TTMT,9203262,บรรเทาริดสีดวงทวาร (รพ.พล),พลทิพย์,ยาแคปซูล,โรงพยาบาลพล,ACTIVE
TTMT,9203483,ประสะน้ำนมเบอร์ 1 ,พลทิพย์,ยาต้ม,โรงพยาบาลพล,ACTIVE
TTMT,9203496,ประสะน้ำนมเบอร์ 2,พลทิพย์,ยาต้ม,โรงพยาบาลพล,ACTIVE
TTMT,9203505,ประสะน้ำนมเบอร์ 3,พลทิพย์,ยาต้ม,โรงพยาบาลพล,ACTIVE
TTMT,9203514,ประสะน้ำนมเบอร์ 4,พลทิพย์,ยาต้ม,โรงพยาบาลพล,ACTIVE
TTMT,9203522,ประสะน้ำนมเบอร์ 5,พลทิพย์,ยาต้ม,โรงพยาบาลพล,ACTIVE
TTMT,9203533,ประสะน้ำนมเบอร์ 6,พลทิพย์,ยาต้ม,โรงพยาบาลพล,ACTIVE
TTMT,9203611,ประสะไพล ,พลทิพย์,ยาลูกกลอน,โรงพยาบาลพล,ACTIVE
TTMT,9203837,มธุรเมหะ (รพ.พล),พลทิพย์,ยาแคปซูล,โรงพยาบาลพล,ACTIVE
TTMT,9203939,ยาถ่าย สูตร 1,พลทิพย์,ยาต้ม,โรงพยาบาลพล,ACTIVE
TTMT,9203941,ยาถ่าย สูตร 2,พลทิพย์,ยาต้ม,โรงพยาบาลพล,ACTIVE
TTMT,9203956,ยาถ่าย สูตร 3,พลทิพย์,ยาผง,โรงพยาบาลพล,ACTIVE
TTMT,9203973,ยาประคบ,พลทิพย์,ยาประคบ,โรงพยาบาลพล,ACTIVE
TTMT,9204063,สมุนไพรอบตัว,พลทิพย์,ยาต้ม,โรงพยาบาลพล,ACTIVE
TTMT,9204118,สหัศธารา,พลทิพย์,ยาแคปซูล,โรงพยาบาลพล,ACTIVE
TTMT,9204125,หม่องไพล/บาล์มไพล/ไพลบาล์ม / ขี้ผึ้งไพล,พลทิพย์,ขี้ผึ้ง,โรงพยาบาลพล,ACTIVE
TTMT,9204139,หม่องเสลดพังพอน/เสลดพังพอนบาล์ม/หม่องพญายอ/ขี้ผึ้งพญายอ/ขี้ผึ้งเสลดพังพอน,พลทิพย์,ขี้ผึ้ง,โรงพยาบาลพล,ACTIVE
TTMT,9204141,หลังคลอด (รพ.พล),พลทิพย์,ยาต้ม,โรงพยาบาลพล,ACTIVE
TTMT,9204211,หอมนวโกฐ,พลทิพย์,ยาผง,โรงพยาบาลพล,ACTIVE
TTMT,9204269,หอมอินทจักร,พลทิพย์,ยาลูกกลอน,โรงพยาบาลพล,ACTIVE
TTMT,9204379,อำมฤควาที,พลทิพย์,ยาลูกกลอน,โรงพยาบาลพล,ACTIVE
TTMT,9205275,ยาประคบ,ยาประคบ,ยาประคบ,โรงพยาบาลนาแห้ว,ACTIVE
TTMT,9207704,ยาประคบ,ยาประคบ,ยาประคบ,โรงพยาบาลเซกา,ACTIVE
TTMT,9207838,สหัศธารา,สหัศธารา,ยาแคปซูล,โรงพยาบาลเซกา,ACTIVE
TTMT,9210783,น้ำมันไพล,น้ำมันไพล,ยาเข้าน้ำมัน,โรงพยาบาลบรบือ,ACTIVE
TTMT,9212595,ยาประคบ,ยาประคบ,ยาประคบ,โรงพยาบาลพยัคฆภูมิพิสัย,ACTIVE
TTMT,9213821,ยาประคบ,ยาประคบ,ยาประคบ,โรงพยาบาลวาปีปทุม,ACTIVE
TTMT,9215046,ยาประคบ,ยาประคบ,ยาประคบ,โรงพยาบาลยางสีสุราช,ACTIVE
TTMT,9218696,ยาประคบ,ยาประคบ,ยาประคบ,โรงพยาบาลอาจสามารถ,ACTIVE
TTMT,9219920,ยาประคบ,ยาประคบ,ยาประคบ,โรงพยาบาลนามน,ACTIVE
TTMT,9222353,ยาประคบ,ยาประคบ,ยาประคบ,โรงพยาบาลเขาวง,ACTIVE
TTMT,9223581,ยาประคบ,ยาประคบ,ยาประคบ,โรงพยาบาลสมเด็จ,ACTIVE
TTMT,9225346,ตำรับโคคลาน,ตำรับโคคลาน,ยาต้ม,โรงพยาบาลพระอาจารย์ฝั้นอาจาโร,ACTIVE
TTMT,9226043,ยาประคบ,ยาประคบ,ยาประคบ,โรงพยาบาลพระอาจารย์ฝั้นอาจาโร,ACTIVE
TTMT,9226138,สมุนไพรอบตัว,สมุนไพรอบตัว,ยาต้ม,โรงพยาบาลพระอาจารย์ฝั้นอาจาโร,ACTIVE
TTMT,9228493,ยาประคบ,ยาประคบ,ยาประคบ,โรงพยาบาลวาริชภูมิ,ACTIVE
TTMT,9233384,ยาประคบ,ยาประคบ,ยาประคบ,โรงพยาบาลเรณูนคร,ACTIVE
TTMT,9235243,น้ำมันไพล,น้ำมันไพล,ยาเข้าน้ำมัน,โรงพยาบาลดอนตาล,ACTIVE
TTMT,9235844,ยาประคบ,ยาประคบ,ยาประคบ,โรงพยาบาลดอนตาล,ACTIVE
TTMT,9238293,ยาประคบ,ยาประคบ,ยาประคบ,โรงพยาบาลจอมทอง,ACTIVE
TTMT,9238943,บรรเทาริดสีดวงทวาร (รพ.แม่แจ่ม),บรรเทาริดสีดวงทวาร (รพ.แม่แจ่ม),ยาลูกกลอน,โรงพยาบาลแม่แจ่ม,ACTIVE
TTMT,9239540,ยาประคบ,ยาประคบ,ยาประคบ,โรงพยาบาลแม่แจ่ม,ACTIVE
TTMT,9239689,สหัศธารา,สหัศธารา,ยาแคปซูล,โรงพยาบาลแม่แจ่ม,ACTIVE
TTMT,9240799,ยาประคบ,ยาประคบ,ยาประคบ,โรงพยาบาลแม่แตง,ACTIVE
TTMT,9242939,ประสะไพล ,ประสะไพล,ยาแคปซูล,โรงพยาบาลฝาง,ACTIVE
TTMT,9243254,ยาประคบ,ยาประคบ,ยาประคบ,โรงพยาบาลฝาง,ACTIVE
TTMT,9244484,ยาประคบ,ยาประคบ,ยาประคบ,โรงพยาบาลดอยเต่า,ACTIVE
TTMT,9245134,บรรเทาริดสีดวงทวาร (รพ.ลี้),บรรเทาริดสีดวงทวาร (รพ.ลี้),ยาแคปซูล,โรงพยาบาลลี้,ACTIVE
TTMT,9245229,เบญจกูล / พิกัดเบญจกูล,เบญจกูล,ยาแคปซูล,โรงพยาบาลลี้,ACTIVE
TTMT,9245860,สหัศธารา,สหัศธารา,ยาแคปซูล,โรงพยาบาลลี้,ACTIVE
TTMT,9246985,ยาประคบ,ยาประคบ,ยาประคบ,โรงพยาบาลทุ่งหัวช้าง,ACTIVE
TTMT,9247627,น้ำมันไพล,น้ำมันไพล,ยาเข้าน้ำมัน,โรงพยาบาลป่าซาง,ACTIVE
TTMT,9248226,ยาประคบ,ยาประคบ,ยาประคบ,โรงพยาบาลป่าซาง,ACTIVE
TTMT,9253085,ยาประคบ,ยาประคบ,ยาประคบ,โรงพยาบาลแม่พริก,ACTIVE
TTMT,9254317,ยาประคบ,ยาประคบ,ยาประคบ,โรงพยาบาลแม่ทะ,ACTIVE
TTMT,9255534,ยาประคบ,ยาประคบ,ยาประคบ,โรงพยาบาลห้างฉัตร,ACTIVE
TTMT,9257091,กล้วยขมิ้น,กล้วยขมิ้น,ยาแคปซูล,โรงพยาบาลพิชัย,ACTIVE
TTMT,9257707,ประสะไพล ,ประสะไพล,ยาแคปซูล,โรงพยาบาลพิชัย,ACTIVE
TTMT,9258021,ยาประคบ,ยาประคบ,ยาประคบ,โรงพยาบาลพิชัย,ACTIVE
TTMT,9258111,สมุนไพรอบตัว,สมุนไพรอบตัว,ยาต้ม,โรงพยาบาลพิชัย,ACTIVE
TTMT,9259265,ยาประคบ,ยาประคบ,ยาประคบ,โรงพยาบาลทองแสนขัน,ACTIVE
TTMT,9262911,ยาประคบ,ยาประคบสมุนไพร 1 (รพ.แม่ใจ),ยาประคบ,โรงพยาบาลแม่ใจ,ACTIVE
TTMT,9263008,สมุนไพรอบตัว,ยาอบสมุนไพร (รพ.แม่ใจ),ยาต้ม,โรงพยาบาลแม่ใจ,ACTIVE
TTMT,9263507,จันทน์ลีลา,จันทน์ลีลา,ยาแคปซูล,โรงพยาบาลเทิง,ACTIVE
TTMT,9263613,ทศเบญจกูล  ,ทศเบญจกูล  ,ยาแคปซูล,โรงพยาบาลเทิง,ACTIVE
TTMT,9263666,ธรณีสันฑะฆาต,ธรณีสันฑะฆาต,ยาแคปซูล,โรงพยาบาลเทิง,ACTIVE
TTMT,9263700,ธาตุบรรจบ ,ธาตุบรรจบ,ยาแคปซูล,โรงพยาบาลเทิง,ACTIVE
TTMT,9263728,บรรเทาริดสีดวงทวาร (รพ.เทิง),บรรเทาริดสีดวงทวาร (รพ.เทิง),ยาแคปซูล,โรงพยาบาลเทิง,ACTIVE
TTMT,9263904,ประสะกานพลู ,ประสะกานพลู,ยาแคปซูล,โรงพยาบาลเทิง,ACTIVE
TTMT,9264041,ประสะไพล ,ประสะไพล,ยาแคปซูล,โรงพยาบาลเทิง,ACTIVE
TTMT,9264266,ไฟประลัยกัลป์,ไฟประลัยกัลป์,ยาแคปซูล,โรงพยาบาลเทิง,ACTIVE
TTMT,9264428,ยาประคบ,ยาประคบ,ยาประคบ,โรงพยาบาลเทิง,ACTIVE
TTMT,9264561,สหัศธารา,สหัศธารา,ยาแคปซูล,โรงพยาบาลเทิง,ACTIVE
TTMT,9264767,อภัยสาลี,อภัยสาลี,ยาแคปซูล,โรงพยาบาลเทิง,ACTIVE
TTMT,9267336,คลายเส้น (พญาเม็งราย),ยาคลายเส้น,ยาแคปซูล,โรงพยาบาลพญาเม็งราย,ACTIVE
TTMT,9267370,จันทน์ลีลา,จันทน์ลีลาแคปซูล,ยาแคปซูล,โรงพยาบาลพญาเม็งราย,ACTIVE
TTMT,9267826,ประสะไพล ,ประสะไพลแคปซูล,ยาแคปซูล,โรงพยาบาลพญาเม็งราย,ACTIVE
TTMT,9268140,ยาประคบ,ลูกประคบ,ยาประคบ,โรงพยาบาลพญาเม็งราย,ACTIVE
TTMT,9268234,สมุนไพรอบตัว,ยาอบสมุนไพร,ยาต้ม,โรงพยาบาลพญาเม็งราย,ACTIVE
TTMT,9270582,ยาประคบ,ยาประคบ,ยาประคบ,โรงพยาบาลแม่ลาว,ACTIVE
TTMT,9271829,ยาประคบ,ยาประคบ,ยาประคบ,โรงพยาบาลขุนยวม,ACTIVE
TTMT,9273067,ยาประคบ,ยาประคบ,ยาประคบ,โรงพยาบาลปาย,ACTIVE
TTMT,9273079,ยาประคบ,ยาประคบ,ยาประคบ,โรงพยาบาลปาย,ACTIVE
TTMT,9276733,ยาประคบ,ยาประคบ,ยาประคบ,โรงพยาบาลโกรกพระ,ACTIVE
TTMT,9279195,ยาประคบ,ยาประคบ,ยาประคบ,โรงพยาบาลบรรพตพิสัย,ACTIVE
TTMT,9281653,ยาประคบ,ยาประคบ,ยาประคบ,โรงพยาบาลสว่างอารมณ์,ACTIVE
TTMT,9284090,ยาประคบ,ยาประคบ,ยาประคบ,โรงพยาบาลขาณุวรลักษบุรี,ACTIVE
TTMT,9284734,น้ำมันไพล,น้ำมันไพล,ยาเข้าน้ำมัน,โรงพยาบาลบ้านตาก,ACTIVE
TTMT,9285025,ประสะไพล ,ประสะไพล แคปซูล,ยาแคปซูล,โรงพยาบาลบ้านตาก,ACTIVE
TTMT,9285348,ยาประคบ,ลูกประคบ,ยาประคบ,โรงพยาบาลบ้านตาก,ACTIVE
TTMT,9285437,สมุนไพรอบตัว,ชุดอบ,ยาต้ม,โรงพยาบาลบ้านตาก,ACTIVE
TTMT,9285485,หม่องตะไคร้/หม่องตะไคร้หอม,ยาหม่องตะไคร้หอม,ขี้ผึ้ง,โรงพยาบาลบ้านตาก,ACTIVE
TTMT,9285492,หม่องพริกไพล,ยาหม่องพริกไพล,ขี้ผึ้ง,โรงพยาบาลบ้านตาก,ACTIVE
TTMT,9285503,หม่องเสลดพังพอน/เสลดพังพอนบาล์ม/หม่องพญายอ/ขี้ผึ้งพญายอ/ขี้ผึ้งเสลดพังพอน,ยาหม่องเสลดพังพอน,ขี้ผึ้ง,โรงพยาบาลบ้านตาก,ACTIVE
TTMT,9285590,หอมสินธร,หอมสินธร,ยาผง,โรงพยาบาลบ้านตาก,ACTIVE
TTMT,9287827,ยาประคบ,ยาประคบ,ยาประคบ,โรงพยาบาลชาติตระการ,ACTIVE
TTMT,9288160,แก้ลมขึ้นเบื้องสูง (รพ.บางกระทุ่ม),ยาแก้ลมขึ้นเบื้องสูงแคปซูล,ยาแคปซูล,โรงพยาบาลบางกระทุ่ม,ACTIVE
TTMT,9288346,จันทน์ลีลา,จันทน์ลีลาแคปซูล,ยาแคปซูล,โรงพยาบาลบางกระทุ่ม,ACTIVE
TTMT,9288419,ตำรับโคคลาน,ยาผสมโคคลานแคปซูล,ยาแคปซูล,โรงพยาบาลบางกระทุ่ม,ACTIVE
TTMT,9288604,เบญจกูล / พิกัดเบญจกูล,เบญจกูล,ยาชง,โรงพยาบาลบางกระทุ่ม,ACTIVE
TTMT,9288615,เบญจกูล / พิกัดเบญจกูล,เบญจกูล,ยาผง,โรงพยาบาลบางกระทุ่ม,ACTIVE
TTMT,9288823,ประสะไพล ,ประสะไพลแคปซูล,ยาแคปซูล,โรงพยาบาลบางกระทุ่ม,ACTIVE
TTMT,9289049,ภูมิชีวา  ,ภูมิชีวาแคปซูล,ยาแคปซูล,โรงพยาบาลบางกระทุ่ม,ACTIVE
TTMT,9289168,ยาประคบ,ยาประคบ,ยาประคบ,โรงพยาบาลบางกระทุ่ม,ACTIVE
TTMT,9289175,ยาหอม  ,ยาหอม,ยาผง,โรงพยาบาลบางกระทุ่ม,ACTIVE
TTMT,9289264,สมุนไพรอบตัว,สมุนไพรอบตัว,ยาต้ม,โรงพยาบาลบางกระทุ่ม,ACTIVE
TTMT,9289272,สมุนไพรอบตัว,สมุนไพรอบตัว,ยาต้ม,โรงพยาบาลบางกระทุ่ม,ACTIVE
TTMT,9289326,สหัศธารา,สหัศธาราแคปซูล,ยาแคปซูล,โรงพยาบาลบางกระทุ่ม,ACTIVE
TTMT,9289467,ห้าราก / แก้ไข้ห้าราก / แก้วห้าดวง / เบญจโลกวิเชียร ,ห้ารากแคปซูล,ยาแคปซูล,โรงพยาบาลบางกระทุ่ม,ACTIVE
TTMT,9289479,เหงือกปลาหมอพริกไทย,เหงือกปลาหมอผสมพริกไทยดำแคปซูล,ยาแคปซูล,โรงพยาบาลบางกระทุ่ม,ACTIVE
TTMT,9289530,อภัยสาลี,อภัยสาลี,ยาแคปซูล,โรงพยาบาลบางกระทุ่ม,ACTIVE
TTMT,9290460,ยาประคบ,ยาประคบ,ยาประคบ,โรงพยาบาลวังทอง,ACTIVE
TTMT,9291708,ยาประคบ,ยาประคบสมุนไพรสด,ยาประคบ,โรงพยาบาลทับคล้อ,ACTIVE
TTMT,9292935,ยาประคบ,ยาประคบ,ยาประคบ,โรงพยาบาลหล่มสัก,ACTIVE
TTMT,9294168,ยาประคบ,ยาประคบ,ยาประคบ,โรงพยาบาลหนองไผ่,ACTIVE
TTMT,9294175,ยาประคบ,ยาประคบ,ยาประคบ,โรงพยาบาลหนองไผ่,ACTIVE
TTMT,9294181,ยาประคบ,ยาประคบ,ยาประคบ,โรงพยาบาลหนองไผ่,ACTIVE
TTMT,9295406,ยาประคบ,ยาประคบ,ยาประคบ,โรงพยาบาลบึงสามพัน,ACTIVE
TTMT,9301495,ยาประคบ,ยาประคบ,ยาประคบ,โรงพยาบาลด่านมะขามเตี้ย,ACTIVE
TTMT,9301993,จันทน์ลีลา,จันทน์ลีลา,ยาแคปซูล,โรงพยาบาลอู่ทอง,ACTIVE
TTMT,9302137,ธรณีสันฑะฆาต,ธรณีสันฑะฆาตแคปซูล,ยาแคปซูล,โรงพยาบาลอู่ทอง,ACTIVE
TTMT,9302185,น้ำมันไพล,น้ำมันไพล,ยาเข้าน้ำมัน,โรงพยาบาลอู่ทอง,ACTIVE
TTMT,9302279,เบญจกูล / พิกัดเบญจกูล,เบญจกูลแคปซูล,ยาแคปซูล,โรงพยาบาลอู่ทอง,ACTIVE
TTMT,9302486,ประสะไพล ,ประสะไพล,ยาแคปซูล,โรงพยาบาลอู่ทอง,ACTIVE
TTMT,9302809,ยาประคบ,ยาลูกประคบ,ยาประคบ,โรงพยาบาลอู่ทอง,ACTIVE
TTMT,9302948,สหัศธารา,สหัศธารา,ยาแคปซูล,โรงพยาบาลอู่ทอง,ACTIVE
TTMT,9303020,หอมนวโกฐ,หอมนวโกฐยาชง,ยาผง,โรงพยาบาลอู่ทอง,ACTIVE
TTMT,9303106,ห้าราก / แก้ไข้ห้าราก / แก้วห้าดวง / เบญจโลกวิเชียร ,ยาห้ารากแคปซูล,ยาแคปซูล,โรงพยาบาลอู่ทอง,ACTIVE
TTMT,9303110,เหงือกปลาหมอพริกไทย,เหงือกปลาหมอพริกไทยแคปซูล,ยาแคปซูล,โรงพยาบาลอู่ทอง,ACTIVE
TTMT,9303771,ประสะไพล ,ประสะไพล,ยาเม็ด,โรงพยาบาลห้วยพลู,ACTIVE
TTMT,9304297,หอมนวโกฐ,หอมนวโกฐ,ยาผง,โรงพยาบาลห้วยพลู,ACTIVE
TTMT,9305334,ยาประคบ,ยาประคบ,ยาประคบ,โรงพยาบาลดอนตูม,ACTIVE
TTMT,9306564,ยาประคบ,ยาประคบ,ยาประคบ,โรงพยาบาลสามพราน,ACTIVE
TTMT,9313028,แก้ไอมะแว้ง ,ยาแก้ไอมะแว้งโรงพยาบาลท่าฉาง,ยาลูกกลอน,โรงพยาบาลท่าฉาง,ACTIVE
TTMT,9313160,ตำรับชุมเห็ดเทศ,ตำรับชุมเห็ดเทศ,ยาชง,โรงพยาบาลท่าฉาง,ACTIVE
TTMT,9313276,น้ำมันไพล,ยาน้ำมันไพลโรงพยาบาลท่าฉาง,ยาเข้าน้ำมัน,โรงพยาบาลท่าฉาง,ACTIVE
TTMT,9313875,ยาประคบ,ยาประคบโรงพยาบาลท่าฉาง,ยาประคบ,โรงพยาบาลท่าฉาง,ACTIVE
TTMT,9313966,สมุนไพรอบตัว,ยาสมุนไพรอบตัวโรงพยาบาลท่าฉาง,ยาต้ม,โรงพยาบาลท่าฉาง,ACTIVE
TTMT,9314010,สหัศธารา,ยาสหัศธาราโรงพยาบาลท่าฉาง,ยาแคปซูล,โรงพยาบาลท่าฉาง,ACTIVE
TTMT,9315122,ยาประคบ,ยาประคบ,ยาประคบ,โรงพยาบาลท่าแซะ,ACTIVE
TTMT,9317571,ยาประคบ,ยาประคบ,ยาประคบ,โรงพยาบาลควนโดน,ACTIVE
TTMT,9318793,ยาประคบ,ยาประคบ,ยาประคบ,โรงพยาบาลควนกาหลง,ACTIVE
TTMT,9319135,แก้กษัยเส้น(รพ.ท่าแพ),แก้กษัยเส้น(รพ.ท่าแพ),ยาแคปซูล,โรงพยาบาลท่าแพ,ACTIVE
TTMT,9320497,จันทน์ลีลา,จันทน์ลีลา,ยาแคปซูล,โรงพยาบาลละงู,ACTIVE
TTMT,9320654,ธาตุบรรจบ ,ธาตุบรรจบ ,ยาแคปซูล,โรงพยาบาลละงู,ACTIVE
TTMT,9321010,ประสะมะแว้ง,ประสะมะแว้ง,ยาแคปซูล,โรงพยาบาลละงู,ACTIVE
TTMT,9321291,ยาประคบ,ยาประคบ,ยาประคบ,โรงพยาบาลละงู,ACTIVE
TTMT,9321386,สมุนไพรอบตัว,สมุนไพรอบตัว,ยาต้ม,โรงพยาบาลละงู,ACTIVE
TTMT,9321431,สหัศธารา,สหัศธารา,ยาแคปซูล,โรงพยาบาลละงู,ACTIVE
TTMT,9321522,หอมนวโกฐ,หอมนวโกฐ,ยาผง,โรงพยาบาลละงู,ACTIVE
TTMT,9321607,ห้าราก / แก้ไข้ห้าราก / แก้วห้าดวง / เบญจโลกวิเชียร ,ยาเบญจโลกวิเชียร ,ยาแคปซูล,โรงพยาบาลละงู,ACTIVE
TTMT,9322707,สหัศธารา,สหัศธารา,ยาแคปซูล,โรงพยาบาลย่านตาขาว,ACTIVE
TTMT,9322931,แก้ลมขัดในข้อ (รพ.ห้วยยอด),แก้ลมขัดในข้อ,ยาลูกกลอน,โรงพยาบาลห้วยยอด,ACTIVE
TTMT,9323225,ธาตุบรรจบ ,ธาตุบรรจบลูกกลอน,ยาลูกกลอน,โรงพยาบาลห้วยยอด,ACTIVE
TTMT,9323241,น้ำมันไพล,น้ำมันไพล,ยาเข้าน้ำมัน,โรงพยาบาลห้วยยอด,ACTIVE
TTMT,9323256,บรรเทาริดสีดวงทวาร (รพ.ห้วยยอด),บรรเทาริดสีดวงทวาร (รพ.ห้วยยอด),ยาลูกกลอน,โรงพยาบาลห้วยยอด,ACTIVE
TTMT,9323554,ประสะไพล ,ประสะไพล,ยาลูกกลอน,โรงพยาบาลห้วยยอด,ACTIVE
TTMT,9323992,สหัศธารา,สหัศธารา,ยาลูกกลอน,โรงพยาบาลห้วยยอด,ACTIVE
TTMT,9324061,หอมนวโกฐ,ยาผงหอมนวโกฐ,ยาผง,โรงพยาบาลห้วยยอด,ACTIVE
TTMT,9324090,หอมบำรุงหัวใจ,หอมบำรุงหัวใจ,ยาผง,โรงพยาบาลห้วยยอด,ACTIVE
TTMT,9324159,ห้าราก / แก้ไข้ห้าราก / แก้วห้าดวง / เบญจโลกวิเชียร ,ยาเบญจโลกวิเชียรลูกกลอน,ยาลูกกลอน,โรงพยาบาลห้วยยอด,ACTIVE
TTMT,9325127,ยาประคบ,ยาประคบ,ยาประคบ,โรงพยาบาลเขาชัยสน,ACTIVE
TTMT,9326347,ยาประคบ,ยาประคบ PBH,ยาประคบ,โรงพยาบาลป่าบอน,ACTIVE
TTMT,9328783,ยาประคบ,ยาประคบ,ยาประคบ,โรงพยาบาลหนองจิก,ACTIVE
TTMT,9330003,ยาประคบ,ยาประคบ,ยาประคบ,โรงพยาบาลปะนาเระ,ACTIVE
TTMT,9330639,น้ำมันไพล,น้ำมันไพล,ยาเข้าน้ำมัน,โรงพยาบาลทุ่งยางแดง,ACTIVE
TTMT,9331234,ยาประคบ,ยาประคบ,ยาประคบ,โรงพยาบาลทุ่งยางแดง,ACTIVE
TTMT,9333685,ยาประคบ,ลูกประคบสมุนไพร,ยาประคบ,โรงพยาบาลสมเด็จพระยุพราชด่านซ้าย,ACTIVE
TTMT,9334903,ยาประคบ,ยาประคบ,ยาประคบ,โรงพยาบาลสมเด็จพระยุพราชธาตุพนม,ACTIVE
TTMT,9337333,ยาประคบ,ยาประคบ,ยาประคบ,โรงพยาบาลสมเด็จพระยุพราชปัว,ACTIVE
TTMT,9338566,ยาประคบ,ยาประคบ,ยาประคบ,โรงพยาบาลสมเด็จพระยุพราชนครไทย,ACTIVE
TTMT,9339808,ยาประคบ,ยาประคบ,ยาประคบ,โรงพยาบาลสมเด็จพระยุพราชตะพานหิน,ACTIVE
TTMT,9339947,สหัศธารา,สหัศธารา,ยาแคปซูล,โรงพยาบาลสมเด็จพระยุพราชตะพานหิน,ACTIVE
TTMT,9342255,ยาประคบ,ยาประคบ,ยาประคบ,โรงพยาบาลสมเด็จพระยุพราชสายบุรี,ACTIVE
TTMT,9343486,ยาประคบ,ยาประคบ 150 กรัม รพร.ยะหา,ยาประคบ,โรงพยาบาลสมเด็จพระยุพราชยะหา,ACTIVE
TTMT,9343570,สมุนไพรอบตัว,สมุนไพรอบตัว 100 กรัม รพร.ยะหา,ยาต้ม,โรงพยาบาลสมเด็จพระยุพราชยะหา,ACTIVE
TTMT,9345955,ยาประคบ,ยาประคบ,ยาประคบ,ศูนย์อนามัยที่ 11,ACTIVE
TTMT,9346648,เขียวหอม,เขียวหอม,ยาเม็ด,วิทยาลัยการสาธารณสุขสิริธร จังหวัดพิษณุโลก,ACTIVE
TTMT,9346682,จันทน์ลีลา,จันทน์ลีลา,ยาเม็ด,วิทยาลัยการสาธารณสุขสิริธร จังหวัดพิษณุโลก,ACTIVE
TTMT,9346695,จันทน์ลีลา,จันทน์ลีลา,ยาผง,วิทยาลัยการสาธารณสุขสิริธร จังหวัดพิษณุโลก,ACTIVE
TTMT,9346837,ตำรับบัวบก,บัวบก,ยาลูกกลอน,วิทยาลัยการสาธารณสุขสิริธร จังหวัดพิษณุโลก,ACTIVE
TTMT,9346863,ถ่ายดีเกลือฝรั่ง ,ถ่ายดีเกลือฝรั่ง,ยาผง,วิทยาลัยการสาธารณสุขสิริธร จังหวัดพิษณุโลก,ACTIVE
TTMT,9346871,ถ่ายดีเกลือฝรั่ง ,ถ่ายดีเกลือฝรั่ง,ยาเม็ด,วิทยาลัยการสาธารณสุขสิริธร จังหวัดพิษณุโลก,ACTIVE
TTMT,9346939,ธรณีสันฑะฆาต,ธรณีสันฑะฆาต,ยาแคปซูล,วิทยาลัยการสาธารณสุขสิริธร จังหวัดพิษณุโลก,ACTIVE
TTMT,9346941,ธรณีสันฑะฆาต,ธรณีสันฑะฆาต,ยาลูกกลอน,วิทยาลัยการสาธารณสุขสิริธร จังหวัดพิษณุโลก,ACTIVE
TTMT,9346973,ธาตุบรรจบ ,ธาตุบรรจบ,ยาเม็ด,วิทยาลัยการสาธารณสุขสิริธร จังหวัดพิษณุโลก,ACTIVE
TTMT,9347025,บรรเทาริดสีดวงทวาร สูตร 1 ,บรรเทาริดสีดวงทวาร สูตร 1,ยาแคปซูล,วิทยาลัยการสาธารณสุขสิริธร จังหวัดพิษณุโลก,ACTIVE
TTMT,9347039,บรรเทาริดสีดวงทวาร สูตร 2,บรรเทาริดสีดวงทวาร สูตร 2,ยาแคปซูล,วิทยาลัยการสาธารณสุขสิริธร จังหวัดพิษณุโลก,ACTIVE
TTMT,9347041,บรรเทาริดสีดวงทวาร สูตร 2,บรรเทาริดสีดวงทวาร สูตร 2,ยาผง,วิทยาลัยการสาธารณสุขสิริธร จังหวัดพิษณุโลก,ACTIVE
TTMT,9347221,ประสะกะเพรา,ประสะกะเพรา,ยาแคปซูล,วิทยาลัยการสาธารณสุขสิริธร จังหวัดพิษณุโลก,ACTIVE
TTMT,9347395,ประสะไพล ,ประสะไพล,ยาแคปซูล,วิทยาลัยการสาธารณสุขสิริธร จังหวัดพิษณุโลก,ACTIVE
TTMT,9347444,ประสะมะแว้ง,ประสะมะแว้ง,ยาเม็ด,วิทยาลัยการสาธารณสุขสิริธร จังหวัดพิษณุโลก,ACTIVE
TTMT,9347492,ปลูกไฟธาตุ,ปลูกไฟธาตุ,ยาแคปซูล,วิทยาลัยการสาธารณสุขสิริธร จังหวัดพิษณุโลก,ACTIVE
TTMT,9347808,ยาประคบ,ยาประคบ,ยาประคบ,วิทยาลัยการสาธารณสุขสิริธร จังหวัดพิษณุโลก,ACTIVE
TTMT,9347952,สหัศธารา,สหัศธารา,ยาแคปซูล,วิทยาลัยการสาธารณสุขสิริธร จังหวัดพิษณุโลก,ACTIVE
TTMT,9348024,หอมเทพจิตร,หอมเทพจิตร,ยาเม็ด,วิทยาลัยการสาธารณสุขสิริธร จังหวัดพิษณุโลก,ACTIVE
TTMT,9348030,หอมเทพจิตร,หอมเทพจิตร,ยาผง,วิทยาลัยการสาธารณสุขสิริธร จังหวัดพิษณุโลก,ACTIVE
TTMT,9348069,หอมนวโกฐ,หอมนวโกฐ,ยาผง,วิทยาลัยการสาธารณสุขสิริธร จังหวัดพิษณุโลก,ACTIVE
TTMT,9348076,หอมนวโกฐ,หอมนวโกฐ,ยาเม็ด,วิทยาลัยการสาธารณสุขสิริธร จังหวัดพิษณุโลก,ACTIVE
TTMT,9348167,ห้าราก / แก้ไข้ห้าราก / แก้วห้าดวง / เบญจโลกวิเชียร ,ห้าราก,ยาแคปซูล,วิทยาลัยการสาธารณสุขสิริธร จังหวัดพิษณุโลก,ACTIVE
TTMT,9348179,ห้าราก / แก้ไข้ห้าราก / แก้วห้าดวง / เบญจโลกวิเชียร ,ห้าราก,ยาต้ม,วิทยาลัยการสาธารณสุขสิริธร จังหวัดพิษณุโลก,ACTIVE
TTMT,9348216,เหลืองปิดสมุทร,เหลืองปิดสมุทร,ยาแคปซูล,วิทยาลัยการสาธารณสุขสิริธร จังหวัดพิษณุโลก,ACTIVE
TTMT,9348631,ตำรับหญ้าหนวดแมว สูตร 1,ตำรับหญ้าหนวดแมว สูตร 2,ยาต้ม,โรงพยาบาลราชสาส์น,ACTIVE
TTMT,9348649,ตำรับหญ้าหนวดแมว สูตร 2,ตำรับหญ้าหนวดแมว สูตร 3,ยาต้ม,โรงพยาบาลราชสาส์น,ACTIVE
TTMT,9351834,ยาประคบ,ยาประคบ,ยาประคบ,โรงพยาบาลหลวงพ่อเปิ่น,ACTIVE
TTMT,9352105,ห้าราก / แก้ไข้ห้าราก / แก้วห้าดวง / เบญจโลกวิเชียร ,ห้าราก,ยาผง,โรงพยาบาลหลวงพ่อเปิ่น,ACTIVE
TTMT,9353073,ยาประคบ,ยาประคบ,ยาประคบ,โรงพยาบาลซำสูง,ACTIVE
TTMT,9357347,ธรณีสันฑะฆาต,ธรณีสันฑะฆาต,ยาแคปซูล,วิทยาลัยการแพทย์แผนไทย มหาวิทยาลัยเทคโนโลยีราชมงคลธัญบุรี,ACTIVE
TTMT,9357415,บรรเทาริดสีดวงทวาร (วิทยาลัยการแพทย์แผนไทย ม.ราชมงคลธัญบุรี),บรรเทาริดสีดวงทวาร (วิทยาลัยการแพทย์แผนไทย ม.ราชมงคลธัญบุรี),ยาแคปซูล,วิทยาลัยการแพทย์แผนไทย มหาวิทยาลัยเทคโนโลยีราชมงคลธัญบุรี,ACTIVE
TTMT,9357518,เบญจกูล / พิกัดเบญจกูล,เบญจกูล,ยาแคปซูล,วิทยาลัยการแพทย์แผนไทย มหาวิทยาลัยเทคโนโลยีราชมงคลธัญบุรี,ACTIVE
TTMT,9357721,ประสะไพล ,ประสะไพล,ยาแคปซูล,วิทยาลัยการแพทย์แผนไทย มหาวิทยาลัยเทคโนโลยีราชมงคลธัญบุรี,ACTIVE
TTMT,9357914,ไฟประลัยกัลป์,ไฟประลัยกัลป์,ยาแคปซูล,วิทยาลัยการแพทย์แผนไทย มหาวิทยาลัยเทคโนโลยีราชมงคลธัญบุรี,ACTIVE
TTMT,9358052,ยาประคบ,ยาประคบ,ยาประคบ,วิทยาลัยการแพทย์แผนไทย มหาวิทยาลัยเทคโนโลยีราชมงคลธัญบุรี,ACTIVE
TTMT,9358068,ยาประคบ,ยาประคบ,ยาประคบ,วิทยาลัยการแพทย์แผนไทย มหาวิทยาลัยเทคโนโลยีราชมงคลธัญบุรี,ACTIVE
TTMT,9358215,สหัศธารา,สหัศธารา,ยาแคปซูล,วิทยาลัยการแพทย์แผนไทย มหาวิทยาลัยเทคโนโลยีราชมงคลธัญบุรี,ACTIVE
TTMT,9358372,ห้าราก / แก้ไข้ห้าราก / แก้วห้าดวง / เบญจโลกวิเชียร ,ห้าราก,ยาแคปซูล,วิทยาลัยการแพทย์แผนไทย มหาวิทยาลัยเทคโนโลยีราชมงคลธัญบุรี,ACTIVE
TTMT,9358973,เขียวหอม,เขียวหอม,ยาผง,สถาบันวิจัยการแพทย์แผนไทย,ACTIVE
TTMT,9359003,จันทน์ลีลา,จันทน์ลีลา,ยาผง,สถาบันวิจัยการแพทย์แผนไทย,ACTIVE
TTMT,9359019,จันทน์ลีลา,จันทน์ลีลา,ยาแคปซูล,สถาบันวิจัยการแพทย์แผนไทย,ACTIVE
TTMT,9359026,จันทน์ลีลา,จันทน์ลีลา,ยาแคปซูล,สถาบันวิจัยการแพทย์แผนไทย,ACTIVE
TTMT,9359035,จันทน์ลีลา,จันทน์ลีลา,ยาเม็ด,สถาบันวิจัยการแพทย์แผนไทย,ACTIVE
TTMT,9359185,ถ่ายดีเกลือฝรั่ง ,ถ่ายดีเกลือฝรั่ง,ยาแคปซูล,สถาบันวิจัยการแพทย์แผนไทย,ACTIVE
TTMT,9359233,ธรณีสันฑะฆาต,ธรณีสันฑะฆาต,ยาผง,สถาบันวิจัยการแพทย์แผนไทย,ACTIVE
TTMT,9359246,ธรณีสันฑะฆาต,ธรณีสันฑะฆาต,ยาแคปซูล,สถาบันวิจัยการแพทย์แผนไทย,ACTIVE
TTMT,9359280,ธาตุบรรจบ ,ธาตุบรรจบ,ยาแคปซูล,สถาบันวิจัยการแพทย์แผนไทย,ACTIVE
TTMT,9359417,เบญจกูล / พิกัดเบญจกูล,เบญจกูล,ยาแคปซูล,สถาบันวิจัยการแพทย์แผนไทย,ACTIVE
TTMT,9359515,ประสะกะเพรา,ประสะกะเพรา,ยาเม็ด,สถาบันวิจัยการแพทย์แผนไทย,ACTIVE
TTMT,9359558,ประสะกานพลู ,ประสะกานพลู,ยาแคปซูล,สถาบันวิจัยการแพทย์แผนไทย,ACTIVE
TTMT,9359591,ประสะจันทน์แดง ,ประสะจันทน์แดง,ยาแคปซูล,สถาบันวิจัยการแพทย์แผนไทย,ACTIVE
TTMT,9359639,ประสะเจตพังคี,ประสะเจตพังคี,ยาแคปซูล,สถาบันวิจัยการแพทย์แผนไทย,ACTIVE
TTMT,9359641,ประสะเจตพังคี,ประสะเจตพังคี,ยาผง,สถาบันวิจัยการแพทย์แผนไทย,ACTIVE
TTMT,9359734,ประสะไพล ,ประสะไพล,ยาแคปซูล,สถาบันวิจัยการแพทย์แผนไทย,ACTIVE
TTMT,9359781,ประสะมะแว้ง,ประสะมะแว้ง,ยาเม็ด,สถาบันวิจัยการแพทย์แผนไทย,ACTIVE
TTMT,9359930,ไฟประลัยกัลป์,ไฟประลัยกัลป์,ยาแคปซูล,สถาบันวิจัยการแพทย์แผนไทย,ACTIVE
TTMT,9359976,ไฟห้ากอง ,ไฟห้ากอง,ยาแคปซูล,สถาบันวิจัยการแพทย์แผนไทย,ACTIVE
TTMT,9360012,มหาจักรใหญ่,มหาจักรใหญ่,ยาแคปซูล,สถาบันวิจัยการแพทย์แผนไทย,ACTIVE
TTMT,9360020,มหาจักรใหญ่,มหาจักรใหญ่,ยาเม็ด,สถาบันวิจัยการแพทย์แผนไทย,ACTIVE
TTMT,9360065,มหานิลแท่งทอง,มหานิลแท่งทอง,ยาเม็ด,สถาบันวิจัยการแพทย์แผนไทย,ACTIVE
TTMT,9360110,มันทธาตุ,มันทธาตุ,ยาแคปซูล,สถาบันวิจัยการแพทย์แผนไทย,ACTIVE
TTMT,9360201,วิสัมพญาใหญ่,วิสัมพญาใหญ่,ยาแคปซูล,สถาบันวิจัยการแพทย์แผนไทย,ACTIVE
TTMT,9360217,วิสัมพญาใหญ่,วิสัมพญาใหญ่,ยาผง,สถาบันวิจัยการแพทย์แผนไทย,ACTIVE
TTMT,9360229,วิสัมพญาใหญ่,วิสัมพญาใหญ่,ยาแคปซูล,สถาบันวิจัยการแพทย์แผนไทย,ACTIVE
TTMT,9360326,สหัศธารา,สหัศธารา,ยาเม็ด,สถาบันวิจัยการแพทย์แผนไทย,ACTIVE
TTMT,9360374,หอมทิพโอสถ,หอมทิพโอสถ,ยาแคปซูล,สถาบันวิจัยการแพทย์แผนไทย,ACTIVE
TTMT,9360405,หอมเทพจิตร,หอมเทพจิตร,ยาเม็ด,สถาบันวิจัยการแพทย์แผนไทย,ACTIVE
TTMT,9360414,หอมเทพจิตร,หอมเทพจิตร,ยาผง,สถาบันวิจัยการแพทย์แผนไทย,ACTIVE
TTMT,9360446,หอมนวโกฐ,หอมนวโกฐ,ยาผง,สถาบันวิจัยการแพทย์แผนไทย,ACTIVE
TTMT,9360498,หอมอินทจักร,หอมอินทจักร,ยาเม็ด,สถาบันวิจัยการแพทย์แผนไทย,ACTIVE
TTMT,9360507,หอมอินทจักร,หอมอินทจักร,ยาผง,สถาบันวิจัยการแพทย์แผนไทย,ACTIVE
TTMT,9360548,ห้าราก / แก้ไข้ห้าราก / แก้วห้าดวง / เบญจโลกวิเชียร ,ห้าราก,ยาเม็ด,สถาบันวิจัยการแพทย์แผนไทย,ACTIVE
TTMT,9360582,เหลืองปิดสมุทร,เหลืองปิดสมุทร,ยาแคปซูล,สถาบันวิจัยการแพทย์แผนไทย,ACTIVE
TTMT,9360595,เหลืองปิดสมุทร,เหลืองปิดสมุทร,ยาเม็ด,สถาบันวิจัยการแพทย์แผนไทย,ACTIVE
TTMT,9360621,อภัยสาลี,อภัยสาลี,ยาแคปซูล,สถาบันวิจัยการแพทย์แผนไทย,ACTIVE
TTMT,9360650,อำมฤควาที,อำมฤควาที,ยาแคปซูล,สถาบันวิจัยการแพทย์แผนไทย,ACTIVE
TTMT,9360785,เขียวหอม,เขียวหอม,ยาผง,ศูนย์บริการทางการแพทย์แผนไทย มหาวิทยาลัยเทคโนโลยีราชมงคลอีสาน,ACTIVE
TTMT,9360792,เขียวหอม,เขียวหอม,ยาผง,ศูนย์บริการทางการแพทย์แผนไทย มหาวิทยาลัยเทคโนโลยีราชมงคลอีสาน,ACTIVE
TTMT,9360839,จันทน์ลีลา,จันทน์ลีลา,ยาผง,ศูนย์บริการทางการแพทย์แผนไทย มหาวิทยาลัยเทคโนโลยีราชมงคลอีสาน,ACTIVE
TTMT,9360841,จันทน์ลีลา,จันทน์ลีลา,ยาผง,ศูนย์บริการทางการแพทย์แผนไทย มหาวิทยาลัยเทคโนโลยีราชมงคลอีสาน,ACTIVE
TTMT,9360856,จันทน์ลีลา,จันทน์ลีลา,ยาแคปซูล,ศูนย์บริการทางการแพทย์แผนไทย มหาวิทยาลัยเทคโนโลยีราชมงคลอีสาน,ACTIVE
TTMT,9360860,จันทน์ลีลา,จันทน์ลีลา,ยาแคปซูล,ศูนย์บริการทางการแพทย์แผนไทย มหาวิทยาลัยเทคโนโลยีราชมงคลอีสาน,ACTIVE
TTMT,9360873,จันทน์ลีลา,จันทน์ลีลา,ยาเม็ด,ศูนย์บริการทางการแพทย์แผนไทย มหาวิทยาลัยเทคโนโลยีราชมงคลอีสาน,ACTIVE
TTMT,9360970,ถ่ายดีเกลือฝรั่ง ,ถ่ายดีเกลือฝรั่ง,ยาแคปซูล,ศูนย์บริการทางการแพทย์แผนไทย มหาวิทยาลัยเทคโนโลยีราชมงคลอีสาน,ACTIVE
TTMT,9361030,ธรณีสันฑะฆาต,ธรณีสันฑะฆาต,ยาผง,ศูนย์บริการทางการแพทย์แผนไทย มหาวิทยาลัยเทคโนโลยีราชมงคลอีสาน,ACTIVE
TTMT,9361048,ธรณีสันฑะฆาต,ธรณีสันฑะฆาต,ยาผง,ศูนย์บริการทางการแพทย์แผนไทย มหาวิทยาลัยเทคโนโลยีราชมงคลอีสาน,ACTIVE
TTMT,9361082,ธาตุบรรจบ ,ธาตุบรรจบ,ยาเม็ด,ศูนย์บริการทางการแพทย์แผนไทย มหาวิทยาลัยเทคโนโลยีราชมงคลอีสาน,ACTIVE
TTMT,9361095,ธาตุบรรจบ ,ธาตุบรรจบ,ยาผง,ศูนย์บริการทางการแพทย์แผนไทย มหาวิทยาลัยเทคโนโลยีราชมงคลอีสาน,ACTIVE
TTMT,9361263,ประสะกะเพรา,ประสะกะเพรา,ยาเม็ด,ศูนย์บริการทางการแพทย์แผนไทย มหาวิทยาลัยเทคโนโลยีราชมงคลอีสาน,ACTIVE
TTMT,9361302,ประสะกานพลู ,ประสะกานพลู,ยาผง,ศูนย์บริการทางการแพทย์แผนไทย มหาวิทยาลัยเทคโนโลยีราชมงคลอีสาน,ACTIVE
TTMT,9361341,ประสะจันทน์แดง ,ประสะจันทน์แดง,ยาผง,ศูนย์บริการทางการแพทย์แผนไทย มหาวิทยาลัยเทคโนโลยีราชมงคลอีสาน,ACTIVE
TTMT,9361387,ประสะเจตพังคี,ประสะเจตพังคี,ยาผง,ศูนย์บริการทางการแพทย์แผนไทย มหาวิทยาลัยเทคโนโลยีราชมงคลอีสาน,ACTIVE
TTMT,9361432,ประสะเปราะใหญ่,ประสะเปราะใหญ่,ยาผง,ศูนย์บริการทางการแพทย์แผนไทย มหาวิทยาลัยเทคโนโลยีราชมงคลอีสาน,ACTIVE
TTMT,9361484,ประสะไพล ,ประสะไพล,ยาผง,ศูนย์บริการทางการแพทย์แผนไทย มหาวิทยาลัยเทคโนโลยีราชมงคลอีสาน,ACTIVE
TTMT,9361534,ประสะมะแว้ง,ประสะมะแว้ง,ยาเม็ด,ศูนย์บริการทางการแพทย์แผนไทย มหาวิทยาลัยเทคโนโลยีราชมงคลอีสาน,ACTIVE
TTMT,9361683,ไฟประลัยกัลป์,ไฟประลัยกัลป์,ยาผง,ศูนย์บริการทางการแพทย์แผนไทย มหาวิทยาลัยเทคโนโลยีราชมงคลอีสาน,ACTIVE
TTMT,9361727,ไฟห้ากอง ,ไฟห้ากอง,ยาผง,ศูนย์บริการทางการแพทย์แผนไทย มหาวิทยาลัยเทคโนโลยีราชมงคลอีสาน,ACTIVE
TTMT,9361762,มหาจักรใหญ่,มหาจักรใหญ่,ยาเม็ด,ศูนย์บริการทางการแพทย์แผนไทย มหาวิทยาลัยเทคโนโลยีราชมงคลอีสาน,ACTIVE
TTMT,9361801,มหานิลแท่งทอง,มหานิลแท่งทอง,ยาเม็ด,ศูนย์บริการทางการแพทย์แผนไทย มหาวิทยาลัยเทคโนโลยีราชมงคลอีสาน,ACTIVE
TTMT,9361840,มันทธาตุ,มันทธาตุ,ยาผง,ศูนย์บริการทางการแพทย์แผนไทย มหาวิทยาลัยเทคโนโลยีราชมงคลอีสาน,ACTIVE
TTMT,9361872,ยาประคบ,ยาประคบ,ยาประคบ,ศูนย์บริการทางการแพทย์แผนไทย มหาวิทยาลัยเทคโนโลยีราชมงคลอีสาน,ACTIVE
TTMT,9361957,วิสัมพญาใหญ่,วิสัมพญาใหญ่,ยาผง,ศูนย์บริการทางการแพทย์แผนไทย มหาวิทยาลัยเทคโนโลยีราชมงคลอีสาน,ACTIVE
TTMT,9362028,สหัศธารา,สหัศธารา,ยาแคปซูล,ศูนย์บริการทางการแพทย์แผนไทย มหาวิทยาลัยเทคโนโลยีราชมงคลอีสาน,ACTIVE
TTMT,9362063,หอมทิพโอสถ,หอมทิพโอสถ,ยาเม็ด,ศูนย์บริการทางการแพทย์แผนไทย มหาวิทยาลัยเทคโนโลยีราชมงคลอีสาน,ACTIVE
TTMT,9362071,หอมทิพโอสถ,หอมทิพโอสถ,ยาผง,ศูนย์บริการทางการแพทย์แผนไทย มหาวิทยาลัยเทคโนโลยีราชมงคลอีสาน,ACTIVE
TTMT,9362102,หอมเทพจิตร,หอมเทพจิตร,ยาเม็ด,ศูนย์บริการทางการแพทย์แผนไทย มหาวิทยาลัยเทคโนโลยีราชมงคลอีสาน,ACTIVE
TTMT,9362118,หอมเทพจิตร,หอมเทพจิตร,ยาผง,ศูนย์บริการทางการแพทย์แผนไทย มหาวิทยาลัยเทคโนโลยีราชมงคลอีสาน,ACTIVE
TTMT,9362141,หอมนวโกฐ,หอมนวโกฐ,ยาเม็ด,ศูนย์บริการทางการแพทย์แผนไทย มหาวิทยาลัยเทคโนโลยีราชมงคลอีสาน,ACTIVE
TTMT,9362156,หอมนวโกฐ,หอมนวโกฐ,ยาผง,ศูนย์บริการทางการแพทย์แผนไทย มหาวิทยาลัยเทคโนโลยีราชมงคลอีสาน,ACTIVE
TTMT,9362207,หอมอินทจักร,หอมอินทจักร,ยาเม็ด,ศูนย์บริการทางการแพทย์แผนไทย มหาวิทยาลัยเทคโนโลยีราชมงคลอีสาน,ACTIVE
TTMT,9362211,หอมอินทจักร,หอมอินทจักร,ยาผง,ศูนย์บริการทางการแพทย์แผนไทย มหาวิทยาลัยเทคโนโลยีราชมงคลอีสาน,ACTIVE
TTMT,9362253,ห้าราก / แก้ไข้ห้าราก / แก้วห้าดวง / เบญจโลกวิเชียร ,ห้าราก,ยาผง,ศูนย์บริการทางการแพทย์แผนไทย มหาวิทยาลัยเทคโนโลยีราชมงคลอีสาน,ACTIVE
TTMT,9362269,ห้าราก / แก้ไข้ห้าราก / แก้วห้าดวง / เบญจโลกวิเชียร ,ห้าราก,ยาผง,ศูนย์บริการทางการแพทย์แผนไทย มหาวิทยาลัยเทคโนโลยีราชมงคลอีสาน,ACTIVE
TTMT,9362276,ห้าราก / แก้ไข้ห้าราก / แก้วห้าดวง / เบญจโลกวิเชียร ,ห้าราก,ยาผง,ศูนย์บริการทางการแพทย์แผนไทย มหาวิทยาลัยเทคโนโลยีราชมงคลอีสาน,ACTIVE
TTMT,9362282,ห้าราก / แก้ไข้ห้าราก / แก้วห้าดวง / เบญจโลกวิเชียร ,ห้าราก,ยาผง,ศูนย์บริการทางการแพทย์แผนไทย มหาวิทยาลัยเทคโนโลยีราชมงคลอีสาน,ACTIVE
TTMT,9362295,ห้าราก / แก้ไข้ห้าราก / แก้วห้าดวง / เบญจโลกวิเชียร ,ห้าราก,ยาผง,ศูนย์บริการทางการแพทย์แผนไทย มหาวิทยาลัยเทคโนโลยีราชมงคลอีสาน,ACTIVE
TTMT,9362305,ห้าราก / แก้ไข้ห้าราก / แก้วห้าดวง / เบญจโลกวิเชียร ,ห้าราก,ยาผง,ศูนย์บริการทางการแพทย์แผนไทย มหาวิทยาลัยเทคโนโลยีราชมงคลอีสาน,ACTIVE
TTMT,9362314,ห้าราก / แก้ไข้ห้าราก / แก้วห้าดวง / เบญจโลกวิเชียร ,ห้าราก,ยาผง,ศูนย์บริการทางการแพทย์แผนไทย มหาวิทยาลัยเทคโนโลยีราชมงคลอีสาน,ACTIVE
TTMT,9362351,เหลืองปิดสมุทร,เหลืองปิดสมุทร,ยาเม็ด,ศูนย์บริการทางการแพทย์แผนไทย มหาวิทยาลัยเทคโนโลยีราชมงคลอีสาน,ACTIVE
TTMT,9362403,อำมฤควาที,อำมฤควาที,ยาผง,ศูนย์บริการทางการแพทย์แผนไทย มหาวิทยาลัยเทคโนโลยีราชมงคลอีสาน,ACTIVE
TTMT,9363112,ตรีผลา / พิกัดตรีผลา ,ตรีผลา,ยาลูกกลอน,อายุรเวทศิริราช,ACTIVE
TTMT,9363120,ตรีผลา / พิกัดตรีผลา ,ตรีผลา,ยาแคปซูล,อายุรเวทศิริราช,ACTIVE
TTMT,9363131,ตรีผลา / พิกัดตรีผลา ,ตรีผลา,ยาชง,อายุรเวทศิริราช,ACTIVE
TTMT,9363513,บรรเทาริดสีดวงทวาร (อายุรเวทศิริราช),บรรเทาริดสีดวงทวาร (อายุรเวทศิริราช),ยาแคปซูล,อายุรเวทศิริราช,ACTIVE
TTMT,9363532,บรรเทาริดสีดวงทวาร (อายุรเวทศิริราช),บรรเทาริดสีดวงทวาร (อายุรเวทศิริราช),ยาลูกกลอน,อายุรเวทศิริราช,ACTIVE
TTMT,9363606,บำรุงโลหิต,บำรุงโลหิต,ยาเม็ด,อายุรเวทศิริราช,ACTIVE
TTMT,9363610,บำรุงโลหิต,บำรุงโลหิต,ยาแคปซูล,อายุรเวทศิริราช,ACTIVE
TTMT,9363634,บำรุงโลหิตเบอร์ 30 ,บำรุงโลหิตเบอร์ 30 ,ยาลูกกลอน,อายุรเวทศิริราช,ACTIVE
TTMT,9363647,บำรุงโลหิตเบอร์ 30 ,บำรุงโลหิตเบอร์ 30 ,ยาแคปซูล,อายุรเวทศิริราช,ACTIVE
TTMT,9363668,บำรุงโลหิตเบอร์ 43,บำรุงโลหิตเบอร์ 43,ยาแคปซูล,อายุรเวทศิริราช,ACTIVE
TTMT,9363681,บำรุงโลหิตเบอร์ 71,บำรุงโลหิตเบอร์ 71,ยาเม็ด,อายุรเวทศิริราช,ACTIVE
TTMT,9363699,บำรุงโลหิตเบอร์ 71,บำรุงโลหิตเบอร์ 71,ยาแคปซูล,อายุรเวทศิริราช,ACTIVE
TTMT,9363760,เบญจกูล / พิกัดเบญจกูล,เบญจกูล,ยาเม็ด,อายุรเวทศิริราช,ACTIVE
TTMT,9363773,เบญจกูล / พิกัดเบญจกูล,เบญจกูล,ยาชง,อายุรเวทศิริราช,ACTIVE
TTMT,9363940,ประสะจันทน์แดง ,ประสะจันทน์แดง,ยาเม็ด,อายุรเวทศิริราช,ACTIVE
TTMT,9363955,ประสะจันทน์แดง ,ประสะจันทน์แดง,ยาแคปซูล,อายุรเวทศิริราช,ACTIVE
TTMT,9363993,ประสะเจตพังคี,ประสะเจตพังคี,ยาเม็ด,อายุรเวทศิริราช,ACTIVE
TTMT,9364004,ประสะเจตพังคี,ประสะเจตพังคี,ยาแคปซูล,อายุรเวทศิริราช,ACTIVE
TTMT,9364101,ประสะเปราะใหญ่,ประสะเปราะใหญ่,ยาเม็ด,อายุรเวทศิริราช,ACTIVE
TTMT,9364117,ประสะเปราะใหญ่,ประสะเปราะใหญ่,ยาแคปซูล,อายุรเวทศิริราช,ACTIVE
TTMT,9364345,ไฟประลัยกัลป์,ไฟประลัยกัลป์,ยาเม็ด,อายุรเวทศิริราช,ACTIVE
TTMT,9364350,ไฟประลัยกัลป์,ไฟประลัยกัลป์,ยาแคปซูล,อายุรเวทศิริราช,ACTIVE
TTMT,9364397,ไฟห้ากอง ,ไฟห้ากอง,ยาเม็ด,อายุรเวทศิริราช,ACTIVE
TTMT,9364402,ไฟห้ากอง ,ไฟห้ากอง,ยาแคปซูล,อายุรเวทศิริราช,ACTIVE
TTMT,9364563,ยาประคบ,ยาประคบ,ยาประคบ,อายุรเวทศิริราช,ACTIVE
TTMT,9364571,ยาประคบ,ยาประคบ,ยาประคบ,อายุรเวทศิริราช,ACTIVE
TTMT,9364954,สหัศธารา,สหัศธารา,ยาเม็ด,อายุรเวทศิริราช,ACTIVE
TTMT,9364965,สหัศธารา,สหัศธารา,ยาแคปซูล,อายุรเวทศิริราช,ACTIVE
TTMT,9365349,ห้าราก / แก้ไข้ห้าราก / แก้วห้าดวง / เบญจโลกวิเชียร ,ห้าราก,ยาแคปซูล,อายุรเวทศิริราช,ACTIVE
TTMT,9365618,จันทน์ลีลา,จันทน์ลีลา,ยาแคปซูล,คณะการแพทย์แผนตะวันออก มหาวิทยาลัยรังสิต,ACTIVE
TTMT,9365747,ธรณีสันฑะฆาต,ธรณีสันฑะฆาต,ยาแคปซูล,คณะการแพทย์แผนตะวันออก มหาวิทยาลัยรังสิต,ACTIVE
TTMT,9365781,ธาตุบรรจบ ,ธาตุบรรจบ,ยาแคปซูล,คณะการแพทย์แผนตะวันออก มหาวิทยาลัยรังสิต,ACTIVE
TTMT,9365930,ประสะกะเพรา,ประสะกะเพรา,ยาแคปซูล,คณะการแพทย์แผนตะวันออก มหาวิทยาลัยรังสิต,ACTIVE
TTMT,9365976,ประสะกานพลู ,ประสะกานพลู,ยาแคปซูล,คณะการแพทย์แผนตะวันออก มหาวิทยาลัยรังสิต,ACTIVE
TTMT,9366018,ประสะจันทน์แดง ,ประสะจันทน์แดง,ยาแคปซูล,คณะการแพทย์แผนตะวันออก มหาวิทยาลัยรังสิต,ACTIVE
TTMT,9366087,ประสะเปราะใหญ่,ประสะเปราะใหญ่,ยาแคปซูล,คณะการแพทย์แผนตะวันออก มหาวิทยาลัยรังสิต,ACTIVE
TTMT,9366136,ประสะไพล ,ประสะไพล,ยาแคปซูล,คณะการแพทย์แผนตะวันออก มหาวิทยาลัยรังสิต,ACTIVE
TTMT,9366189,ประสะมะแว้ง,ประสะมะแว้ง,ยาผง,คณะการแพทย์แผนตะวันออก มหาวิทยาลัยรังสิต,ACTIVE
TTMT,9366428,มหานิลแท่งทอง,มหานิลแท่งทอง,ยาเม็ด,คณะการแพทย์แผนตะวันออก มหาวิทยาลัยรังสิต,ACTIVE
TTMT,9366463,มันทธาตุ,มันทธาตุ,ยาแคปซูล,คณะการแพทย์แผนตะวันออก มหาวิทยาลัยรังสิต,ACTIVE
TTMT,9366617,สหัศธารา,สหัศธารา,ยาแคปซูล,คณะการแพทย์แผนตะวันออก มหาวิทยาลัยรังสิต,ACTIVE
TTMT,9366693,หอมนวโกฐ,หอมนวโกฐ,ยาผง,คณะการแพทย์แผนตะวันออก มหาวิทยาลัยรังสิต,ACTIVE
TTMT,9366746,หอมอินทจักร,หอมอินทจักร,ยาผง,คณะการแพทย์แผนตะวันออก มหาวิทยาลัยรังสิต,ACTIVE
TTMT,9366812,เหลืองปิดสมุทร,เหลืองปิดสมุทร,ยาแคปซูล,คณะการแพทย์แผนตะวันออก มหาวิทยาลัยรังสิต,ACTIVE
TTMT,9366865,อำมฤควาที,อำมฤควาที,ยาผง,คณะการแพทย์แผนตะวันออก มหาวิทยาลัยรังสิต,ACTIVE
TTMT,9366877,แก้ไอมะขามป้อม,แก้ไอมะขามป้อม,ยาน้ำ,บริษัท ซีโนฟาร์ม(ไทย)  จำกัด,ACTIVE
TTMT,9366883,แก้ไข้ตราลีลา,แก้ไข้ตราลีลา,ยาเม็ด,บริษัท ศิริบัญชา จำกัด,ACTIVE
TTMT,9366896,แก้ไอโยคี,แก้ไอโยคี,ยาน้ำ,บริษัท ศิริบัญชา จำกัด,ACTIVE
TTMT,9366906,เซนน่า,เซนน่า,ยาแคปซูล,บริษัท โรงงานเภสัชกรรมแหลมทองการแพทย์ จำกัด,ACTIVE
TTMT,9366910,มาโนซูแคปซูล,มาโนซูแคปซูล,ยาแคปซูล,บริษัท โรงงานเภสัชกรรมแหลมทองการแพทย์ จำกัด,ACTIVE
TTMT,9366923,แองจูลา แคปซูล,แองจูลา แคปซูล,ยาแคปซูล,บริษัท โรงงานเภสัชกรรมแหลมทองการแพทย์ จำกัด,ACTIVE
TTMT,9366934,แองจูลา แคปซูล,แองจูลา แคปซูล,ยาแคปซูล,บริษัท โรงงานเภสัชกรรมแหลมทองการแพทย์ จำกัด,ACTIVE
TTMT,9366947,แองเจลิน่า แคปซูล,แองเจลิน่า แคปซูล,ยาแคปซูล,บริษัท โรงงานเภสัชกรรมแหลมทองการแพทย์ จำกัด,ACTIVE
TTMT,9366952,กรีนครีม,กรีนครีม,ครีม,บริษัท ยาอินไทย จำกัด,ACTIVE
TTMT,9366968,แก็สแคพ,แก็สแคพ,ยาแคปซูล,บริษัท ยาอินไทย จำกัด,ACTIVE
TTMT,9366975,โคเพนครีม,โคเพนครีม,ครีม,บริษัท ยาอินไทย จำกัด,ACTIVE
TTMT,9366981,ทับทิมไทย,ทับทิมไทย,ยาแคปซูล,บริษัท ยาอินไทย จำกัด,ACTIVE
TTMT,9366999,เบอร์นีเจล,เบอร์นีเจล,ครีม,บริษัท ยาอินไทย จำกัด,ACTIVE
TTMT,9367006,ลูกประคบสมุนไพรอินไทย,ลูกประคบสมุนไพรอินไทย,ยาประคบ,บริษัท ยาอินไทย จำกัด,ACTIVE
TTMT,9367010,ลูกประคบสมุนไพรอินไทย,ลูกประคบสมุนไพรอินไทย,ยาประคบ,บริษัท ยาอินไทย จำกัด,ACTIVE
TTMT,9367023,ลูกประคบสมุนไพรอินไทย,ลูกประคบสมุนไพรอินไทย,ยาประคบ,บริษัท ยาอินไทย จำกัด,ACTIVE
TTMT,9367034,เวอร์แทปบลู,เวอร์แทปบลู,ยาเม็ด,บริษัท ยาอินไทย จำกัด,ACTIVE
TTMT,9367047,บรรเทาริดสีดวงทวาร (ร้านเกรียงไกรเภสัช),บรรเทาริดสีดวงทวาร,ยาแคปซูล,ร้านเกรียงไกรเภสัช,ACTIVE
TTMT,9367052,แก้ไอมะแว้งตราเคเอ็มพี ,แก้ไอมะแว้งตราเคเอ็มพี ,ยาน้ำ,บริษัท แก้วมังกรเภสัช จำกัด,ACTIVE
TTMT,9367068,แคปซูลเพชรสังฆาต ตราเคเอ็มพี,แคปซูลเพชรสังฆาต ตราเคเอ็มพี,ยาแคปซูล,บริษัท แก้วมังกรเภสัช จำกัด,ACTIVE
TTMT,9367075,สตรีเพ็ญภาคชนิดแคปซูล,สตรีเพ็ญภาคชนิดแคปซูล,ยาแคปซูล,บริษัท ขายยาเพ็ญภาค จำกัด,ACTIVE
TTMT,9367081,สตรีเพ็ญภาคสูตร 2,สตรีเพ็ญภาคสูตร 2,ยาน้ำ,บริษัท ขายยาเพ็ญภาค จำกัด,ACTIVE
TTMT,9367099,ประสะมะแว้ง,ประสะมะแว้ง,ยาเม็ด,บริษัท ขาวละออเภสัช จำกัด,ACTIVE
TTMT,9367109,ขมเม็ดน้ำเต้าทอง,ขมเม็ดน้ำเต้าทอง,ยาเม็ด,บริษัท คั้นกี่น้ำเต้าทอง จำกัด,ACTIVE
TTMT,9367113,แก้ไอมะแว้งตราไอยรา,แก้ไอมะแว้งตราไอยรา,ยาน้ำ,บริษัท ที.แมน.ฟาร์มาซูติคอล จำกัด (บริษัท เฮเว่น เฮิร์บ จำกัด ),ACTIVE
TTMT,9367121,น้ำเชื่อมแก้ไอมะขามป้อม ,น้ำเชื่อมแก้ไอมะขามป้อม ,ยาน้ำ,ห้างธงทองโอสถ,ACTIVE
TTMT,9367132,บรรเทาริดสีดวงทวารหนักเพชรสังฆาตชนิดแคปซูล,บรรเทาริดสีดวงทวารหนักเพชรสังฆาตชนิดแคปซูล,ยาแคปซูล,ห้างธงทองโอสถ,ACTIVE
TTMT,9367145,บรรเทาอาการไอมะขามป้อม ,บรรเทาอาการไอมะขามป้อม ,ยาเม็ด,ห้างธงทองโอสถ,ACTIVE
TTMT,9367150,หอมทิพโอสถ ตราโพธิ์ทอง,หอมทิพโอสถ ตราโพธิ์ทอง,ยาผง,ห้างธงทองโอสถ,ACTIVE
TTMT,9367166,แคปซูลสมุนไพรตราฟิตเน่,แคปซูลสมุนไพรตราฟิตเน่,ยาแคปซูล,บริษัท นิวคอนเซพท์โปรดัคท์ จำกัด  ,ACTIVE
TTMT,9367178,สตรีเลดิน่า,สตรีเลดิน่า,ยาแคปซูล,บริษัท นิวคอนเซพท์โปรดัคท์ จำกัด  ,ACTIVE
TTMT,9367184,แก้ไอมะแว้งตรา ที.เฮิร์บ,แก้ไอมะแว้งตรา ที.เฮิร์บ,ยาน้ำ,บริษัท ผลิตภัณฑ์สมุนไพรไทย จำกัด,ACTIVE
TTMT,9367197,แก้ไอมะแว้งน้ำดำ,แก้ไอมะแว้งน้ำดำ,ยาน้ำ,บริษัท ผลิตภัณฑ์สมุนไพรไทย จำกัด,ACTIVE
TTMT,9367215,อมมะแว้ง,อมมะแว้ง,ยาเม็ด,บริษัท ผลิตภัณฑ์สมุนไพรไทย จำกัด,ACTIVE
TTMT,9367227,ประสะน้ำนม (บริษัทพาราฟาร์มาซูติคอล จำกัด),ประสะน้ำนม,ยาเม็ด,บริษัท พาราฟาร์มาซูติคอล จำกัด,ACTIVE
TTMT,9367236,การ์ซิดีน,การ์ซิดีน,ยาน้ำ,มูลนิธิ โรงพยาบาลเจ้าพระยาอภัยภูเบศร,ACTIVE
TTMT,9367243,แก้ไอมะขามป้อม,แก้ไอมะขามป้อม,ยาน้ำ,มูลนิธิ โรงพยาบาลเจ้าพระยาอภัยภูเบศร,ACTIVE
TTMT,9367258,แก้ไอมะขามป้อมสูตร 1 ,แก้ไอมะขามป้อมสูตร 1 ,ยาลูกกลอน,มูลนิธิ โรงพยาบาลเจ้าพระยาอภัยภูเบศร,ACTIVE
TTMT,9367262,แก้ไอมะขามป้อมสูตร 2,แก้ไอมะขามป้อมสูตร 2,ยาลูกกลอน,มูลนิธิ โรงพยาบาลเจ้าพระยาอภัยภูเบศร,ACTIVE
TTMT,9367270,แคปซูลขับลมบำรุงธาตุ,แคปซูลขับลมบำรุงธาตุ,ยาแคปซูล,มูลนิธิ โรงพยาบาลเจ้าพระยาอภัยภูเบศร,ACTIVE
TTMT,9367289,แคปซูลเพชรสังฆาต,แคปซูลเพชรสังฆาต,ยาแคปซูล,มูลนิธิ โรงพยาบาลเจ้าพระยาอภัยภูเบศร,ACTIVE
TTMT,9367291,แคปซูลหญ้าปักกิ่ง,แคปซูลหญ้าปักกิ่ง,ยาแคปซูล,มูลนิธิ โรงพยาบาลเจ้าพระยาอภัยภูเบศร,ACTIVE
TTMT,9367301,หม่องเสลดพังพอน/เสลดพังพอนบาล์ม/หม่องพญายอ/ขี้ผึ้งพญายอ/ขี้ผึ้งเสลดพังพอน, ยาหม่องพญายอ,ขี้ผึ้ง,มูลนิธิ โรงพยาบาลเจ้าพระยาอภัยภูเบศร,ACTIVE
TTMT,9367317,ขี้ผึ้งเสลดพังพอนตราบักส์,ขี้ผึ้งเสลดพังพอนตราบักส์,ขี้ผึ้ง,บริษัท หมอยาไทย 101 จำกัด,ACTIVE
TTMT,9367329,น้ำมันเหลืองตราพระอินทร์,น้ำมันเหลืองตราพระอินทร์,ยาเข้าน้ำมัน,บริษัท หมอยาไทย 101 จำกัด,ACTIVE
TTMT,9367338,ลูกประคบสมุนไพรร้านหมอยาไทย 101,ลูกประคบสมุนไพรร้านหมอยาไทย 101,ยาประคบ,บริษัท หมอยาไทย 101 จำกัด,ACTIVE
TTMT,9367340,หม่องไพล ตราพระอินทร์,หม่องไพล ตราพระอินทร์,ขี้ผึ้ง,บริษัท หมอยาไทย 101 จำกัด,ACTIVE
TTMT,9367355,แก้ไอมะแว้งตรามังกรทอง,แก้ไอมะแว้งตรามังกรทอง,ยาน้ำ,สถานที่ผลิตยาอ้วยอันโอสถ,ACTIVE
TTMT,9367364,แก้ไอมะแว้งน้ำเชื่อม,แก้ไอมะแว้งน้ำเชื่อม,ยาน้ำ,สถานที่ผลิตยาอ้วยอันโอสถ,ACTIVE
TTMT,9367372,กษัยเส้นแสงสว่างตราค้างคาว,กษัยเส้นแสงสว่างตราค้างคาว,ยาแคปซูล,บริษัท แสงสว่างตราค้างคาว จำกัด,ACTIVE
TTMT,9367386,แก้ไอแสงสว่างตราค้างคาว,แก้ไอแสงสว่างตราค้างคาว,ยาน้ำ,บริษัท แสงสว่างตราค้างคาว จำกัด,ACTIVE
TTMT,9367393,ผงขาวตรานายพล,ผงขาวตรานายพล,ยาผง,บริษัท แสงสว่างตราค้างคาว จำกัด,ACTIVE
TTMT,9367408,สตรีอัปสร,สตรีอัปสร,ยาแคปซูล,บริษัท แสงสว่างตราค้างคาว จำกัด,ACTIVE
TTMT,9367412,หอมเทพจิตร,หอมเทพจิตร,ยาเม็ด,บริษัท ห้าม้าโอสถ จำกัด,ACTIVE
TTMT,9367420,หม่องสมุนไพรวังพรมตราหมอเฉลิม,หม่องสมุนไพรวังพรมตราหมอเฉลิม,ขี้ผึ้ง,สมุนไพรวังพรม,ACTIVE
TTMT,9367431,ขี้ผึ้งตราโอสถทิพย์,ขี้ผึ้งตราโอสถทิพย์,ขี้ผึ้ง,ประสงค์เภสัช,ACTIVE
TTMT,9367454,ยาบรรเทาริดสีดวงทวาร  เพชรสังฆาต ชนิดแคปซูล,ยาบรรเทาริดสีดวงทวาร  เพชรสังฆาต ชนิดแคปซูล,ยาแคปซูล,บริษัท เอกสมุนไพร จำกัด,ACTIVE
TTMT,9367465,น้ำมันไพล,น้ำมันไพล ตราโกมุทประสานกาย,ยาเข้าน้ำมัน,โกมุทสมุนไพร,ACTIVE
TTMT,9367477,น้ำมันไพลผสมใบบักบก ตราโกมุทประสานกาย,น้ำมันไพลผสมใบบักบก ตราโกมุทประสานกาย,ยาเข้าน้ำมัน,โกมุทสมุนไพร,ACTIVE
TTMT,9367483,น้ำมันไพลผสมใบมะรุม ตราโกมุทประสานกาย,น้ำมันไพลผสมใบมะรุม ตราโกมุทประสานกาย,ยาเข้าน้ำมัน,โกมุทสมุนไพร,ACTIVE
TTMT,9367496,แก้ไอมะขามป้อม,ยาแก้ไอผสมมะขามป้อมตราเคเอ็มพี,ยาน้ำ,บริษัท แก้วมังกรเภสัช จำกัด,ACTIVE
TTMT,9367505,แก้ไอมะแว้งน้ำเชื่อม,ยาแก้ไอมะแว้งน้ำเชื่อมตราเคเอ็มพี,ยาน้ำ,บริษัท แก้วมังกรเภสัช จำกัด,ACTIVE
TTMT,9367514,แก้ไอมะแว้งน้ำเชื่อม,ยาแก้ไอมะแว้งน้ำเชื่อม ตราเคเอ็มพี,ยาน้ำ,บริษัท แก้วมังกรเภสัช จำกัด,ACTIVE
TTMT,9367522,แคปซูลเถาวัลย์เปรียง ตราเคเอ็มพี,ยาแคปซูลเถาวัลย์เปรียง ตราเคเอ็มพี,ยาแคปซูล,บริษัท แก้วมังกรเภสัช จำกัด,ACTIVE
TTMT,9367533,จันทน์ลีลา,ยาจันทน์ลีลา ตราเคเอ็มพี,ยาแคปซูล,บริษัท แก้วมังกรเภสัช จำกัด,ACTIVE
TTMT,9367546,ประสะกานพลู,ยาประสะกานพลู ตราเคเอ็มพี,ยาแคปซูล,บริษัท แก้วมังกรเภสัช จำกัด,ACTIVE
TTMT,9367579,แก้แผลร้อนใน ทีเอฟดี,ยาแก้แผลร้อนใน ทีเอฟดี,ยาผง,บริษัท ไทยเอฟดี จำกัด,ACTIVE
TTMT,9367580,แก้ไอคัฟฟี,ยาแก้ไอคัฟฟี,ยาน้ำ,บริษัท ไทยเอฟดี จำกัด,ACTIVE
TTMT,9367598,แก้ไอมะแว้ง ,ยาน้ำแก้ไอมะแว้งตราทีเอฟดี ,ยาน้ำ,บริษัท ไทยเอฟดี จำกัด,ACTIVE
TTMT,9367607,แก้ไอมะแว้ง ,ยาน้ำแก้ไอผสมมะแว้ง ตรา วี-พริน,ยาน้ำ,บริษัท ไทยเอฟดี จำกัด,ACTIVE
TTMT,9367611,ขับลม แฟลท-ทัย ,ยาขับลม แฟลท-ทัย ,ยาน้ำ,บริษัท ไทยเอฟดี จำกัด,ACTIVE
TTMT,9367624,ขี้ผึ้งผสมพญายอ,ยาขี้ผึ้งผสมพญายอ,ขี้ผึ้ง,บริษัท ไทยเอฟดี จำกัด,ACTIVE
TTMT,9367630,แคปซี บาล์ม,แคปซี บาล์ม,ขี้ผึ้ง,บริษัท ไทยเอฟดี จำกัด,ACTIVE
TTMT,9367648,แคปซูลกวาวเครือขาว ตราทีเอฟดี,ยาแคปซูลกวาวเครือขาว ตราทีเอฟดี,ยาแคปซูล,บริษัท ไทยเอฟดี จำกัด,ACTIVE
TTMT,9367653,แคปซูลคนทีสอ,ยาแคปซูลคนทีสอ,ยาแคปซูล,บริษัท ไทยเอฟดี จำกัด,ACTIVE
TTMT,9367669,แคปซูลจิงโลบา ,ยาแคปซูลจิงโลบา ,ยาแคปซูล,บริษัท ไทยเอฟดี จำกัด,ACTIVE
TTMT,9367676,แคปซูลเถาเอ็นอ่อน,ยาแคปซูลเถาเอ็นอ่อน,ยาแคปซูล,บริษัท ไทยเอฟดี จำกัด,ACTIVE
TTMT,9367682,แคปซูลบอระเพ็ด,ยาแคปซูลบอระเพ็ด,ยาแคปซูล,บริษัท ไทยเอฟดี จำกัด,ACTIVE
TTMT,9367695,แคปซูลบำรุงโลหิต ตราทีเอฟดี,ยาแคปซูลบำรุงโลหิต ตราทีเอฟดี,ยาแคปซูล,บริษัท ไทยเอฟดี จำกัด,ACTIVE
TTMT,9367703,แคปซูลผสมไพล ตราทีเอฟดี,ยาแคปซูลผสมไพล ตราทีเอฟดี,ยาแคปซูล,บริษัท ไทยเอฟดี จำกัด,ACTIVE
TTMT,9367719,แคปซูลผสมมะรุม,ยาแคปซูลผสมมะรุม,ยาแคปซูล,บริษัท ไทยเอฟดี จำกัด,ACTIVE
TTMT,9367726,แคปซูลผสมว่านชักมดลูกตราวี-พริน,ยาแคปซูลผสมว่านชักมดลูกตราวี-พริน,ยาแคปซูล,บริษัท ไทยเอฟดี จำกัด,ACTIVE
TTMT,9367735,แคปซูลพลูคาว ,ยาแคปซูลพลูคาว ,ยาแคปซูล,บริษัท ไทยเอฟดี จำกัด,ACTIVE
TTMT,9367742,แคปซูลรางจืด,ยาแคปซูลรางจืด,ยาแคปซูล,บริษัท ไทยเอฟดี จำกัด,ACTIVE
TTMT,9367757,แคปซูลว่านชักมดลูก พริน ,ยาแคปซูลว่านชักมดลูก พริน ,ยาแคปซูล,บริษัท ไทยเอฟดี จำกัด,ACTIVE
TTMT,9367761,แคปซูลส้มแขก ,ยาแคปซูลส้มแขก ,ยาแคปซูล,บริษัท ไทยเอฟดี จำกัด,ACTIVE
TTMT,9367774,แคปซูลอบเชย,ยาแคปซูลอบเชย,ยาแคปซูล,บริษัท ไทยเอฟดี จำกัด,ACTIVE
TTMT,9367788,จันทน์ลีลา,ยาลีลา ชนิดเม็ด,ยาเม็ด,บริษัท ไทยเอฟดี จำกัด,ACTIVE
TTMT,9367790,ทีเอฟดี ชนิดแคปซูล,ยาทีเอฟดี ชนิดแคปซูล,ยาแคปซูล,บริษัท ไทยเอฟดี จำกัด,ACTIVE
TTMT,9367800,โทนิก้า แคปซูล,ยาโทนิก้า แคปซูล,ยาแคปซูล,บริษัท ไทยเอฟดี จำกัด,ACTIVE
TTMT,9367816,บรรเทาอาการริดสีดวงทวารหนักชนิดแคปซูล,ยาบรรเทาอาการริดสีดวงทวารหนักชนิดแคปซูล,ยาแคปซูล,บริษัท ไทยเอฟดี จำกัด,ACTIVE
TTMT,9367828,ประสะน้ำนม ทีเอฟดี,ยาประสะน้ำนม ทีเอฟดี,ยาแคปซูล,บริษัท ไทยเอฟดี จำกัด,ACTIVE
TTMT,9367837,ผงสมุนไพร ทีเอฟดี,ยาผงสมุนไพร ทีเอฟดี,ยาผง,บริษัท ไทยเอฟดี จำกัด,ACTIVE
TTMT,9367859,ยาน้ำผสมว่านชักมดลูก คิว-พรินสูตร 2,ยาน้ำผสมว่านชักมดลูก คิว-พรินสูตร 2,ยาน้ำ,บริษัท ไทยเอฟดี จำกัด,ACTIVE
TTMT,9367863,ยาน้ำผสมว่านชักมดลูกตราคิว-พริน,ยาน้ำผสมว่านชักมดลูกตราคิว-พริน,ยาน้ำ,บริษัท ไทยเอฟดี จำกัด,ACTIVE
TTMT,9367871,ยาพ่นริดสีดวงทวารหนัก,ยาพ่นริดสีดวงทวารหนัก,ยาผง,บริษัท ไทยเอฟดี จำกัด,ACTIVE
TTMT,9367885,ว่านชักมดลูก พริน,ยาน้ำว่านชักมดลูก พริน,ยาน้ำ,บริษัท ไทยเอฟดี จำกัด,ACTIVE
TTMT,9367892,ว่านชักมดลูก พริน สูตร 2,ยาน้ำว่านชักมดลูก พริน สูตร 2,ยาน้ำ,บริษัท ไทยเอฟดี จำกัด,ACTIVE
TTMT,9367902,หม่องพริก,ยาหม่องพริก ตราทีเอฟดี,ขี้ผึ้ง,บริษัท ไทยเอฟดี จำกัด,ACTIVE
TTMT,9367918,หม่องไพล/บาล์มไพล/ไพลบาล์ม / ขี้ผึ้งไพล,ยาบาล์มไพล,ขี้ผึ้ง,บริษัท ไทยเอฟดี จำกัด,ACTIVE
TTMT,9367925,หอมอินทจักร,ยาหอมอินทจักร์ ทีเอฟดี,ยาผง,บริษัท ไทยเอฟดี จำกัด,ACTIVE
TTMT,9367939,ห้าราก / แก้ไข้ห้าราก / แก้วห้าดวง / เบญจโลกวิเชียร ,ยาแก้วห้าดวง,ยาแคปซูล,บริษัท ไทยเอฟดี จำกัด,ACTIVE
TTMT,9367941,อมมะขามป้อม,ยาอมผสมมะขามป้อม ตรา ทีเอฟดี,ยาเม็ด,บริษัท ไทยเอฟดี จำกัด,ACTIVE
TTMT,9367956,อมมะแว้ง,ยาอมมะแว้งรสบ๊วย,ยาเม็ด,บริษัท ไทยเอฟดี จำกัด,ACTIVE
TTMT,9367987,ประสะมะแว้ง,อมมะแว้งรสบ๊วย,ยาเม็ด,บริษัท ผลิตภัณฑ์สมุนไพรไทย จำกัด,ACTIVE
TTMT,9368001,ยาประคบ,ยาประคบ,ยาประคบ,โรงพยาบาลโพนพิสัย,ACTIVE
TTMT,9368029,สมุนไพรอบตัว,สมุนไพรอบตัว,ยาต้ม,โรงพยาบาลโพนพิสัย,ACTIVE
TTMT,9368038,สหัศธารา,สหัศธารา,ยาแคปซูล,โรงพยาบาลโพนพิสัย,ACTIVE
TTMT,9368072,ยาประคบ,ยาประคบ,ยาประคบ,โรงพยาบาลแม่ออน,ACTIVE
TTMT,9368086,ยาประคบ,ยาประคบ,ยาประคบ,โรงพยาบาลแม่ออน,ACTIVE
TTMT,9368093,สมุนไพรอบตัว,สมุนไพรอบตัว,ยาต้ม,โรงพยาบาลแม่ออน,ACTIVE
TTMT,9368119,น้ำมันไพล,น้ำมันไพล,ยาเข้าน้ำมัน,โรงพยาบาลร้องกวาง,ACTIVE
TTMT,9368126,พิมเสนน้ำ,พิมเสนน้ำ,ยาน้ำ,โรงพยาบาลร้องกวาง,ACTIVE
TTMT,9368135,ยาประคบ,ยาประคบ,ยาประคบ,โรงพยาบาลร้องกวาง,ACTIVE
TTMT,9368142,สมุนไพรอบตัว,ยาอบสมุนไพร,ยาต้ม,โรงพยาบาลร้องกวาง,ACTIVE
TTMT,9368157,หม่องไพล/บาล์มไพล/ไพลบาล์ม / ขี้ผึ้งไพล,หม่องไพล,ขี้ผึ้ง,โรงพยาบาลร้องกวาง,ACTIVE
TTMT,9368161,หม่องเสลดพังพอน/เสลดพังพอนบาล์ม/หม่องพญายอ/ขี้ผึ้งพญายอ/   ขี้ผึ้งเสลดพังพอน,หม่องเสลดพังพอน,ขี้ผึ้ง,โรงพยาบาลร้องกวาง,ACTIVE
TTMT,9368208,ครีมพญายอ ตราไตรแว็ก,ครีมพญายอ ตราไตรแว็ก,ยาครีมสำหรับป้ายปาก,ห้างธงทองโอสถ,ACTIVE
TTMT,9368212,แคปซูลเถาวัลย์เปรียง ตราธงทอง,ยาแคปซูลเถาวัลย์เปรียง ตราธงทอง,ยาแคปซูล,ห้างธงทองโอสถ,ACTIVE
TTMT,9368220,แคปซูลรางจืด ตราธงทอง,ยาแคปซูลรางจืด ตราธงทอง,ยาแคปซูล,ห้างธงทองโอสถ,ACTIVE
TTMT,9368231,จันทน์ลีลา,ยาแคปซูลจันทร์ลีลา ตราธงทอง,ยาแคปซูล,ห้างธงทองโอสถ,ACTIVE
TTMT,9368249,เจลผสมพญายอ ตราไตรแว็ก,เจลผสมพญายอ ตราไตรแว็ก,เจล,ห้างธงทองโอสถ,ACTIVE
TTMT,9368254,ธาตุน้ำขิง,ยาธาตุน้ำขิง,ยาน้ำแขวนตะกอน,ห้างธงทองโอสถ,ACTIVE
TTMT,9368265,น้ำเชื่อมแก้ไอมะขามป้อม,ยาน้ำเชื่อมแก้ไอมะขามป้อม,ยาน้ำ,ห้างธงทองโอสถ,ACTIVE
TTMT,9368277,น้ำมันไพล,ยาน้ำมันจากไพลตราธงทอง,ยาเข้าน้ำมัน,ห้างธงทองโอสถ,ACTIVE
TTMT,9368296,ประสะมะแว้ง,ยาอมประสะมะแว้ง ตราธงทอง,ยาเม็ด,ห้างธงทองโอสถ,ACTIVE
TTMT,9368306,มะขามแขกตราธงทอง,ยาเม็ดมะขามแขกตราธงทอง,ยาเม็ด,ห้างธงทองโอสถ,ACTIVE
TTMT,9368310,สหัศธารา,ยาแคปซูลสหัสธารา ตราธงทอง,ยาแคปซูล,ห้างธงทองโอสถ,ACTIVE
TTMT,9368323,หม่องไพล/บาล์มไพล/ไพลบาล์ม / ขี้ผึ้งไพล,ขี้ผึ้งไพลหอมตราธงทอง,ขี้ผึ้ง,ห้างธงทองโอสถ,ACTIVE
TTMT,9368334,หม่องเสลดพังพอน/เสลดพังพอนบาล์ม/หม่องพญายอ/ขี้ผึ้งพญายอ/ขี้ผึ้งเสลดพังพอน,ยาหม่องเสลดพังพอน ตราธงทอง,ขี้ผึ้ง,ห้างธงทองโอสถ,ACTIVE
TTMT,9368347,หอมนวโกฐ,ยาหอมนวโกฐ ตราโพธิ์ทอง,ยาเม็ด,ห้างธงทองโอสถ,ACTIVE
TTMT,9368352,ห้าราก / แก้ไข้ห้าราก / แก้วห้าดวง / เบญจโลกวิเชียร ,ยาแคปซูลสมุนไพรห้าราก,ยาแคปซูล,ห้างธงทองโอสถ,ACTIVE
TTMT,9368368,เหลืองปิดสมุทร,ยาเหลืองปิดสมุทร ตราธงทอง,ยาเม็ด,ห้างธงทองโอสถ,ACTIVE
TTMT,9368375,ผสมรางจืด,ยาชงผสมรางจืด,ยาชง,บริษัท เอกสมุนไพร จำกัด,ACTIVE
TTMT,9368381,ผสมรางจืด,ยาแคปซูลผสมรางจืด,ยาแคปซูล,บริษัท เอกสมุนไพร จำกัด,ACTIVE
TTMT,9368399,จันทน์ลีลา,ยาจันทน์ลีลาชนิดแคปซูล,ยาแคปซูล,บริษัท เอกสมุนไพร จำกัด,ACTIVE
TTMT,9368404,ห้าราก / แก้ไข้ห้าราก / แก้วห้าดวง / เบญจโลกวิเชียร ,ยาแก้ไข้ห้าราก,ยาแคปซูล,บริษัท เอกสมุนไพร จำกัด,ACTIVE
TTMT,9368415,แคปซูลผสมเถาวัลย์เปรียง,ยาแคปซูลผสมเถาวัลย์เปรียงสกัด,ยาแคปซูล,บริษัท เอกสมุนไพร จำกัด,ACTIVE
TTMT,9368427,แคปซูลหญ้าปักกิ่ง,ยาแคปซูลหญ้าปักกิ่ง,ยาแคปซูล,บริษัท เอกสมุนไพร จำกัด,ACTIVE
TTMT,9368443,สมุนไพรอบตัว,ยาอบสมุนไพร,ยาต้ม,โรงพยาบาลกุดชุม,ACTIVE
TTMT,9368458,อายุวัฒนะ,ยาอายุวัฒนะ,ยาลูกกลอน,โรงพยาบาลกุดชุม,ACTIVE
TTMT,9368462,ส้มแขก,ยาส้มแขก,ยาแคปซูล,โรงพยาบาลกุดชุม,ACTIVE
TTMT,9368489,ยาประคบ,ยาประคบ,ยาประคบ,โรงพยาบาลสมเด็จพระยุพราชท่าบ่อ,ACTIVE
TTMT,9368491,กวาดสมานลิ้นขาวละออเภสัช ชนิดผง,ยากวาดสมานลิ้นขาวละออเภสัช ชนิดผง,ยาผง,บริษัท ขาวละออเภสัช จำกัด,ACTIVE
TTMT,9368502,ขับพยาธิตัวตืด ขาวละออ,ยาขับพยาธิตัวตืด ขาวละออ,ยาเม็ด,บริษัท ขาวละออเภสัช จำกัด,ACTIVE
TTMT,9368518,แสงหมึก,ยากวาดแสงหมึกขาวละออเภสัช ชนิดเม็ด,ยาเม็ด,บริษัท ขาวละออเภสัช จำกัด,ACTIVE
TTMT,9368525,จันทน์ลีลา,ยาแก้ไข้ชนิดเม็ด ตราดอกว่าน(สูตรจันทน์ลีลา),ยาเม็ด,บริษัท ขาวละออเภสัช จำกัด,ACTIVE
TTMT,9368539,กวาวเครือชนิดเม็ด ตราดอกว่าน,ยากวาวเครือชนิดเม็ด ตราดอกว่าน,ยาเม็ด,บริษัท ขาวละออเภสัช จำกัด,ACTIVE
TTMT,9368541,ยาระบาย ตราดอกว่าน (อุทธรณ์),ยาระบาย ตราดอกว่าน (อุทธรณ์),ยาเม็ด,บริษัท ขาวละออเภสัช จำกัด,ACTIVE
TTMT,9368556,กวาวเครือแดงชนิดเม็ด เครื่องหมายการค้าดอกว่าน,ยากวาวเครือแดงชนิดเม็ด เครื่องหมายการค้าดอกว่าน,ยาเม็ด,บริษัท ขาวละออเภสัช จำกัด,ACTIVE
TTMT,9368560,ยาระบายส้มแขกชนิดเม็ด เครื่องหมายการค้าดอกว่าน,ยาระบายส้มแขกชนิดเม็ด เครื่องหมายการค้าดอกว่าน,ยาเม็ด,บริษัท ขาวละออเภสัช จำกัด,ACTIVE
TTMT,9368573,ลูกใต้ใบ เครื่องหมายการค้าดอกว่าน,ยาเม็ดลูกใต้ใบ เครื่องหมายการค้าดอกว่าน,ยาเม็ด,บริษัท ขาวละออเภสัช จำกัด,ACTIVE
TTMT,9368587,เหลืองปิดสมุทร,ยาเหลืองปิดสมุทร เครื่องหมายการค้าดอกว่าน(อุทธรณ์),ยาเม็ด,บริษัท ขาวละออเภสัช จำกัด,ACTIVE
TTMT,9368594,ฟิอองเซ ชนิดเม็ด,ยาฟิอองเซ ชนิดเม็ด,ยาเม็ด,บริษัท ขาวละออเภสัช จำกัด,ACTIVE
TTMT,9368600,แคปซูลหญ้าปักกิ่ง,ยาแคปซูลหญ้าปักกิ่ง,ยาแคปซูล,บริษัท ขาวละออเภสัช จำกัด,ACTIVE
TTMT,9368616,บรรเทาอาการปวดเมื่อยตามร่างกาย,ยาบรรเทาอาการปวดเมื่อยตามร่างกาย(ยาสามัญประจำบ้าน),ยาเม็ด,บริษัท ขาวละออเภสัช จำกัด,ACTIVE
TTMT,9368628,บรรเทาริดสีดวงทวาร ,ยาบรรเทาริดสีดวงทวาร (ยาสามัญประจำบ้าน),ยาเม็ด,บริษัท ขาวละออเภสัช จำกัด,ACTIVE
TTMT,9368637,แคปซูลว่านชักมดลูก,ยาแคปซูลว่านชักมดลูก,ยาแคปซูล,บริษัท ขาวละออเภสัช จำกัด,ACTIVE
TTMT,9368644,แคปซูลกระชายดำ,ยาแคปซูลกระชายดำ,ยาแคปซูล,บริษัท ขาวละออเภสัช จำกัด,ACTIVE
TTMT,9368659,แสงหมึก,ยากวาดแสงหมึกขาวละออชนิดผง,ยาผง,บริษัท ขาวละออเภสัช จำกัด,ACTIVE
TTMT,9368663,แคปซูลสตาเมเนีย,ยาแคปซูล ตรา สตาเมเนีย,ยาแคปซูล,บริษัท ขาวละออเภสัช จำกัด,ACTIVE
TTMT,9368671,หอมเทพจิตร,ยาหอมเทพจิตร เครื่องหมายการค้าขาวละออ,ยาเม็ด,บริษัท ขาวละออเภสัช จำกัด,ACTIVE
TTMT,9368685,บำรุงธาตุ,ยาบำรุงธาตุ,ยาแคปซูล,บริษัท ขาวละออเภสัช จำกัด,ACTIVE
TTMT,9368692,ห้าราก / แก้ไข้ห้าราก / แก้วห้าดวง / เบญจโลกวิเชียร ,ยาห้ารากสกัดชนิดเม็ดเครื่องหมายการค้า ขาวละออ,ยาเม็ด,บริษัท ขาวละออเภสัช จำกัด,ACTIVE
TTMT,9368709,มะรุมสกัดชนิดเม็ดเครื่องหมายการค้าขาวละออ,ยามะรุมสกัดชนิดเม็ดเครื่องหมายการค้าขาวละออ,ยาเม็ด,บริษัท ขาวละออเภสัช จำกัด,ACTIVE
TTMT,9368713,ผสมกระเทียมสกัดชนิดเม็ดเครื่องหมายกการค้าขาวละออ,ยาผสมกระเทียมสกัดชนิดเม็ดเครื่องหมายกการค้าขาวละออ,ยาเม็ด,บริษัท ขาวละออเภสัช จำกัด,ACTIVE
TTMT,9368721,ยาประคบ,ยาประคบ,ยาประคบ,โรงพยาบาลสรรคบุรี,ACTIVE
TTMT,9368732,ผสมเพชรสังฆาต สูตรตำรับที่ 1,ผสมเพชรสังฆาต สูตรตำรับที่ 1,ยาแคปซูล,โรงพยาบาลสรรคบุรี,ACTIVE
TTMT,9368745,ปลูกไฟธาตุ,ปลูกไฟธาตุ,ยาแคปซูล,โรงพยาบาลสรรคบุรี,ACTIVE
TTMT,9368750,ประสะไพล,ประสะไพล,ยาแคปซูล,โรงพยาบาลสรรคบุรี,ACTIVE
TTMT,9368766,หอมทิพโอสถ,หอมทิพโอสถ,ยาแคปซูล,โรงพยาบาลสรรคบุรี,ACTIVE
TTMT,9368778,แก้ไอผสมมะขามป้อม สูตรตำรับที่ 2,  ยาแก้ไอผสมมะขามป้อม  ตราวังหลัง  COMPOUND  MA  KHAMPOM  COUGH  SYRUP  WANGLANG  BRAND  ,ยาน้ำ,บริษัท ซีโนฟาร์ม(ไทย)  จำกัด,ACTIVE
TTMT,9368811,ยาประคบ,ยาประคบ,ยาประคบ,โรงพยาบาลเสลภูมิ,ACTIVE
TTMT,9368848,น้ำมันไพล,น้ำมันไพล,ยาเข้าน้ำมัน,โรงพยาบาลเสลภูมิ,ACTIVE
TTMT,9368869,แคปซูลผสมหญ้าปักกิ่ง ตราพระอินทร์,ยาแคปซูลผสมหญ้าปักกิ่ง ตราพระอินทร์,ยาแคปซูล,บริษัท หมอยาไทย 101 จำกัด,ACTIVE
TTMT,9368876,แคปซูลผสมกระเทียม ตราพระอินทร์,ยาแคปซูลผสมกระเทียม ตราพระอินทร์,ยาแคปซูล,บริษัท หมอยาไทย 101 จำกัด,ACTIVE
TTMT,9368882,แคปซูลผสมเถาวัลย์เปรียง ตราพระอินทร์,ยาแคปซูลผสมเถาวัลย์เปรียง ตราพระอินทร์,ยาแคปซูล,บริษัท หมอยาไทย 101 จำกัด,ACTIVE
TTMT,9368895,ธาตุบรรจบ,ยาธาตุบรรจบ  ตราพระอินทร์,ยาลูกกลอน,บริษัท หมอยาไทย 101 จำกัด,ACTIVE
TTMT,9368905,อมมะแว้ง,ยาอมมะแว้งรสบ๊วย ตราพระอินทร์,ยาลูกกลอน,บริษัท หมอยาไทย 101 จำกัด,ACTIVE
TTMT,9368914,ห้าราก / แก้ไข้ห้าราก / แก้วห้าดวง / เบญจโลกวิเชียร ,ยาห้าราก ตราพระอินทร์,ยาแคปซูล,บริษัท หมอยาไทย 101 จำกัด,ACTIVE
TTMT,9368922,จันทน์ลีลา,ยาจันทน์ลีลา ตราพระอินทร์,ยาแคปซูล,บริษัท หมอยาไทย 101 จำกัด,ACTIVE
TTMT,9368933,ยาอาบ   หมอยาไทย,ยาอาบ   หมอยาไทย,ยาผง,บริษัท หมอยาไทย 101 จำกัด,ACTIVE
TTMT,9368946,อบหลังคลอด  หมอยาไทย,ยาอบหลังคลอด  หมอยาไทย,ยาผง,บริษัท หมอยาไทย 101 จำกัด,ACTIVE
TTMT,9368951,ผสมรางจืด หมอยาไทย,ยาชงผสมรางจืด หมอยาไทย,ยาผง,บริษัท หมอยาไทย 101 จำกัด,ACTIVE
TTMT,9368967,หม่องเสลดพังพอน/เสลดพังพอนบาล์ม/หม่องพญายอ/ขี้ผึ้งพญายอ/ขี้ผึ้งเสลดพังพอน,ยาหม่องเสลดพังพอนตราพระอินทร์,ขี้ผึ้ง,บริษัท หมอยาไทย 101 จำกัด,ACTIVE
TTMT,9368979,พิมเสนน้ำ,พิมเสนน้ำ ตราพิมพ์ฟ้า,ยาน้ำ,บริษัท หมอยาไทย 101 จำกัด,ACTIVE
TTMT,9368980,ยาประคบ,ยาประคบ,ยาประคบ,โรงพยาบาลวิเชียรบุรี,ACTIVE
TTMT,9369009,ยาประคบ,ยาประคบ,ยาประคบ,โรงพยาบาลโนนสุวรรณ,ACTIVE
TTMT,9369013,ยาประคบ,ยาประคบ,ยาประคบ,โรงพยาบาลโนนสุวรรณ,ACTIVE
TTMT,9369045,สตรีเบอร์ 13,ยาสตรีเบอร์ 13,ยาแคปซูล,บริษัท เจริญสุขเภสัช (เจริญสุขกรุ๊ป) ,ACTIVE
TTMT,9369050,สหัศธารา,ยาสหัสธาราชนิดแคปซูล,ยาแคปซูล,บริษัท เจริญสุขเภสัช (เจริญสุขกรุ๊ป) ,ACTIVE
TTMT,9369066,จันทน์ลีลา,ยาจันทน์ลีลาชนิดแคปซูล,ยาแคปซูล,บริษัท เจริญสุขเภสัช (เจริญสุขกรุ๊ป) ,ACTIVE
TTMT,9369078,ระบายเบอร์ 7,ยาระบายเบอร์ 7,ยาแคปซูล,บริษัท เจริญสุขเภสัช (เจริญสุขกรุ๊ป) ,ACTIVE
TTMT,9369084,แคปซูลหญ้าปักกิ่ง,ยาแคปซูลหญ้าปักกิ่ง,ยาแคปซูล,บริษัท เจริญสุขเภสัช (เจริญสุขกรุ๊ป) ,ACTIVE
TTMT,9369097,ห้าราก / แก้ไข้ห้าราก / แก้วห้าดวง / เบญจโลกวิเชียร ,ยาแก้ไข้ห้ารากชนิดแคปซูล,ยาแคปซูล,บริษัท เจริญสุขเภสัช (เจริญสุขกรุ๊ป) ,ACTIVE
TTMT,9369107,ธรณีสันฑะฆาต,ยาธรณีสัณฑะฆาตชนิดแคปซูล,ยาแคปซูล,บริษัท เจริญสุขเภสัช (เจริญสุขกรุ๊ป) ,ACTIVE
TTMT,9369111,แคปซูลเพชรสังฆาต,ยาแคปซูลเพชรสังฆาต,ยาแคปซูล,บริษัท เจริญสุขเภสัช (เจริญสุขกรุ๊ป) ,ACTIVE
TTMT,9369124,แคปซูลผสมใบบัวบก,ยาแคปซูลผสมใบบัวบก,ยาแคปซูล,บริษัท เจริญสุขเภสัช (เจริญสุขกรุ๊ป) ,ACTIVE
TTMT,9369130,ตรีผลา / พิกัดตรีผลา ,ยาตรีผลาชนิดแคปซูล,ยาแคปซูล,บริษัท เจริญสุขเภสัช (เจริญสุขกรุ๊ป) ,ACTIVE
TTMT,9369148,บรรเทาริดสีดวงทวาร สูตร 2,ยาบรรเทาริดสีดวงทวาร สูตร 2,ยาแคปซูล,บริษัท เจริญสุขเภสัช (เจริญสุขกรุ๊ป) ,ACTIVE
TTMT,9369153,อมมะแว้ง,ยาอมรสมะแว้ง,ยาลูกกลอน,บริษัท เจริญสุขเภสัช (เจริญสุขกรุ๊ป) ,ACTIVE
TTMT,9369169,ประสะมะแว้ง,ยาประสะมะแว้ง,ยาเม็ด,บริษัท เจริญสุขเภสัช (เจริญสุขกรุ๊ป) ,ACTIVE
TTMT,9369176,จันทน์ลีลา,ยาจันทน์ลีลาชนิดผง,ยาผง,บริษัท เจริญสุขเภสัช (เจริญสุขกรุ๊ป) ,ACTIVE
TTMT,9369182,ธรณีสันฑะฆาต,ยาธรณีสันฑะฆาตชนิดผง,ยาผง,บริษัท เจริญสุขเภสัช (เจริญสุขกรุ๊ป) ,ACTIVE
TTMT,9369195,หอมนวโกฐ,ยาหอมนวโกฐชนิดผง,ยาผง,บริษัท เจริญสุขเภสัช (เจริญสุขกรุ๊ป) ,ACTIVE
TTMT,9369202,หอมอินทจักร,ยาหอมอินทจักร์ชนิดผง,ยาผง,บริษัท เจริญสุขเภสัช (เจริญสุขกรุ๊ป) ,ACTIVE
TTMT,9369218,ประสะไพล,ยาประสะไพลชนิดผง,ยาผง,บริษัท เจริญสุขเภสัช (เจริญสุขกรุ๊ป) ,ACTIVE
TTMT,9369225,บำรุงโลหิต,ยาบำรุงโลหิต,ยาผง,บริษัท เจริญสุขเภสัช (เจริญสุขกรุ๊ป) ,ACTIVE
TTMT,9369239,ไฟประลัยกัลป์,ยาไฟประลัยกัลป์,ยาผง,บริษัท เจริญสุขเภสัช (เจริญสุขกรุ๊ป) ,ACTIVE
TTMT,9369241,ชงกระเจี๊ยบ,ยาชงกระเจี๊ยบ,ยาชง,บริษัท เจริญสุขเภสัช (เจริญสุขกรุ๊ป) ,ACTIVE
TTMT,9369256,ชงผสมเจียวกู่หลาน,ยาชงผสมเจียวกู่หลาน,ยาชง,บริษัท เจริญสุขเภสัช (เจริญสุขกรุ๊ป) ,ACTIVE
TTMT,9369260,สมุนไพรอบตัว,ยาอบตัว,ยาต้ม,บริษัท เจริญสุขเภสัช (เจริญสุขกรุ๊ป) ,ACTIVE
TTMT,9369273,ยาประคบ,ยาประคบ,ยาประคบ,บริษัท เจริญสุขเภสัช (เจริญสุขกรุ๊ป) ,ACTIVE
TTMT,9369287,หอมทิพโอสถ,ยาหอมทิพโอสถชนิดผง,ยาผง,บริษัท เจริญสุขเภสัช (เจริญสุขกรุ๊ป) ,ACTIVE
TTMT,9369294,หอมเทพจิตร,ยาหอมเทพจิตรชนิดผง,ยาผง,บริษัท เจริญสุขเภสัช (เจริญสุขกรุ๊ป) ,ACTIVE
TTMT,9369304,หม่องไพล/บาล์มไพล/ไพลบาล์ม / ขี้ผึ้งไพล,ยาหม่องไพล,ขี้ผึ้ง,โรงพยาบาลกะพ้อ,ACTIVE
TTMT,9369315,น้ำมันไพล,น้ำมันไพล,ยาเข้าน้ำมัน,โรงพยาบาลกะพ้อ,ACTIVE
TTMT,9369327,ยาประคบ,ยาประคบ,ยาประคบ,โรงพยาบาลกะพ้อ,ACTIVE
TTMT,9369406,แก้ไอมะนาว,ยาแก้ไอมะนาว,ยาน้ำ,โรงพยาบาลเจ้าคุณไพบูลย์พนมทวน,ACTIVE
TTMT,9369410,แก้ไอมะขาม ,ยาแก้ไอมะขาม,ยาน้ำ,โรงพยาบาลเจ้าคุณไพบูลย์พนมทวน,ACTIVE
TTMT,9369423,แก้ไอมะกรูด,ยาแก้ไอมะกรูด,ยาน้ำ,โรงพยาบาลเจ้าคุณไพบูลย์พนมทวน,ACTIVE
TTMT,9369452,ยาประคบ,ลูกประคบ,ยาประคบ,โรงพยาบาลเจ้าคุณไพบูลย์พนมทวน,ACTIVE
TTMT,9369468,สมุนไพรอบตัว,เครื่องอบสมุนไพร,ยาต้ม,โรงพยาบาลเจ้าคุณไพบูลย์พนมทวน,ACTIVE
TTMT,9369475,ยาประคบ,ยาประคบ,ยาประคบ,โรงพยาบาลท่าม่วง,ACTIVE
TTMT,9369481,ยาประคบ,ยาประคบ,ยาประคบ,โรงพยาบาลลับแล,ACTIVE
TTMT,9369565,น้ำมันไพล,น้ำมันไพล,ยาเข้าน้ำมัน,โรงพยาบาลวังน้ำเขียว,ACTIVE
TTMT,9369583,ยาประคบ,ยาประคบ,ยาประคบ,โรงพยาบาลศรีเชียงใหม่,ACTIVE
TTMT,9369596,ยาประคบ,ยาประคบ,ยาประคบ,โรงพยาบาลส่งเสริมสุขภาพตำบลเฉลิมพระเกียรติหนองหิน,ACTIVE
TTMT,9369605,ยาประคบ,ยาประคบ,ยาประคบ,โรงพยาบาลส่งเสริมสุขภาพตำบลบ้านนาอาน,ACTIVE
TTMT,9369614,ยาประคบ,ยาประคบ,ยาประคบ,โรงพยาบาลส่งเสริมสุขภาพตำบลบ้านพวยเด้ง,ACTIVE
TTMT,9369622,ยาประคบ,ยาประคบ,ยาประคบ,โรงพยาบาลปากคาด,ACTIVE
TTMT,9369667,กวาดสมานลิ้นขาวละออเภสัช ชนิดเม็ด,ยากวาดสมานลิ้นขาวละออเภสัช ชนิดเม็ด,ยาเม็ด,บริษัท ขาวละออเภสัช จำกัด,ACTIVE
TTMT,9369679,ถ่ายพยาธิขาวละออ(ชนิดเม็ด),ยาถ่ายพยาธิขาวละออ(ชนิดเม็ด),ยาเม็ด,บริษัท ขาวละออเภสัช จำกัด,ACTIVE
TTMT,9369680,แท่งมหาหิงคุ์,ยาแท่งมหาหิงคุ์,ยาแท่ง,บริษัท ขาวละออเภสัช จำกัด,ACTIVE
TTMT,9369698,ประดง,ยาประดง,ยาเม็ด,บริษัท ขาวละออเภสัช จำกัด,ACTIVE
TTMT,9369701,เขียวขาวละออตรางูจงอาง,ยาเขียวขาวละออตรางูจงอาง,ยาผง,บริษัท ขาวละออเภสัช จำกัด,ACTIVE
TTMT,9369717,ถ่ายขาวละออ ตรา 5 สตางค์,ยาถ่ายขาวละออ ตรา 5 สตางค์,ยาเม็ด,บริษัท ขาวละออเภสัช จำกัด,ACTIVE
TTMT,9369729,ผงผิวมะกรูด ตรางู,ยาผงผิวมะกรูด ตรางู,ยาผง,บริษัท ขาวละออเภสัช จำกัด,ACTIVE
TTMT,9369738,บรรเทาอาการไข้ทับระดู,ยาบรรเทาอาการไข้ทับระดู,ยาเม็ด,บริษัท ขาวละออเภสัช จำกัด,ACTIVE
TTMT,9369740,บำรุงโลหิต,ยาบำรุงโลหิต,ยาผง,บริษัท ขาวละออเภสัช จำกัด,ACTIVE
TTMT,9369755,แคปซูลบูเทียซูเพอบา,ยาแคปซูลบูเทียซูเพอบา,ยาแคปซูล,บริษัท ขาวละออเภสัช จำกัด,ACTIVE
TTMT,9369764,เม็ด บูเทีย ซูเพอบา สูตร 2,ยาเม็ด บูเทีย ซูเพอบา สูตร 2,ยาเม็ด,บริษัท ขาวละออเภสัช จำกัด,ACTIVE
TTMT,9369772,เม็ดขับปัสสาวะ(เครื่องหมายการค้า ดอกว่าน),ยาเม็ดขับปัสสาวะ(เครื่องหมายการค้า ดอกว่าน),ยาเม็ด,บริษัท ขาวละออเภสัช จำกัด,ACTIVE
TTMT,9369786,ฟิอองเซ แคปซูล,ฟิอองเซ แคปซูล,ยาแคปซูล,บริษัท ขาวละออเภสัช จำกัด,ACTIVE
TTMT,9369793,แคปซูลเหงือกปลาหมอ,ยาแคปซูลเหงือกปลาหมอ,ยาแคปซูล,บริษัท ขาวละออเภสัช จำกัด,ACTIVE
TTMT,9369803,กวาดสมานลิ้น(ยาสามัญประจำบ้าน),ยากวาดสมานลิ้น(ยาสามัญประจำบ้าน),ยาผง,บริษัท ขาวละออเภสัช จำกัด,ACTIVE
TTMT,9369819,แก้ไข้(ยาสามัญประจำบ้าน),ยาแก้ไข้(ยาสามัญประจำบ้าน),ยาเม็ด,บริษัท ขาวละออเภสัช จำกัด,ACTIVE
TTMT,9369826,ระบายมะขามแขก(ยาสามัญประจำบ้าน),ยาระบายมะขามแขก(ยาสามัญประจำบ้าน),ยาเม็ด,บริษัท ขาวละออเภสัช จำกัด,ACTIVE
TTMT,9369835,โมรินแคปซูล,โมรินแคปซูล,ยาแคปซูล,บริษัท ขาวละออเภสัช จำกัด,ACTIVE
TTMT,9369842,ชงกวาวเครือสกัด เครื่องหมายการค้าฟิอองเซ,ยาชงกวาวเครือสกัด เครื่องหมายการค้าฟิอองเซ,ยาผง,บริษัท ขาวละออเภสัช จำกัด,ACTIVE
TTMT,9369857,ประดง ตราทีเอฟดี,ยาประดง ตราทีเอฟดี,ยาแคปซูล,บริษัท ไทยเอฟดี จำกัด,ACTIVE
TTMT,9369861,เหลืองปิดสมุทร,เหลืองปิดสมุทร,ยาเม็ด,บริษัท ไทยเอฟดี จำกัด,ACTIVE
TTMT,9369874,ยาประคบ,ลูกประคบ ทีเอฟดี,ยาประคบ,บริษัท ไทยเอฟดี จำกัด,ACTIVE
TTMT,9369888,ไพลซาบาล์ม ,ไพลซาบาล์ม ,ขี้ผึ้ง,บริษัท ไทยเอฟดี จำกัด,ACTIVE
TTMT,9369890,ธาตุอบเชย ,ธาตุอบเชย ,ยาน้ำ,โรงพยาบาลบ้านไผ่,ACTIVE
TTMT,9369900,ยาประคบ,ยาประคบ,ยาประคบ,โรงพยาบาลบ้านไผ่,ACTIVE
TTMT,9369959,หม่องไพล/บาล์มไพล/ไพลบาล์ม / ขี้ผึ้งไพล,โรงพยาบาลโพนสวรรค์,ขี้ผึ้ง,โรงพยาบาลโพนสวรรค์,ACTIVE
TTMT,9369963,พิมเสนน้ำ,โรงพยาบาลโพนสวรรค์,ยาน้ำ,โรงพยาบาลโพนสวรรค์,ACTIVE
TTMT,9369971,น้ำมันไพล,โรงพยาบาลโพนสวรรค์,ยาเข้าน้ำมัน,โรงพยาบาลโพนสวรรค์,ACTIVE
TTMT,9369985,ธาตุอบเชย ,โรงพยาบาลโพนสวรรค์,ยาน้ำ,โรงพยาบาลโพนสวรรค์,ACTIVE
TTMT,9369992,ยาประคบ,โรงพยาบาลโพนสวรรค์,ยาประคบ,โรงพยาบาลโพนสวรรค์,ACTIVE
TTMT,9370005,หอมบำรุงหัวใจ,โรงพยาบาลโพนสวรรค์,ยาผง,โรงพยาบาลโพนสวรรค์,ACTIVE
TTMT,9370014,สมุนไพรอบตัว,โรงพยาบาลโพนสวรรค์,ยาผง,โรงพยาบาลโพนสวรรค์,ACTIVE
TTMT,9370067,ยาประคบ,ยาประคบ,ยาประคบ,โรงพยาบาลส่งเสริมสุขภาพตำบลคอกช้าง,ACTIVE
TTMT,9370080,เบญจกูล / พิกัดเบญจกูล,ยาเบญจกูล,ยาชง,โรงพยาบาลสอง,ACTIVE
TTMT,9370098,วาโย 6,ยาวาโย 6,ยาแคปซูล,โรงพยาบาลสอง,ACTIVE
TTMT,9370108,อาบสมุนไพร,ยาอาบสมุนไพร,ยาต้ม,โรงพยาบาลสอง,ACTIVE
TTMT,9370112,สมุนไพรอบตัว,ยาอบสมุนไพร,ยาต้ม,โรงพยาบาลสอง,ACTIVE
TTMT,9370120,คลายกล้ามเนื้อ,ยาต้มคลายกล้ามเนื้อ,ยาต้ม,โรงพยาบาลสอง,ACTIVE
TTMT,9370131,คลายกล้ามเนื้อ,ยาคลายกล้ามเนื้อ,ยาชง,โรงพยาบาลสอง,ACTIVE
TTMT,9370149,แก้ไอผสมกานพลู,ยาแก้ไอผสมกานพลู(ลูกกลอน),ยาลูกกลอน,โรงพยาบาลสอง,ACTIVE
TTMT,9370154,ประคบใบหน้า/เต้านม,ยาประคบใบหน้า/เต้านม,ยาประคบ,โรงพยาบาลสอง,ACTIVE
TTMT,9370177,เบญจเกสร,ยาเบญจเกสร,ยาชง,โรงพยาบาลสอง,ACTIVE
TTMT,9370183,น้ำมันไพล,ยาน้ำมันไพล,ยาเข้าน้ำมัน,โรงพยาบาลสอง,ACTIVE
TTMT,9370196,แก้ไอผสมมะขามป้อม สูตรตำรับที่ 2,ยาแก้ไอผสมมะขามป้อม สูตรตำรับที่ 2,ยาน้ำ,โรงพยาบาลสอง,ACTIVE
TTMT,9370203,ยาประคบ,ยาประคบ,ยาประคบ,โรงพยาบาลสัตหีบกม.10,ACTIVE
TTMT,9370261,น้ำมันไพล,สามพรานเฮิร์บไพลน้ำ,ยาเข้าน้ำมัน,โรงพยาบาลสามพราน,ACTIVE
TTMT,9370274,ยาประคบ,ยาประคบ,ยาประคบ,โรงพยาบาลสามพราน,ACTIVE
TTMT,9370290,น้ำมันไพล,น้ำมันไพล,ยาเข้าน้ำมัน,โรงพยาบาลหนองหงส์,ACTIVE
TTMT,9370337,น้ำยูอีคอฟ สูตร 1,ยาน้ำยูอีคอฟ สูตร 1 (UECOF FORMULA1 MIXTURE),ยาน้ำ,บริษัท พนาพัฒน์ เฮลท์แคร์ จำกัด,ACTIVE
TTMT,9370344,น้ำยูอีคอฟ สูตร 2 ,ยาน้ำยูอีคอฟ สูตร 2 (UECOF FORMULA2 MIXTURE),ยาน้ำ,บริษัท พนาพัฒน์ เฮลท์แคร์ จำกัด,ACTIVE
TTMT,9370359,อมยูอีคอฟ ,ยาอมยูอีคอฟ (UECOF TABLET),ยาเม็ด,บริษัท พนาพัฒน์ เฮลท์แคร์ จำกัด,ACTIVE
TTMT,9370363,แลกซ์เซ่น ทีเอ็ม ชนิดเม็ด ,แลกซ์เซ่น ทีเอ็ม ชนิดเม็ด (LAXEN TM TABLET),ยาเม็ด,บริษัท พนาพัฒน์ เฮลท์แคร์ จำกัด,ACTIVE
TTMT,9370371,เฮโมลอน,ยาเฮโมลอน(HAEMOLON),ยาแคปซูล,บริษัท พนาพัฒน์ เฮลท์แคร์ จำกัด,ACTIVE
TTMT,9370385,ดองมะกรูด แผนไทย,ยาดองมะกรูด แผนไทย,ยาน้ำ,โรงพยาบาลบางกระทุ่ม,ACTIVE
TTMT,9370392,น้ำมันเหลือง,น้ำมันเหลือง,ยาเข้าน้ำมัน,โรงพยาบาลหนองฉาง,ACTIVE
TTMT,9370407,น้ำมันเขียว,น้ำมันเขียว,ยาเข้าน้ำมัน,โรงพยาบาลหนองฉาง,ACTIVE
TTMT,9370411,น้ำมันเถาเอ็นอ่อน,น้ำมันเถาเอ็นอ่อน,ยาเข้าน้ำมัน,โรงพยาบาลหนองฉาง,ACTIVE
TTMT,9370424,สมุนไพรคำฝอยผสมเก๊กฮวย,"ยาชงสมุนไพร
ดอกคำฝอยผสมเก๊กฮวย",ยาชง,โรงพยาบาลหนองฉาง,ACTIVE
TTMT,9370430,หม่องสมุนไพรมะนาว,ยาหม่องสมุนไพรมะนาว,ขี้ผึ้ง,โรงพยาบาลหนองฉาง,ACTIVE
TTMT,9370448,หม่องสมุนไพร หนองฉางบาล์ม,ยาหม่องสมุนไพร หนองฉางบาล์ม,ขี้ผึ้ง,โรงพยาบาลหนองฉาง,ACTIVE
TTMT,9370453,หม่องเถาเอ็นอ่อน,ยาหม่องเถาเอ็นอ่อน,ขี้ผึ้ง,โรงพยาบาลหนองฉาง,ACTIVE
TTMT,9370469,หม่องฟ้าทะลายโจร,ยาหม่องฟ้าทะลายโจร,ขี้ผึ้ง,โรงพยาบาลหนองฉาง,ACTIVE
TTMT,9370476,หม่องเสลดพังพอน/เสลดพังพอนบาล์ม/หม่องพญายอ/ขี้ผึ้งพญายอ/   ขี้ผึ้งเสลดพังพอน,ยาหม่องเสลดพังพอน,ขี้ผึ้ง,โรงพยาบาลหนองฉาง,ACTIVE
TTMT,9370482,หม่องไพล/บาล์มไพล/ไพลบาล์ม / ขี้ผึ้งไพล,ยาหม่องไพล,ขี้ผึ้ง,โรงพยาบาลหนองฉาง,ACTIVE
TTMT,9370495,น้ำมันไพล,น้ำมันไพล,ยาเข้าน้ำมัน,โรงพยาบาลหนองฉาง,ACTIVE
TTMT,9370509,พิมเสนน้ำ,"พิมเสนน้ำลูกกลิ้ง,พิมเสนน้ำวาเป๊กซ์",ยาน้ำ,โรงพยาบาลหนองฉาง,ACTIVE
TTMT,9370513,พิมเสนน้ำ,พิมเสนน้ำสำลี,ยาน้ำ,โรงพยาบาลหนองฉาง,ACTIVE
TTMT,9370521,แคปซูลขี้เหล็ก,ยาแคปซูลขี้เหล็ก,ยาแคปซูล,บริษัท เอกสมุนไพร จำกัด,ACTIVE
TTMT,9370532,สมุนไพรอบตัว,ยาอบสมุนไพร เมืองศรีภูมิ,ยาต้ม,โรงพยาบาลสุวรรณภูมิ,ACTIVE
TTMT,9370545,น้ำมันไพล,ยาน้ำมันไพล เมืองศรีภูมิ,ยาเข้าน้ำมัน,โรงพยาบาลสุวรรณภูมิ,ACTIVE
TTMT,9370550,หม่องตะไคร้/หม่องตะไคร้หอม,ยาหม่องตะไคร้หอม เมืองศรีภูมิ,ขี้ผึ้ง,โรงพยาบาลสุวรรณภูมิ,ACTIVE
TTMT,9370566,พิมเสนน้ำ,พิมเสนน้ำ เมืองศรีภูมิ,ยาน้ำ,โรงพยาบาลสุวรรณภูมิ,ACTIVE
TTMT,9370578,ยาดมสมุนไพร เมืองศรีภูมิ,ยาดมสมุนไพร เมืองศรีภูมิ,ยาดม,โรงพยาบาลสุวรรณภูมิ,ACTIVE
TTMT,9370584,สเปรย์ตะไคร้หอม,สเปรย์ตะไคร้หอม เมืองศรีภูมิ,ยาน้ำ,โรงพยาบาลสุวรรณภูมิ,ACTIVE
TTMT,9370597,จันทน์ลีลา,ยาเม็ดจันทน์ลีลา,ยาเม็ด,บริษัท ผลิตภัณฑ์สมุนไพรไทย จำกัด,ACTIVE
TTMT,9370606,ยาธาตุชนิดแคปซูล ร้านเจริญสุขกรุ๊ป,ยาธาตุชนิดแคปซูล ร้านเจริญสุขกรุ๊ป,ยาแคปซูล,บริษัท เจริญสุขเภสัช (เจริญสุขกรุ๊ป) ,ACTIVE
TTMT,9370610,แคปซูลพริกไทย ตราช่อเขียวมะกอก,ยาแคปซูลพริกไทย ตราช่อเขียวมะกอก,ยาแคปซูล,บริษัท แซนด์ - เอ็ม อินเตอร์เนชั่นแนล จำกัด,ACTIVE
TTMT,9370623,แคปซูลคำฝอย ตราช่อเขียวมะกอก,ยาแคปซูลคำฝอย ตราช่อเขียวมะกอก,ยาแคปซูล,บริษัท แซนด์ - เอ็ม อินเตอร์เนชั่นแนล จำกัด,ACTIVE
TTMT,9370634,แคปซูลชุมเห็ดเทศ ตราช่อเขียวมะกอก,ยาแคปซูลชุมเห็ดเทศ ตราช่อเขียวมะกอก,ยาแคปซูล,บริษัท แซนด์ - เอ็ม อินเตอร์เนชั่นแนล จำกัด,ACTIVE
TTMT,9370647,แคปซูลกระเทียม ตราช่อเขียวมะกอก ,ยาแคปซูลกระเทียม ตราช่อเขียวมะกอก COMPOUND  CASULE TRA  CHAWKHAEWMAKORK,ยาแคปซูล,บริษัท แซนด์ - เอ็ม อินเตอร์เนชั่นแนล จำกัด,ACTIVE
TTMT,9370652,แคปซูลกานพลู ตราช่อเขียวมะกอก,ยาแคปซูลกานพลู ตราช่อเขียวมะกอก COMPOUND CLOVES HERBAL CAPSULE TRA CHAWKHAEW MAKORK,ยาแคปซูล,บริษัท แซนด์ - เอ็ม อินเตอร์เนชั่นแนล จำกัด,ACTIVE
TTMT,9370668,แคปซูลขิง ตราช่อเขียวมะกอก,ยาแคปซูลขิง ตราช่อเขียวมะกอก,ยาแคปซูล,บริษัท แซนด์ - เอ็ม อินเตอร์เนชั่นแนล จำกัด,ACTIVE
TTMT,9370675,ยาอมสมุนไพร ตราช่อเขียวมะกอก รสมะแว้ง,ยาอมสมุนไพร ตราช่อเขียวมะกอก รสมะแว้ง,ยาเม็ด,บริษัท แซนด์ - เอ็ม อินเตอร์เนชั่นแนล จำกัด,ACTIVE
TTMT,9370681,ยาอมสมุนไพร ตราช่อเขียวมะกอก รสกานพลู,ยาอมสมุนไพร ตราช่อเขียวมะกอก รสกานพลู,ยาเม็ด,บริษัท แซนด์ - เอ็ม อินเตอร์เนชั่นแนล จำกัด,ACTIVE
TTMT,9370699,แคปซิลเจล 0.025  ,แคปซิลเจล 0.025   CAPSIL GEL 0.025,เจล,บริษัท แซนด์ - เอ็ม อินเตอร์เนชั่นแนล จำกัด,ACTIVE
TTMT,9370702,แคปซิลเจล ,แคปซิลเจล CAPSIL GEL ,เจล,บริษัท แซนด์ - เอ็ม อินเตอร์เนชั่นแนล จำกัด,ACTIVE
TTMT,9370718,ไพลครีม  ,ไพลครีม  PLAI CREAM,ครีม,บริษัท แซนด์ - เอ็ม อินเตอร์เนชั่นแนล จำกัด,ACTIVE
TTMT,9370725,พญายอครีม   ,พญายอครีม   PHAYAYOY CREAM,ครีม,บริษัท แซนด์ - เอ็ม อินเตอร์เนชั่นแนล จำกัด,ACTIVE
TTMT,9370739,ห้าราก / แก้ไข้ห้าราก / แก้วห้าดวง / เบญจโลกวิเชียร ,ยาแก้ไข้ห้าราก ชนิดแคปซูล FIVE ROOTS  ANTIPYRETIC CAPSULE,ยาแคปซูล,บริษัท แซนด์ - เอ็ม อินเตอร์เนชั่นแนล จำกัด,ACTIVE
TTMT,9370741,จันทน์ลีลา,ยาจันทน์ลีลา ชนิดแคปซูล ตราช่อเขียวมะกอก,ยาแคปซูล,บริษัท แซนด์ - เอ็ม อินเตอร์เนชั่นแนล จำกัด,ACTIVE
TTMT,9370756,เบญจกูล / พิกัดเบญจกูล,ยาเบญจกูล ชนิดเม็ด ตราช่อเขียวมะกอก,ยาแคปซูล,บริษัท แซนด์ - เอ็ม อินเตอร์เนชั่นแนล จำกัด,ACTIVE
TTMT,9370760,เดมม่าครีม,เดมม่าครีม DEMMA CREAM,ครีม,บริษัท แซนด์ - เอ็ม อินเตอร์เนชั่นแนล จำกัด,ACTIVE
TTMT,9370773,แคปโฟเร็กเจล 0.025  ,แคปโฟเร็กเจล 0.025  CAPFOREX GEL 0.025,เจล,บริษัท แซนด์ - เอ็ม อินเตอร์เนชั่นแนล จำกัด,ACTIVE
TTMT,9370787,ยาประคบ,ยาประคบ,ยาประคบ,โรงพยาบาลน้ำพอง,ACTIVE
TTMT,9370794,หลังคลอด,ยาหลังคลอด,ยาต้ม,โรงพยาบาลน้ำพอง,ACTIVE
TTMT,9370804,หม่องไพล/บาล์มไพล/ไพลบาล์ม / ขี้ผึ้งไพล,ขี้ผึ้งไพล,ขี้ผึ้ง,โรงพยาบาลน้ำพอง,ACTIVE
TTMT,9370815,เบญจกูล / พิกัดเบญจกูล,ยาเบญจกูล,ยาต้ม,โรงพยาบาลน้ำพอง,ACTIVE
TTMT,9370827,ยาประคบ,ยาประคบ,ยาประคบ,โรงพยาบาลสระใคร,ACTIVE
TTMT,9370836,หม่องไพล/บาล์มไพล/ไพลบาล์ม / ขี้ผึ้งไพล,ยาขี้ผึ้งไพล,ขี้ผึ้ง,โรงพยาบาลสระใคร,ACTIVE
TTMT,9370843,หอมอินทจักร, ยาหอมอินทจักร์,ยาแคปซูล,โรงพยาบาลสรรคบุรี,ACTIVE
TTMT,9370858,ไฟห้ากอง ,ไฟห้ากอง,ยาแคปซูล,โรงพยาบาลสรรคบุรี,ACTIVE
TTMT,9370862,เขียวหอม,ยาเขียวหอม,ยาแคปซูล,โรงพยาบาลสรรคบุรี,ACTIVE
TTMT,9370870,อำมฤควาที,ยาอำมฤควาที,ยาแคปซูล,โรงพยาบาลสรรคบุรี,ACTIVE
TTMT,9370889,ตรีพิกัด,ตรีพิกัด,ยาแคปซูล,โรงพยาบาลสรรคบุรี,ACTIVE
TTMT,9370891,สหัศธารา,ยาสหัสธารา,ยาแคปซูล,โรงพยาบาลสรรคบุรี,ACTIVE
TTMT,9370901,สมุนไพรอบตัว,ชุดอบสมุนไพร,ยาต้ม,โรงพยาบาลหนองบุญมาก,ACTIVE
TTMT,9370917,ยาประคบ,ยาประคบ,ยาประคบ,โรงพยาบาลภูหลวง,ACTIVE
TTMT,9370929,ผสมเพชรสังฆาต สูตรตำรับที่ 2,ยาผสมเพชรสังฆาต,ยาแคปซูล,โรงพยาบาลเขาคิชฌกูฏ,ACTIVE
TTMT,9370938,ยาว่า,ยาว่า,ยาแคปซูล,บริษัท ยาอินไทย จำกัด,ACTIVE
TTMT,9370940,เฮอร์ปิ เจล,เฮอร์ปิ เจล,เจล,บริษัท ยาอินไทย จำกัด,ACTIVE
TTMT,9370955,ฟีก้าครีม,ฟีก้าครีม,ครีม,บริษัท ยาอินไทย จำกัด,ACTIVE
TTMT,9370964,ยาย่า,ยาย่า ,ยาแคปซูล,บริษัท ยาอินไทย จำกัด,ACTIVE
TTMT,9370972,ฮีโมรินชนิดเม็ด,ฮีโมรินชนิดเม็ด,ยาเม็ด,บริษัท ยาอินไทย จำกัด,ACTIVE
TTMT,9370986,หม่องเสลดพังพอน/เสลดพังพอนบาล์ม/หม่องพญายอ/ขี้ผึ้งพญายอ/ขี้ผึ้งเสลดพังพอน,หม่องเขียวตรายุง,ขี้ผึ้ง,บริษัท ยาอินไทย จำกัด,ACTIVE
TTMT,9370993,อีไลท์-เดท็อกซ์,อีไลท์-เดท็อกซ์,ยาน้ำ,บริษัท ยาอินไทย จำกัด,ACTIVE
TTMT,9371009,แคปซูลกวาวเครือขาว ไบโอ,แคปซูลกวาวเครือขาว ไบโอ,ยาแคปซูล,บริษัท ยาอินไทย จำกัด,ACTIVE
TTMT,9371013,คัพฟี่-เดท็อกซ์,คัพฟี่-เดท็อกซ์,ยาน้ำ,บริษัท ยาอินไทย จำกัด,ACTIVE
TTMT,9371021,ยาประคบ,ยาประคบสมุนไพรแห้ง,ยาประคบ,โรงพยาบาลสูงเม่น,ACTIVE
TTMT,9371032,สมุนไพรอบตัว,ยาอบสมุนไพรแห้ง,ยาต้ม,โรงพยาบาลสูงเม่น,ACTIVE
TTMT,9371045,ธาตุอบเชย ,ยาน้ำธาตุอบเชย,ยาน้ำ,โรงพยาบาลสูงเม่น,ACTIVE
TTMT,9371050,ยาประคบ,ยาประคบ,ยาประคบ,โรงพยาบาลโนนสัง,ACTIVE
TTMT,9371066,ยาประคบ,ยาประคบ,ยาประคบ,โรงพยาบาลเอราวัณ,ACTIVE
TTMT,9371078,ไดกีนอน แคปซูล,ไดกีนอน แคปซูล(Digenon capsule),ยาแคปซูล,บริษัท โรงงานเภสัชอุตสาหกรรม เจเอสพี(ประเทศไทย) จำกัด (มหาชน),ACTIVE
TTMT,9371084,แคปซูลสมุนไพรผสมเพชรสังฆาต,ยาแคปซูลสมุนไพรผสมเพชรสังฆาต,ยาแคปซูล,บริษัท โรงงานเภสัชอุตสาหกรรม เจเอสพี(ประเทศไทย) จำกัด (มหาชน),ACTIVE
TTMT,9371097,อมผสมมะแว้ง รสบ๊วย,ยาอมผสมมะแว้ง รสบ๊วย(Compound Mawaeng Lozenge Plum Flavour),ยาเม็ด,บริษัท โรงงานเภสัชอุตสาหกรรม เจเอสพี(ประเทศไทย) จำกัด (มหาชน),ACTIVE
TTMT,9371107,ประสะไพล,ยาแคปซูลประสะไพล,ยาแคปซูล,มูลนิธิ อิ่มบุญจัง,ACTIVE
TTMT,9371111,บำรุงโลหิต,ยาแคปซูลบำรุงโลหิต,ยาแคปซูล,มูลนิธิ อิ่มบุญจัง,ACTIVE
TTMT,9371124,จันทน์ลีลา,ยาแคปซูลจันทน์ลีลา,ยาแคปซูล,มูลนิธิ อิ่มบุญจัง,ACTIVE
TTMT,9371130,ธรณีสันฑะฆาต,ยาแคปซูลธรณีสันฑะฆาต,ยาแคปซูล,มูลนิธิ อิ่มบุญจัง,ACTIVE
TTMT,9371148,หอมเทพจิตร,ยาแคปซูลหอมเทพจิตร,ยาแคปซูล,มูลนิธิ อิ่มบุญจัง,ACTIVE
TTMT,9371153,ประสะมะแว้ง,ยาแคปซูลประสะมะแว้ง,ยาแคปซูล,มูลนิธิ อิ่มบุญจัง,ACTIVE
TTMT,9371169,ประสะเปราะใหญ่,ยาแคปซูลประสะเปราะใหญ่,ยาแคปซูล,มูลนิธิ อิ่มบุญจัง,ACTIVE
TTMT,9371176,ไฟประลัยกัลป์,ยาแคปซูลไฟประลัยกัลป์,ยาแคปซูล,มูลนิธิ อิ่มบุญจัง,ACTIVE
TTMT,9371182,ประสะกะเพรา,ยาแคปซูลประสะกะเพรา,ยาแคปซูล,มูลนิธิ อิ่มบุญจัง,ACTIVE
TTMT,9371195,ตรีหอม ,ยาแคปซูลตรีหอม,ยาแคปซูล,มูลนิธิ อิ่มบุญจัง,ACTIVE
TTMT,9371202,ถ่ายดีเกลือฝรั่ง ,ยาแคปซูลยาถ่ายดีเกลือฝรั่ง,ยาแคปซูล,มูลนิธิ อิ่มบุญจัง,ACTIVE
TTMT,9371218,เหลืองปิดสมุทร,ยาแคปซูลเหลืองปิดสมุทร,ยาแคปซูล,มูลนิธิ อิ่มบุญจัง,ACTIVE
TTMT,9371225,หอมทิพโอสถ,ยาแคปซูลหอมทิพโอสถ,ยาแคปซูล,มูลนิธิ อิ่มบุญจัง,ACTIVE
TTMT,9371239,อำมฤควาที,ยาแคปซูลอำมฤควาที,ยาแคปซูล,มูลนิธิ อิ่มบุญจัง,ACTIVE
TTMT,9371241,วิสัมพญาใหญ่,ยาแคปซูลวิสัมพยาใหญ่,ยาแคปซูล,มูลนิธิ อิ่มบุญจัง,ACTIVE
TTMT,9371256,มันทธาตุ,ยาแคปซูลมันทธาตุ,ยาแคปซูล,มูลนิธิ อิ่มบุญจัง,ACTIVE
TTMT,9371260,ประสะเจตพังคี,ยาแคปซูลประสะเจตพังคี,ยาแคปซูล,มูลนิธิ อิ่มบุญจัง,ACTIVE
TTMT,9371273,ธาตุบรรจบ,ยาแคปซูลธาตุบรรจบ,ยาแคปซูล,มูลนิธิ อิ่มบุญจัง,ACTIVE
TTMT,9371287,เขียวหอม,ยาแคปซูลเขียวหอม,ยาแคปซูล,มูลนิธิ อิ่มบุญจัง,ACTIVE
TTMT,9371294,ยาประคบ,ยาประคบ,ยาประคบ,โรงพยาบาลสมเด็จพระยุพราชด่านซ้าย,ACTIVE
TTMT,9371304,หลังคลอด,ยาต้มหลังคลอด,ยาต้ม,โรงพยาบาลสมเด็จพระยุพราชด่านซ้าย,ACTIVE
TTMT,9371315,พิมเสนน้ำ,ยาน้ำพิมเสนตราธงทอง(สูตร 1),ยาน้ำ,ห้างธงทองโอสถ,ACTIVE
TTMT,9371327,พิมเสนน้ำ,ยาน้ำพิมเสนตราธงทอง(สูตร 2),ยาน้ำ,ห้างธงทองโอสถ,ACTIVE
TTMT,9371336,พิมเสนน้ำ,ยาน้ำพิมเสนตราธงทอง(สูตร 3),ยาน้ำ,ห้างธงทองโอสถ,ACTIVE
TTMT,9371343,หม่องสุคนธ์ทิพย์,ยาหม่องสุคนธ์ทิพย์,ขี้ผึ้ง,ห้างธงทองโอสถ,ACTIVE
TTMT,9371358,แคปซูลกระชายดำ,ยาแคปซูลกระชายดำ,ยาแคปซูล,ห้างธงทองโอสถ,ACTIVE
TTMT,9371362,แคปซูลพริกไทยดำ,ยาแคปซูลพริกไทยดำ,ยาแคปซูล,ห้างธงทองโอสถ,ACTIVE
TTMT,9371370,แคปซูลส้มแขก,ยาแคปซูลส้มแขก,ยาแคปซูล,ห้างธงทองโอสถ,ACTIVE
TTMT,9371389,แคปซูลบอระเพ็ด,ยาแคปซูลบอระเพ็ด,ยาแคปซูล,ห้างธงทองโอสถ,ACTIVE
TTMT,9371391,แคปซูลดอกคำฝอย ตราธงทอง,ยาแคปซูลดอกคำฝอย ตราธงทอง,ยาแคปซูล,ห้างธงทองโอสถ,ACTIVE
TTMT,9371406,ประสะไพล,ยาแคปซูลประสะไพลตราธงทอง,ยาแคปซูล,ห้างธงทองโอสถ,ACTIVE
TTMT,9371410,แคปซูลผสมกวาวเครือขาว ตราพรีราน่า,ยาแคปซูลผสมกวาวเครือขาว ตราพรีราน่า,ยาแคปซูล,บริษัท พรีราน่าเนเจอร์ จำกัด,ACTIVE
TTMT,9371423,แคปซูลผสมกวาวเครือแดง ตราพรีราน่า,ยาแคปซูลผสมกวาวเครือแดง ตราพรีราน่า,ยาแคปซูล,บริษัท พรีราน่าเนเจอร์ จำกัด,ACTIVE
TTMT,9371434,บรรเทาริดสีดวงทวาร ชนิดแคปซูล,ยาบรรเทาริดสีดวงทวาร ชนิดแคปซูล,ยาแคปซูล,บริษัท พรีราน่าเนเจอร์ จำกัด,ACTIVE
TTMT,9371447,สตรี ตราพรีราน่า,ยาสตรี ตราพรีราน่า,ยาแคปซูล,บริษัท พรีราน่าเนเจอร์ จำกัด,ACTIVE
TTMT,9371452,ยาระบาย ตราพรีราน่า,ยาระบาย ตราพรีราน่า,ยาแคปซูล,บริษัท พรีราน่าเนเจอร์ จำกัด,ACTIVE
TTMT,9371468,พรีแก๊สโซ่ แค็ป,ยาพรีแก๊สโซ่ แค็ป,ยาแคปซูล,บริษัท พรีราน่าเนเจอร์ จำกัด,ACTIVE
TTMT,9371475,แคปซูลผสมลูกยอ ตราพรีราน่า,ยาแคปซูลผมลูกยอ  ตราพรีราน่า,ยาแคปซูล,บริษัท พรีราน่าเนเจอร์ จำกัด,ACTIVE
TTMT,9371481,กษัยเส้น ตราพรีราน่า,ยากษัยเส้น ตราพรีราน่า,ยาแคปซูล,บริษัท พรีราน่าเนเจอร์ จำกัด,ACTIVE
TTMT,9371499,จันทน์ลีลา,ยาจันทน์ลีลา,ยาแคปซูล,บริษัท พรีราน่าเนเจอร์ จำกัด,ACTIVE
TTMT,9371508,หม่องน้ำมันสมุนไพร ตราพรีราน่า,ยาหม่องน้ำมันสมุนไพร ตราพรีราน่า,ยาน้ำ,บริษัท พรีราน่าเนเจอร์ จำกัด,ACTIVE
TTMT,9371512,ยาดมพรีราน่าเนเจอร์,ยาดมพรีราน่าเนเจอร์,ยาน้ำ,บริษัท พรีราน่าเนเจอร์ จำกัด,ACTIVE
TTMT,9371520,แก้ไอสมุนไพรฟ้าทะลายโจร,ยาแก้ไอสมุนไพรฟ้าทะลายโจร,ยาลูกกลอน,โรงพยาบาลวิเศษชัยชาญ,ACTIVE
TTMT,9371531,แก้ไอสมุนไพรบ๊วย,ยาแก้ไอสมุนไพรบ๊วย,ยาลูกกลอน,โรงพยาบาลวิเศษชัยชาญ,ACTIVE
TTMT,9371549,แก้ไอสมุนไพรส้ม,ยาแก้ไอสมุนไพรส้ม,ยาลูกกลอน,โรงพยาบาลวิเศษชัยชาญ,ACTIVE
TTMT,9371554,อมผสมมะแว้ง,ยาอมผสมมะแว้ง (Mawaeng Lozenge),ยาเม็ด,บริษัท โรงงานเภสัชอุตสาหกรรม เจเอสพี(ประเทศไทย) จำกัด (มหาชน),ACTIVE
TTMT,9371565,บำรุงโลหิตสตรี,ยาบำรุงโลหิตสตรี,ยาแคปซูล,บริษัท โรงงานเภสัชอุตสาหกรรม เจเอสพี(ประเทศไทย) จำกัด (มหาชน),ACTIVE
TTMT,9371577,ไดกีนอน,ยาเม็ดไดกีนอน (Digenon Tablet),ยาเม็ด,บริษัท โรงงานเภสัชอุตสาหกรรม เจเอสพี(ประเทศไทย) จำกัด (มหาชน),ACTIVE
TTMT,9371583,แคปซูลผสมกระชายดำ,ยาแคปซูลผสมกระชายดำ,ยาแคปซูล,บริษัท โรงงานเภสัชอุตสาหกรรม เจเอสพี(ประเทศไทย) จำกัด (มหาชน),ACTIVE
TTMT,9371596,ขับลมค็อกซ์,ยาขับลมค็อกซ์,ยาแคปซูล,บริษัท โรงงานเภสัชอุตสาหกรรม เจเอสพี(ประเทศไทย) จำกัด (มหาชน),ACTIVE
TTMT,9371605,อมสมุนไพรค็อกซ์,ยาอมสมุนไพรค็อกซ์ (Cox Herbal Lozenges),ยาเม็ด,บริษัท โรงงานเภสัชอุตสาหกรรม เจเอสพี(ประเทศไทย) จำกัด (มหาชน),ACTIVE
TTMT,9371614,ยาลิซ,ยาลิซ (Ya Liz),ยาแคปซูล,บริษัท โรงงานเภสัชอุตสาหกรรม เจเอสพี(ประเทศไทย) จำกัด (มหาชน),ACTIVE
TTMT,9371622,ผงแป้งรักษาเชื้อรา,ผงแป้งรักษาเชื้อรา,ยาผง,โรงพยาบาลขามสะแกแสง,ACTIVE
TTMT,9371633,ขามแสง Herb Life,ขามแสง Herb Life,ยาแคปซูล,โรงพยาบาลขามสะแกแสง,ACTIVE
TTMT,9371646,ชาชงลาไพน์,ชาชง Holy Lapine tea ,ยาชง,โรงพยาบาลขามสะแกแสง,ACTIVE
TTMT,9371651,พิมเสนน้ำ,พิมเสนน้ำลูกกลิ้ง,ยาน้ำ,โรงพยาบาลขามสะแกแสง,ACTIVE
TTMT,9371667,พิมเสนน้ำ,พิมเสนน้ำตลับ,ยาน้ำ,โรงพยาบาลขามสะแกแสง,ACTIVE
TTMT,9371679,ยาดมโบราณ,ยาดมโบราณ,ยาดม,โรงพยาบาลขามสะแกแสง,ACTIVE
TTMT,9371680,น้ำมันเสลดพังพอน,น้ำมันเสลดพังพอน,ยาเข้าน้ำมัน,โรงพยาบาลสังขะ,ACTIVE
TTMT,9371698,สมุนไพรอบตัว,ยาอบสมุนไพร,ยาต้ม,โรงพยาบาลสังขะ,ACTIVE
TTMT,9371701,ยาประคบ,ยาประคบสมุนไพรแห้ง,ยาประคบ,โรงพยาบาลส่งเสริมสุขภาพตำบลบ้านก่าน,ACTIVE
TTMT,9371717,ยาประคบ,ยาประคบสมุนไพรแห้ง,ยาประคบ,โรงพยาบาลส่งเสริมสุขภาพตำบลบ้านโนนม่วง,ACTIVE
TTMT,9371729,ยาประคบ,ยาประคบสมุนไพรแห้ง,ยาประคบ,โรงพยาบาลส่งเสริมสุขภาพตำบลบ้านวังปลาป้อม,ACTIVE
TTMT,9371738,กานพลูผสมหญ้าดอกขาว,ยาน้ำกานพลูผสมหญ้าดอกขาว,ยาน้ำ,โรงพยาบาลสมเด็จพระยุพราชสายบุรี,ACTIVE
TTMT,9371740,หม่องไพล/บาล์มไพล/ไพลบาล์ม / ขี้ผึ้งไพล,หม่องไพล,ขี้ผึ้ง,โรงพยาบาลสมเด็จพระยุพราชสายบุรี,ACTIVE
TTMT,9371755,น้ำมันสมุนไพร,ยาน้ำมันสมุนไพร,ยาเข้าน้ำมัน,บริษัท เอเซียโอสถ จำกัด ,ACTIVE
TTMT,9371764,แคปซูลกวาวเครือแดง,ยาแคปซูลกวาวเครือแดง Comp. Buttea Superba Capsules,ยาแคปซูล,บริษัท อังกฤษตรางู (แอล.พี.) จำกัด,ACTIVE
TTMT,9371772,แคปซูลกวาวเครือขาว(สูตร 1),ยาแคปซูลกวาวเครือขาว(สูตร 1)  Comp.Pueraria Mirifica Capsules(Formula 1),ยาแคปซูล,บริษัท อังกฤษตรางู (แอล.พี.) จำกัด,ACTIVE
TTMT,9371786,แคปซูลกวาวเครือขาว(สูตร 2),ยาแคปซูลกวาวเครือขาว(สูตร 2)  Comp.Pueraria Mirifica Capsules(Formula 2),ยาแคปซูล,บริษัท อังกฤษตรางู (แอล.พี.) จำกัด,ACTIVE
TTMT,9371793,แคปซูลพริกไทย,ยาแคปซูลพริกไทย Comp. Pepper Capsules,ยาแคปซูล,บริษัท อังกฤษตรางู (แอล.พี.) จำกัด,ACTIVE
TTMT,9371803,แคปซูลสมุนไพรบรรเทาริดสีดวงทวาร ตราเฮอร์เวย์    ,ยาแคปซูลสมุนไพรบรรเทาริดสีดวงทวาร ตราเฮอร์เวย์    ,ยาแคปซูล,บริษัท อังกฤษตรางู (แอล.พี.) จำกัด,ACTIVE
TTMT,9371819,แคปซูลสมุนไพรขับปัสสาวะตราเฮอร์เวย์,ยาแคปซูลสมุนไพรขับปัสสาวะตราเฮอร์เวย์,ยาแคปซูล,บริษัท อังกฤษตรางู (แอล.พี.) จำกัด,ACTIVE
TTMT,9371826,"สตรีชนิดแคปซูล ""จูน""","ยาสตรีชนิดแคปซูล ""จูน""",ยาแคปซูล,บริษัท แมคโครฟาร์ จำกัด,ACTIVE
TTMT,9371835,ลินน่า,ลินน่า (LINNA),ยาแคปซูล,บริษัท แมคโครฟาร์ จำกัด,ACTIVE
TTMT,9371842,ยาระบาย ตราสามหมี,ยาระบาย ตราสามหมี,ยาแคปซูล,บริษัท แมคโครฟาร์ จำกัด,ACTIVE
TTMT,9371857,สมุนไพรลินน่า ตราสามหมี,ยาชงสมุนไพรลินน่า ตราสามหมี (LINNA HERBAL INFUSION BRAND SHAMMEE),ยาผง,บริษัท แมคโครฟาร์ จำกัด,ACTIVE
TTMT,9371861,น้ำมันยา ตราสามหมี,น้ำมันยา ตราสามหมี,ยาน้ำ,บริษัท แมคโครฟาร์ จำกัด,ACTIVE
TTMT,9371874,พิมเสนน้ำ,พิมเสนน้ำ ตราสามหมี,ยาน้ำ,บริษัท แมคโครฟาร์ จำกัด,ACTIVE
TTMT,9371888,กระชายดำ ตราสามหมี,ยากระชายดำ ตราสามหมี,ยาแคปซูล,บริษัท แมคโครฟาร์ จำกัด,ACTIVE
TTMT,9371890,กระชายดำ ตราสามหมี,ยาเม็ดกระชายดำ ตราสามหมี,ยาเม็ด,บริษัท แมคโครฟาร์ จำกัด,ACTIVE
TTMT,9371900,ขมเม็ด ตราสามหมี,ยาขมเม็ด ตราสามหมี,ยาเม็ด,บริษัท แมคโครฟาร์ จำกัด,ACTIVE
TTMT,9371916,แคปซูลสมุนไพรกวาวเครือแดง ตราสามหมี,ยาแคปซูลสมุนไพรกวาวเครือแดง ตราสามหมี,ยาแคปซูล,บริษัท แมคโครฟาร์ จำกัด,ACTIVE
TTMT,9371928,แคปซูลว่านชักมดลูก ตราสามหมี,ยาแคปซูลว่านชักมดลูก ตราสามหมี,ยาแคปซูล,บริษัท แมคโครฟาร์ จำกัด,ACTIVE
TTMT,9371937,แผ่นสำหรับดองเหล้า ตราสามหมี,ยาแผ่นสำหรับดองเหล้า ตราสามหมี,ยาดอง,บริษัท แมคโครฟาร์ จำกัด,ACTIVE
TTMT,9371944,หม่องน้ำ ตราสามหมี,ยาหม่องน้ำ ตราสามหมี,ยาน้ำ,บริษัท แมคโครฟาร์ จำกัด,ACTIVE
TTMT,9371959,พาเมล่า,ยาพาเมล่า (YA PAMELA),ยาเม็ด,บริษัท แมคโครฟาร์ จำกัด,ACTIVE
TTMT,9371963,พาเมล่า พลัส,ยาพาเมล่า พลัส (YA PAMELA PLUS),ยาเม็ด,บริษัท แมคโครฟาร์ จำกัด,ACTIVE
TTMT,9371971,ยาดองเหล้า ตราสามหมี,ยาดองเหล้า ตราสามหมี,ยาดอง,บริษัท แมคโครฟาร์ จำกัด,ACTIVE
TTMT,9371985,คูลโซน,ยาคูลโซน (YA KOOL ZONE),เจล,บริษัท แมคโครฟาร์ จำกัด,ACTIVE
TTMT,9371992,ผงสมุนไพรป้ายปาก ตราคาโนโลน,ยาผงสมุนไพรป้ายปาก ตราคาโนโลน,ยาผง,บริษัท แมคโครฟาร์ จำกัด,ACTIVE
TTMT,9372002,ซีลีพ,ยาซีลีพ (YA ZELEEP),ยาเม็ด,บริษัท แมคโครฟาร์ จำกัด,ACTIVE
TTMT,9372018,แก้ไข้ หงึ่งเคี่ยวเผี่ยง,ยาเม็ดแก้ไข้ หงึ่งเคี่ยวเผี่ยง,ยาเม็ด,บริษัท แมคโครฟาร์ จำกัด,ACTIVE
TTMT,9372025,ประสะไพล,ยาแคปซูลประสะไพล ตราทีเอฟดี,ยาแคปซูล,บริษัท ไทยเอฟดี จำกัด,ACTIVE
TTMT,9372039,ยาประคบ,ยาประคบ,ยาประคบ,โรงพยาบาลอุดรธานี,ACTIVE
TTMT,9372041,ห้าราก / แก้ไข้ห้าราก / แก้วห้าดวง / เบญจโลกวิเชียร ,ห้าราก/เบญจโลกวิเชียร,ยาแคปซูล,โรงพยาบาลอุดรธานี,ACTIVE
TTMT,9372056,ประสะไพล,ประสะไพล,ยาแคปซูล,โรงพยาบาลอุดรธานี,ACTIVE
TTMT,9372060,ผสมเพชรสังฆาต สูตรตำรับที่ 1,ผสมเพชรสังฆาต สูตรตำรับที่ 1,ยาแคปซูล,โรงพยาบาลอุดรธานี,ACTIVE
TTMT,9372073,ผสมเพชรสังฆาต สูตรตำรับที่ 2,ผสมเพชรสังฆาต สูตรตำรับที่ 2,ยาแคปซูล,โรงพยาบาลอุดรธานี,ACTIVE
TTMT,9372087,ธาตุบรรจบ,ยาธาตุบรรจบชนิดแคปซูล,ยาแคปซูล,บริษัท เจริญสุขเภสัช (เจริญสุขกรุ๊ป) ,ACTIVE
TTMT,9372094,ตรีผลา / พิกัดตรีผลา ,3 ยาตรีผลา,ยาแคปซูล,บริษัท สามเอสคาร์นา จำกัด,ACTIVE
TTMT,9372170,ยาประคบ,ลูกประคบสด,ยาประคบ,โรงพยาบาลเพ็ญ,ACTIVE
TTMT,9372189,ยาประคบ,ลูกประคบแห้ง,ยาประคบ,โรงพยาบาลเพ็ญ,ACTIVE
TTMT,9372191,สมุนไพรอบตัว,ชุดอบสมุนไพร,ยาต้ม,โรงพยาบาลเพ็ญ,ACTIVE
TTMT,9372209,สมุนไพรอบตัว,สมุนไพรอบตัว,ยาต้ม,โรงพยาบาลส่งเสริมสุขภาพตำบลเฉลิมพระเกียรติหนองหิน,ACTIVE
TTMT,9372213,น้ำมันไพล,น้ำมันไพล,ยาเข้าน้ำมัน,โรงพยาบาลส่งเสริมสุขภาพตำบลเฉลิมพระเกียรติหนองหิน,ACTIVE
TTMT,9372221,หม่องไพล/บาล์มไพล/ไพลบาล์ม / ขี้ผึ้งไพล,ขี้ผึ้งไพล,ขี้ผึ้ง,โรงพยาบาลส่งเสริมสุขภาพตำบลเฉลิมพระเกียรติหนองหิน,ACTIVE
TTMT,9372232,หอมเทพจิตร,ยาหอมเทพจิตร,ยาผง,โรงพยาบาลอุดรธานี,ACTIVE
TTMT,9372245,หอมนวโกฐ,ยาหอมนวโกฐ,ยาผง,โรงพยาบาลอุดรธานี,ACTIVE
TTMT,9372250,ธาตุบรรจบ,ยาธาตุบรรจบ,ยาแคปซูล,โรงพยาบาลอุดรธานี,ACTIVE
TTMT,9372266,ธาตุบรรจบ,ยาธาตุบรรจบ,ยาผง,โรงพยาบาลอุดรธานี,ACTIVE
TTMT,9372278,ธาตุอบเชย ,ยาธาตุอบเชย,ยาน้ำ,โรงพยาบาลอุดรธานี,ACTIVE
TTMT,9372284,เบญจกูล / พิกัดเบญจกูล,ยาเบญจกูล,ยาชง,โรงพยาบาลอุดรธานี,ACTIVE
TTMT,9372297,เบญจกูล / พิกัดเบญจกูล,ยาเบญจกูล,ยาผง,โรงพยาบาลอุดรธานี,ACTIVE
TTMT,9372307,เบญจกูล / พิกัดเบญจกูล,ยาเบญจกูล,ยาแคปซูล,โรงพยาบาลอุดรธานี,ACTIVE
TTMT,9372311,ธรณีสันฑะฆาต,ยาธรณีสันฑะฆาต,ยาผง,โรงพยาบาลอุดรธานี,ACTIVE
TTMT,9372324,ธรณีสันฑะฆาต,ยาธรณีสันฑะฆาต,ยาแคปซูล,โรงพยาบาลอุดรธานี,ACTIVE
TTMT,9372330,ไฟห้ากอง ,ยาไฟห้ากอง,ยาผง,โรงพยาบาลอุดรธานี,ACTIVE
TTMT,9372348,ไฟห้ากอง ,ยาไฟห้ากอง,ยาแคปซูล,โรงพยาบาลอุดรธานี,ACTIVE
TTMT,9372353,แก้ไอผสมมะขามป้อม สูตรตำรับที่ 1,ยาแก้ไอผสมมะขามป้อม สูตรตำรับที่ 1,ยาน้ำ,โรงพยาบาลอุดรธานี,ACTIVE
TTMT,9372369,แก้ไอผสมมะขามป้อม สูตรตำรับที่ 2,ยาแก้ไอผสมมะขามป้อม สูตร 2,ยาน้ำ,โรงพยาบาลอุดรธานี,ACTIVE
TTMT,9372376,ปราบชมพูทวีป,ยาปราบชมพูทวีป,ยาแคปซูล,โรงพยาบาลอุดรธานี,ACTIVE
TTMT,9372382,ตรีผลา / พิกัดตรีผลา ,ยาตรีผลา,ยาชง,โรงพยาบาลอุดรธานี,ACTIVE
TTMT,9372395,ตรีผลา / พิกัดตรีผลา ,ยาตรีผลา,ยาแคปซูล,โรงพยาบาลอุดรธานี,ACTIVE
TTMT,9372400,บำรุงโลหิต,ยาบำรุงโลหิต,ยาผง,โรงพยาบาลอุดรธานี,ACTIVE
TTMT,9372416,บำรุงโลหิต,ยาบำรุงโลหิต,ยาแคปซูล,โรงพยาบาลอุดรธานี,ACTIVE
TTMT,9372428,สหัศธารา,ยาสหัศธารา,ยาแคปซูล,โรงพยาบาลอุดรธานี,ACTIVE
TTMT,9372437,ริดสีดวงทวารแคปซูล สูตร 1,ยาริดสีดวงทวารแคปซูล สูตร 1,ยาแคปซูล,โรงพยาบาลตระการพืชผล,ACTIVE
TTMT,9372444,ริดสีดวงทวารแคปซูล สูตร 2,ยาริดสีดวงทวารแคปซูล สูตร 2,ยาแคปซูล,โรงพยาบาลตระการพืชผล,ACTIVE
TTMT,9372459,อมรสบ๊วย,ยาอมรสบ๊วย,ยาลูกกลอน,โรงพยาบาลตระการพืชผล,ACTIVE
TTMT,9372463,อมรสกานพลู,ยาอมรสกานพลู,ยาลูกกลอน,โรงพยาบาลตระการพืชผล,ACTIVE
TTMT,9372471,หม่องน้ำ,ยาหม่องน้ำ,ยาน้ำ,โรงพยาบาลตระการพืชผล,ACTIVE
TTMT,9372485,ตำรับโคคลาน,ยาต้มโคคลาน,ยาต้ม,โรงพยาบาลตระการพืชผล,ACTIVE
TTMT,9372492,คลายเส้น,ยาต้มคลายเส้น,ยาต้ม,โรงพยาบาลตระการพืชผล,ACTIVE
TTMT,9372503,คลายเส้น,ยาคลายเส้นแคปซูล,ยาแคปซูล,โรงพยาบาลตระการพืชผล,ACTIVE
TTMT,9372519,ลดไขมันในเส้นเลือด สูตร 2,ยาลดไขมันในเส้นเลือด สูตร 2,ยาแคปซูล,โรงพยาบาลตระการพืชผล,ACTIVE
TTMT,9372526,บำรุงโลหิตสำหรับสตรี,ยาบำรุงโลหิตสำหรับสตรี,ยาแคปซูล,โรงพยาบาลตระการพืชผล,ACTIVE
TTMT,9372535,อมแก้ไอชะเอม,ยาอมแก้ไอชะเอม,ยาลูกกลอน,โรงพยาบาลตระการพืชผล,ACTIVE
TTMT,9372542,แก้ไอยูอีคอฟ สูตร 3,ยาน้ำแก้ไอยูอีคอฟ สูตร 3 UECOF COUGH  MIXTURE FORMULA 3,ยาน้ำ,บริษัท พนาพัฒน์ เฮลท์แคร์ จำกัด,ACTIVE
TTMT,9372557,สตรีเล่งคุณสำหรับหลังคลอดบุตร,ยาสตรีเล่งคุณสำหรับหลังคลอดบุตร,ยาน้ำ,บริษัท พนาพัฒน์ เฮลท์แคร์ จำกัด,ACTIVE
TTMT,9372561,สตรีเล่งคุณสำหรับหลังคลอดบุตร ชนิดแคปซูล,ยาสตรีเล่งคุณสำหรับหลังคลอดบุตร ชนิดแคปซูล,ยาแคปซูล,บริษัท พนาพัฒน์ เฮลท์แคร์ จำกัด,ACTIVE
TTMT,9372574,สตรีเล่งคุณ สูตรผสมโสม,ยาสตรีเล่งคุณ สูตรผสมโสม,ยาน้ำ,บริษัท พนาพัฒน์ เฮลท์แคร์ จำกัด,ACTIVE
TTMT,9372588,สตรีเล่งคุณ สูตร 2,ยาสตรีเล่งคุณ สูตร 2,ยาน้ำ,บริษัท พนาพัฒน์ เฮลท์แคร์ จำกัด,ACTIVE
TTMT,9372590,สตรีเล่งคุณ สูตรผสมโสมชนิดแคปซูล,ยาสตรีเล่งคุณ สูตรผสมโสมชนิดแคปซูล,ยาแคปซูล,บริษัท พนาพัฒน์ เฮลท์แคร์ จำกัด,ACTIVE
TTMT,9372601,สตรีเล่งคุณ สูตร 2 ชนิดแคปซูล,ยาสตรีเล่งคุณ สูตร 2 ชนิดแคปซูล,ยาแคปซูล,บริษัท พนาพัฒน์ เฮลท์แคร์ จำกัด,ACTIVE
TTMT,9372617,แคปซูลผสมเพชรสังฆาต ตราปาริฉัตร,ยาแคปซูลผสมเพชรสังฆาต ตราปาริฉัตร,ยาแคปซูล,บริษัท ที.แมน.ฟาร์มาซูติคอล จำกัด (บริษัท เฮเว่น เฮิร์บ จำกัด ),ACTIVE
TTMT,9372629,แก้ไอมะขามป้อม ตราไอยรา,ยาน้ำแก้ไอมะขามป้อม ตราไอยรา,ยาน้ำ,บริษัท ที.แมน.ฟาร์มาซูติคอล จำกัด (บริษัท เฮเว่น เฮิร์บ จำกัด ),ACTIVE
TTMT,9372638,ยาระบายชนิดน้ำผสมฝักคูณ,ยาระบายชนิดน้ำผสมฝักคูณ,ยาน้ำ,มูลนิธิ โรงพยาบาลเจ้าพระยาอภัยภูเบศร,ACTIVE
TTMT,9372640,ยาประคบ,ยาประคบ,ยาประคบ,โรงพยาบาลเลย,ACTIVE
TTMT,9372655,สมุนไพรอบตัว,ยาอบสมุนไพร,ยาต้ม,โรงพยาบาลเลย,ACTIVE
TTMT,9372664,น้ำมันไพล,น้ำมันไพล,ยาเข้าน้ำมัน,โรงพยาบาลเลย,ACTIVE
TTMT,9372672,หม่องไพล/บาล์มไพล/ไพลบาล์ม / ขี้ผึ้งไพล,ขี้ผึ้งไพล,ขี้ผึ้ง,โรงพยาบาลเลย,ACTIVE
TTMT,9372686,น้ำมันไพล,ยาน้ำมันไพล (ยาน้ำมัน),ยาเข้าน้ำมัน,โรงพยาบาลสูงเม่น,ACTIVE
TTMT,9372693,ขี้ผึ้งไพล สูตรตำรับที่ 1,ยาขี้ผึ้งไพล,ขี้ผึ้ง,โรงพยาบาลสูงเม่น,ACTIVE
TTMT,9372705,ยาประคบ,ยาประคบ,ยาประคบ,โรงพยาบาลบางน้ำเปรี้ยว,ACTIVE
TTMT,9372714,หม่องเสลดพังพอน/เสลดพังพอนบาล์ม/หม่องพญายอ/ขี้ผึ้งพญายอ/   ขี้ผึ้งเสลดพังพอน,เสลดพังพอน,ขี้ผึ้ง,โรงพยาบาลบางน้ำเปรี้ยว,ACTIVE
TTMT,9372722,หม่องไพล/บาล์มไพล/ไพลบาล์ม / ขี้ผึ้งไพล,ไพล,ขี้ผึ้ง,โรงพยาบาลบางน้ำเปรี้ยว,ACTIVE
TTMT,9372733,น้ำมันไพล,น้ำมันไพล,ยาเข้าน้ำมัน,โรงพยาบาลพนมสารคาม,ACTIVE
TTMT,9372746,แก้ไอมะแว้ง ตราปาริฉัตร,ยาแก้ไอมะแว้ง ตราปาริฉัตร,ยาน้ำ,บริษัท ที.แมน.ฟาร์มาซูติคอล จำกัด (บริษัท เฮเว่น เฮิร์บ จำกัด ),ACTIVE
TTMT,9372751,ห้าราก / แก้ไข้ห้าราก / แก้วห้าดวง / เบญจโลกวิเชียร ,ยาเม็ดแก้ไข้ห้าราก ตราแอสเนเจอร์,ยาเม็ด,บริษัท ที.แมน.ฟาร์มาซูติคอล จำกัด (บริษัท เฮเว่น เฮิร์บ จำกัด ),ACTIVE
TTMT,9372767,จันทน์ลีลา,ยาจันทน์ลีลา ตราปาริฉัตร,ยาแคปซูล,บริษัท ที.แมน.ฟาร์มาซูติคอล จำกัด (บริษัท เฮเว่น เฮิร์บ จำกัด ),ACTIVE
TTMT,9372779,หอมเทพจิตร,ยาหอมเทพจิตร ตราแอสเนเจอร์,ยาเม็ด,บริษัท ที.แมน.ฟาร์มาซูติคอล จำกัด (บริษัท เฮเว่น เฮิร์บ จำกัด ),ACTIVE
TTMT,9372780,หม่องสมุนไพร ตราไอยรา,ยาหม่องสมุนไพร ตราไอยรา,ขี้ผึ้ง,บริษัท ที.แมน.ฟาร์มาซูติคอล จำกัด (บริษัท เฮเว่น เฮิร์บ จำกัด ),ACTIVE
TTMT,9372798,แก้ไอมะแว้งไล้ท์ ตราไอยรา,ยาน้ำแก้ไอมะแว้งไล้ท์ ตราไอยรา,ยาน้ำ,บริษัท ที.แมน.ฟาร์มาซูติคอล จำกัด (บริษัท เฮเว่น เฮิร์บ จำกัด ),ACTIVE
TTMT,9372808,แคปซูลเมลซี่,ยาแคปซูลเมลซี่,ยาแคปซูล,บริษัท ที.แมน.ฟาร์มาซูติคอล จำกัด (บริษัท เฮเว่น เฮิร์บ จำกัด ),ACTIVE
TTMT,9372812,ซินโนวอล,ยาซินโนวอล CINNOVOL MIXTURE,ยาน้ำ,บริษัท พนาพัฒน์ เฮลท์แคร์ จำกัด,ACTIVE
TTMT,9372820,ประสะไพล,ยาประสะไพล,ยาผง,บริษัท ขายยาเพ็ญภาค จำกัด,ACTIVE
TTMT,9372831,เขียวใหญ่,ยาเขียวใหญ่,ยาผง,บริษัท ขายยาเพ็ญภาค จำกัด,ACTIVE
TTMT,9372849,กฤษณากลั่นตราพระยานาค,ยากฤษณากลั่นตราพระยานาค,ยาน้ำ,บริษัท ขายยาเพ็ญภาค จำกัด,ACTIVE
TTMT,9372854,สตรีเพ็ญภาคสกัด ชนิดแคปซูล,ยาสตรีเพ็ญภาคสกัด ชนิดแคปซูล,ยาแคปซูล,บริษัท ขายยาเพ็ญภาค จำกัด,ACTIVE
TTMT,9372865,สตรีเพ็ญภาค,ยาสตรีเพ็ญภาค,ยาน้ำ,บริษัท ขายยาเพ็ญภาค จำกัด,ACTIVE
TTMT,9372877,บำรุงร่างกายตราพญานาค,ยาบำรุงร่างกายตราพญานาค,ยาน้ำ,บริษัท ขายยาเพ็ญภาค จำกัด,ACTIVE
TTMT,9372883,บำรุงร่างกายตราพญานาค สูตร 2 (ยาสามัญประจำบ้าน),ยาบำรุงร่างกายตราพญานาค สูตร 2 (ยาสามัญประจำบ้าน),ยาน้ำ,บริษัท ขายยาเพ็ญภาค จำกัด,ACTIVE
TTMT,9372896,เบญจกูล / พิกัดเบญจกูล,ยาธาตุเบญจกูลชนิดแคปซูล,ยาแคปซูล,บริษัท เจริญสุขเภสัช (เจริญสุขกรุ๊ป) ,ACTIVE
TTMT,9372906,ประสะจันทน์แดง ,ยาประสะจันทร์แดงชนิดแคปซูล,ยาแคปซูล,บริษัท เจริญสุขเภสัช (เจริญสุขกรุ๊ป) ,ACTIVE
TTMT,9372910,อำมฤควาที,ยาอำมฤควาทีชนิดผง,ยาผง,บริษัท เจริญสุขเภสัช (เจริญสุขกรุ๊ป) ,ACTIVE
TTMT,9372923,ประสะกานพลู,ยาประสะกานพูลชนิดแคปซูล,ยาแคปซูล,บริษัท เจริญสุขเภสัช (เจริญสุขกรุ๊ป) ,ACTIVE
TTMT,9372934,บำรุงโลหิต,ยาบำรุงโลหิตชนิดแคปซูล,ยาแคปซูล,บริษัท เจริญสุขเภสัช (เจริญสุขกรุ๊ป) ,ACTIVE
TTMT,9372947,ผสมรางจืด,ยาผงผสมรางจืด,ยาชง,บริษัท เจริญสุขเภสัช (เจริญสุขกรุ๊ป) ,ACTIVE
TTMT,9372952,แก้ไข้บอระเพ็ด แคปซูล,แก้ไข้บอระเพ็ด แคปซูล,ยาแคปซูล,บริษัท เอกสมุนไพร จำกัด,ACTIVE
TTMT,9372968,หอมเทพจิตร,ยาหอมเทพจิตร,ยาแคปซูล,โรงพยาบาลท่าฉาง,ACTIVE
TTMT,9372975,ตำรับเบาหวาน,ยาตำรับเบาหวาน,ยาแคปซูล,โรงพยาบาลท่าฉาง,ACTIVE
TTMT,9372981,ตำรับมะเร็ง,ยาตำรับมะเร็ง,ยาต้ม,โรงพยาบาลท่าฉาง,ACTIVE
TTMT,9372999,แคปซูลผสมเพชรสังฆาต,ยาแคปซูลผสมเพชรสังฆาต (Combined Pet Sung Kat capsules),ยาแคปซูล,โรงงาน เภสัชกรรมทหารศูนย์การอุตสาหกรรมป้องกันประเทศและพลังงานทหาร,ACTIVE
TTMT,9373007,หอมเทพจิตร,ยาหอมเทพจิตร ตราพระอินทร์,ยาลูกกลอน,บริษัท หมอยาไทย 101 จำกัด,ACTIVE
TTMT,9373011,ตรีผลา / พิกัดตรีผลา ,ยาตรีผลาแคปซูล (YA TRIPHALA CASULE),ยาแคปซูล,บริษัท เอกสมุนไพร จำกัด,ACTIVE
TTMT,9373024,หม่องสุคนธ์ทิพย์,ยาหม่องสุคนธ์ทิพย์เหลือง,ขี้ผึ้ง,ห้างธงทองโอสถ,ACTIVE
TTMT,9373030,หม่องไพล/บาล์มไพล/ไพลบาล์ม / ขี้ผึ้งไพล,ยาหม่องไพล,ขี้ผึ้ง,โรงพยาบาลอินทร์บุรี,ACTIVE
TTMT,9373048,ยาประคบ,ลูกประคบสมุนไพร,ยาประคบ,โรงพยาบาลอินทร์บุรี,ACTIVE
TTMT,9373053,หม่องตะไคร้/หม่องตะไคร้หอม,ยาหม่องตะไคร้หอม,ขี้ผึ้ง,โรงพยาบาลอินทร์บุรี,ACTIVE
TTMT,9373069,เหงือกปลาหมอพริกไทย,ยาเหงือกปลาหมอ-พริกไทย,ยาแคปซูล,โรงพยาบาลวิเศษชัยชาญ,ACTIVE
TTMT,9373076,สมุนไพรอบตัว,ยาอบสมุนไพร,ยาต้ม,โรงพยาบาลวิเศษชัยชาญ,ACTIVE
TTMT,9373082,ธาตุอบเชย ,ยาธาตุอบเชย,ยาแคปซูล,โรงพยาบาลวิเศษชัยชาญ,ACTIVE
TTMT,9373095,น้ำมันไพล,ยาน้ำมันไพล,ยาเข้าน้ำมัน,โรงพยาบาลวิเศษชัยชาญ,ACTIVE
TTMT,9373105,พิมเสนน้ำ,ยาพิมเสนน้ำ,ยาน้ำ,โรงพยาบาลวิเศษชัยชาญ,ACTIVE
TTMT,9373114,วัฒนะ,ยาวัฒนะ,ยาแคปซูล,โรงพยาบาลวิเศษชัยชาญ,ACTIVE
TTMT,9373122,ยาประคบ,ลูกประคบสมุนไพร(สด),ยาประคบ,โรงพยาบาลส่งเสริมสุขภาพตำบลกุดสะเทียน,ACTIVE
TTMT,9373133,ยาประคบ,ลูกประคบสมุนไพร(แห้ง),ยาประคบ,โรงพยาบาลส่งเสริมสุขภาพตำบลกุดสะเทียน,ACTIVE
TTMT,9373146,น้ำมันไพล,ยาน้ำมันไพล,ยาเข้าน้ำมัน,โรงพยาบาลส่งเสริมสุขภาพตำบลกุดสะเทียน,ACTIVE
TTMT,9373151,ดมสมุนไพร,ยาดมสมุนไพร,ยาดม,โรงพยาบาลส่งเสริมสุขภาพตำบลกุดสะเทียน,ACTIVE
TTMT,9373167,ประสะมะแว้ง,ยาประสะมะแว้ง,ยาลูกกลอน,โรงพยาบาลเจ้าพระยาอภัยภูเบศร,ACTIVE
TTMT,9373179,เลือดงาม,ยาเลือดงาม,ยาแคปซูล,โรงพยาบาลเจ้าพระยาอภัยภูเบศร,ACTIVE
TTMT,9373180,ธาตุอบเชย ,ยาธาตุอบเชย,ยาน้ำ,โรงพยาบาลเจ้าพระยาอภัยภูเบศร,ACTIVE
TTMT,9373198,ตรีผลา / พิกัดตรีผลา ,ยาตรีผลา,ยาแคปซูล,โรงพยาบาลเจ้าพระยาอภัยภูเบศร,ACTIVE
TTMT,9373200,ธาตุบรรจบ,ยาธาตุบรรจบ,ยาแคปซูล,โรงพยาบาลเจ้าพระยาอภัยภูเบศร,ACTIVE
TTMT,9373216,ปราบชมพูทวีป,ยาปราบชมพูทวีป,ยาแคปซูล,โรงพยาบาลเจ้าพระยาอภัยภูเบศร,ACTIVE
TTMT,9373228,แก้ลมอัมพฤกษ์ ,ยาแก้ลมอัมพฤกษ์,ยาผง,โรงพยาบาลเจ้าพระยาอภัยภูเบศร,ACTIVE
TTMT,9373237,ปลูกไฟธาตุ,ยาปลูกไฟธาตุ,ยาแคปซูล,โรงพยาบาลเจ้าพระยาอภัยภูเบศร,ACTIVE
TTMT,9373244,สตรีหลังคลอด,ยาสตรีหลังคลอด,ยาต้ม,โรงพยาบาลเจ้าพระยาอภัยภูเบศร,ACTIVE
TTMT,9373259,แก้ไอพื้นบ้านอีสาน,ยาแก้ไอพื้นบ้านอีสาน,ยาน้ำ,โรงพยาบาลเจ้าพระยาอภัยภูเบศร,ACTIVE
TTMT,9373263,บำรุงโลหิต,ยาบำรุงโลหิต,ยาแคปซูล,โรงพยาบาลเจ้าพระยาอภัยภูเบศร,ACTIVE
TTMT,9373271,ไฟประลัยกัลป์,ยาไฟประลัยกัลป์,ยาแคปซูล,โรงพยาบาลเจ้าพระยาอภัยภูเบศร,ACTIVE
TTMT,9373285,ไฟห้ากอง ,ยาไฟห้ากอง,ยาแคปซูล,โรงพยาบาลเจ้าพระยาอภัยภูเบศร,ACTIVE
TTMT,9373292,เบญจกูล / พิกัดเบญจกูล,ยาเบญจกูล,ยาแคปซูล,โรงพยาบาลเจ้าพระยาอภัยภูเบศร,ACTIVE
TTMT,9373302,ธรณีสันฑะฆาต,ยาธรณีสัณฑะฆาต,ยาแคปซูล,โรงพยาบาลเจ้าพระยาอภัยภูเบศร,ACTIVE
TTMT,9373318,สหัศธารา,ยาสหัสธารา,ยาแคปซูล,โรงพยาบาลเจ้าพระยาอภัยภูเบศร,ACTIVE
TTMT,9373325,ธาตุบรรจบ,ยาธาตุบรรจบ,ยาแคปซูล,โรงพยาบาลเจ้าพระยาอภัยภูเบศร,ACTIVE
TTMT,9373339,ตรีกฏุก,ยาตรีกฏุก,ยาแคปซูล,โรงพยาบาลเจ้าพระยาอภัยภูเบศร,ACTIVE
TTMT,9373341,ยาดองน้ำมะกรูด,ยาดองน้ำมะกรูด,ยาน้ำ,โรงพยาบาลเจ้าพระยาอภัยภูเบศร,ACTIVE
TTMT,9373356,น้ำมันปีกไก่ดำ-ขัดมอญ,น้ำมันปีกไก่ดำ-ขัดมอญ,ยาเข้าน้ำมัน,โรงพยาบาลเจ้าพระยาอภัยภูเบศร,ACTIVE
TTMT,9373360,น้ำมันสะเก็ดเงิน,น้ำมันสะเก็ดเงิน,ยาเข้าน้ำมัน,โรงพยาบาลเจ้าพระยาอภัยภูเบศร,ACTIVE
TTMT,9373373,แก้หวัด-แพ้อากาศ,ยาแก้หวัด-แพ้อากาศ,ยาแคปซูล,โรงพยาบาลเจ้าพระยาอภัยภูเบศร,ACTIVE
TTMT,9373387,บำรุงน้ำนม สูตรอภัยภูเบศร,ยาบำรุงน้ำนม สูตรอภัยภูเบศร,ยาต้ม,โรงพยาบาลเจ้าพระยาอภัยภูเบศร,ACTIVE
TTMT,9373394,แก้ปวดเมื่อย สูตรอภัยภูเบศร,ยาแก้ปวดเมื่อย สูตรอภัยภูเบศร,ยาต้ม,โรงพยาบาลเจ้าพระยาอภัยภูเบศร,ACTIVE
TTMT,9373409,บำรุงกำลัง สูตรอภัยภูเบศร,ยาบำรุงกำลัง สูตรอภัยภูเบศร,ยาต้ม,โรงพยาบาลเจ้าพระยาอภัยภูเบศร,ACTIVE
TTMT,9373413,อบหลังคลอด,ยาอบหลังคลอด,ยาต้ม,โรงพยาบาลเจ้าพระยาอภัยภูเบศร,ACTIVE
TTMT,9373421,บำรุงเลือด,ยาบำรุงเลือด,ยาต้ม,โรงพยาบาลเจ้าพระยาอภัยภูเบศร,ACTIVE
TTMT,9373432,น้ำมันไพล,น้ำมันไพลกลิ่นมะกรูด,ยาเข้าน้ำมัน,โรงพยาบาลเจ้าพระยาอภัยภูเบศร,ACTIVE
TTMT,9373445,น้ำมันไพล,น้ำมันไพลกลิ่นไพล,ยาเข้าน้ำมัน,โรงพยาบาลเจ้าพระยาอภัยภูเบศร,ACTIVE
TTMT,9373450,ปะระเมหะ สูตรอภัยภูเบศร,ยาปะระเมหะ สูตรอภัยภูเบศร,ยาต้ม,โรงพยาบาลเจ้าพระยาอภัยภูเบศร,ACTIVE
TTMT,9373466,แคปซูลผสมรางจืด,แคปซูลผสมรางจืด,ยาแคปซูล,มูลนิธิ โรงพยาบาลเจ้าพระยาอภัยภูเบศร,ACTIVE
TTMT,9373478,ชงสมุนไพรผสมรางจืด,ยาชงสมุนไพรผสมรางจืด,ยาผง,มูลนิธิ โรงพยาบาลเจ้าพระยาอภัยภูเบศร,ACTIVE
TTMT,9373484,แก้ไอมะขามป้อม ตราอภัยภูเบศร สูตร 1 ,ยาอมแก้ไอมะขามป้อม ตราอภัยภูเบศรสูตร 1 (ยาสามัญประจำบ้าน),ยาลูกกลอน,มูลนิธิ โรงพยาบาลเจ้าพระยาอภัยภูเบศร,ACTIVE
TTMT,9373497,แก้ไอมะขามป้อม ตราอภัยภูเบศร สูตร 2,ยาอมแก้ไอมะขามป้อม ตราอภัยภูเบศรสูตร 2 (ยาสามัญประจำบ้าน),ยาลูกกลอน,มูลนิธิ โรงพยาบาลเจ้าพระยาอภัยภูเบศร,ACTIVE
TTMT,9373506,แคปซูลผสมมะขามแขก ตราอภัยภูเบศร,แคปซูลผสมมะขามแขก ตราอภัยภูเบศร(ยาสามัญประจำบ้าน),ยาแคปซูล,มูลนิธิ โรงพยาบาลเจ้าพระยาอภัยภูเบศร,ACTIVE
TTMT,9373510,ชงสมุนไพรผสมช้าพลู,ยาชงสมุนไพรผสมช้าพลู,ยาผง,มูลนิธิ โรงพยาบาลเจ้าพระยาอภัยภูเบศร,ACTIVE
TTMT,9373523,หอมอินทจักร, ยาหอมอินทจักร์,ยาผง,มูลนิธิ โรงพยาบาลเจ้าพระยาอภัยภูเบศร,ACTIVE
TTMT,9373534,หอมทิพโอสถ,หอมทิพโอสถ,ยาผง,มูลนิธิ โรงพยาบาลเจ้าพระยาอภัยภูเบศร,ACTIVE
TTMT,9373547,หอมนวโกฐ,หอมนวโกฐ,ยาผง,มูลนิธิ โรงพยาบาลเจ้าพระยาอภัยภูเบศร,ACTIVE
TTMT,9373552,หอมเทพจิตร,หอมเทพจิตร,ยาผง,มูลนิธิ โรงพยาบาลเจ้าพระยาอภัยภูเบศร,ACTIVE
TTMT,9373568,ห้าราก / แก้ไข้ห้าราก / แก้วห้าดวง / เบญจโลกวิเชียร ,ห้าราก,ยาแคปซูล,มูลนิธิ โรงพยาบาลเจ้าพระยาอภัยภูเบศร,ACTIVE
TTMT,9373575,ประสะไพล,ประสะไพล,ยาแคปซูล,มูลนิธิ โรงพยาบาลเจ้าพระยาอภัยภูเบศร,ACTIVE
TTMT,9373581,จันทน์ลีลา,จันทน์ลีลา,ยาแคปซูล,มูลนิธิ โรงพยาบาลเจ้าพระยาอภัยภูเบศร,ACTIVE
TTMT,9373599,จันทน์ลีลา,ยาจันทน์ลีลา,ยาแคปซูล,โรงพยาบาลเขาคิชฌกูฏ,ACTIVE
TTMT,9373608,ประสะไพล,ยาประสะไพล,ยาแคปซูล,โรงพยาบาลเขาคิชฌกูฏ,ACTIVE
TTMT,9373612,ห้าราก / แก้ไข้ห้าราก / แก้วห้าดวง / เบญจโลกวิเชียร ,ยาวิเชียรเบญจรงค์,ยาแคปซูล,ร้านเวชกรโอสถ,ACTIVE
TTMT,9373620,แคปซูลผสมเถาวัลย์เปรียง,ยาแคปซูลเถาวัลย์เปรียง,ยาแคปซูล,ร้านเวชกรโอสถ,ACTIVE
TTMT,9373631,เบญจกูล / พิกัดเบญจกูล,ยาเบญจกูลแคปซูล,ยาแคปซูล,ร้านเวชกรโอสถ,ACTIVE
TTMT,9373649,สิทธิจรแคปซูล,ยาสิทธิจรแคปซูล,ยาแคปซูล,ร้านเวชกรโอสถ,ACTIVE
TTMT,9373654,สตอมมาแคปซูล,ยาสตอมมาแคปซูล,ยาแคปซูล,ร้านเวชกรโอสถ,ACTIVE
TTMT,9373665,สตรีเวชกร เบอร์ 3,ยาสตรีเวชกร เบอร์ 3,ยาแคปซูล,ร้านเวชกรโอสถ,ACTIVE
TTMT,9373677,ริซซี่,ยาริซซี่,ยาแคปซูล,ร้านเวชกรโอสถ,ACTIVE
TTMT,9373683,แคปซูลมะระขี้นก,ยาแคปซูลมะระขี้นก,ยาแคปซูล,ร้านเวชกรโอสถ,ACTIVE
TTMT,9373696,ขับปัสสาวะแคปซูล,ยาขับปัสสาวะแคปซูล,ยาแคปซูล,ร้านเวชกรโอสถ,ACTIVE
TTMT,9373704,ถ่ายชนิดแคปซูล,ยาถ่ายชนิดแคปซูล,ยาแคปซูล,ร้านเวชกรโอสถ,ACTIVE
TTMT,9373715,ธาตุน้ำดำ,ยาธาตุน้ำดำ,ยาน้ำ,ร้านเวชกรโอสถ,ACTIVE
TTMT,9373727,แก้ไอมะขามป้อม ตราเวชกร,ยาแก้ไอมะขามป้อม ตราเวชกร,ยาน้ำ,ร้านเวชกรโอสถ,ACTIVE
TTMT,9373736,บำรุงโลหิต,ยาบำรุงโลหิต,ยาแคปซูล,ร้านเวชกรโอสถ,ACTIVE
TTMT,9373743,หม่องน้ำ,ยาหม่องน้ำ,ยาน้ำ,โรงพยาบาลพนา,ACTIVE
TTMT,9373758,ยาน้ำแก้ไอมะขามป้อม ตราเอมบริโคล,ยาน้ำแก้ไอมะขามป้อม ตราเอมบริโคล,ยาน้ำ,ห้างหุ้นส่วนจำกัด ไทยเฮิร์บบัล ดรัก,ACTIVE
TTMT,9373770,แก้ไอตราเอ็มบาซิน,ยาน้ำแก้ไอ ตราเอ็มบาซิน EMBACIN BRANK COUGH MIXTURE,ยาน้ำ,บริษัท พนาพัฒน์ เฮลท์แคร์ จำกัด,ACTIVE
TTMT,9373789,แพนเจนนา,แพนเจนนา PANGENNA,ยาแคปซูล,บริษัท พนาพัฒน์ เฮลท์แคร์ จำกัด,ACTIVE
TTMT,9373791,พอนส์ทั่ม,พอนส์ทั่ม PONSTUM,ยาแคปซูล,บริษัท พนาพัฒน์ เฮลท์แคร์ จำกัด,ACTIVE
TTMT,9373801,แอนดิแลค,ยาแอนดิแลค ANDILAC CAPSULE,ยาแคปซูล,บริษัท พนาพัฒน์ เฮลท์แคร์ จำกัด,ACTIVE
TTMT,9373817,เฮโมลอน 3,ยาเฮโมลอน 3 HAEMOLON 3,ยาแคปซูล,บริษัท พนาพัฒน์ เฮลท์แคร์ จำกัด,ACTIVE
TTMT,9373829,หอมเทพจิตร,ยาหอมเทพจิตรตราธงทอง,ยาเม็ด,ห้างธงทองโอสถ,ACTIVE
TTMT,9373838,แสงหมึก,ยากวาดแสงหมึก,ยาเม็ด,ห้างธงทองโอสถ,ACTIVE
TTMT,9373840,ธรณีสันฑะฆาต,ยาแคปซูลธรณีสัณฑะฆาตตราธงทอง,ยาแคปซูล,ห้างธงทองโอสถ,ACTIVE
TTMT,9373855,บำรุงโลหิต,ยาบำรุงโลหิตชนิดแคปซูลตราธงทอง,ยาแคปซูล,ห้างธงทองโอสถ,ACTIVE
TTMT,9373864,เบญจกูล / พิกัดเบญจกูล,ยาแคปซูลเบญจกูล ทีเอฟดี,ยาแคปซูล,บริษัท ไทยเอฟดี จำกัด,ACTIVE
TTMT,9373872,สหัศธารา,ยาสหัสธารา ทีเอฟดี,ยาแคปซูล,บริษัท ไทยเอฟดี จำกัด,ACTIVE
TTMT,9373886,ตรีผลา / พิกัดตรีผลา ,ยาน้ำตรีผลา ตราทีเอฟดี,ยาน้ำ,บริษัท ไทยเอฟดี จำกัด,ACTIVE
TTMT,9373893,หอมเทพจิตร,ยาหอม ทีเอฟดี (ยาหอมเทพจิตร),ยาเม็ด,บริษัท ไทยเอฟดี จำกัด,ACTIVE
TTMT,9373903,ริดสีดวงแคปซูล,ริดสีดวงแคปซูล,ยาแคปซูล,โรงพยาบาลบางซ้าย,ACTIVE
TTMT,9373919,ตำรับเบาหวาน,ยาโรคเบาหวานแคปซูล,ยาแคปซูล,โรงพยาบาลบางซ้าย,ACTIVE
TTMT,9373926,ยาประคบ,ลูกประคบ,ยาประคบ,โรงพยาบาลกระสัง,ACTIVE
TTMT,9373935,สมุนไพรอบตัว,ยาอบ,ยาต้ม,โรงพยาบาลกระสัง,ACTIVE
TTMT,9373942,แคปซูลผสมพลูคาวสกัด,ยาแคปซูลผสมพลูคาวสกัด,ยาแคปซูล,บริษัท เอกสมุนไพร จำกัด,ACTIVE
TTMT,9373957,แคปซูลลูกใต้ใบ,ยาแคปซูลลูกใต้ใบ,ยาแคปซูล,บริษัท เอกสมุนไพร จำกัด,ACTIVE
TTMT,9373961,แคปซูลกระชายดำ,ยาแคปซูลกระชายดำ,ยาแคปซูล,บริษัท เอกสมุนไพร จำกัด,ACTIVE
TTMT,9373974,แคปซูลว่านชักมดลูก,ยาแคปซูลว่านชักมดลูก,ยาแคปซูล,บริษัท เอกสมุนไพร จำกัด,ACTIVE
TTMT,9373988,แคปซูลลูกยอ,ยาแคปซูลลูกยอ,ยาแคปซูล,บริษัท เอกสมุนไพร จำกัด,ACTIVE
TTMT,9373990,แคปซูลดอกคำฝอย,ยาแคปซูลดอกคำฝอย,ยาแคปซูล,บริษัท เอกสมุนไพร จำกัด,ACTIVE
TTMT,9374001,แคปซูลกวาวเครือขาว,ยาแคปซูลกวาวเครือขาว,ยาแคปซูล,บริษัท เอกสมุนไพร จำกัด,ACTIVE
TTMT,9374017,แคปซูลกวาวเครือแดง,ยาแคปซูลกวาวเครือแดง,ยาแคปซูล,บริษัท เอกสมุนไพร จำกัด,ACTIVE
TTMT,9374029,แคปซูลเหงือกปลาหมอ,ยาแคปซูลเหงือกปลาหมอ,ยาแคปซูล,บริษัท เอกสมุนไพร จำกัด,ACTIVE
TTMT,9374038,บำรุงตังกุยแคปซูล,ยาบำรุงตังกุยแคปซูล,ยาแคปซูล,บริษัท เอกสมุนไพร จำกัด,ACTIVE
TTMT,9374040,บรรเทาปวดเมื่อยเถาเอ็นอ่อนแคปซูล,ยาบรรเทาปวดเมื่อยเถาเอ็นอ่อนแคปซูล,ยาแคปซูล,บริษัท เอกสมุนไพร จำกัด,ACTIVE
TTMT,9374055,ผสมเพชรสังฆาต สูตรตำรับที่ 1,ยาผสมเพชรสังฆาตแคปซูล,ยาแคปซูล,โรงพยาบาลขามสะแกแสง,ACTIVE
TTMT,9374064,ประสะมะแว้ง,ยาอมผสมมะแว้งรสบ๊วยตราธงทอง,ยาเม็ด,ห้างธงทองโอสถ,ACTIVE
TTMT,9374072,ธาตุบรรจบ ,ยาธาตุบรรจบชนิดแคปซูลตราธงทอง,ยาแคปซูล,ห้างธงทองโอสถ,ACTIVE
TTMT,9374086,เขียวหอม,ยาเขียวหอม ทีเอฟดี,ยาเม็ด,บริษัท ไทยเอฟดี จำกัด,ACTIVE
TTMT,9374093,ธรณีสันฑะฆาต,ยาธรณีสันฑะฆาต ตราทีเอฟดี,ยาแคปซูล,บริษัท ไทยเอฟดี จำกัด,ACTIVE
TTMT,9374103,แก้ไอผสมมะขามป้อม สูตรตำรับที่ 1,ยาน้ำแก้ไอผสมมะขามป้อม ทีแอฟดี,ยาน้ำ,บริษัท ไทยเอฟดี จำกัด,ACTIVE
TTMT,9374119,หม่องไพล/บาล์มไพล/ไพลบาล์ม / ขี้ผึ้งไพล,ยาหม่องเหลือง ตราเคเอ็มพี,ขี้ผึ้ง,บริษัท แก้วมังกรเภสัช จำกัด,ACTIVE
TTMT,9374126,แคปซูลผสมรางจืด ตราเคเอ็มพี,ยาแคปซูลผสมรางจืด ตราเคเอ็มพี,ยาแคปซูล,บริษัท แก้วมังกรเภสัช จำกัด,ACTIVE
TTMT,9374135,เจนิสต้า,เจนิสต้า,ยาแคปซูล,บริษัท แก้วมังกรเภสัช จำกัด,ACTIVE
TTMT,9374142,น้ำมันไพล,น้ำมันไพล,ยาเข้าน้ำมัน,โรงพยาบาลสะเมิง,ACTIVE
TTMT,9374157,หม่องไพล/บาล์มไพล/ไพลบาล์ม / ขี้ผึ้งไพล,ยาหม่องไพล,ขี้ผึ้ง,โรงพยาบาลสะเมิง,ACTIVE
TTMT,9374161,ยาประคบ,ลูกประคบสมุนไพร,ยาประคบ,โรงพยาบาลสะเมิง,ACTIVE
TTMT,9374174,สมุนไพรอบตัว,ยาอบสมุนไพร,ยาต้ม,โรงพยาบาลสะเมิง,ACTIVE
TTMT,9374188,ทิงเจอร์พญายอ,ทิงเจอร์เสลดพังพอน,ทิงเจอร์,โรงพยาบาลสะเมิง,ACTIVE
TTMT,9374190,อังคอังคา,ยาอังคอังคา,ยาผง,โรงพยาบาลสะเมิง,ACTIVE
TTMT,9374208,หม่องเสลดพังพอน/เสลดพังพอนบาล์ม/หม่องพญายอ/ขี้ผึ้งพญายอ/ขี้ผึ้งเสลดพังพอน,ยาหม่องเสลดพังพอน ตราบี-บาล์ม,ขี้ผึ้ง,บริษัท ธันยพรสมุนไพร จำกัด,ACTIVE
TTMT,9374212,แคปซูลกวาวเครือแดง,ยาแคปซูลกวาวเครือแดง,ยาแคปซูล,บริษัท ธันยพรสมุนไพร จำกัด,ACTIVE
TTMT,9374220,แคปซูลกวาวเครือขาว,ยาแคปซูลกวาวเครือขาว,ยาแคปซูล,บริษัท ธันยพรสมุนไพร จำกัด,ACTIVE
TTMT,9374231,แคปซูลกระชาย,ยาแคปซูลกระชาย,ยาแคปซูล,บริษัท ธันยพรสมุนไพร จำกัด,ACTIVE
TTMT,9374249,แคปซูลกระชายดำ ตราธันยพรสมุนไพร,ยาแคปซูลกระชายดำ ตราธันยพรสมุนไพร,ยาแคปซูล,บริษัท ธันยพรสมุนไพร จำกัด,ACTIVE
TTMT,9374254,แคปซูลพริกไทยดำ,ยาแคปซูลพริกไทยดำ,ยาแคปซูล,บริษัท ธันยพรสมุนไพร จำกัด,ACTIVE
TTMT,9374265,บำรุงโลหิตชนิดแคปซูล,ยาบำรุงโลหิตชนิดแคปซูล,ยาแคปซูล,บริษัท ธันยพรสมุนไพร จำกัด,ACTIVE
TTMT,9374277,แคปซูลหนุมานประสานกาย,ยาแคปซูลหนุมานประสานกาย,ยาแคปซูล,บริษัท ธันยพรสมุนไพร จำกัด,ACTIVE
TTMT,9374283,แคปซูลขมิ้นเครือ,ยาแคปซูลขมิ้นเครือ,ยาแคปซูล,บริษัท ธันยพรสมุนไพร จำกัด,ACTIVE
TTMT,9374296,แคปซูลมะขามแขกผสมส้มแขก,ยาแคปซูลมะขามแขกผสมส้มแขก,ยาแคปซูล,บริษัท ธันยพรสมุนไพร จำกัด,ACTIVE
TTMT,9374306,แคปซูลหญ้าปักกิ่ง,ยาแคปซูลหญ้าปักกิ่ง,ยาแคปซูล,บริษัท ธันยพรสมุนไพร จำกัด,ACTIVE
TTMT,9374310,แคปซูลเถาวัลย์เปรียง ตราธันยพรสมุนไพร,ยาแคปซูลเถาวัลย์เปรียง ตราธันยพรสมุนไพร,ยาแคปซูล,บริษัท ธันยพรสมุนไพร จำกัด,ACTIVE
TTMT,9374323,แคปซูลบัวบก,ยาแคปซูลบัวบก,ยาแคปซูล,บริษัท ธันยพรสมุนไพร จำกัด,ACTIVE
TTMT,9374334,แคปซูลลูกใต้ใบ ตราธันยพรสมุนไพร,ยาแคปซูลลูกใต้ใบ ตราธันยพรสมุนไพร,ยาแคปซูล,บริษัท ธันยพรสมุนไพร จำกัด,ACTIVE
TTMT,9374347,แคปซูลเถาเอ็นอ่อน ตราธันยพรสมุนไพร,ยาแคปซูลเถาเอ็นอ่อน ตราธันยพรสมุนไพร,ยาแคปซูล,บริษัท ธันยพรสมุนไพร จำกัด,ACTIVE
TTMT,9374352,แคปซูลว่านชักมดลูก ตราธันยพรสมุนไพร,ยาแคปซูลว่านชักมดลูก ตราธันยพรสมุนไพร,ยาแคปซูล,บริษัท ธันยพรสมุนไพร จำกัด,ACTIVE
TTMT,9374368,แคปซูลขลู่ ตราธันยพรสมุนไพร,ยาแคปซูลขลู่ ตราธันยพรสมุนไพร,ยาแคปซูล,บริษัท ธันยพรสมุนไพร จำกัด,ACTIVE
TTMT,9374375,แคปซูลเพชรสังฆาต ตราธันยพรสมุนไพร,ยาแคปซูลเพชรสังฆาต ตราธันยพรสมุนไพร,ยาแคปซูล,บริษัท ธันยพรสมุนไพร จำกัด,ACTIVE
TTMT,9374381,แคปซูลเหงือกปลาหมอ,ยาแคปซูลเหงือกปลาหมอ,ยาแคปซูล,บริษัท ธันยพรสมุนไพร จำกัด,ACTIVE
TTMT,9374399,แคปซูลบอระเพ็ด ตราธันยพรสมุนไพร,ยาแคปซูลบอระเพ็ด ตราธันยพรสมุนไพร,ยาแคปซูล,บริษัท ธันยพรสมุนไพร จำกัด,ACTIVE
TTMT,9374404,แคปซูลสมุนไพรมิน-ไนท์,ยาแคปซูลสมุนไพรมิน-ไนท์,ยาแคปซูล,บริษัท ธันยพรสมุนไพร จำกัด,ACTIVE
TTMT,9374415,แคปซูลอบเชย ตราธันยพรสมุนไพร,ยาแคปซูลอบเชย ตราธันยพรสมุนไพร,ยาแคปซูล,บริษัท ธันยพรสมุนไพร จำกัด,ACTIVE
TTMT,9374427,แคปซูลกานพลู ตราธันยพรสมุนไพร,ยาแคปซูลกานพลู ตราธันยพรสมุนไพร,ยาแคปซูล,บริษัท ธันยพรสมุนไพร จำกัด,ACTIVE
TTMT,9374436,แคปซูลดอกคำฝอย ตราธันยพรสมุนไพร,ยาแคปซูลดอกคำฝอย ตราธันยพรสมุนไพร,ยาแคปซูล,บริษัท ธันยพรสมุนไพร จำกัด,ACTIVE
TTMT,9374443,แคปซูลหญ้าหนวดแมว ตราธันยพรสมุนไพร,ยาแคปซูลหญ้าหนวดแมว ตราธันยพรสมุนไพร,ยาแคปซูล,บริษัท ธันยพรสมุนไพร จำกัด,ACTIVE
TTMT,9374458,หม่องสูตรไพล ตราบี-บาล์ม,ยาหม่องสูตรไพล ตราบี-บาล์ม,ขี้ผึ้ง,บริษัท ธันยพรสมุนไพร จำกัด,ACTIVE
TTMT,9374462,หม่อง ตราลูกประคบ,ยาหม่อง ตราลูกประคบ,ขี้ผึ้ง,บริษัท ธันยพรสมุนไพร จำกัด,ACTIVE
TTMT,9374470,แคปซูลใบแปะก๊วยผสมโสม,ยาแคปซูลใบแปะก๊วยผสมโสม,ยาแคปซูล,บริษัท ธันยพรสมุนไพร จำกัด,ACTIVE
TTMT,9374489,แคปซูลใบแปะก๊วย,ยาแคปซูลใบแปะก๊วย,ยาแคปซูล,บริษัท ธันยพรสมุนไพร จำกัด,ACTIVE
TTMT,9374491,ผสมเพชรสังฆาต สูตรตำรับที่ 1,ยาผสมเพชรสังฆาต,ยาแคปซูล,โรงพยาบาลสมเด็จพระยุพราชสายบุรี,ACTIVE
TTMT,9374502,ยาประคบ,ยาประคบสมุนไพร,ยาประคบ,โรงพยาบาลศรีบุญเรือง,ACTIVE
TTMT,9374518,เบญจกูล / พิกัดเบญจกูล,ยาแคปซูลตราไพโทนา PYTONA BRAND CAPSULE,ยาแคปซูล,บริษัท พนาพัฒน์ เฮลท์แคร์ จำกัด,ACTIVE
TTMT,9374525,ห้าราก / แก้ไข้ห้าราก / แก้วห้าดวง / เบญจโลกวิเชียร ,ยาเทมเพล็กซ์ - 5 TEMPLEX - 5,ยาแคปซูล,บริษัท พนาพัฒน์ เฮลท์แคร์ จำกัด,ACTIVE
TTMT,9374539,จันทน์ลีลา,ยาเทมเพล็กซ์ TEMPLEX CAPSULE,ยาแคปซูล,บริษัท พนาพัฒน์ เฮลท์แคร์ จำกัด,ACTIVE
TTMT,9374541,ประสะน้ำนม,ประสะน้ำนม,ยาต้ม,โรงพยาบาลประโคนชัย,ACTIVE
TTMT,9374556,แคปซูลผสมเถาวัลย์เปรียง,ยาแคปซูลผสมเถาวัลย์เปรียง,ยาแคปซูล,บริษัท เจริญสุขเภสัช (เจริญสุขกรุ๊ป) ,ACTIVE
TTMT,9374560,แคปซูลผสมรางจืด,ยาแคปซูลผสมรางจืด,ยาแคปซูล,บริษัท ผลิตภัณฑ์สมุนไพรไทย จำกัด,ACTIVE
TTMT,9374573,ประสะไพล,ยาประสะไพลแคปซูล,ยาแคปซูล,โรงงาน ฟาร์มแคร์ฟาร์มาซูติคอล คณะเภสัชศาสตร์ มหาวิทยาลัยมหาสารคาม,ACTIVE
TTMT,9374587,น้ำมันไพล,น้ำมันเหลืองฟาร์มแคร์,ยาเข้าน้ำมัน,โรงงาน ฟาร์มแคร์ฟาร์มาซูติคอล คณะเภสัชศาสตร์ มหาวิทยาลัยมหาสารคาม,ACTIVE
TTMT,9374594,หม่องไพล/บาล์มไพล/ไพลบาล์ม / ขี้ผึ้งไพล,ยาหม่องผสมไพล,ขี้ผึ้ง,โรงงาน ฟาร์มแคร์ฟาร์มาซูติคอล คณะเภสัชศาสตร์ มหาวิทยาลัยมหาสารคาม,ACTIVE
TTMT,9374600,พิมเสนน้ำ,พิมเสนน้ำผดุงจิต,ยาน้ำ,โรงงาน ฟาร์มแคร์ฟาร์มาซูติคอล คณะเภสัชศาสตร์ มหาวิทยาลัยมหาสารคาม,ACTIVE
TTMT,9374616,ยาดมจันทร์ทิพย์,ยาดมจันทร์ทิพย์,ยาดม,โรงงาน ฟาร์มแคร์ฟาร์มาซูติคอล คณะเภสัชศาสตร์ มหาวิทยาลัยมหาสารคาม,ACTIVE
TTMT,9374628,ขี้ผึ้งไพล สูตรตำรับที่ 2,ขี้ผึ้งไพล/หม่องไพล,ขี้ผึ้ง,โรงพยาบาลส่งเสริมสุขภาพตำบลเชียงกลม,ACTIVE
TTMT,9374637,ยาประคบ,ยาประคบ,ยาประคบ,โรงพยาบาลส่งเสริมสุขภาพตำบลเชียงกลม,ACTIVE
TTMT,9374644,สมุนไพรอบตัว,สมุนไพรอบตัว,ยาต้ม,โรงพยาบาลส่งเสริมสุขภาพตำบลเชียงกลม,ACTIVE
TTMT,9374659,หอมเทพจิตร,ยาหอมเทพจิตร    ,ยาแคปซูล,โรงพยาบาลสรรคบุรี,ACTIVE
TTMT,9374663,หอมนวโกฐ,ยาหอมนวโกฐ      ,ยาแคปซูล,โรงพยาบาลสรรคบุรี,ACTIVE
TTMT,9374671,ธาตุบรรจบ,ยาธาตุบรรจบ      ,ยาแคปซูล,โรงพยาบาลสรรคบุรี,ACTIVE
TTMT,9374685,แก้ไอยูอีคอฟ ซีดี,ยาน้ำแก้ไอยูอีคอฟ ซีดี UECOF CD MIXTURE,ยาน้ำ,บริษัท พนาพัฒน์ เฮลท์แคร์ จำกัด,ACTIVE
TTMT,9374692,บำรุงน้ำนม,ยาสมุนไพรบำรุงน้ำนม,ยาต้ม,โรงพยาบาลสุวรรณคูหา,ACTIVE
TTMT,9374709,บำรุงน้ำนม,ยาสมุนไพรบำรุงน้ำนม,ยาต้ม,โรงพยาบาลสุวรรณคูหา,ACTIVE
TTMT,9374713,น้ำมันไพล,น้ำมันไพล,ยาเข้าน้ำมัน,โรงพยาบาลบ้านโพธิ์,ACTIVE
TTMT,9374721,จันทน์ลีลา,ยาจันทลีลา,ยาแคปซูล,โรงพยาบาลอุดรธานี,ACTIVE
TTMT,9374732,อำมฤควาที,ยาอำมฤควาที,ยาแคปซูล,โรงพยาบาลอุดรธานี,ACTIVE
TTMT,9374745,ห้าราก / แก้ไข้ห้าราก / แก้วห้าดวง / เบญจโลกวิเชียร ,ยาห้าราก,ยาแคปซูล,โรงพยาบาลอุดรธานี,ACTIVE
TTMT,9374750,ธรณีสันฑะฆาต,ยาธรณีสัณธะฆาต,ยาแคปซูล,โรงพยาบาลอุดรธานี,ACTIVE
TTMT,9374766,ไฟห้ากอง ,ยาไฟ 5 กอง,ยาแคปซูล,โรงพยาบาลอุดรธานี,ACTIVE
TTMT,9374778,สหัศธารา,ยาสหัศธารา,ยาแคปซูล,โรงพยาบาลอุดรธานี,ACTIVE
TTMT,9374784,เขียวหอม,ยาเขียวหอม,ยาผง,โรงพยาบาลอุดรธานี,ACTIVE
TTMT,9374797,ผสมเพชรสังฆาต สูตรตำรับที่ 1,ผสมเพชรสังฆาต สูตรตำรับที่ 1,ยาแคปซูล,โรงพยาบาลขามสะแกแสง,ACTIVE
TTMT,9374807,แคปซูลผสมเพชรสังฆาต,ยาแคปซูลเพชรสังฆาต,ยาแคปซูล,คณะเภสัชศาสตร์ มหาวิทยาลัยสงขลานครินทร์,ACTIVE
TTMT,9374811,ยาประคบ,ยาประคบ,ยาประคบ,โรงพยาบาลสังคม,ACTIVE
TTMT,9374824,ขี้ผึ้งไพล สูตรตำรับที่ 1,ยาขี้ผึ้ง,ขี้ผึ้ง,โรงพยาบาลสังคม,ACTIVE
TTMT,9374830,น้ำมันไพล,ยาน้ำมันไพล,ยาเข้าน้ำมัน,ศูนย์บริการทางการแพทย์ คณะแพทยศาสตร์ มหาวิทยาลัยมหาสารคาม,ACTIVE
TTMT,9374848,ยาประคบ,ยาประคบสมุนไพรแห้ง,ยาประคบ,ศูนย์บริการทางการแพทย์ คณะแพทยศาสตร์ มหาวิทยาลัยมหาสารคาม,ACTIVE
TTMT,9374853,สมุนไพรอบตัว,ยาอบสมุนไพร,ยาต้ม,ศูนย์บริการทางการแพทย์ คณะแพทยศาสตร์ มหาวิทยาลัยมหาสารคาม,ACTIVE
TTMT,9374869,หม่องสมุนไพร / หม่อง / หม่องแก้ปวด,ยาหม่องสมุนไพร,ขี้ผึ้ง,ศูนย์บริการทางการแพทย์ คณะแพทยศาสตร์ มหาวิทยาลัยมหาสารคาม,ACTIVE
TTMT,9374876,ดมสมุนไพร,ยาดมสมุนไพร,ยาดม,ศูนย์บริการทางการแพทย์ คณะแพทยศาสตร์ มหาวิทยาลัยมหาสารคาม,ACTIVE
TTMT,9374882,พิมเสนน้ำ,พิมเสนน้ำ,ยาน้ำ,ศูนย์บริการทางการแพทย์ คณะแพทยศาสตร์ มหาวิทยาลัยมหาสารคาม,ACTIVE
TTMT,9374895,ธาตุอบเชย ,ยาธาตุอบเชยตราธงทอง,ยาน้ำ,ห้างธงทองโอสถ,ACTIVE
TTMT,9374905,ปลูกไฟธาตุ,ยาปลูกไฟธาตุ,ยาแคปซูล,โรงพยาบาลอุดรธานี,ACTIVE
TTMT,9374914,ประสะมะแว้ง,ยาประสะมะแว้ง,ยาผง,โรงพยาบาลอุดรธานี,ACTIVE
TTMT,9374922,ประสะมะแว้ง,ยาประสะมะแว้ง,ยาลูกกลอน,โรงพยาบาลอุดรธานี,ACTIVE
TTMT,9374933,หม่องไพล/บาล์มไพล/ไพลบาล์ม / ขี้ผึ้งไพล,ยาหม่องน้ำมันไพล,ขี้ผึ้ง,โรงพยาบาลฮอด,ACTIVE
TTMT,9374946,ยาประคบ,ลูกประคบ,ยาประคบ,โรงพยาบาลฮอด,ACTIVE
TTMT,9374951,ตรีผลา / พิกัดตรีผลา ,ตรีผลา / พิกัดตรีผลา ,ยาต้ม,โรงพยาบาลเอราวัณ,ACTIVE
TTMT,9374967,เบญจกูล / พิกัดเบญจกูล,เบญจกูล / พิกัดเบญจกูล,ยาต้ม,โรงพยาบาลเอราวัณ,ACTIVE
TTMT,9374979,ผสมรางจืด,ยาชงผสมรางจืด,ยาชง,บริษัท ผลิตภัณฑ์สมุนไพรไทย จำกัด,ACTIVE
TTMT,9374980,แคปซูลกวาวเครือขาว,ยาแคปซูลกวาวเครือขาว,ยาแคปซูล,บริษัท แก้วมังกรเภสัช จำกัด,ACTIVE
TTMT,9374998,แคปซูลกวาวเครือแดง,ยาแคปซูลกวาวเครือแดง,ยาแคปซูล,บริษัท แก้วมังกรเภสัช จำกัด,ACTIVE
TTMT,9375000,แคปซูลดอกคำฝอย,ยาแคปซูลดอกคำฝอย,ยาแคปซูล,บริษัท แก้วมังกรเภสัช จำกัด,ACTIVE
TTMT,9375016,กัทติล,ยากัทติล,ยาน้ำ,บริษัท แก้วมังกรเภสัช จำกัด,ACTIVE
TTMT,9375028,พอกสมุนไพร,ยาพอกสมุนไพร,ยาพอก,โรงพยาบาลสอง,ACTIVE
TTMT,9375037,แช่เท้าสมุนไพร,ยาแช่เท้าสมุนไพร,ยาแช่,โรงพยาบาลสอง,ACTIVE
TTMT,9375044,รากสามสิบ,รากสามสิบ,ยาน้ำ,โรงพยาบาลจังหาร,ACTIVE
TTMT,9375059,เบญจกูล / พิกัดเบญจกูล,เบญจกูล,ยาต้ม,โรงพยาบาลจังหาร,ACTIVE
TTMT,9375063,ตรีผลา / พิกัดตรีผลา ,ตรีผลา,ยาต้ม,โรงพยาบาลจังหาร,ACTIVE
TTMT,9375071,ตรีพิกัด,ตรีพิกัด,ยาต้ม,โรงพยาบาลจังหาร,ACTIVE
TTMT,9375085,เกสรทั้ง 5,เกสรทั้ง 5,ยาต้ม,โรงพยาบาลจังหาร,ACTIVE
TTMT,9375092,หม่องไพล/บาล์มไพล/ไพลบาล์ม / ขี้ผึ้งไพล,ยาหม่องไพล,ขี้ผึ้ง,โรงพยาบาลดอนสัก,ACTIVE
TTMT,9375102,หม่องไพล/บาล์มไพล/ไพลบาล์ม / ขี้ผึ้งไพล,ยาขี้ผึ้งไพล,ขี้ผึ้ง,โรงพยาบาลสมเด็จพระยุพราชสว่างแดนดิน,ACTIVE
TTMT,9375118,บำรุงน้ำนม,ยาบำรุงน้ำนม,ยาต้ม,โรงพยาบาลสมเด็จพระยุพราชสว่างแดนดิน,ACTIVE
TTMT,9375125,ยาประคบ,ลูกประคบสมุนไพร,ยาประคบ,โรงพยาบาลสมเด็จพระยุพราชสว่างแดนดิน,ACTIVE
TTMT,9375139,ยาพอกดูดพิษ,ยาพอกดูดพิษ,ยาพอก,โรงพยาบาลสมเด็จพระยุพราชสว่างแดนดิน,ACTIVE
TTMT,9375141,พลาสเตอร์ไพล,พลาสเตอร์ไพล,ยาพอก,โรงพยาบาลสมเด็จพระยุพราชสว่างแดนดิน,ACTIVE
TTMT,9375156,ยาประคบ,ยาประคบ,ยาประคบ,โรงพยาบาลปากชม,ACTIVE
TTMT,9375160,สมุนไพรอบตัว,ยาอบสมุนไพร,ยาต้ม,โรงพยาบาลปากชม,ACTIVE
TTMT,9375173,หม่องไพล/บาล์มไพล/ไพลบาล์ม / ขี้ผึ้งไพล,ขี้ผึ้งไพล,ขี้ผึ้ง,โรงพยาบาลปากชม,ACTIVE
TTMT,9375187,ยาประคบ,ยาประคบ,ยาประคบ,โรงพยาบาลส่งเสริมสุขภาพตำบลบ้านม่วง,ACTIVE
TTMT,9375194,ขี้ผึ้งไพล สูตรตำรับที่ 1,ยาขี้ผึ้ง,ขี้ผึ้ง,โรงพยาบาลส่งเสริมสุขภาพตำบลบ้านม่วง,ACTIVE
TTMT,9375207,ธาตุอบเชย ,ยาธาตุอบเชย,ยาน้ำ,โรงพยาบาลส่งเสริมสุขภาพตำบลบ้านม่วง,ACTIVE
TTMT,9375211,อภัยสาลี,ยาเม็ดอภัยสาลี,ยาเม็ด,บริษัท ไทยเอฟดี จำกัด,ACTIVE
TTMT,9375224,ไฟประลัยกัลป์,ยาไฟประลัยกัลป์แคปซูล,ยาแคปซูล,บริษัท ไทยเอฟดี จำกัด,ACTIVE
TTMT,9375230,ประสะจันทน์แดง ,ยาประสะจันทน์แดง ทีเอฟดี,ยาเม็ด,บริษัท ไทยเอฟดี จำกัด,ACTIVE
TTMT,9375248,แก้ไอวิริยมัย สูตรมะขามป้อม,ยาแก้ไอวิริยมัย สูตรมะขามป้อม,ยาน้ำ,บริษัท วิริยมัย(2448) จำกัด,ACTIVE
TTMT,9375253,ยาประคบ,ยาประคบ,ยาประคบ,โรงพยาบาลส่งเสริมสุขภาพตำบลทานสัมฤทธิ์,ACTIVE
TTMT,9375269,ขี้ผึ้งไพล สูตรตำรับที่ 1,ยาขี้ผึ้ง,ขี้ผึ้ง,โรงพยาบาลส่งเสริมสุขภาพตำบลทานสัมฤทธิ์,ACTIVE
TTMT,9375276,มธุรเมหะ (รพ.อู่ทอง),ยามธุระเมหะ,ยาแคปซูล,โรงพยาบาลอู่ทอง,ACTIVE
TTMT,9375282,เบญจอำมฤตย์ ,เบญจอำมฤตย์,ยาแคปซูล,โรงพยาบาลอู่ทอง,ACTIVE
TTMT,9375295,อายุวัตนะ ,อายุวัตนะ ,ยาแคปซูล,โรงพยาบาลอู่ทอง,ACTIVE
TTMT,9375305,อมแก้ไอรสบ๊วย     ,ยาอมแก้ไอรสบ๊วย     ,ยาลูกกลอน,โรงพยาบาลอู่ทอง,ACTIVE
TTMT,9375314,อมบ้วนปากใบฝรั่ง  ,ยาอมบ้วนปากใบฝรั่ง  ,ยาน้ำ,โรงพยาบาลอู่ทอง,ACTIVE
TTMT,9375322,ชากระตุ้นน้ำนม,ชากระตุ้นน้ำนม,ยาชง,โรงพยาบาลอู่ทอง,ACTIVE
TTMT,9375333,ธรณีสันฑะฆาต,ยาธรณีสันฑะฆาต,ยาแคปซูล,บริษัท ภูลประสิทธิ์ จำกัด,ACTIVE
TTMT,9375346,ประสะกานพลู,ยาประสะกานพลู,ยาผง,บริษัท ภูลประสิทธิ์ จำกัด,ACTIVE
TTMT,9375351,ไฟประลัยกัลป์,ยาไฟประลัยกัลป์,ยาแคปซูล,บริษัท ภูลประสิทธิ์ จำกัด,ACTIVE
TTMT,9375367,ผสมเพชรสังฆาต,ยาผสมเพชรสังฆาต,ยาแคปซูล,บริษัท ภูลประสิทธิ์ จำกัด,ACTIVE
TTMT,9375379,บำรุงโลหิต,ยาบำรุงโลหิต,ยาแคปซูล,บริษัท ภูลประสิทธิ์ จำกัด,ACTIVE
TTMT,9375380,ธรณีสันฑะฆาต,ยาธรณีสันฑะฆาต,ยาแคปซูล,บริษัท อุทัยประสิทธิ์ จำกัด,ACTIVE
TTMT,9375398,ประสะจันทน์แดง ,ยาประสะจันทน์แดง,ยาผง,บริษัท อุทัยประสิทธิ์ จำกัด,ACTIVE
TTMT,9375403,อำมฤควาที,ยาอำมฤควาที,ยาลูกกลอน,บริษัท อุทัยประสิทธิ์ จำกัด,ACTIVE
TTMT,9375419,ประสะน้ำนม,ยาประสะน้ำนม ชนิดแคปซูล,ยาแคปซูล,บริษัท อุทัยประสิทธิ์ จำกัด,ACTIVE
TTMT,9375426,จันทน์ลีลา,ยาจันทน์ลีลา ชนิดแคปซูล,ยาแคปซูล,บริษัท อุทัยประสิทธิ์ จำกัด,ACTIVE
TTMT,9375435,ประสะเจตพังคี,ยาประสะเจตพังคี ชนิดแคปซูล,ยาแคปซูล,บริษัท อุทัยประสิทธิ์ จำกัด,ACTIVE
TTMT,9375442,ห้าราก / แก้ไข้ห้าราก / แก้วห้าดวง / เบญจโลกวิเชียร ,ยาเบญจโลกวิเชียรแคปซูล,ยาแคปซูล,บริษัท อุทัยประสิทธิ์ จำกัด,ACTIVE
TTMT,9375457,ตรีผลา / พิกัดตรีผลา ,ยาตรีผลา,ยาแคปซูล,บริษัท อุทัยประสิทธิ์ จำกัด,ACTIVE
TTMT,9375461,ผสมเพชรสังฆาต สูตรตำรับที่ 2,ผสมเพชรสังฆาตสูตรตำรับ 2,ยาแคปซูล,โรงพยาบาลพนัสนิคม,ACTIVE
TTMT,9375474,ประสะไพล,ยาประสะไพล,ยาแคปซูล,โรงพยาบาลพนัสนิคม,ACTIVE
TTMT,9375488,บำรุงโลหิต,ยาบำรุงโลหิต,ยาแคปซูล,โรงพยาบาลพนัสนิคม,ACTIVE
TTMT,9375490,ริดสีดวงมหากาฬ (ตำรับในระบบทางเดินอาหารส่วนกลางและส่วนปลาย),ยาริดสีดวงมหากาฬ,ยาแคปซูล,โรงพยาบาลพนัสนิคม,ACTIVE
TTMT,9375501,ธาตุบรรจบ,ยาธาตุบรรจบ,ยาแคปซูล,โรงพยาบาลพนัสนิคม,ACTIVE
TTMT,9375517,ตรีผลา / พิกัดตรีผลา ,ยาตรีผลา,ยาแคปซูล,โรงพยาบาลพนัสนิคม,ACTIVE
TTMT,9375529,ห้าราก / แก้ไข้ห้าราก / แก้วห้าดวง / เบญจโลกวิเชียร ,ห้าราก,ยาแคปซูล,โรงพยาบาลพนัสนิคม,ACTIVE
TTMT,9375538,ปราบชมพูทวีป,ปราบชมพูทวีป,ยาแคปซูล,โรงพยาบาลพนัสนิคม,ACTIVE
TTMT,9375540,ธาตุอบเชย ,ธาตุอบเชย,ยาน้ำ,โรงพยาบาลพนัสนิคม,ACTIVE
TTMT,9375555,แก้ไอผสมมะขามป้อม สูตรตำรับที่ 1,แก้ไอผสมมะขามป้อม สูตรตำรับที่ 1,ยาน้ำ,โรงพยาบาลพนัสนิคม,ACTIVE
TTMT,9375564,หอมเทพจิตร,หอมเทพจิตร,ยาเม็ด,โรงพยาบาลพนัสนิคม,ACTIVE
TTMT,9375572,ยาประคบ,ยาประคบ,ยาประคบ,โรงพยาบาลส่งเสริมสุขภาพตำบลบางเขน,ACTIVE
TTMT,9375586,ขี้ผึ้งไพล สูตรตำรับที่ 1,ยาขี้ผิ้งไพล,ขี้ผึ้ง,โรงพยาบาลส่งเสริมสุขภาพตำบลบางเขน,ACTIVE
TTMT,9375593,ยาประคบ,ยาประคบสมุนไพรแห้ง,ยาประคบ,โรงพยาบาลขามสะแกแสง,ACTIVE
TTMT,9375604,ยาประคบ,ยาประคบสมุนไพร,ยาประคบ,โรงพยาบาลส่งเสริมสุขภาพตำบลยางนอน,ACTIVE
TTMT,9375615,ไฟประลัยกัลป์,ยาไฟประลัยกัลป์ชนิดแคปซูล,ยาแคปซูล,บริษัท เจริญสุขเภสัช (เจริญสุขกรุ๊ป) ,ACTIVE
TTMT,9375627,น้ำมันไพล,ยาน้ำมันเหลืองผสมไพล,ยาเข้าน้ำมัน,บริษัท เจริญสุขเภสัช (เจริญสุขกรุ๊ป) ,ACTIVE
TTMT,9375636,ตรีผลา / พิกัดตรีผลา ,ยาแคปซูลตรีผลา ทีเอฟดี,ยาแคปซูล,บริษัท ไทยเอฟดี จำกัด,ACTIVE
TTMT,9375643,ธาตุอบเชย ,ยาธาตุทีเอฟดี (สูตรยาธาตุอบเชย),ยาน้ำ,บริษัท ไทยเอฟดี จำกัด,ACTIVE
TTMT,9375658,เบญจกูล / พิกัดเบญจกูล,ยาเบญจกูลชนิดแคปซูลตราธงทอง,ยาแคปซูล,ห้างธงทองโอสถ,ACTIVE
TTMT,9375662,ตรีผลา / พิกัดตรีผลา ,ยาชงตรีผลาตราธงทอง,ยาชง,ห้างธงทองโอสถ,ACTIVE
TTMT,9375670,แคปซูลหญ้าปักกิ่ง ตราธงทอง,ยาแคปซูลหญ้าปักกิ่งตราธงทอง,ยาแคปซูล,ห้างธงทองโอสถ,ACTIVE
TTMT,9375689,แคปซูลอบเชย ตราธงทอง,ยาแคปซูลอบเชยตราธงทอง,ยาแคปซูล,ห้างธงทองโอสถ,ACTIVE
TTMT,9375691,ชงผสมมะขามป้อม ตราธงทอง,ยาชงผสมมะขามป้อมตราธงทอง,ยาชง,ห้างธงทองโอสถ,ACTIVE
TTMT,9375708,ผสมเพชรสังฆาต สูตรตำรับที่ 1,ผสมเพชรสังฆาตสูตร 1,ยาแคปซูล,โรงพยาบาลสมเด็จพระยุพราชเด่นชัย,ACTIVE
TTMT,9375712,เบญจกูล / พิกัดเบญจกูล,เบญจกูลแคปซูล,ยาแคปซูล,โรงพยาบาลสมเด็จพระยุพราชเด่นชัย,ACTIVE
TTMT,9375720,ไฟห้ากอง ,ไฟห้ากองแคปซูล,ยาแคปซูล,โรงพยาบาลสมเด็จพระยุพราชเด่นชัย,ACTIVE
TTMT,9375731,หอมนวโกฐ,ยาหอมนวโกฐ,ยาผง,โรงพยาบาลสมเด็จพระยุพราชเด่นชัย,ACTIVE
TTMT,9375749,ขี้ผึ้งไพล สูตรตำรับที่ 1,ยาหม่องไพล,ขี้ผึ้ง,โรงพยาบาลสมเด็จพระยุพราชเด่นชัย,ACTIVE
TTMT,9375754,หม่องเสลดพังพอน/เสลดพังพอนบาล์ม/หม่องพญายอ/ขี้ผึ้งพญายอ/   ขี้ผึ้งเสลดพังพอน,ยาหม่องพญายอ,ขี้ผึ้ง,โรงพยาบาลสมเด็จพระยุพราชเด่นชัย,ACTIVE
TTMT,9375765,น้ำมันไพล,น้ำมันไพล,ยาเข้าน้ำมัน,โรงพยาบาลสมเด็จพระยุพราชเด่นชัย,ACTIVE
TTMT,9375777,ยาประคบ,ลูกประคบ,ยาประคบ,โรงพยาบาลสมเด็จพระยุพราชเด่นชัย,ACTIVE
TTMT,9375783,สมุนไพรอบตัว,ยาอบสมุนไพร,ยาต้ม,โรงพยาบาลสมเด็จพระยุพราชเด่นชัย,ACTIVE
TTMT,9375796,หม่องขมิ้นชัน,ยาหม่องขมิ้นชัน,ขี้ผึ้ง,โรงพยาบาลสมเด็จพระยุพราชเด่นชัย,ACTIVE
TTMT,9375806,อาบสมุนไพร,ยาอาบสมุนไพร,ยาต้ม,โรงพยาบาลสมเด็จพระยุพราชเด่นชัย,ACTIVE
TTMT,9375810,ยาดมสมุนไพร,ยาดมสมุนไพร,ยาดม,โรงพยาบาลสมเด็จพระยุพราชเด่นชัย,ACTIVE
TTMT,9375823,อมฟ้าทะลายโจร,ยาอมฟ้าทะลายโจร,ยาลูกกลอน,โรงพยาบาลสมเด็จพระยุพราชเด่นชัย,ACTIVE
TTMT,9375834,ยาต้มสะเก็ดเงิน,ยาต้มสะเก็ดเงิน,ยาต้ม,โรงพยาบาลสมเด็จพระยุพราชเด่นชัย,ACTIVE
TTMT,9375847,ยาทาสะเก็ดเงิน,ยาทาสะเก็ดเงิน,ขี้ผึ้ง,โรงพยาบาลสมเด็จพระยุพราชเด่นชัย,ACTIVE
TTMT,9375852,ยาน้ำสะเก็ดเงิน,ยาน้ำสะเก็ดเงิน,ยาน้ำ,โรงพยาบาลสมเด็จพระยุพราชเด่นชัย,ACTIVE
TTMT,9375868,ยาประคบ,ยาประคบสมุนไพรสด,ยาประคบ,โรงพยาบาลจังหาร,ACTIVE
TTMT,9375875,ยาประคบ,ยาประคบสมุนไพรแห้ง,ยาประคบ,โรงพยาบาลจังหาร,ACTIVE
TTMT,9375881,ตำรับรากสามสิบ,รากสามสิบ,ยาต้ม,โรงพยาบาลจังหาร,ACTIVE
TTMT,9375899,ยาประคบ,ลูกประคบสมุนไพร,ยาประคบ,โรงพยาบาลนาด้วง,ACTIVE
TTMT,9375909,สมุนไพรอบตัว,ยาอบสมุนไพร,ยาต้ม,โรงพยาบาลนาด้วง,ACTIVE
TTMT,9375913,หลังคลอด (รพ.นาด้วง),ยาต้มหลังคลอด,ยาต้ม,โรงพยาบาลนาด้วง,ACTIVE
TTMT,9375921,ยาประคบ,ลูกประคบสมุนไพรแห้ง 150 กรัม,ยาประคบ,โรงพยาบาลหนองหาน,ACTIVE
TTMT,9375932,ยาประคบ,ลูกประคบสมุนไพรแห้ง 220 กรัม,ยาประคบ,โรงพยาบาลหนองหาน,ACTIVE
TTMT,9375945,ห้าราก / แก้ไข้ห้าราก / แก้วห้าดวง / เบญจโลกวิเชียร ,ตำรับยา 5 ราก,ยาต้ม,โรงพยาบาลหนองหาน,ACTIVE
TTMT,9375950,เบญจกูล / พิกัดเบญจกูล,ตำรับยาเบญจกูล,ยาต้ม,โรงพยาบาลหนองหาน,ACTIVE
TTMT,9375966,ตรีกฏุก,พิกัดตรีกฏุก,ยาต้ม,โรงพยาบาลหนองหาน,ACTIVE
TTMT,9375978,ตรีสาร,พิกัดตรีสาร,ยาต้ม,โรงพยาบาลหนองหาน,ACTIVE
TTMT,9375984,ตรีผลา / พิกัดตรีผลา ,พิกัดตรีผลา,ยาต้ม,โรงพยาบาลหนองหาน,ACTIVE
TTMT,9375997,ตรีสมอ / พิกัดตรีสมอ,พิกัดตรีสมอ,ยาต้ม,โรงพยาบาลหนองหาน,ACTIVE
TTMT,9376004,ตรีธารทิพย์ / พิกัดตรีธารทิพย์,พิกัดตรีธารทิพย์,ยาต้ม,โรงพยาบาลหนองหาน,ACTIVE
TTMT,9376015,หลังคลอด (รพ.หนองหาน),ยาต้มหลังคลอด,ยาต้ม,โรงพยาบาลหนองหาน,ACTIVE
TTMT,9376027,บรรเทาริดสีดวงทวารหนักชนิดแคปซูล ตราเจเอสพี,ยาบรรเทาริดสีดวงทวารหนักชนิดแคปซูล ตราเจเอสพี,ยาแคปซูล,ห้างหุ้นส่วนจำกัด โรงงานเภสัชอุตสาหกรรม ค็อกช์,ACTIVE
TTMT,9376036,แก้ไอสมุนไพรผสมชะเอมเทศ,ยาน้ำแก้ไอสมุนไพรผสมชะเอมเทศ,ยาน้ำ,ห้างหุ้นส่วนจำกัด โรงงานเภสัชอุตสาหกรรม ค็อกช์,ACTIVE
TTMT,9376043,ตรีผลา / พิกัดตรีผลา ,ยาตรีผลา 500 มิลลิกรัม,ยาแคปซูล,บริษัท โรงงานเภสัชอุตสาหกรรม เจเอสพี(ประเทศไทย) จำกัด (มหาชน),ACTIVE
TTMT,9376058,แคปซูลผสมกระเทียม,ยาแคปซูลผสมกระเทียม,ยาแคปซูล,บริษัท โรงงานเภสัชอุตสาหกรรม เจเอสพี(ประเทศไทย) จำกัด (มหาชน),ACTIVE
TTMT,9376062,อำมฤควาที,ยาอำมฤควาที,ยาแคปซูล,โรงพยาบาลเจ้าพระยาอภัยภูเบศร,ACTIVE
TTMT,9376070,มันทธาตุ,ยามันทธาตุ,ยาแคปซูล,โรงพยาบาลเจ้าพระยาอภัยภูเบศร,ACTIVE
TTMT,9376089,ประสะเจตพังคี,ยาประสะเจตพังคี,ยาแคปซูล,โรงพยาบาลเจ้าพระยาอภัยภูเบศร,ACTIVE
TTMT,9376091,ยาพอกสะเก็ดเงิน,ยาทาสะเก็ดเงิน,ยาพอก,โรงพยาบาลเจ้าพระยาอภัยภูเบศร,ACTIVE
TTMT,9376101,ต้มบำรุงโลหิต,ยาต้มบำรุงโลหิต,ยาต้ม,โรงพยาบาลเจ้าพระยาอภัยภูเบศร,ACTIVE
TTMT,9376117,ระย่อมลมสูง,ยาระย่อมลมสูง,ยาแคปซูล,โรงพยาบาลเจ้าพระยาอภัยภูเบศร,ACTIVE
TTMT,9376129,หม่องไพล,ยาหม่องไพล,ขี้ผึ้ง,โรงพยาบาลตรัง,ACTIVE
TTMT,9376138,หม่องพญายอ,ยาหม่องพญายอ,ขี้ผึ้ง,โรงพยาบาลตรัง,ACTIVE
TTMT,9376140,น้ำมันทาแก้คัน,น้ำมันทาแก้คัน,ยาเข้าน้ำมัน,โรงพยาบาลตรัง,ACTIVE
TTMT,9376155,ยาพอกลดบวม,ยาพอกลดบวม,ยาผง,โรงพยาบาลตรัง,ACTIVE
TTMT,9376164,บำรุงร่างกาย,ยาบำรุงร่างกาย,ยาแคปซูล,โรงพยาบาลตรัง,ACTIVE
TTMT,9376172,หม่องสมุนไพรตรานายพนัส,ยาหม่องสมุนไพร ตรานายพนัส,ขี้ผึ้ง,โรงงาน พนัสสมุนไพร,ACTIVE
TTMT,9376186,บำรุงร่างกายตราอินดี้,ยาบำรุงร่างกาย ตราอินดี้,ยาแคปซูล,โรงงาน พนัสสมุนไพร,ACTIVE
TTMT,9376193,กล่อมนางนอน,ยากล่อมนางนอน,ยาแคปซูล,โรงพยาบาลสรรคบุรี,ACTIVE
TTMT,9376206,น้ำกระสายยา ตำรับที่ 1,น้ำกระสายยา ตำรับที่ 1,ยาชง,โรงพยาบาลสรรคบุรี,ACTIVE
TTMT,9376210,ยาต้มเบาหวาน ตำรับที่ 1,ยาต้มเบาหวาน ตำรับที่ 1,ยาต้ม,โรงพยาบาลสรรคบุรี,ACTIVE
TTMT,9376223,ผสมเพชรสังฆาต สูตรตำรับที่ 2,ยาผสมเพชรสังฆาต,ยาแคปซูล,โรงพยาบาลสิงหนคร,ACTIVE
TTMT,9376234,ยาประคบ,ยาประคบ,ยาประคบ,โรงพยาบาลสิงหนคร,ACTIVE
TTMT,9376247,สมุนไพรอบตัว,สมุนไพรอบตัว,ยาต้ม,โรงพยาบาลสิงหนคร,ACTIVE
TTMT,9376252,หม่องไพล/บาล์มไพล/ไพลบาล์ม / ขี้ผึ้งไพล,ยาหม่องไพล,ขี้ผึ้ง,โรงพยาบาลสิงหนคร,ACTIVE
TTMT,9376268,พิมเสนน้ำ,พิมเสน,ยาน้ำ,โรงพยาบาลสิงหนคร,ACTIVE
TTMT,9376275,ประสะไพล,ยาประสะไพล,ยาผง,โรงพยาบาลสิงหนคร,ACTIVE
TTMT,9376281,สเปรย์ตะไคร้หอม,สเปรย์ตะไคร้หอม,ยาน้ำ,โรงพยาบาลสิงหนคร,ACTIVE
TTMT,9376299,ยากระตุ้นน้ำนม,ยากระตุ้นน้ำนม,ยาต้ม,โรงพยาบาลสิงหนคร,ACTIVE
TTMT,9376309,ยาทาแผลกดทับ,ยาทาแผลกดทับ,ขี้ผึ้ง,โรงพยาบาลสิงหนคร,ACTIVE
TTMT,9376313,เม็ดอินทนิน ตราหินทอง เบอร์ 14,ยาเม็ดอินทนิน ตราหินทอง เบอร์ 14,ยาลูกกลอน,บริษัท ลิ้มเซ่งฮึง จำกัด,ACTIVE
TTMT,9376321,เม็ดแก้กษัย ตราหินทอง เบอร์ 7,ยาเม็ดแก้กษัย ตราหินทอง เบอร์ 7,ยาลูกกลอน,บริษัท ลิ้มเซ่งฮึง จำกัด,ACTIVE
TTMT,9376332,ศรีนารี ตราหินทอง เบอร์ 16,ยาศรีนารี ตราหินทอง เบอร์ 16,ยาลูกกลอน,บริษัท ลิ้มเซ่งฮึง จำกัด,ACTIVE
TTMT,9376345,อมแก้ไอ ตราหินทอง เบอร์ 23,ยาอมแก้ไอ ตราหินทอง เบอร์ 23,ยาลูกกลอน,บริษัท ลิ้มเซ่งฮึง จำกัด,ACTIVE
TTMT,9376350,บำรุงร่างกาย ตราหินทอง เบอร์ 11,ยาบำรุงร่างกาย ตราหินทอง เบอร์ 11,ยาลูกกลอน,บริษัท ลิ้มเซ่งฮึง จำกัด,ACTIVE
TTMT,9376366,สตรีนวลลออ ตราหินทอง เบอร์ 29,ยาสตรีนวลลออ ตราหินทอง เบอร์ 29,ยาลูกกลอน,บริษัท ลิ้มเซ่งฮึง จำกัด,ACTIVE
TTMT,9376378,บรรเทาริดสีดวงจมูก  ตราหินทอง เบอร์ 31,ยาบรรเทาริดสีดวงจมูก  ตราหินทอง เบอร์ 31,ยาลูกกลอน,บริษัท ลิ้มเซ่งฮึง จำกัด,ACTIVE
TTMT,9376384,โรคผิวหนังผื่นคัน  ตราหินทอง เบอร์ 30,ยาโรคผิวหนังผื่นคัน  ตราหินทอง เบอร์ 30,ยาลูกกลอน,บริษัท ลิ้มเซ่งฮึง จำกัด,ACTIVE
TTMT,9376397,บรรเทาหอบหืด ตราหินทอง เบอร์ 53,ยาบรรเทาหอบหืด ตราหินทอง เบอร์ 53,ยาลูกกลอน,บริษัท ลิ้มเซ่งฮึง จำกัด,ACTIVE
TTMT,9376402,ลดไข้ ตราหินทอง เบอร์ 54,ยาลดไข้ ตราหินทอง เบอร์ 54,ยาลูกกลอน,บริษัท ลิ้มเซ่งฮึง จำกัด,ACTIVE
TTMT,9376418,เม็ดเทพดำรง ตราหินทอง เบอร์ 27,ยาเม็ดเทพดำรง ตราหินทอง เบอร์ 27,ยาลูกกลอน,บริษัท ลิ้มเซ่งฮึง จำกัด,ACTIVE
TTMT,9376425,บรรเทาริดสีดวงทวารหนัก ตราหินทอง เบอร์ 9,ยาบรรเทาริดสีดวงทวารหนัก ตราหินทอง เบอร์ 9,ยาลูกกลอน,บริษัท ลิ้มเซ่งฮึง จำกัด,ACTIVE
TTMT,9376439,ธาตุเม็ดฮัวตง ตราหินทอง เบอร์ 42,ยาธาตุเม็ดฮัวตง ตราหินทอง เบอร์ 42,ยาลูกกลอน,บริษัท ลิ้มเซ่งฮึง จำกัด,ACTIVE
TTMT,9376441,หยุงฮูอี๊ ตราหินทอง เบอร์ 13,ยาหยุงฮูอี๊ ตราหินทอง เบอร์ 13,ยาลูกกลอน,บริษัท ลิ้มเซ่งฮึง จำกัด,ACTIVE
TTMT,9376456,บำรุงโลหิต ตราหินทอง เบอร์ 21,ยาบำรุงโลหิต ตราหินทอง เบอร์ 21,ยาลูกกลอน,บริษัท ลิ้มเซ่งฮึง จำกัด,ACTIVE
TTMT,9376460,กษัยเส้น ตราหินทอง เบอร์ 30,ยากษัยเส้น ตราหินทอง เบอร์ 30,ยาลูกกลอน,บริษัท ลิ้มเซ่งฮึง จำกัด,ACTIVE
TTMT,9376473,เม็ดเทพรักษ์ ตราหินทอง เบอร์ 20,ยาเม็ดเทพรักษ์ ตราหินทอง เบอร์ 20,ยาลูกกลอน,บริษัท ลิ้มเซ่งฮึง จำกัด,ACTIVE
TTMT,9376487,กษัยเส้น ตราหินทอง เบอร์ 3,ยากษัยเส้น ตราหินทอง เบอร์ 3,ยาลูกกลอน,บริษัท ลิ้มเซ่งฮึง จำกัด,ACTIVE
TTMT,9376494,ขมแก้ไข้ร้อนใน ตราหินทอง เบอร์ 12,ยาขมแก้ไข้ร้อนใน ตราหินทอง เบอร์ 12,ยาลูกกลอน,บริษัท ลิ้มเซ่งฮึง จำกัด,ACTIVE
TTMT,9376500,ยาถ่ายหินทอง ตราหินทอง ชนิดเม็ด,ยาถ่ายหินทอง ตราหินทอง ชนิดเม็ด,ยาลูกกลอน,บริษัท ลิ้มเซ่งฮึง จำกัด,ACTIVE
TTMT,9376516,เม็ดลูกกลอนกวาวเครือขาว ตราหินทอง,ยาเม็ดลูกกลอนกวาวเครือขาว ตราหินทอง,ยาลูกกลอน,บริษัท ลิ้มเซ่งฮึง จำกัด,ACTIVE
TTMT,9376528,ประสะมะแว้ง ตราหินทอง ชนิดเม็ด,ยาประสะมะแว้ง ตราหินทอง ชนิดเม็ด,ยาลูกกลอน,บริษัท ลิ้มเซ่งฮึง จำกัด,ACTIVE
TTMT,9376537,ประดง ตราหินทอง ชนิดเม็ด,ยาประดง ตราหินทอง ชนิดเม็ด,ยาลูกกลอน,บริษัท ลิ้มเซ่งฮึง จำกัด,ACTIVE
TTMT,9376544,เม็ดกระษัย ตราหินทอง ,ยาเม็ดกระษัย ตราหินทอง ,ยาลูกกลอน,บริษัท ลิ้มเซ่งฮึง จำกัด,ACTIVE
TTMT,9376559,บรรเทาริดสีดวงทวาร ตราหินทอง ชนิดเม็ด,ยาบรรเทาริดสีดวงทวาร ตราหินทอง ชนิดเม็ด,ยาลูกกลอน,บริษัท ลิ้มเซ่งฮึง จำกัด,ACTIVE
TTMT,9376563,กุลสตรี ตราหินทอง ชนิดเม็ด,ยากุลสตรี ตราหินทอง ชนิดเม็ด,ยาลูกกลอน,บริษัท ลิ้มเซ่งฮึง จำกัด,ACTIVE
TTMT,9376571,หม่องไพล ตราหินทอง,ยาหม่องไพล ตราหินทอง,ขี้ผึ้ง,บริษัท ลิ้มเซ่งฮึง จำกัด,ACTIVE
TTMT,9376585,แก้ไข้ ตราหินทอง ชนิดเม็ด,ยาแก้ไข้ ตราหินทอง ชนิดเม็ด,ยาลูกกลอน,บริษัท ลิ้มเซ่งฮึง จำกัด,ACTIVE
TTMT,9376592,ธาตุเบญจกูล ตราหินทอง ชนิดเม็ด,ยาธาตุเบญจกูล ตราหินทอง ชนิดเม็ด,ยาลูกกลอน,บริษัท ลิ้มเซ่งฮึง จำกัด,ACTIVE
TTMT,9376603,น้ำมันเหลืองไพล ตราหินทอง,น้ำมันเหลืองไพล ตราหินทอง,ยาเข้าน้ำมัน,บริษัท ลิ้มเซ่งฮึง จำกัด,ACTIVE
TTMT,9376619,หม่องกลิ่นกานพลู ตราหินทอง,ยาหม่องกลิ่นกานพลู ตราหินทอง,ขี้ผึ้ง,บริษัท ลิ้มเซ่งฮึง จำกัด,ACTIVE
TTMT,9376626,เขียว เบอร์ 15,ยาเขียว เบอร์ 15,ยาชง,บริษัท ลิ้มเซ่งฮึง จำกัด,ACTIVE
TTMT,9376635,ขี้ผึ้งวิคลี่เบอร์ 24,ยาขี้ผึ้งวิคลี่เบอร์ 24 ,ขี้ผึ้ง,บริษัท ลิ้มเซ่งฮึง จำกัด,ACTIVE
TTMT,9376642,พิมเสนน้ำ ตราหินทอง,ยาพิมเสนน้ำ ตราหินทอง,ยาน้ำ,บริษัท ลิ้มเซ่งฮึง จำกัด,ACTIVE
TTMT,9376657,ผงเป่าคอ ตราหินทอง ชนิดผง,ยาผงเป่าคอ ตราหินทอง ชนิดผง,ยาชง,บริษัท ลิ้มเซ่งฮึง จำกัด,ACTIVE
TTMT,9376661,หอมเทพเกษร ตราหินทอง เบอร์ 99,ยาหอมเทพเกษร ตราหินทอง เบอร์ 99,ยาผง,บริษัท ลิ้มเซ่งฮึง จำกัด,ACTIVE
TTMT,9376674,หอมเทพเกษร ตราหินทอง เบอร์ 99,ยาหอมเทพเกษร ตราหินทอง เบอร์ 99,ยาผง,บริษัท ลิ้มเซ่งฮึง จำกัด,ACTIVE
TTMT,9376688,หอมเทพเกษร ตราหินทอง เบอร์ 99,ยาหอมเทพเกษร ตราหินทอง เบอร์ 99,ยาผง,บริษัท ลิ้มเซ่งฮึง จำกัด,ACTIVE
TTMT,9376690,หอมชนิดผง ตราหินทอง,ยาหอมชนิดผง ตราหินทอง,ยาผง,บริษัท ลิ้มเซ่งฮึง จำกัด,ACTIVE
TTMT,9376707,หอมชนิดผง ตราหินทอง,ยาหอมชนิดผง ตราหินทอง,ยาผง,บริษัท ลิ้มเซ่งฮึง จำกัด,ACTIVE
TTMT,9376711,หอมชนิดผง ตราหินทอง,ยาหอมชนิดผง ตราหินทอง,ยาผง,บริษัท ลิ้มเซ่งฮึง จำกัด,ACTIVE
TTMT,9376724,แก้น้ำนมมาน้อย,ยาแก้น้ำนมมาน้อย,ยาต้ม,โรงพยาบาลโพนพิสัย,ACTIVE
TTMT,9376730,ประสะมะแว้ง,ยาอมมะแว้ง ตราเคเอ็มพี,ยาเม็ด,บริษัท แก้วมังกรเภสัช จำกัด,ACTIVE
TTMT,9376748,ประสะมะแว้ง,ยาอมผสมมะแว้งรสบ๊วยตราเคเอ็มพี,ยาเม็ด,บริษัท แก้วมังกรเภสัช จำกัด,ACTIVE
TTMT,9376753,ยาประคบ,สมศักดิ์พัฒนาเฮิร์บ,ยาประคบ,โรงพยาบาลส่งเสริมสุขภาพตำบลสมศักดิ์พัฒนา,ACTIVE
TTMT,9376769,น้ำมันไพล,สมศักดิ์พัฒนาเฮิร์บ,ยาเข้าน้ำมัน,โรงพยาบาลส่งเสริมสุขภาพตำบลสมศักดิ์พัฒนา,ACTIVE
TTMT,9376776,ปลูกไฟธาตุ,ยาแคปซูลปลูกไฟธาตุตราธงทอง,ยาแคปซูล,ห้างธงทองโอสถ,ACTIVE
TTMT,9376782,ยาประคบ,ลูกประคบสมุนไพรตราธงทอง,ยาประคบ,ห้างธงทองโอสถ,ACTIVE
TTMT,9376795,แคปซูลผสมเถาวัลย์เปรียง,ยาแคปซูลผสมเถาวัลย์เปรียง (Compound Derris scandens capsule),ยาแคปซูล,โรงงาน เภสัชกรรมทหารศูนย์การอุตสาหกรรมป้องกันประเทศและพลังงานทหาร,ACTIVE
TTMT,9376805,หม่องไพล/บาล์มไพล/ไพลบาล์ม / ขี้ผึ้งไพล,ยาขี้ผึ้งไพล,ขี้ผึ้ง,โรงพยาบาลสกลนคร,ACTIVE
TTMT,9376814,บำรุงน้ำนม,ยาบำรุงน้ำนม,ยาต้ม,โรงพยาบาลสกลนคร,ACTIVE
TTMT,9376822,ยาประคบ,ลูกประคบสมุนไพร,ยาประคบ,โรงพยาบาลสกลนคร,ACTIVE
TTMT,9376833,ยาพอกดูดพิษ,ยาพอกดูดพิษ,ยาพอก,โรงพยาบาลสกลนคร,ACTIVE
TTMT,9376846,ธาตุอบเชย ,ยาธาตุอบเชย,ยาน้ำ,โรงพยาบาลสกลนคร,ACTIVE
TTMT,9376851,หม่องไพล/บาล์มไพล/ไพลบาล์ม / ขี้ผึ้งไพล,ยาขี้ผึ้งไพล,ขี้ผึ้ง,โรงพยาบาลพระอาจารย์แบน ธนากโร,ACTIVE
TTMT,9376867,บำรุงน้ำนม,ยาบำรุงน้ำนม,ยาต้ม,โรงพยาบาลพระอาจารย์แบน ธนากโร,ACTIVE
TTMT,9376879,ยาประคบ,ลูกประคบสมุนไพร,ยาประคบ,โรงพยาบาลพระอาจารย์แบน ธนากโร,ACTIVE
TTMT,9376880,ยาพอกดูดพิษ,ยาพอกดูดพิษ,ยาพอก,โรงพยาบาลพระอาจารย์แบน ธนากโร,ACTIVE
TTMT,9376898,หม่องไพล/บาล์มไพล/ไพลบาล์ม / ขี้ผึ้งไพล,ยาขี้ผึ้งไพล,ขี้ผึ้ง,โรงพยาบาลกุสุมาลย์,ACTIVE
TTMT,9376908,บำรุงน้ำนม,ยาบำรุงน้ำนม,ยาต้ม,โรงพยาบาลกุสุมาลย์,ACTIVE
TTMT,9376912,ยาประคบ,ลูกประคบสมุนไพร,ยาประคบ,โรงพยาบาลกุสุมาลย์,ACTIVE
TTMT,9376920,ยาพอกดูดพิษ,ยาพอกดูดพิษ,ยาพอก,โรงพยาบาลกุสุมาลย์,ACTIVE
TTMT,9376931,หม่องไพล/บาล์มไพล/ไพลบาล์ม / ขี้ผึ้งไพล,ยาขี้ผึ้งไพล,ขี้ผึ้ง,โรงพยาบาลกุดบาก,ACTIVE
TTMT,9376949,บำรุงน้ำนม,ยาบำรุงน้ำนม,ยาต้ม,โรงพยาบาลกุดบาก,ACTIVE
TTMT,9376954,ยาประคบ,ลูกประคบสมุนไพร,ยาประคบ,โรงพยาบาลกุดบาก,ACTIVE
TTMT,9376965,ยาพอกดูดพิษ,ยาพอกดูดพิษ,ยาพอก,โรงพยาบาลกุดบาก,ACTIVE
TTMT,9376977,บำรุงน้ำนม,ยาบำรุงน้ำนม,ยาต้ม,โรงพยาบาลพระอาจารย์ฝั้นอาจาโร,ACTIVE
TTMT,9376983,ยาพอกดูดพิษ,ยาพอกดูดพิษ,ยาพอก,โรงพยาบาลพระอาจารย์ฝั้นอาจาโร,ACTIVE
TTMT,9376996,บำรุงน้ำนม,ยาบำรุงน้ำนม,ยาต้ม,โรงพยาบาลพังโคน,ACTIVE
TTMT,9377008,ยาพอกดูดพิษ,ยาพอกดูดพิษ,ยาพอก,โรงพยาบาลพังโคน,ACTIVE
TTMT,9377012,หม่องไพล/บาล์มไพล/ไพลบาล์ม / ขี้ผึ้งไพล,ยาขี้ผึ้งไพล,ขี้ผึ้ง,โรงพยาบาลวาริชภูมิ,ACTIVE
TTMT,9377020,บำรุงน้ำนม,ยาบำรุงน้ำนม,ยาต้ม,โรงพยาบาลวาริชภูมิ,ACTIVE
TTMT,9377031,ยาประคบ,ลูกประคบสมุนไพร,ยาประคบ,โรงพยาบาลวาริชภูมิ,ACTIVE
TTMT,9377049,ยาพอกดูดพิษ,ยาพอกดูดพิษ,ยาพอก,โรงพยาบาลวาริชภูมิ,ACTIVE
TTMT,9377054,หม่องไพล/บาล์มไพล/ไพลบาล์ม / ขี้ผึ้งไพล,ยาขี้ผึ้งไพล,ขี้ผึ้ง,โรงพยาบาลนิคมน้ำอูน,ACTIVE
TTMT,9377065,บำรุงน้ำนม,ยาบำรุงน้ำนม,ยาต้ม,โรงพยาบาลนิคมน้ำอูน,ACTIVE
TTMT,9377077,ยาประคบ,ลูกประคบสมุนไพร,ยาประคบ,โรงพยาบาลนิคมน้ำอูน,ACTIVE
TTMT,9377083,ยาพอกดูดพิษ,ยาพอกดูดพิษ,ยาพอก,โรงพยาบาลนิคมน้ำอูน,ACTIVE
TTMT,9377096,หม่องไพล/บาล์มไพล/ไพลบาล์ม / ขี้ผึ้งไพล,ยาขี้ผึ้งไพล,ขี้ผึ้ง,โรงพยาบาลวานรนิวาส,ACTIVE
TTMT,9377106,บำรุงน้ำนม,ยาบำรุงน้ำนม,ยาต้ม,โรงพยาบาลวานรนิวาส,ACTIVE
TTMT,9377110,ยาประคบ,ลูกประคบสมุนไพร,ยาประคบ,โรงพยาบาลวานรนิวาส,ACTIVE
TTMT,9377123,ยาพอกดูดพิษ,ยาพอกดูดพิษ,ยาพอก,โรงพยาบาลวานรนิวาส,ACTIVE
TTMT,9377134,หม่องไพล/บาล์มไพล/ไพลบาล์ม / ขี้ผึ้งไพล,ยาขี้ผึ้งไพล,ขี้ผึ้ง,โรงพยาบาลคำตากล้า,ACTIVE
TTMT,9377147,บำรุงน้ำนม,ยาบำรุงน้ำนม,ยาต้ม,โรงพยาบาลคำตากล้า,ACTIVE
TTMT,9377152,ยาประคบ,ลูกประคบสมุนไพร,ยาประคบ,โรงพยาบาลคำตากล้า,ACTIVE
TTMT,9377168,ยาพอกดูดพิษ,ยาพอกดูดพิษ,ยาพอก,โรงพยาบาลคำตากล้า,ACTIVE
TTMT,9377175,หม่องไพล/บาล์มไพล/ไพลบาล์ม / ขี้ผึ้งไพล,ยาขี้ผึ้งไพล,ขี้ผึ้ง,โรงพยาบาลบ้านม่วง,ACTIVE
TTMT,9377181,บำรุงน้ำนม,ยาบำรุงน้ำนม,ยาต้ม,โรงพยาบาลบ้านม่วง,ACTIVE
TTMT,9377199,ยาประคบ,ลูกประคบสมุนไพร,ยาประคบ,โรงพยาบาลบ้านม่วง,ACTIVE
TTMT,9377201,ยาพอกดูดพิษ,ยาพอกดูดพิษ,ยาพอก,โรงพยาบาลบ้านม่วง,ACTIVE
TTMT,9377217,หม่องไพล/บาล์มไพล/ไพลบาล์ม / ขี้ผึ้งไพล,ยาขี้ผึ้งไพล,ขี้ผึ้ง,โรงพยาบาลอากาศอำนวย,ACTIVE
TTMT,9377229,บำรุงน้ำนม,ยาบำรุงน้ำนม,ยาต้ม,โรงพยาบาลอากาศอำนวย,ACTIVE
TTMT,9377238,ยาประคบ,ลูกประคบสมุนไพร,ยาประคบ,โรงพยาบาลอากาศอำนวย,ACTIVE
TTMT,9377240,ยาพอกดูดพิษ,ยาพอกดูดพิษ,ยาพอก,โรงพยาบาลอากาศอำนวย,ACTIVE
TTMT,9377255,หม่องไพล/บาล์มไพล/ไพลบาล์ม / ขี้ผึ้งไพล,ยาขี้ผึ้งไพล,ขี้ผึ้ง,โรงพยาบาลส่องดาว,ACTIVE
TTMT,9377264,บำรุงน้ำนม,ยาบำรุงน้ำนม,ยาต้ม,โรงพยาบาลส่องดาว,ACTIVE
TTMT,9377272,ยาประคบ,ลูกประคบสมุนไพร,ยาประคบ,โรงพยาบาลส่องดาว,ACTIVE
TTMT,9377286,ยาพอกดูดพิษ,ยาพอกดูดพิษ,ยาพอก,โรงพยาบาลส่องดาว,ACTIVE
TTMT,9377293,หม่องไพล/บาล์มไพล/ไพลบาล์ม / ขี้ผึ้งไพล,ยาขี้ผึ้งไพล,ขี้ผึ้ง,โรงพยาบาลเต่างอย,ACTIVE
TTMT,9377303,บำรุงน้ำนม,ยาบำรุงน้ำนม,ยาต้ม,โรงพยาบาลเต่างอย,ACTIVE
TTMT,9377319,ยาประคบ,ลูกประคบสมุนไพร,ยาประคบ,โรงพยาบาลเต่างอย,ACTIVE
TTMT,9377326,ยาพอกดูดพิษ,ยาพอกดูดพิษ,ยาพอก,โรงพยาบาลเต่างอย,ACTIVE
TTMT,9377335,บำรุงน้ำนม,ยาบำรุงน้ำนม,ยาต้ม,โรงพยาบาลโคกศรีสุพรรณ,ACTIVE
TTMT,9377342,ยาพอกดูดพิษ,ยาพอกดูดพิษ,ยาพอก,โรงพยาบาลโคกศรีสุพรรณ,ACTIVE
TTMT,9377357,หม่องไพล/บาล์มไพล/ไพลบาล์ม / ขี้ผึ้งไพล,ยาขี้ผึ้งไพล,ขี้ผึ้ง,โรงพยาบาลเจริญศิลป์,ACTIVE
TTMT,9377361,บำรุงน้ำนม,ยาบำรุงน้ำนม,ยาต้ม,โรงพยาบาลเจริญศิลป์,ACTIVE
TTMT,9377374,ยาประคบ,ลูกประคบสมุนไพร,ยาประคบ,โรงพยาบาลเจริญศิลป์,ACTIVE
TTMT,9377388,ยาพอกดูดพิษ,ยาพอกดูดพิษ,ยาพอก,โรงพยาบาลเจริญศิลป์,ACTIVE
TTMT,9377390,หม่องไพล/บาล์มไพล/ไพลบาล์ม / ขี้ผึ้งไพล,ยาขี้ผึ้งไพล,ขี้ผึ้ง,โรงพยาบาลโพนนาแก้ว,ACTIVE
TTMT,9377405,บำรุงน้ำนม,ยาบำรุงน้ำนม,ยาต้ม,โรงพยาบาลโพนนาแก้ว,ACTIVE
TTMT,9377414,ยาประคบ,ลูกประคบสมุนไพร,ยาประคบ,โรงพยาบาลโพนนาแก้ว,ACTIVE
TTMT,9377422,ยาพอกดูดพิษ,ยาพอกดูดพิษ,ยาพอก,โรงพยาบาลโพนนาแก้ว,ACTIVE
TTMT,9377433,ทับหม้อเกลือ,ทับหม้อเกลือ,ยาประคบ,โรงพยาบาลเอราวัณ,ACTIVE
TTMT,9377446,ตรีกฏุก,ตรีกฏุก/พิกัดตรีกฏุก,ยาต้ม,โรงพยาบาลเอราวัณ,ACTIVE
TTMT,9377451,สมุนไพรอบตัว,สมุนไพรอบตัว,ยาต้ม,โรงพยาบาลเอราวัณ,ACTIVE
TTMT,9377467,ตรีสาร,ตรีสาร/พิกัดตรีสาร,ยาต้ม,โรงพยาบาลเอราวัณ,ACTIVE
TTMT,9377479,ประคบเต้านม,ยาประคบเต้านม,ยาประคบ,โรงพยาบาลเอราวัณ,ACTIVE
TTMT,9377480,หลังคลอด (รพ.เอราวัณ),ยาต้มหลังคลอด,ยาต้ม,โรงพยาบาลเอราวัณ,ACTIVE
TTMT,9377498,น้ำมันแก้มังสังพิการ,น้ำมันแก้มังสังพิการ,ยาเข้าน้ำมัน,โรงพยาบาลเอราวัณ,ACTIVE
TTMT,9377507,เขียวธรรมชาติ ตราฤๅษีทรงรถ,ยาเขียวธรรมชาติ ตราฤๅษีทรงรถ,ยาผง,ห้างหุ้นส่วนจำกัด ไทยเฮิร์บบัล ดรัก,ACTIVE
TTMT,9377511,กวาดศรนารายณ์ ตราฤๅษีทรงรถ,ยากวาดศรนารายณ์ ตราฤๅษีทรงรถ,ยาเม็ด,ห้างหุ้นส่วนจำกัด ไทยเฮิร์บบัล ดรัก,ACTIVE
TTMT,9377524,กวาดสมานลิ้น ตราฤๅษีทรงรถ,ยากวาดสมานลิ้น ตราฤๅษีทรงรถ,ยาผง,ร้านบางซื่อเภสัช,ACTIVE
TTMT,9377530,พอกสมุนไพร,ยาพอกสมุนไพร,ยาพอก,โรงพยาบาลร้อยเอ็ด,ACTIVE
TTMT,9377548,หม่องไพล/บาล์มไพล/ไพลบาล์ม / ขี้ผึ้งไพล,ขี้ผึ้งไพล,ขี้ผึ้ง,โรงพยาบาลร้อยเอ็ด,ACTIVE
TTMT,9377553,หม่องเสลดพังพอน/เสลดพังพอนบาล์ม/หม่องพญายอ/ขี้ผึ้งพญายอ/   ขี้ผึ้งเสลดพังพอน,ขี้ผึ้งพญายอ,ขี้ผึ้ง,โรงพยาบาลร้อยเอ็ด,ACTIVE
TTMT,9377569,ยาดมสมุนไพร,ยาดมสมุนไพร,ยาดม,โรงพยาบาลร้อยเอ็ด,ACTIVE
TTMT,9377576,พิมเสนน้ำ,พิมเสนน้ำสมุนไพร,ยาน้ำ,โรงพยาบาลร้อยเอ็ด,ACTIVE
TTMT,9377582,น้ำมันไพล,น้ำมันไพล,ยาเข้าน้ำมัน,โรงพยาบาลร้อยเอ็ด,ACTIVE
TTMT,9377595,สตรีหลังคลอด,ยาสตรีหลังคลอด,ยาต้ม,โรงพยาบาลสมเด็จพระยุพราชสายบุรี,ACTIVE
TTMT,9377609,ผสมโคคลาน สูตรตำรับที่ 3,ยาผสมโคคลาน,ยาต้ม,โรงพยาบาลสมเด็จพระยุพราชสายบุรี,ACTIVE
TTMT,9377613,มธุรเมหะ (รพ.สมเด็จพระยุพราชสายบุรี),ยาเบาหวาน,ยาต้ม,โรงพยาบาลสมเด็จพระยุพราชสายบุรี,ACTIVE
TTMT,9377621,บำรุงน้ำนม,ยาบำรุงน้ำนม,ยาต้ม,โรงพยาบาลสมเด็จพระยุพราชสายบุรี,ACTIVE
TTMT,9377632,รักษาวัยทอง,ยารักษาวัยทอง,ยาต้ม,โรงพยาบาลสมเด็จพระยุพราชสายบุรี,ACTIVE
TTMT,9377645,ลมปะกัง,ยาลมปะกัง,ยาต้ม,โรงพยาบาลสมเด็จพระยุพราชสายบุรี,ACTIVE
TTMT,9377650,ยาพอกเข่า,ยาพอกเข่า,ยาน้ำแขวนตะกอน,โรงพยาบาลสมเด็จพระยุพราชสายบุรี,ACTIVE
TTMT,9377666,กำจัดเหา,ยากำจัดเหา,ยาน้ำแขวนตะกอน,โรงพยาบาลสมเด็จพระยุพราชสายบุรี,ACTIVE
TTMT,9377678,แก้คัน,ยาแก้คัน,ยาน้ำแขวนตะกอน,โรงพยาบาลสมเด็จพระยุพราชสายบุรี,ACTIVE
TTMT,9377684,ตรีผลา / พิกัดตรีผลา ,ชาชงตรีผลา,ยาชง,โรงพยาบาลป่าซาง,ACTIVE
TTMT,9377697,ริดสีดวงมหากาฬ (ตำรับในระบบทางเดินอาหารส่วนกลางและส่วนปลาย),ยาริดสีดวงทวาร,ยาแคปซูล,โรงพยาบาลป่าซาง,ACTIVE
TTMT,9377700,สมุนไพรระบาย,ยาสมุนไพรระบาย,ยาแคปซูล,โรงพยาบาลป่าซาง,ACTIVE
TTMT,9377716,ผสมเถาวัลย์เปรียง สูตรตำรับที่ 1,ยาผสมเถาวัลย์เปรียง,ยาแคปซูล,โรงพยาบาลป่าซาง,ACTIVE
TTMT,9377728,ผสมเถาวัลย์เปรียง สูตรตำรับที่ 2,ยาผสมเถาวัลย์เปรียง,ยาแคปซูล,โรงพยาบาลป่าซาง,ACTIVE
TTMT,9377737,ปลูกไฟธาตุ,ยาปลูกไฟธาตุ,ยาแคปซูล,โรงพยาบาลป่าซาง,ACTIVE
TTMT,9377744,ปราบชมพูทวีป,ยาปราบชมพูทวีป,ยาแคปซูล,โรงพยาบาลป่าซาง,ACTIVE
TTMT,9377759,น้ำมันไพล,น้ำมันเหลืองไพล,ยาเข้าน้ำมัน,โรงพยาบาลป่าซาง,ACTIVE
TTMT,9377763,หม่องไพล/บาล์มไพล/ไพลบาล์ม / ขี้ผึ้งไพล,ยาหม่องไพล,ขี้ผึ้ง,โรงพยาบาลป่าซาง,ACTIVE
TTMT,9377771,ยาประคบ,ลูกประคบสมุนไพร,ยาประคบ,โรงพยาบาลป่าซาง,ACTIVE
TTMT,9377785,สมุนไพรอบตัว,ยาอบสมุนไพร,ยาต้ม,โรงพยาบาลป่าซาง,ACTIVE
TTMT,9377792,เขียวหอม,ยาเขียวหอม,ยาผง,โรงพยาบาลป่าซาง,ACTIVE
TTMT,9377802,เลือดงาม,ยาเลือดงาม,ยาผง,โรงพยาบาลป่าซาง,ACTIVE
TTMT,9377818,อำมฤควาที,ยาอำมฤควาที,ยาผง,โรงพยาบาลป่าซาง,ACTIVE
TTMT,9377825,ประสะกานพลู,ยาประสะกานพลู,ยาผง,โรงพยาบาลป่าซาง,ACTIVE
TTMT,9377839,ขี้ผึ้งแก้คัน,ขี้ผึ้งแก้คัน,ขี้ผึ้ง,โรงพยาบาลท่าอุเทน,ACTIVE
TTMT,9377841,ยาประคบ,ยาประคบสมุนไพร,ยาประคบ,โรงพยาบาลท่าอุเทน,ACTIVE
TTMT,9377856,ธาตุอบเชย ,ยาธาตุอบเชย,ยาน้ำ,โรงพยาบาลท่าอุเทน,ACTIVE
TTMT,9377860,ตรีผลา / พิกัดตรีผลา ,ยาตรีผลา,ยาต้ม,โรงพยาบาลท่าอุเทน,ACTIVE
TTMT,9377873,บำรุงน้ำนม,ยาบำรุงน้ำนม,ยาต้ม,โรงพยาบาลท่าอุเทน,ACTIVE
TTMT,9377887,สมุนไพรอบตัว,ยาอบสมุนไพร,ยาต้ม,โรงพยาบาลท่าอุเทน,ACTIVE
TTMT,9377894,ยาดมสมุนไพร,ยาดมสมุนไพร,ยาดม,โรงพยาบาลท่าอุเทน,ACTIVE
TTMT,9377904,ตรีกฏุก,ตรีกฏุก,ยาต้ม,โรงพยาบาลท่าอุเทน,ACTIVE
TTMT,9377915,ตรีสาร,ตรีสาร,ยาต้ม,โรงพยาบาลท่าอุเทน,ACTIVE
TTMT,9377927,น้ำมันไพล,น้ำมันไพล,ยาเข้าน้ำมัน,โรงพยาบาลแม่สรวย,ACTIVE
TTMT,9377936,เบญจกูล / พิกัดเบญจกูล,เบญจกูล,ยาต้ม,โรงพยาบาลแม่สรวย,ACTIVE
TTMT,9377943,ตรีผลา / พิกัดตรีผลา ,ตรีผลา,ยาต้ม,โรงพยาบาลแม่สรวย,ACTIVE
TTMT,9377962,ริดสีดวงมหากาฬ (ตำรับในระบบทางเดินอาหารส่วนกลางและส่วนปลาย),ริดสีดวงมหากาฬ,ยาแคปซูล,โรงพยาบาลแม่สรวย,ACTIVE
TTMT,9377970,ผสมโคคลาน สูตรตำรับที่ 2,ผสมโคคลาน สูตรตำรับที่ 2,ยาต้ม,โรงพยาบาลแม่สรวย,ACTIVE
TTMT,9377989,คลายเส้น สูตร ๑,คลายกล้ามเนื้อ,ยาต้ม,โรงพยาบาลแม่สรวย,ACTIVE
TTMT,9378035,ตำรับมะเร็ง 6,ต้มแก้มะเร็ง 6,ยาต้ม,โรงพยาบาลแม่สรวย,ACTIVE
TTMT,9378042,มธุระเมหะ (รพ.แม่สรวย),เบาหวานสมุนไพร,ยาต้ม,โรงพยาบาลแม่สรวย,ACTIVE
TTMT,9378057,สมุนไพรอบตัว,อบสมุนไพร,ยาต้ม,โรงพยาบาลแม่สรวย,ACTIVE
TTMT,9378061,ยาประคบ,ยาประคบ,ยาประคบ,โรงพยาบาลแม่สรวย,ACTIVE
TTMT,9378088,บำรุงโลหิต,บำรุงโลหิต,ยาต้ม,โรงพยาบาลแม่สรวย,ACTIVE
TTMT,9378090,บำรุงโลหิต,บำรุงโลหิต,ยาต้ม,โรงพยาบาลแม่สรวย,ACTIVE
TTMT,9378163,ยาประคบ,ลูกประคบ ตราพนาพัฒน์,ยาประคบ,บริษัท พนาพัฒน์ เฮลท์แคร์ จำกัด,ACTIVE
TTMT,9378171,ธรณีสันฑะฆาต,ยาธรณีสันฑะฆาต (ชนิดแคปซูล),ยาแคปซูล,บริษัท แสงสว่างตราค้างคาว จำกัด,ACTIVE
TTMT,9378185,หอมนวโกฐ,ยาหอมนวโกฐ(ชนิดผง) เวชพงศ์โอสถ,ยาผง,บริษัท แสงสว่างตราค้างคาว จำกัด,ACTIVE
TTMT,9378192,หอมนวโกฐ,ยาหอมนวโกฐ(ชนิดผง) เวชพงศ์โอสถ,ยาผง,บริษัท แสงสว่างตราค้างคาว จำกัด,ACTIVE
TTMT,9378205,ยาประคบ,ยาประคบ,ยาประคบ,โรงพยาบาลสตูล,ACTIVE
TTMT,9378214,หม่องไพล/บาล์มไพล/ไพลบาล์ม / ขี้ผึ้งไพล,ยาหม่องไพล,ขี้ผึ้ง,โรงพยาบาลสตูล,ACTIVE
TTMT,9378222,สมุนไพรอบตัว,ยาอบสมุนไพร,ยาต้ม,โรงพยาบาลสตูล,ACTIVE
TTMT,9378233,ขี้ผึ้งมะกรูด,ยาหม่องมะกรูด,ขี้ผึ้ง,โรงพยาบาลสตูล,ACTIVE
TTMT,9378246,สมุนไพรแช่เท้า,ยาสมุนไพรแช่เท้า,ยาต้ม,โรงพยาบาลสตูล,ACTIVE
TTMT,9378251,ขี้ผึ้งไพล สูตรตำรับที่ 1,ยาขี้ผึ้งไพลสูตรตำรับที่ 1 (รพ.),ขี้ผึ้ง,โรงพยาบาลจะนะ,ACTIVE
TTMT,9378267,ตรีผลา / พิกัดตรีผลา ,ตรีผลา,ยาแคปซูล,โรงพยาบาลตรัง,ACTIVE
TTMT,9378279,จันทน์ลีลา,จันทลีลา,ยาแคปซูล,โรงพยาบาลตรัง,ACTIVE
TTMT,9378280,เขียวหอม,ยาเขียวหอม(ชนิดแคปซูล)เวชพงศ์โอสถ,ยาแคปซูล,บริษัท แสงสว่างตราค้างคาว จำกัด,ACTIVE
TTMT,9378298,เขียวหอม,ยาเขียวหอม(ชนิดผง),ยาผง,บริษัท แสงสว่างตราค้างคาว จำกัด,ACTIVE
TTMT,9378308,จันทน์ลีลา,ยาจันทน์ลีลา(ชนิดแคปซูล)เวชพงศ์โอสถ,ยาแคปซูล,บริษัท แสงสว่างตราค้างคาว จำกัด,ACTIVE
TTMT,9378312,จันทน์ลีลา,ยาจันทน์ลีลา(ชนิดผง) เวชพงศ์โอสถ,ยาผง,บริษัท แสงสว่างตราค้างคาว จำกัด,ACTIVE
TTMT,9378320,จันทน์ลีลา,ยาจันทน์ลีลา(ชนิดผง) เวชพงศ์โอสถ,ยาผง,บริษัท แสงสว่างตราค้างคาว จำกัด,ACTIVE
TTMT,9378331,ธรณีสันฑะฆาต,ยาธรณีสันฑะฆาต(ชนิดแคปซูล)เวชพงศ์โอสถ,ยาแคปซูล,บริษัท แสงสว่างตราค้างคาว จำกัด,ACTIVE
TTMT,9378349,ธาตุบรรจบ,ยาธาตุบรรจบ(ชนิดแคปซูล)เวชพงศ์โอสถ,ยาแคปซูล,บริษัท แสงสว่างตราค้างคาว จำกัด,ACTIVE
TTMT,9378354,ประสะกะเพรา,ยาประสะกระเพรา(ชนิดผง)เวชพงศ์โอสถ,ยาผง,บริษัท แสงสว่างตราค้างคาว จำกัด,ACTIVE
TTMT,9378365,ประสะกะเพรา,ยาประสะกระเพรา(ชนิดผง)เวชพงศ์โอสถ,ยาผง,บริษัท แสงสว่างตราค้างคาว จำกัด,ACTIVE
TTMT,9378377,ประสะกานพลู,ยาประสะกานพลู(ชนิดผง)เวชพงศ์โอสถ,ยาผง,บริษัท แสงสว่างตราค้างคาว จำกัด,ACTIVE
TTMT,9378383,ประสะกานพลู,ยาประสะกานพลู(ชนิดผง)เวชพงศ์โอสถ,ยาผง,บริษัท แสงสว่างตราค้างคาว จำกัด,ACTIVE
TTMT,9378396,ประสะจันทน์แดง ,ยาประสะจันทน์แดง(ชนิดผง),ยาผง,บริษัท แสงสว่างตราค้างคาว จำกัด,ACTIVE
TTMT,9378401,ประสะเจตพังคี,ยาประสะเจตพังคี(ชนิดผง)เวชพงศ์โอสถ,ยาผง,บริษัท แสงสว่างตราค้างคาว จำกัด,ACTIVE
TTMT,9378417,ประสะเปราะใหญ่,ยาประสะเปราะใหญ่(ชนิดผง)เวชพงศ์โอสถ,ยาผง,บริษัท แสงสว่างตราค้างคาว จำกัด,ACTIVE
TTMT,9378429,ประสะเปราะใหญ่,ยาประสะเปราะใหญ่(ชนิดผง)เวชพงศ์โอสถ,ยาผง,บริษัท แสงสว่างตราค้างคาว จำกัด,ACTIVE
TTMT,9378438,มันทธาตุ,ยามันทธาตุ (ชนิดผง)เวชพงศ์โอสถ,ยาผง,บริษัท แสงสว่างตราค้างคาว จำกัด,ACTIVE
TTMT,9378440,มันทธาตุ,ยามันทธาตุ (ชนิดผง)เวชพงศ์โอสถ,ยาผง,บริษัท แสงสว่างตราค้างคาว จำกัด,ACTIVE
TTMT,9378455,วิสัมพญาใหญ่,ยาวิสัมพยาใหญ่(ชนิดผง)เวชพงศ์โอสถ,ยาผง,บริษัท แสงสว่างตราค้างคาว จำกัด,ACTIVE
TTMT,9378464,วิสัมพญาใหญ่,ยาวิสัมพยาใหญ่(ชนิดผง)เวชพงศ์โอสถ,ยาผง,บริษัท แสงสว่างตราค้างคาว จำกัด,ACTIVE
TTMT,9378472,หอมทิพโอสถ,ยาหอมทิพโอสถ(ชนิดผง)เวชพงศ์โอสถ,ยาผง,บริษัท แสงสว่างตราค้างคาว จำกัด,ACTIVE
TTMT,9378486,หอมทิพโอสถ,ยาหอมทิพโอสถ(ชนิดผง)เวชพงศ์โอสถ,ยาผง,บริษัท แสงสว่างตราค้างคาว จำกัด,ACTIVE
TTMT,9378493,หอมเทพจิตร,ยาหอมเทพจิตร(ชนิดผง)เวชพงศ์โอสถ,ยาผง,บริษัท แสงสว่างตราค้างคาว จำกัด,ACTIVE
TTMT,9378504,หอมเทพจิตร,ยาหอมเทพจิตร(ชนิดผง)เวชพงศ์โอสถ,ยาผง,บริษัท แสงสว่างตราค้างคาว จำกัด,ACTIVE
TTMT,9378515,หอมเทพจิตร,ยาหอมเทพจิตร(ชนิดผง)เวชพงศ์โอสถ,ยาผง,บริษัท แสงสว่างตราค้างคาว จำกัด,ACTIVE
TTMT,9378527,หอมเทพจิตร,ยาหอมเทพจิตร(ชนิดผง)เวชพงศ์โอสถ,ยาผง,บริษัท แสงสว่างตราค้างคาว จำกัด,ACTIVE
TTMT,9378536,หอมนวโกฐ,ยาหอมนวโกฐ(ชนิดผง),ยาผง,บริษัท แสงสว่างตราค้างคาว จำกัด,ACTIVE
TTMT,9378543,หอมนวโกฐ,ยาหอมนวโกฐ(ชนิดผง),ยาผง,บริษัท แสงสว่างตราค้างคาว จำกัด,ACTIVE
TTMT,9378558,หอมอินทจักร,ยาหอมอินทจักร์(ชนิดผง),ยาผง,บริษัท แสงสว่างตราค้างคาว จำกัด,ACTIVE
TTMT,9378562,หอมอินทจักร,ยาหอมอินทจักร์(ชนิดผง),ยาผง,บริษัท แสงสว่างตราค้างคาว จำกัด,ACTIVE
TTMT,9378570,เหลืองปิดสมุทร,ยาเหลืองปิดสมุทร(ชนิดผง)เวชพงศ์โอสถ,ยาผง,บริษัท แสงสว่างตราค้างคาว จำกัด,ACTIVE
TTMT,9378589,เหลืองปิดสมุทร,ยาเหลืองปิดสมุทร(ชนิดผง)เวชพงศ์โอสถ,ยาผง,บริษัท แสงสว่างตราค้างคาว จำกัด,ACTIVE
TTMT,9378591,อำมฤควาที,ยาอำมฤควาที(ชนิดผง),ยาผง,บริษัท แสงสว่างตราค้างคาว จำกัด,ACTIVE
TTMT,9378602,อำมฤควาที,ยาอำมฤควาที(ชนิดผง),ยาผง,บริษัท แสงสว่างตราค้างคาว จำกัด,ACTIVE
TTMT,9378618,อำมฤควาที,ยาอำมฤควาที(ชนิดผง)เวชพงศ์โอสถ,ยาผง,บริษัท แสงสว่างตราค้างคาว จำกัด,ACTIVE
TTMT,9378625,แก้ไอโยคี,ยาน้ำแก้ไอโยคีบริษัท โยคี (1997) จำกัด ,ยาน้ำ,บริษัท ศิริบัญชา จำกัด,ACTIVE
TTMT,9378641,ผสมเพชรสังฆาต สูตรตำรับที่ 2,ยาแคปซูลผสมเพชรสังฆาตสูตร 2,ยาแคปซูล,บริษัท เจริญสุขเภสัช (เจริญสุขกรุ๊ป) ,ACTIVE
TTMT,9378656,เขียวหอม,ยาเขียวแก้ร้อนในชนิดแคปซูล,ยาแคปซูล,บริษัท เจริญสุขเภสัช (เจริญสุขกรุ๊ป) ,ACTIVE
TTMT,9378660,ผสมโคคลาน สูตรตำรับที่ 2,ยาผสมโคคลาน (สูตรตำรับที่ 2),ยาต้ม,โรงพยาบาลพนมดงรัก เฉลิมพระเกียรติ 80 พรรษา,ACTIVE
TTMT,9378673,หลังคลอด,ยาต้มหลังคลอด,ยาต้ม,โรงพยาบาลพนมดงรัก เฉลิมพระเกียรติ 80 พรรษา,ACTIVE
TTMT,9378687,ยาประคบ,ยาประคบสมุนไพร,ยาประคบ,โรงพยาบาลพนมดงรัก เฉลิมพระเกียรติ 80 พรรษา,ACTIVE
TTMT,9378694,ตรีผลา / พิกัดตรีผลา ,ยาตรีผลา,ยาต้ม,โรงพยาบาลพนมดงรัก เฉลิมพระเกียรติ 80 พรรษา,ACTIVE
TTMT,9378706,สมุนไพรอบตัว,ยาอบสมุนไพร,ยาต้ม,โรงพยาบาลพนมดงรัก เฉลิมพระเกียรติ 80 พรรษา,ACTIVE
TTMT,9378710,ประสะไพล,ยาประสะไพล,ยาแคปซูล,โรงพยาบาลพนมดงรัก เฉลิมพระเกียรติ 80 พรรษา,ACTIVE
TTMT,9378723,เบญจพรรณฤทธิ์เย็น,เบญจพรรณฤทธิ์เย็น,ยาน้ำ,โรงพยาบาลเพ็ญ,ACTIVE
TTMT,9378734,ผงชาพยัพเมฆ ตราลูกไก่คู่,ยาผงขับปัสสาวะ ชาพยัพเมฆหญ้าหนวดแมว ตราลูกไก่คู่,ยาผง,บริษัท ศิริบัญชา จำกัด,ACTIVE
TTMT,9378747,ดมส้มมือจรุงจิต ตรามงกุฎพญานาคคู่,ยาดมส้มมือจรุงจิต ตรามงกุฎพญานาคคู่,ยาผง,บริษัท ศิริบัญชา จำกัด,ACTIVE
TTMT,9378752,มหาหิงคุ์ศิริบัญชา ชนิดน้ำ, มหาหิงคุ์(ตรามงกุฎพญานาคคู่),ยาน้ำ,บริษัท ศิริบัญชา จำกัด,ACTIVE
TTMT,9378768,หม่องน้ำตราพระถังซำจั๋ง,ยาหม่องน้ำพระถังซำจั๋ง(มีรูปพระถังซำจั๋ง),ยาน้ำ,บริษัท ศิริบัญชา จำกัด,ACTIVE
TTMT,9378775,ผงโยคี ของบริษัทโยคี (1997) จำกัด,ยาผงโยคี  บริษัท โยคี(1997) จำกัด,ยาผง,บริษัท ศิริบัญชา จำกัด,ACTIVE
TTMT,9378781,น้ำว่านชักมดลูก เอส.บี.,ยาน้ำว่านชักมดลูก เอส.บี. ศิริบัญชา,ยาน้ำ,บริษัท ศิริบัญชา จำกัด,ACTIVE
TTMT,9378799,น้ำกระชายดำ เอส.บี.,ยาน้ำกระชายดำ เอส.บี.ศิริบัญชา,ยาน้ำ,บริษัท ศิริบัญชา จำกัด,ACTIVE
TTMT,9378809,ขับลมคาร์มินาติวาชนิดน้ำ,ยาขับลมคาร์มินาติวา,ยาน้ำ,บริษัท ศิริบัญชา จำกัด,ACTIVE
TTMT,9378813,น้ำแก้ไอมะขามป้อม ตราแสงดาว,ยาน้ำแก้ไอมะขามป้อมตราแสงดาว,ยาน้ำ,บริษัท ศิริบัญชา จำกัด,ACTIVE
TTMT,9378821,น้ำ มาโช,ยาน้ำ มาโช,ยาน้ำ,บริษัท ศิริบัญชา จำกัด,ACTIVE
TTMT,9378832,แคปซูลกวาวเครือขาว เอส.บี.,ยาแคปซูลกวาวเครือขาว เอส.บี. ศิริบัญชา,ยาแคปซูล,บริษัท ศิริบัญชา จำกัด,ACTIVE
TTMT,9378845,แคปซูลกระชายดำ เอส.บี.,ยาแคปซูลกระชายดำ เอส.บี.ศิริบัญชา,ยาแคปซูล,บริษัท ศิริบัญชา จำกัด,ACTIVE
TTMT,9378850,แคปซูล เอส.บี.-วัน,ยาแคปซูล เอส.บี.-วัน,ยาแคปซูล,บริษัท ศิริบัญชา จำกัด,ACTIVE
TTMT,9378866,แคปซูลผสมตังกุย ตรา เอส.บี,ยาแคปซูลผสมตังกุย ตราเอส.บี.,ยาแคปซูล,บริษัท ศิริบัญชา จำกัด,ACTIVE
TTMT,9378878,แคปซูลผสมฟ้าทะลายโจร เอส.บี.,ยาแคปซูลผสมฟ้าทะลายโจร เอส.บี.ศิริบัญชา,ยาแคปซูล,บริษัท ศิริบัญชา จำกัด,ACTIVE
TTMT,9378884,เจลผสมพญายอ เอส.บี.,ยาเจลผสมพญายอ เอส.บี.,เจล,บริษัท ศิริบัญชา จำกัด,ACTIVE
TTMT,9378897,โบโม่ ออรัลเจล,BUOMO ORAL GEL,เจล,บริษัท มิลลิเมด จำกัด,ACTIVE
TTMT,9378907,เลือดงาม,ยาแคปซูลเลือดงามตราธงทอง,ยาแคปซูล,ห้างธงทองโอสถ,ACTIVE
TTMT,9378911,หอมอินทจักร,ยาหอมอินทจักร์ตราโพธิ์ทอง,ยาเม็ด,ห้างธงทองโอสถ,ACTIVE
TTMT,9378924,ปราบชมพูทวีป,ยาแคปซูลปราบชมพูทวีปตราธงทอง,ยาแคปซูล,ห้างธงทองโอสถ,ACTIVE
TTMT,9378930,ยาประคบ,ยาประคบสมุนไพร รพ.ทองผาภูมิ,ยาประคบ,โรงพยาบาลทองผาภูมิ,ACTIVE
TTMT,9378948,หม่องเสลดพังพอน/เสลดพังพอนบาล์ม/หม่องพญายอ/ขี้ผึ้งพญายอ/   ขี้ผึ้งเสลดพังพอน,ยาขี้ผึ้งเสลดพังพอน,ขี้ผึ้ง,โรงพยาบาลสระใคร,ACTIVE
TTMT,9378953,สมุนไพรอบตัว,ยาต้มอบ,ยาต้ม,โรงพยาบาลสระใคร,ACTIVE
TTMT,9378969,กษัยเส้น,ยากษัยเส้นชนิดแคปซูล,ยาแคปซูล,บริษัท เจริญสุขเภสัช (เจริญสุขกรุ๊ป) ,ACTIVE
TTMT,9378976,ปราบชมพูทวีป,ยาปราบชมพูทวีปชนิดแคปซูล,ยาแคปซูล,บริษัท เจริญสุขเภสัช (เจริญสุขกรุ๊ป) ,ACTIVE
TTMT,9378982,ประสะไพล,ยาประสะไพลชนิดแคปซูล,ยาแคปซูล,บริษัท เจริญสุขเภสัช (เจริญสุขกรุ๊ป) ,ACTIVE
TTMT,9378995,แคปซูลบำรุงน้ำนม,ยาแคปซูลบำรุงน้ำนม,ยาแคปซูล,บริษัท เจริญสุขเภสัช (เจริญสุขกรุ๊ป) ,ACTIVE
TTMT,9379006,เลือดงาม,ยาเลือดงามชนิดแคปซูล,ยาแคปซูล,บริษัท เจริญสุขเภสัช (เจริญสุขกรุ๊ป) ,ACTIVE
TTMT,9379010,สมุนไพรอบตัว,ยาอบ/ยาอาบ ชนิดแห้ง,ยาต้ม,โรงพยาบาลจังหาร,ACTIVE
TTMT,9379023,สมุนไพรอบตัว,ยาอบ/ยาอาบ ชนิดสด,ยาต้ม,โรงพยาบาลจังหาร,ACTIVE
TTMT,9379034,ปราบชมพูทวีป,ยาปราบชมพูทวีป ตราทีเอฟดี,ยาแคปซูล,บริษัท ไทยเอฟดี จำกัด,ACTIVE
TTMT,9379047,หอมทิพโอสถ,ยาหอมทิพโอสถ (ชนิดผง),ยาผง,บริษัท แสงสว่างตราค้างคาว จำกัด,ACTIVE
TTMT,9379052,หอมทิพโอสถ,ยาหอมทิพโอสถ (ชนิดผง),ยาผง,บริษัท แสงสว่างตราค้างคาว จำกัด,ACTIVE
TTMT,9379068,ธรณีสันฑะฆาต,ยาธรณีสันฑะฆาต (ชนิดผง) เวชพงศ์โอสถ,ยาผง,บริษัท แสงสว่างตราค้างคาว จำกัด,ACTIVE
TTMT,9379075,ธรณีสันฑะฆาต,ยาธรณีสันฑะฆาต (ชนิดผง) เวชพงศ์โอสถ,ยาผง,บริษัท แสงสว่างตราค้างคาว จำกัด,ACTIVE
TTMT,9379081,ประสะจันทน์แดง ,ยาประสะจันทน์แดง (ชนิดผง) เวชพงศ์โอสถ,ยาผง,บริษัท แสงสว่างตราค้างคาว จำกัด,ACTIVE
TTMT,9379099,ถ่ายดีเกลือฝรั่ง ,ยาถ่าย (ชนิดแคปซูล),ยาแคปซูล,บริษัท แสงสว่างตราค้างคาว จำกัด,ACTIVE
TTMT,9379109,แคปซูลผสมกล้วย,ยาแคปซูลผสมกล้วย Compound Banana Capsule,ยาแคปซูล,บริษัท แสงสว่างตราค้างคาว จำกัด,ACTIVE
TTMT,9379113,ยาผสมหมามุ่ย,ยาผสมหมามุ่ย,ยาแคปซูล,โรงพยาบาลบางกระทุ่ม,ACTIVE
TTMT,9379121,กษัยทิพย์โอสถ เบอร์ 1,กษัยทิพย์โอสถ เบอร์ 1,ยาแคปซูล,โรงพยาบาลบางกระทุ่ม,ACTIVE
TTMT,9379132,กษัยทิพย์โอสถ เบอร์ 2,กษัยทิพย์โอสถ เบอร์ 2,ยาผง,โรงพยาบาลบางกระทุ่ม,ACTIVE
TTMT,9379145,สตรีทิพย์โอสถ เบอร์ 1,สตรีทิพย์โอสถ เบอร์ 1,ยาผง,โรงพยาบาลบางกระทุ่ม,ACTIVE
TTMT,9379150,สตรีทิพย์โอสถ เบอร์ 2,สตรีทิพย์โอสถ เบอร์ 2,ยาผง,โรงพยาบาลบางกระทุ่ม,ACTIVE
TTMT,9379166,กาฬพิษ,ยากาฬพิษ,ยาน้ำ,โรงพยาบาลบางกระทุ่ม,ACTIVE
TTMT,9379178,น้ำมันกระเบา,น้ำมันกระเบา,ยาเข้าน้ำมัน,โรงพยาบาลบางกระทุ่ม,ACTIVE
TTMT,9379184,น้ำมันไพล,น้ำมันไพล,ยาเข้าน้ำมัน,โรงพยาบาลบางกระทุ่ม,ACTIVE
TTMT,9379197,หญ้าสาบเสือ,ครีมหญ้าสาบเสือ,ครีม,โรงพยาบาลสมเด็จพระยุพราชสว่างแดนดิน,ACTIVE
TTMT,9379204,แก้ไอยูอีคอฟ โอเอส,ยาน้ำแก้ไอยูอีคอฟ โอเอส Uecof os cough mixture,ยาน้ำ,บริษัท พนาพัฒน์ เฮลท์แคร์ จำกัด,ACTIVE
TTMT,9379215,หม่องขาว ตราวังหลัง ,ยาหม่องขาว ตราวังหลัง WHITE BALM WANG LANG BRAND,ขี้ผึ้ง,ห้างหุ้นส่วนจำกัด โรงงานเภสัชอุตสาหกรรม ค็อกช์,ACTIVE
TTMT,9379227,หม่องผสมเสลดพังพอน ตราวังหลัง ,ยาหม่องผสมเสลดพังพอน ตราวังหลัง COMPOUND SALET PHANGPHON BALM WANG LANG BRAND,ขี้ผึ้ง,ห้างหุ้นส่วนจำกัด โรงงานเภสัชอุตสาหกรรม ค็อกช์,ACTIVE
TTMT,9379236,แก้ไอผสมมะขามป้อม ตราวังหลัง,ยาแก้ไอผสมมะขามป้อม ตราวังหลัง COMPOUND MA KHAM POM COUGH COUGH SYRUP WANG LANG BRAND,ยาน้ำ,ห้างหุ้นส่วนจำกัด โรงงานเภสัชอุตสาหกรรม ค็อกช์,ACTIVE
TTMT,9379243,แก้ไอผสมมะแว้ง ตราวังหลัง,ยาแก้ไอผสมมะแว้ง ตราวังหลัง COMPOUND MA WAENG COUGH SYRUP WANG LANG BRAND,ยาน้ำ,ห้างหุ้นส่วนจำกัด โรงงานเภสัชอุตสาหกรรม ค็อกช์,ACTIVE
TTMT,9379258,แก้ไอผสมสมุนไพร ตรานกกระจิบ,ยาแก้ไอผสมสมุนไพร ตรานกกระจิบ COMPOUND HERB COUGH SYRUP NOKKRAJIB BRAND,ยาน้ำ,ห้างหุ้นส่วนจำกัด โรงงานเภสัชอุตสาหกรรม ค็อกช์,ACTIVE
TTMT,9379262,อมสมุนไพรผสมมะแว้งรสบ๊วย,ยาอมสมุนไพรผสมมะแว้งรสบ๊วย COMPOUND MAWAENG HERBAL LOZENGE PLUM FLAVOUR,ยาเม็ด,ห้างหุ้นส่วนจำกัด โรงงานเภสัชอุตสาหกรรม ค็อกช์,ACTIVE
TTMT,9379270,แก้คัน,ยาแก้คัน,ยาผง,โรงพยาบาลสมเด็จพระยุพราชยะหา,ACTIVE
TTMT,9379289,รักษาวัยทอง,ยารักษาวัยทอง,ยาต้ม,โรงพยาบาลสมเด็จพระยุพราชยะหา,ACTIVE
TTMT,9379291,บำรุงน้ำนม,ยาบำรุงน้ำนม,ยาต้ม,โรงพยาบาลสมเด็จพระยุพราชยะหา,ACTIVE
TTMT,9379301,สตรีหลังคลอด,ยาสตรีหลังคลอด,ยาต้ม,โรงพยาบาลสมเด็จพระยุพราชยะหา,ACTIVE
TTMT,9379317,ยาพอกเข่า,ยาพอกเข่า,ยาผง,โรงพยาบาลสมเด็จพระยุพราชยะหา,ACTIVE
TTMT,9379329,ผสมโคคลาน สูตรตำรับที่ 3,ยาผสมโคคลาน,ยาต้ม,โรงพยาบาลสมเด็จพระยุพราชยะหา,ACTIVE
TTMT,9379338,ลมปะกัง,ยาลมปะกัง,ยาต้ม,โรงพยาบาลสมเด็จพระยุพราชยะหา,ACTIVE
TTMT,9379340,ประสะไพล,ประสะไพล,ยาแคปซูล,โรงพยาบาลสมเด็จพระยุพราชยะหา,ACTIVE
TTMT,9379355,ผสมเพชรสังฆาต สูตรตำรับที่ 1,ยาเพชรสังฆาต,ยาแคปซูล,โรงพยาบาลสมเด็จพระยุพราชยะหา,ACTIVE
TTMT,9379364,ผสมเพชรสังฆาต สูตรตำรับที่ 2,ยาเพชรสังฆาต,ยาแคปซูล,โรงพยาบาลสมเด็จพระยุพราชยะหา,ACTIVE
TTMT,9379372,ไฟประลัยกัลป์,ไฟประลัยกัลป์ 500 มิลลิกรัม รพร.ยะหา,ยาแคปซูล,โรงพยาบาลสมเด็จพระยุพราชยะหา,ACTIVE
TTMT,9379386,ห้าราก / แก้ไข้ห้าราก / แก้วห้าดวง / เบญจโลกวิเชียร ,ยาห้าราก,ยาแคปซูล,โรงพยาบาลสมเด็จพระยุพราชยะหา,ACTIVE
TTMT,9379393,ตรีผลา / พิกัดตรีผลา ,ยาตรีผลา,ยาแคปซูล,โรงพยาบาลสมเด็จพระยุพราชยะหา,ACTIVE
TTMT,9379408,ประสะมะแว้ง,ยาอมมะแว้ง,ยาเม็ด,โรงพยาบาลสมเด็จพระยุพราชยะหา,ACTIVE
TTMT,9379412,เบญจกูล / พิกัดเบญจกูล,ยาเบญจกูล,ยาแคปซูล,โรงพยาบาลสมเด็จพระยุพราชยะหา,ACTIVE
TTMT,9379420,สหัศธารา,ยาสหัศธารา,ยาแคปซูล,โรงพยาบาลสมเด็จพระยุพราชยะหา,ACTIVE
TTMT,9379431,ธรณีสันฑะฆาต,ยาธรณีสันฑะฆาต,ยาแคปซูล,โรงพยาบาลสมเด็จพระยุพราชยะหา,ACTIVE
TTMT,9379449,ว่านหางจระเข้,ว่านหางจระเข้ เจล 14 กรัม,เจล,โรงพยาบาลพระนารายณ์มหาราช,ACTIVE
TTMT,9379454,พญายอ,เสลดพังพอนครีม 10 GM,ครีม,โรงพยาบาลพระนารายณ์มหาราช,ACTIVE
TTMT,9379465,พญายอ,กลีเซอรีนเสลดพังพอน 10 ML,สารละลายสำหรับป้ายปาก,โรงพยาบาลพระนารายณ์มหาราช,ACTIVE
TTMT,9379477,พญายอ,กลีเซอรีนพญายอ,สารละลายสำหรับป้ายปาก,โรงพยาบาลสมเด็จพระยุพราชยะหา,ACTIVE
TTMT,9379483,เห็ดหลินจือ/เห็ดขอนไม้,ยาเห็ดหลินจือสกัด ตราเวชพงศ์โอสถ,ยาแคปซูล,บริษัท แสงสว่างตราค้างคาว จำกัด,ACTIVE
TTMT,9379497,มะขามแขก,ฟิด้า แคปซูล,ยาแคปซูล,บริษัท ตำรับ บอทานิกา จำกัด,ACTIVE
TTMT,9379505,ขมิ้นชัน,ขมิ้นชันแคปซูล ตราเนเจอร์ ม.อ.,ยาแคปซูล,สถานที่ผลิตยาแผนโบราณ คณะเภสัชศาสตร์ มหาวิทยาลัยสงขลานครินทร์,ACTIVE
TTMT,9379514,ฟ้าทะลายโจร,ฟ้าทะลายโจรแคปซูล ตราเนเจอร์ ม.อ.,ยาแคปซูล,สถานที่ผลิตยาแผนโบราณ คณะเภสัชศาสตร์ มหาวิทยาลัยสงขลานครินทร์,ACTIVE
TTMT,9379522,มะระขี้นก,มะระขี้นกแคปซูล ตราเนเจอร์ ม.อ.,ยาแคปซูล,สถานที่ผลิตยาแผนโบราณ คณะเภสัชศาสตร์ มหาวิทยาลัยสงขลานครินทร์,ACTIVE
TTMT,9379533,หญ้าดอกขาว,ชาชงหญ้าดอกขาว,ยาชง,โรงพยาบาลสารภี,ACTIVE
TTMT,9379546,มะรุม/ผักอีสุม,สมุนไพรมะรุม,ยาแคปซูล,โรงพยาบาลพญาเม็งราย,ACTIVE
TTMT,9379551,บอระเพ็ด,บอระเพ็ดลูกกลอน,ยาลูกกลอน,โรงพยาบาลพญาเม็งราย,ACTIVE
TTMT,9379567,รางจืด,รางจืด,ยาชง,สถานีอนามัยเฉลิมพระเกียรติ 60 พรรษา นวมินทราชินี ตำบลคูบัว,ACTIVE
TTMT,9379580,ชุมเห็ดเทศ,ยาชงชุดเห็ดเทศ,ยาผง,บริษัท เจริญสุขเภสัช (เจริญสุขกรุ๊ป),ACTIVE
TTMT,9379598,หญ้าดอกขาว,ยาชงหญ้าดอกขาว,ยาผง,บริษัท เจริญสุขเภสัช (เจริญสุขกรุ๊ป),ACTIVE
TTMT,9379607,ขมิ้นชัน,ยาขมิ้นชัน(แคปซูล),ยาแคปซูล,ห้างหุ้นส่วนสามัญนิติบุคคล เวชพงศ์โอสถ,ACTIVE
TTMT,9379611,ขมิ้นชัน,ขมิ้นชันแคปซูล,ยาแคปซูล,โรงพยาบาลหนองโดน,ACTIVE
TTMT,9379624,ฟ้าทะลายโจร,ฟ้าทะลายโจรแคปซูล,ยาแคปซูล,โรงพยาบาลหนองโดน,ACTIVE
TTMT,9379630,เถาวัลย์เปรียง,เถาวัลย์เปรียงแคปซูล,ยาแคปซูล,โรงพยาบาลหนองโดน,ACTIVE
TTMT,9379648,บุก,บุกแคปซูล,ยาแคปซูล,โรงพยาบาลหนองโดน,ACTIVE
TTMT,9379653,มะตูม,ยาชงมะตูม,ยาชง,โรงพยาบาลหนองโดน,ACTIVE
TTMT,9379669,ตะไคร้,ยาชงตะไคร้,ยาชง,โรงพยาบาลหนองโดน,ACTIVE
TTMT,9379676,หญ้ายุ่ม/หญ้าฮี๋ยุ่ม,ยาหญ้ายุ่ม,ยาแคปซูล,โรงพยาบาลเจ้าพระยาอภัยภูเบศร,ACTIVE
TTMT,9379682,สามสิบ,ยารากสามสิบ,ยาแคปซูล,โรงพยาบาลเจ้าพระยาอภัยภูเบศร,ACTIVE
TTMT,9379695,กำจัดเหา,ยากำจัดเหา,อื่นๆ,โรงพยาบาลสมเด็จพระยุพราชยะหา,ACTIVE
TTMT,9379703,น้ำมันไพล,ยาน้ำมันไพล,ยาเข้าน้ำมัน,โรงพยาบาลสมเด็จพระยุพราชยะหา,ACTIVE
TTMT,9379719,หม่องเสลดพังพอน/เสลดพังพอนบาล์ม/หม่องพญายอ/ขี้ผึ้งพญายอ/ขี้ผึ้งเสลดพังพอน,ยาขี้ผึ้งพญายอ,ขี้ผึ้ง,โรงพยาบาลสมเด็จพระยุพราชยะหา,ACTIVE
TTMT,9379726,หม่องไพล/บาล์มไพล/ไพลบาล์ม/ขี้ผึ้งไพล,ยาขี้ผึ้งไพล,ขี้ผึ้ง,โรงพยาบาลสมเด็จพระยุพราชยะหา,ACTIVE
TTMT,9379735,แก้ไอผสมมะขามป้อม สูตรตำรับที่ 1,ยาแก้ไอมะขามป้อม,ยาน้ำ,โรงพยาบาลสมเด็จพระยุพราชยะหา,ACTIVE
TTMT,9379742,ธาตุบรรจบ,ยาธาตุบรรจบ (ชนิดผง) เวชพงศ์โอสถ,ยาผง,บริษัท แสงสว่างตราค้างคาว จำกัด,ACTIVE
TTMT,9379757,เขียวหอม,ยาเขียวหอม (ชนิดผง) เวชพงศ์โอสถ,ยาผง,บริษัท แสงสว่างตราค้างคาว จำกัด,ACTIVE
TTMT,9379761,เขียวหอม,ยาเขียวหอม (ชนิดผง) เวชพงศ์โอสถ,ยาผง,บริษัท แสงสว่างตราค้างคาว จำกัด,ACTIVE
TTMT,9379774,ประสะไพล,ยาประสะไพล (ชนิดผง) เวชพงศ์โอสถ,ยาผง,บริษัท แสงสว่างตราค้างคาว จำกัด,ACTIVE
TTMT,9379788,ประสะไพล,ยาประสะไพล (ชนิดผง) เวชพงศ์โอสถ,ยาผง,บริษัท แสงสว่างตราค้างคาว จำกัด,ACTIVE
TTMT,9379790,ประสะไพล,ยาประสะไพล (ชนิดแคปซูล),ยาแคปซูล,บริษัท แสงสว่างตราค้างคาว จำกัด,ACTIVE
TTMT,9379800,ประสะมะแว้ง,ยาประสะมะแว้ง(ชนิดผง) เวชพงศ์โอสถ,ยาผง,บริษัท แสงสว่างตราค้างคาว จำกัด,ACTIVE
TTMT,9379816,หอมอินทจักร,ยาหอมอินทจักร์(ชนิดผง) เวชพงศ์โอสถ,ยาผง,บริษัท แสงสว่างตราค้างคาว จำกัด,ACTIVE
TTMT,9379828,ตรีผลา / พิกัดตรีผลา ,ยาตรีผลาแคปซูล TREEPALA CAPSULE,ยาแคปซูล,บริษัท แสงสว่างตราค้างคาว จำกัด,ACTIVE
TTMT,9379837,ถ่ายดีเกลือฝรั่ง ,ยาถ่าย(ชนิดแคปซูล) เวชพงศ์โอสถ สูตร 2,ยาแคปซูล,บริษัท แสงสว่างตราค้างคาว จำกัด,ACTIVE
TTMT,9379844,ผสมขมิ้นชัน,ยาผสมขมิ้นชันแคปซูล,ยาแคปซูล,บริษัท แสงสว่างตราค้างคาว จำกัด,ACTIVE
TTMT,9379859,ยาดม,ยาดม,ยาผง,บริษัท แสงสว่างตราค้างคาว จำกัด,ACTIVE
TTMT,9379863,บำรุงน้ำนมชนิดแคปซูล,ยาบำรุงน้ำนมชนิดแคปซูล,ยาแคปซูล,บริษัท แสงสว่างตราค้างคาว จำกัด,ACTIVE
TTMT,9379871,มธุรเมหะ (รพ.กุดชุม),ยาต้มเบาหวาน,ยาต้ม,โรงพยาบาลกุดชุม,ACTIVE
TTMT,9379886,ผสมเถาวัลย์เปรียง,ผสมเถาวัลย์เปรียง,ยาแคปซูล,บริษัท ตำรับบอทานิกา จำกัด,ACTIVE
TTMT,9379892,ตำรับโคคลาน,ผสมโคคลาน,ยาต้ม,โรงพยาบาลสมเด็จพระยุพราชด่านซ้าย,ACTIVE
TTMT,9379902,กษัยเส้น,กษัยเส้น,ยาต้ม,โรงพยาบาลสมเด็จพระยุพราชด่านซ้าย,ACTIVE
TTMT,9379918,ประสะเปราะใหญ่,ประสะเปราะใหญ่,ยาต้ม,โรงพยาบาลสมเด็จพระยุพราชด่านซ้าย,ACTIVE
TTMT,9379925,กำลังราชสีห์,กำลังราชสีห์,ยาต้ม,โรงพยาบาลสมเด็จพระยุพราชด่านซ้าย,ACTIVE
TTMT,9379939,บำรุงโลหิตสูตร ๒,บำรุงโลหิตสูตร ๒,ยาต้ม,โรงพยาบาลสมเด็จพระยุพราชด่านซ้าย,ACTIVE
TTMT,9379941,ไฟประลัยกัลป์,ไฟประลัยกัลป์,ยาต้ม,โรงพยาบาลสมเด็จพระยุพราชด่านซ้าย,ACTIVE
TTMT,9379956,เกสราธิคุณ,เกสราธิคุณ,ยาต้ม,โรงพยาบาลสมเด็จพระยุพราชด่านซ้าย,ACTIVE
TTMT,9379960,เทพรังสิต,เทพรังสิต,ยาต้ม,โรงพยาบาลสมเด็จพระยุพราชด่านซ้าย,ACTIVE
TTMT,9379973,ริดสีดวงมหากาฬ (ตำรับในระบบทางเดินอาหารส่วนกลางและส่วนปลาย),ริดสีดวงมหากาฬ,ยาต้ม,โรงพยาบาลสมเด็จพระยุพราชด่านซ้าย,ACTIVE
TTMT,9379987,แปะสมุนไพร สูตร ๑,ยาแปะสมุนไพร สูตร ๑,ทิงเจอร์,โรงพยาบาลสมเด็จพระยุพราชด่านซ้าย,ACTIVE
TTMT,9379994,แปะสมุนไพร สูตร ๒,ยาแปะสมุนไพร สูตร ๒,ทิงเจอร์,โรงพยาบาลสมเด็จพระยุพราชด่านซ้าย,ACTIVE
TTMT,9380009,หลังคลอด (รพร.ด่านซ้าย),ยาต้มหลังคลอด,ยาต้ม,โรงพยาบาลสมเด็จพระยุพราชด่านซ้าย,ACTIVE
TTMT,9380013,บำรุงน้ำเหลือง,บำรุงน้ำเหลือง,ยาต้ม,โรงพยาบาลสมเด็จพระยุพราชด่านซ้าย,ACTIVE
TTMT,9380021,ตรีผลา / พิกัดตรีผลา,ยาผสมตรีผลา,ยาต้ม,โรงพยาบาลสมเด็จพระยุพราชด่านซ้าย,ACTIVE
TTMT,9380032,ตรีกฏุก,ยาผสมตรีกฏุก,ยาต้ม,โรงพยาบาลสมเด็จพระยุพราชด่านซ้าย,ACTIVE
TTMT,9380045,ตรีสาร,ยาผสมตรีสาร,ยาต้ม,โรงพยาบาลสมเด็จพระยุพราชด่านซ้าย,ACTIVE
TTMT,9380050,หอมบำรุงหัวใจ,ยาหอมบำรุงหัวใจ,ยาต้ม,โรงพยาบาลสมเด็จพระยุพราชด่านซ้าย,ACTIVE
TTMT,9380066,ผสมมะขามแขก,ยาแคปซูลผสมมะขามแขก ปาริฉัตร,ยาแคปซูล,บริษัท ที.แมน.ฟาร์มาซูติคอล จำกัด (บริษัท เฮเว่น เฮิร์บ จำกัด ),ACTIVE
TTMT,9380078,ประสะกานพลู,ยาประสะกานพลู ตราเภสัชศาสตร์ ม.อ.,ยาเม็ด,คณะเภสัชศาสตร์ มหาวิทยาลัยสงขลานครินทร์,ACTIVE
TTMT,9380084,เหลืองปิดสมุทร,ยาเหลืองปิดสมุทร ตราเภสัชศาสตร์ ม.อ.,ยาเม็ด,คณะเภสัชศาสตร์ มหาวิทยาลัยสงขลานครินทร์,ACTIVE
TTMT,9380097,จันทน์ลีลา,ยาแก้ไข้ ตราเภสัชศาสตร์ ม.อ. (ยาจันทน์ลีลา),ยาเม็ด,คณะเภสัชศาสตร์ มหาวิทยาลัยสงขลานครินทร์,ACTIVE
TTMT,9380107,สหัศธารา,ยาสหัศธารา ตราเภสัชศาสตร์ ม.อ.,ยาเม็ด,คณะเภสัชศาสตร์ มหาวิทยาลัยสงขลานครินทร์,ACTIVE
TTMT,9380111,หอมเทพจิตร,ยาหอม ตราเภสัชศาสตร์ ม.อ. (ยาหอมเทพจิตร),ยาเม็ด,คณะเภสัชศาสตร์ มหาวิทยาลัยสงขลานครินทร์,ACTIVE
TTMT,9380124,ประสะไพล,ยาประสะไพลแคปซูล ตราเนเจอร์ ม.อ.,ยาแคปซูล,คณะเภสัชศาสตร์ มหาวิทยาลัยสงขลานครินทร์,ACTIVE
TTMT,9380130,บำรุงไขข้อ,ยาเอนโดแทบส์ ENDOTABS,ยาเม็ด,คณะเภสัชศาสตร์ มหาวิทยาลัยสงขลานครินทร์,ACTIVE
TTMT,9380148,กระตุ้นน้ำนม,ยากระตุ้นน้ำนม,ยาต้ม,โรงพยาบาลสารภี,ACTIVE
TTMT,9380153,ธาตุอบเชย,ยาธาตุอบเชย,ยาน้ำ,โรงพยาบาลสารภี,ACTIVE
TTMT,9380169,ยาประคบ,ลูกประคบ,ยาประคบ,โรงพยาบาลสารภี,ACTIVE
TTMT,9380176,ยาดมสมุนไพร,ยาดมมสุนไพร,อื่นๆ,โรงพยาบาลพญาเม็งราย,ACTIVE
TTMT,9380182,ยาอมหญ้าดอกขาว,เม็ดอมสมุนไพร (หญ้าดอกขาว),ยาลูกกลอน,โรงพยาบาลพญาเม็งราย,ACTIVE
TTMT,9380195,อมสมุนไพร (รสบ๊วย),เม็ดอมสมุนไพร (รสบ๊วย),ยาลูกกลอน,โรงพยาบาลพญาเม็งราย,ACTIVE
TTMT,9380202,ยาดมมะกรูด,ยาดมมะกรูด,ยาน้ำ,โรงพยาบาลพญาเม็งราย,ACTIVE
TTMT,9380218,ผสมโคคลาน สูตรตำรับที่ 2,ผสมโคคลาน สูตรตำรับที่ 2,ยาต้ม,สถานีอนามัยเฉลิมพระเกียรติ 60 พรรษา นวมินทราชินี คูบัว,ACTIVE
TTMT,9380225,สตรีหลังคลอด,สตรีหลังคลอด,ยาต้ม,สถานีอนามัยเฉลิมพระเกียรติ 60 พรรษา นวมินทราชินี คูบัว,ACTIVE
TTMT,9380239,ยาประคบ,ยาประคบ,ยาประคบ,สถานีอนามัยเฉลิมพระเกียรติ 60 พรรษา นวมินทราชินี คูบัว,ACTIVE
TTMT,9380241,แก้ตับหย่อน,แก้ตับหย่อน,ยาแคปซูล,โรงพยาบาลสรรคบุรี,ACTIVE
TTMT,9380256,เบญจอำมฤตย์,เบญจอำมฤตย์,ยาแคปซูล,โรงพยาบาลสรรคบุรี,ACTIVE
TTMT,9380260,มหาพรหมภักตร์,มหาพรหมภักตร์,ยาแคปซูล,โรงพยาบาลสรรคบุรี,ACTIVE
TTMT,9380273,สหัศธารา,สหัศธาราแคปซูล,ยาแคปซูล,โรงพยาบาลหนองโดน,ACTIVE
TTMT,9380287,ประสะจันทน์แดง ,ยาประสะจันทน์แดง,ยาแคปซูล,โรงพยาบาลเจ้าพระยาอภัยภูเบศร,ACTIVE
TTMT,9380294,แก้ประจำเดือนจะหมด,ยาแก้ประจำเดือนจะหมด,ยาแคปซูล,โรงพยาบาลเจ้าพระยาอภัยภูเบศร,ACTIVE
TTMT,9380304,ล้างไส้,ยาต้มล้างไส้,ยาต้ม,โรงพยาบาลเจ้าพระยาอภัยภูเบศร,ACTIVE
TTMT,9380315,ขมิ้นชัน-มะขามป้อม,ยาขมิ้นชัน-มะขามป้อม,ยาแคปซูล,โรงพยาบาลเจ้าพระยาอภัยภูเบศร,ACTIVE
TTMT,9380327,แฮงคนชาย,ยาแคปซูลตำรับผสมหมามุ่ย,ยาแคปซูล,โรงพยาบาลเจ้าพระยาอภัยภูเบศร,ACTIVE
TTMT,9380336,บำรุงโลหิต,ยาบำรุงโลหิต,ยาแคปซูล,โรงพยาบาลเจ้าพระยาอภัยภูเบศร,ACTIVE
TTMT,9380343,ครอบฟันสี,ครอบฟันสี ลดน้ำตาลในเลือด,ยาต้ม,โรงพยาบาลหนองสองห้อง,ACTIVE
TTMT,9380358,มะกรูด,ยาพอกมะกรูด กันทรลักษ์ เฮิท์บ,ยาพอก,โรงพยาบาลกันทรลักษ์,ACTIVE
TTMT,9380362,ประสะน้ำนม (รพ.หนองสองห้อง),ประสะน้ำนม (รพ.หนองสองห้อง),ยาต้ม,โรงพยาบาลหนองสองห้อง,ACTIVE
TTMT,9380370,ยาประคบ,ลูกประคบ ไทยสมัยนิยม (Samai Thai herbal compress ball),ยาประคบ,โรงพยาบาลค่ายพิชัยดาบหัก,ACTIVE
TTMT,9380389,ขี้ผึ้งไพล สูตรตำรับที่ 2,ยาหม่อง (Thai Massage and Spa),ขี้ผึ้ง,โรงพยาบาลค่ายพิชัยดาบหัก,ACTIVE
TTMT,9380391,น้ำมันไพล,น้ำมันไพล (Thai Massage and Spa),ยาเข้าน้ำมัน,โรงพยาบาลค่ายพิชัยดาบหัก,ACTIVE
TTMT,9380406,สหัศธารา,ยาสหัสธารา,ยาแคปซูล,โรงพยาบาลตรัง,ACTIVE
TTMT,9380410,ธรณีสันฑะฆาต,ยาธรณีสัณฑฆาต,ยาแคปซูล,โรงพยาบาลตรัง,ACTIVE
TTMT,9380423,ห้าราก / แก้ไข้ห้าราก / แก้วห้าดวง / เบญจโลกวิเชียร ,ยาห้าราก,ยาแคปซูล,โรงพยาบาลตรัง,ACTIVE
TTMT,9380434,ปราบชมพูทวีป,ยาปราบชมพูทวีป,ยาแคปซูล,โรงพยาบาลตรัง,ACTIVE
TTMT,9380447,เขียวหอม,ยาเขียวหอม,ยาแคปซูล,โรงพยาบาลตรัง,ACTIVE
TTMT,9380452,ผสมโคคลาน สูตรตำรับที่ 1,ยาผสมโคคลาน,ยาต้ม,โรงพยาบาลตรัง,ACTIVE
TTMT,9380468,น้ำมันทาแผลเรื้อรัง,น้ำมันทาแผลเรื้อรัง,ยาเข้าน้ำมัน,โรงพยาบาลตรัง,ACTIVE
TTMT,9380475,ยาประคบ,ยาประคบ กันทรลักษ์ เฮิท์บ,ยาประคบ,โรงพยาบาลกันทรลักษ์,ACTIVE
TTMT,9380481,น้ำมันไพล,น้ำมันไพล กันทรลักษ์ เฮิท์บ,ยาเข้าน้ำมัน,โรงพยาบาลกันทรลักษ์,ACTIVE
TTMT,9380499,สูดไอน้ำสมุนไพร,ยาสูดไอน้ำสมุนไพร กันทรลักษ์ เฮิท์บ,ยาต้ม,โรงพยาบาลกันทรลักษ์,ACTIVE
TTMT,9380508,พอกโคลนสมุนไพร,โคลนสมุนไพร กันทรลักษ์ เฮิท์บ,ยาพอก,โรงพยาบาลกันทรลักษ์,ACTIVE
TTMT,9380512,เผาสมุนไพร,ยาเผาสมุนไพร กันทรลักษ์ เฮิท์บ,อื่นๆ,โรงพยาบาลกันทรลักษ์,ACTIVE
TTMT,9380520,แก้ไอมาลัคคาคัฟ,ยาน้ำแก้ไอมาลัคคาคัฟ แสงสว่างตราค้างคาว,ยาน้ำ,บริษัท แสงสว่างตราค้างคาว จำกัด,ACTIVE
TTMT,9380531,น้ำแก้ไอ,ยาน้ำแก้ไอ แสงสว่างตราค้างคาว,ยาน้ำ,บริษัท แสงสว่างตราค้างคาว จำกัด,ACTIVE
TTMT,9380549,ธาตุผสมอบเชย,ยาธาตุผสมอบเชย แสงสว่างตราค้างคาว,ยาน้ำ,บริษัท แสงสว่างตราค้างคาว จำกัด,ACTIVE
TTMT,9380554,แก้ไอผสมมาลัคคา,ยาน้ำแก้ไอผสมมาลัคคา แสงสว่างตราค้างคาว,ยาน้ำ,บริษัท แสงสว่างตราค้างคาว จำกัด,ACTIVE
TTMT,9380565,ผสมกระเทียม,ยาผสมกระเทียมแคปซูล,ยาแคปซูล,บริษัท แสงสว่างตราค้างคาว จำกัด,ACTIVE
TTMT,9380577,สเปรย์ตะไคร้หอมกันยุง,สเปร์ยตะไคร้หอมกันยุง,ยาน้ำ,โรงพยาบาลกุดชุม,ACTIVE
TTMT,9380583,ขมิ้นชัน,ยาขมิ้นชัน KHAMIN CHAN CAPSULE,ยาแคปซูล,ห้างหุ้นส่วนจำกัด โรงงานเภสัชอุตสาหกรรม ค็อกช์,ACTIVE
TTMT,9380596,มะขามแขก,ยาระบายมะขามแขก,ยาแคปซูล,บริษัท โรงงานเภสัชอุตสาหกรรม เจเอสพี (ประเทศไทย) จำกัด (มหาชน),ACTIVE
TTMT,9380605,ขิง,ยาขิง ตราสุภาพโอสถ,ยาแคปซูล,บริษัท โรงงานเภสัชอุตสาหกรรม เจเอสพี (ประเทศไทย) จำกัด (มหาชน),ACTIVE
TTMT,9380614,ชุมเห็ดเทศ,ชาชงชุมเห็ด,ยาชง,โรงพยาบาลส่งเสริมสุขภาพตำบลต้นยวน,ACTIVE
TTMT,9380622,ว่านหางจระเข้,เจลว่านหางจระเข้,เจล,โรงพยาบาลส่งเสริมสุขภาพตำบลต้นยวน,ACTIVE
TTMT,9380633,ผกากรอง,ครีมผกากรอง,ครีม,โรงพยาบาลส่งเสริมสุขภาพตำบลต้นยวน,ACTIVE
TTMT,9380646,คำฝอย,ชาชงดอกคำฝอย,ยาชง,โรงพยาบาลส่งเสริมสุขภาพตำบลต้นยวน,ACTIVE
TTMT,9380651,ยาประคบ,ยาประคบสมุนไพรสด,ยาประคบ,โรงพยาบาลบางละมุง,ACTIVE
TTMT,9380667,สมุนไพรอบตัว,ชุดอบสมุนไพร,ยาต้ม,โรงพยาบาลบางละมุง,ACTIVE
TTMT,9380679,ทับหม้อเกลือ,ยาทับหม้อเกลือ,ยาประคบ,โรงพยาบาลบางละมุง,ACTIVE
TTMT,9380680,ประสะไพล,ยาประสะไพล แคปซูล,ยาแคปซูล,บริษัท โรงงานเภสัชอุตสาหกรรม เจเอสพี(ประเทศไทย) จำกัด (มหาชน),ACTIVE
TTMT,9380698,เบญจกูล / พิกัดเบญจกูล,ยาเบญจกูล แคปซูล,ยาแคปซูล,บริษัท โรงงานเภสัชอุตสาหกรรม เจเอสพี(ประเทศไทย) จำกัด (มหาชน),ACTIVE
TTMT,9380701,ผสมเถาวัลย์เปรียง,ยาผสมเถาวัลย์เปรียง ชนิดแคปซูล,ยาแคปซูล,บริษัท โรงงานเภสัชอุตสาหกรรม เจเอสพี(ประเทศไทย) จำกัด (มหาชน),ACTIVE
TTMT,9380717,ผสมเพชรสังฆาต สูตรตำรับที่ 1,ยาผสมเพชรสังฆาต แคปซูล ตราสุภาพโอสถ,ยาแคปซูล,บริษัท โรงงานเภสัชอุตสาหกรรม เจเอสพี(ประเทศไทย) จำกัด (มหาชน),ACTIVE
TTMT,9380729,ธรณีสันฑะฆาต,ยาธรณีสันฑะฆาต ตราสุภาพโอสถ,ยาแคปซูล,บริษัท โรงงานเภสัชอุตสาหกรรม เจเอสพี(ประเทศไทย) จำกัด (มหาชน),ACTIVE
TTMT,9380738,ประสะไพล,ยาประสะไพล ตราสุภาพโอสถ,ยาแคปซูล,บริษัท โรงงานเภสัชอุตสาหกรรม เจเอสพี(ประเทศไทย) จำกัด (มหาชน),ACTIVE
TTMT,9380740,ประสะจันทน์แดง ,ยาประสะจันทน์แดง ตราสุภาพโอสถ,ยาแคปซูล,บริษัท โรงงานเภสัชอุตสาหกรรม เจเอสพี(ประเทศไทย) จำกัด (มหาชน),ACTIVE
TTMT,9380755,ประสะกานพลู,ยาประสะกานพลู  ตราสุภาพโอสถ,ยาแคปซูล,บริษัท โรงงานเภสัชอุตสาหกรรม เจเอสพี(ประเทศไทย) จำกัด (มหาชน),ACTIVE
TTMT,9380764,เหลืองปิดสมุทร,ยาเหลืองปิดสมุทร  ตราสุภาพโอสถ,ยาเม็ด,บริษัท โรงงานเภสัชอุตสาหกรรม เจเอสพี(ประเทศไทย) จำกัด (มหาชน),ACTIVE
TTMT,9380772,จันทน์ลีลา,ยาจันทน์ลีลา ตราสุภาพโอสถ JANTALEELA SUPHAB OSOT BRAND,ยาเม็ด,บริษัท โรงงานเภสัชอุตสาหกรรม เจเอสพี(ประเทศไทย) จำกัด (มหาชน),ACTIVE
TTMT,9380786,เบญจกูล / พิกัดเบญจกูล,ยาเบจกูล  ตราสุภาพโอสถ,ยาแคปซูล,บริษัท โรงงานเภสัชอุตสาหกรรม เจเอสพี(ประเทศไทย) จำกัด (มหาชน),ACTIVE
TTMT,9380793,ประสะเจตพังคี,ยาประสะเจตพังคี  ตราสุภาพโอสถ,ยาแคปซูล,บริษัท โรงงานเภสัชอุตสาหกรรม เจเอสพี(ประเทศไทย) จำกัด (มหาชน),ACTIVE
TTMT,9380803,ประสะกะเพรา,ยาประสะกะเพรา  ตราสุภาพโอสถ,ยาเม็ด,บริษัท โรงงานเภสัชอุตสาหกรรม เจเอสพี(ประเทศไทย) จำกัด (มหาชน),ACTIVE
TTMT,9380819,ผสมโคคลาน สูตรตำรับที่ 1,ยาต้มโคคลาน,ยาต้ม,โรงพยาบาลส่งเสริมสุขภาพต้นยวน,ACTIVE
TTMT,9380826,ตรีผลา / พิกัดตรีผลา,ตรีผลาพิกัด,ยาแคปซูล,โรงพยาบาลส่งเสริมสุขภาพต้นยวน,ACTIVE
TTMT,9380835,ธาตุโลหิต,ยาธาตุโลหิต,ยาแคปซูล,โรงพยาบาลส่งเสริมสุขภาพต้นยวน,ACTIVE
TTMT,9380842,ธาตุอบเชย ,ยาธาตุเปลือกอบเชย,ยาน้ำ,โรงพยาบาลส่งเสริมสุขภาพต้นยวน,ACTIVE
TTMT,9380857,ทองขาว,ชาชงทองขาว,ยาชง,โรงพยาบาลส่งเสริมสุขภาพต้นยวน,ACTIVE
TTMT,9380861,แป้งลูกอ่อน,แป้งลูกอ่อน,ยาผง,โรงพยาบาลส่งเสริมสุขภาพต้นยวน,ACTIVE
TTMT,9380874,สี่ว่าน,ยาสี่ว่าน,ยาแคปซูล,โรงพยาบาลส่งเสริมสุขภาพต้นยวน,ACTIVE
TTMT,9380888,ตำรับมะเร็งทั่วไป,ยาต้มมะเร็งทั่วไป,ยาต้ม,โรงพยาบาลส่งเสริมสุขภาพต้นยวน,ACTIVE
TTMT,9380890,แก้ตกขาว,ยาต้มแก้ตกขาว,ยาต้ม,โรงพยาบาลส่งเสริมสุขภาพต้นยวน,ACTIVE
TTMT,9380900,แก้ไอมะขามป้อม สูตรเย็น,ยาแก้ไอมะขามป้อม สูตรเย็น,ยาน้ำ,โรงพยาบาลส่งเสริมสุขภาพต้นยวน,ACTIVE
TTMT,9380916,ส้ม,ยาส้ม,ยากลั่น,โรงพยาบาลส่งเสริมสุขภาพต้นยวน,ACTIVE
TTMT,9380928,ขมิ้นชัน,ยาขมิ้นชัน(ชนิดแคปซูล),ยาแคปซูล,บริษัท แสงสว่างตราค้างคาว จำกัด,ACTIVE
TTMT,9380937,ฟ้าทะลายโจร,ยาแคปซูลฟ้าทะลายโจร,ยาแคปซูล,บริษัท แสงสว่างตราค้างคาว จำกัด,ACTIVE
TTMT,9380944,ฟ้าทะลายโจร,ยาแคปซูลฟ้าทะลายโจร ตรา โพลีเฮิร์บ,ยาแคปซูล,บริษัท มิลลิเมด จำกัด,ACTIVE
TTMT,9380959,ขมิ้นชัน,ขมิ้นชัน ตราโพลีเฮิร์บ,ยาแคปซูล,บริษัท มิลลิเมด จำกัด,ACTIVE
TTMT,9380963,มะขามแขก,ยาระบาย ตราโพลีเฮิร์บ,ยาเม็ด,บริษัท มิลลิเมด จำกัด,ACTIVE
TTMT,9380971,บัวบก,BUOMO ORAL GEL,เจล,บริษัท มิลลิเมด จำกัด,ACTIVE
TTMT,9380985,พริก,T-CAP 25 GEL,เจล,บริษัท มิลลิเมด จำกัด,ACTIVE
TTMT,9380992,ว่านหางจระเข้,เจลว่านหางจระเข้,เจล,โรงพยาบาลมหาสารคาม,ACTIVE
TTMT,9381008,มังคุด/เปลือกมังคุด,ยาขี้ผึ้งเปลือกมังคุด,ขี้ผึ้ง,โรงพยาบาลมหาสารคาม,ACTIVE
TTMT,9381012,หญ้าดอกขาว,สเปรย์หญ้าดอกขาว,ยาน้ำ,โรงพยาบาลมหาสารคาม,ACTIVE
TTMT,9381020,น้อยหน่า,ยาเมล็ดน้อยหน่า,ครีม,โรงพยาบาลมหาสารคาม,ACTIVE
TTMT,9381031,พญายอ,ยาคาลาไมน์พญายอ,ยาน้ำแขวนตะกอน,โรงพยาบาลมหาสารคาม,ACTIVE
TTMT,9381049,ยอ,ยาแคปซูลยอ,ยาแคปซูล,โรงพยาบาลมหาสารคาม,ACTIVE
TTMT,9381054,เพกา,ยาแคปซูลเพกา,ยาแคปซูล,โรงพยาบาลมหาสารคาม,ACTIVE
TTMT,9381065,บอระเพ็ด,ยาแคปซูลบอระเพ็ด,ยาแคปซูล,โรงพยาบาลมหาสารคาม,ACTIVE
TTMT,9381077,ตะไคร้หอม,ยาหม่องตะไคร้หอม,ขี้ผึ้ง,โรงพยาบาลมหาสารคาม,ACTIVE
TTMT,9381083,ใบหม่อน,ใบหม่อน,ยาชง,โรงพยาบาลอุตรดิตถ์,ACTIVE
TTMT,9381096,เถาวัลย์เปรียง,เถาวัลย์เปรียง,ยาแคปซูล,ศูนย์บริการทางการแพทย์ คณะแพทยศาสตร์ มหาวิทยาลัยมหาสารคาม,ACTIVE
TTMT,9381106,กล้วย,กล้วยแคปซูล,ยาแคปซูล,โรงพยาบาลสมเด็จพระยุพราชสายบุรี,ACTIVE
TTMT,9381110,มะระขี้นก,มะระขี้นก แคปซูล,ยาแคปซูล,โรงพยาบาลสมเด็จพระยุพราชสายบุรี,ACTIVE
TTMT,9381123,บอระเพ็ด,บอระเพ็ด แคปซูล,ยาแคปซูล,โรงพยาบาลสมเด็จพระยุพราชสายบุรี,ACTIVE
TTMT,9381134,ขมิ้นชัน,ยาแคปซูลขมิ้นชัน,ยาแคปซูล,บริษัท เอสบีเค เฮอร์เบอลิสท์ จำกัด,ACTIVE
TTMT,9381147,ขมิ้นชัน,ยาขมิ้นชัน ตราเอสบีเค,ยาแคปซูล,บริษัท เอสบีเค เฮอร์เบอลิสท์ จำกัด,ACTIVE
TTMT,9381152,ฟ้าทะลายโจร,ยาแคปซูลฟ้าทะลายโจร,ยาแคปซูล,บริษัท เอสบีเค เฮอร์เบอลิสท์ จำกัด,ACTIVE
TTMT,9381168,ฟ้าทะลายโจร,ยาแคปซูลฟ้าทะลายโจร,ยาแคปซูล,บริษัท เอสบีเค เฮอร์เบอลิสท์ จำกัด,ACTIVE
TTMT,9381175,ฟ้าทะลายโจร,ยาฟ้าทะลายโจร ตราเอสบีเค,ยาแคปซูล,บริษัท เอสบีเค เฮอร์เบอลิสท์ จำกัด,ACTIVE
TTMT,9381181,ขิง,ยาผงขิง,ยาผง,บริษัท เอสบีเค เฮอร์เบอลิสท์ จำกัด,ACTIVE
TTMT,9381199,เห็ดหลินจือ/เห็ดขอนไม้,ยาเห็ดหลินจือตราเอสบีเค,ยาแคปซูล,บริษัท เอสบีเค เฮอร์เบอลิสท์ จำกัด,ACTIVE
TTMT,9381201,มะระขี้นก,ยาแคปซูลมะระขี้นก,ยาแคปซูล,บริษัท เอสบีเค เฮอร์เบอลิสท์ จำกัด,ACTIVE
TTMT,9381217,มะขามแขก,ยามะขามแขก ตราเอสบีเค,ยาแคปซูล,บริษัท เอสบีเค เฮอร์เบอลิสท์ จำกัด,ACTIVE
TTMT,9381229,เวชพงศ์โอสถ เบอร์ 3,ยาเวชพงศ์โอสถ เบอร์ 3,ยาลูกกลอน,บริษัท แสงสว่างตราค้างคาว จำกัด,ACTIVE
TTMT,9381238,เวชพงศ์โอสถ เบอร์ 6,ยาเวชพงศ์โอสถ เบอร์ 6,ยาลูกกลอน,บริษัท แสงสว่างตราค้างคาว จำกัด,ACTIVE
TTMT,9381240,เวชพงศ์โอสถ เบอร์ 7,ยาเวชพงศ์โอสถ เบอร์ 7,ยาลูกกลอน,บริษัท แสงสว่างตราค้างคาว จำกัด,ACTIVE
TTMT,9381255,เวชพงศ์โอสถ เบอร์ 9,ยาเวชพงศ์โอสถ เบอร์ 9,ยาลูกกลอน,บริษัท แสงสว่างตราค้างคาว จำกัด,ACTIVE
TTMT,9381264,เวชพงศ์โอสถ เบอร์ 11,เวชพงศ์โอสถ เบอร์ 11,ยาลูกกลอน,บริษัท แสงสว่างตราค้างคาว จำกัด,ACTIVE
TTMT,9381272,เวชพงศ์โอสถ เบอร์ 12,เวชพงศ์โอสถ เบอร์ 12,ยาผง,บริษัท แสงสว่างตราค้างคาว จำกัด,ACTIVE
TTMT,9381286,เวชพงศ์โอสถ เบอร์ 13,เวชพงศ์โอสถ เบอร์ 13,ยาผง,บริษัท แสงสว่างตราค้างคาว จำกัด,ACTIVE
TTMT,9381293,ชิระนัคคีจร  ,ชีรนัคคีจร,ยาแคปซูล,โรงพยาบาลมหาสารคาม,ACTIVE
TTMT,9381303,ลม 12 จำพวก,ลม 12 จำพวก,ยาแคปซูล,โรงพยาบาลมหาสารคาม,ACTIVE
TTMT,9381319,ทศกุลาผล,ทศกุลาผล,ยาแคปซูล,โรงพยาบาลมหาสารคาม,ACTIVE
TTMT,9381326,จตุผลาธิกะ,จตุผลาธิกะ,ยาแคปซูล,โรงพยาบาลมหาสารคาม,ACTIVE
TTMT,9381335,ลดไขมันในเส้นเลือด,ลดไขมันในเส้นเลือด,ยาแคปซูล,โรงพยาบาลมหาสารคาม,ACTIVE
TTMT,9381342,พริกไทย 2 เหงือกปลาหมอ 1,พริกไทย 2 เหงือกปลาหมอ 1,ยาแคปซูล,โรงพยาบาลมหาสารคาม,ACTIVE
TTMT,9381357,บำรุงสมอง,บำรุงสมอง,ยาแคปซูล,โรงพยาบาลมหาสารคาม,ACTIVE
TTMT,9381361,โรคนิทาน ,โรคนิทาน ,ยาแคปซูล,โรงพยาบาลมหาสารคาม,ACTIVE
TTMT,9381374,บำรุงไต,บำรุงไต,ยาแคปซูล,โรงพยาบาลมหาสารคาม,ACTIVE
TTMT,9381388,ลดความดันโลหิต,ลดความดันโลหิต,ยาแคปซูล,โรงพยาบาลมหาสารคาม,ACTIVE
TTMT,9381390,จตุวาตะผล,จตุวาตะผล,ยาแคปซูล,โรงพยาบาลมหาสารคาม,ACTIVE
TTMT,9381405,เบญจผลธาตุ,พิกัดเบญจผลธาตุ,ยาแคปซูล,โรงพยาบาลมหาสารคาม,ACTIVE
TTMT,9381414,มธุรเมหะ (รพ.มหาสารคาม),เบาหวาน,ยาแคปซูล,โรงพยาบาลมหาสารคาม,ACTIVE
TTMT,9381422,ประสะเปลือกมะรุม,ประสะเปลือกมะรุม,ยาแคปซูล,โรงพยาบาลมหาสารคาม,ACTIVE
TTMT,9381433,ภูมินิเทศ,ภูมินิเทศ,ยาแคปซูล,โรงพยาบาลมหาสารคาม,ACTIVE
TTMT,9381446,ประสะว่านนํ้า,ประสะว่านนํ้า,ยาแคปซูล,โรงพยาบาลมหาสารคาม,ACTIVE
TTMT,9381451,ตรีทิพยรส,ตรีทิพยรส,ยาแคปซูล,โรงพยาบาลมหาสารคาม,ACTIVE
TTMT,9381467,พิกัดสัตตะโกฐ,พิกัดสัตตะโกฐ,ยาแคปซูล,โรงพยาบาลมหาสารคาม,ACTIVE
TTMT,9381479,เก๊าต์,เก๊าต์,ยาแคปซูล,โรงพยาบาลมหาสารคาม,ACTIVE
TTMT,9381480,ฟอกน้ำเหลือง,ฟอกน้ำเหลือง,ยาแคปซูล,โรงพยาบาลมหาสารคาม,ACTIVE
TTMT,9381498,ยาถ่าย,ยาถ่าย,ยาแคปซูล,โรงพยาบาลมหาสารคาม,ACTIVE
TTMT,9381507,เหงือกปลาหมอ 2 พริกไทย 1,เหงือกปลาหมอ 2 พริกไทย 1,ยาแคปซูล,โรงพยาบาลมหาสารคาม,ACTIVE
TTMT,9381511,เบญจโลธิกะ,เบญจโลธิกะ,ยาแคปซูล,โรงพยาบาลมหาสารคาม,ACTIVE
TTMT,9381524,จันทน์จุฬา,จันทน์จุฬา,ยาแคปซูล,โรงพยาบาลมหาสารคาม,ACTIVE
TTMT,9381530,ดมเทพจิตร,ยาดมเทพจิตร,ยาดม,โรงพยาบาลมหาสารคาม,ACTIVE
TTMT,9381548,ตานทรางขโมยสำหรับเด็ก,ยาตานทรางขโมยสำหรับเด็ก,ยาน้ำ,โรงพยาบาลมหาสารคาม,ACTIVE
TTMT,9381553,รักษาผิวแพ้แห้งแตก,ยารักษาผิวแพ้แห้งแตก,ครีม,โรงพยาบาลมหาสารคาม,ACTIVE
TTMT,9381569,ระบายฝักคูณ,ยาระบายฝักคูณ,ยาน้ำ,โรงพยาบาลมหาสารคาม,ACTIVE
TTMT,9381576,อมแก้ไอมะขามป้อม,ยาอมแก้ไอมะขามป้อม,ยาลูกกลอน,โรงพยาบาลมหาสารคาม,ACTIVE
TTMT,9381582,อมแก้ไอมะแว้ง,ยาอมแก้ไอมะแว้ง,ยาลูกกลอน,โรงพยาบาลมหาสารคาม,ACTIVE
TTMT,9381595,พอกสมุนไพรเข่า,ยาพอกสมุนไพร,ยาพอก,โรงพยาบาลอุตรดิตถ์,ACTIVE
TTMT,9381609,ธาตุอบเชย ,ธาตุอบเชย ,ยาน้ำ,ศูนย์บริการทางการแพทย์ คณะแพทยศาสตร์ มหาวิทยาลัยมหาสารคาม,ACTIVE
TTMT,9381613,ตรีผลา / พิกัดตรีผลา ,ยาตรีผลา แคปซูล,ยาแคปซูล,บริษัท ขาวละออเภสัช จำกัด,ACTIVE
TTMT,9381621,ประสะกานพลู,ยาประสะกานพลู แคปซูล(ยาสามัญประจำบ้าน),ยาแคปซูล,บริษัท ขาวละออเภสัช จำกัด,ACTIVE
TTMT,9381632,แก้ไอ ตราเนเจอร์ คอฟ สูตรสำหรับเด็ก,ยาน้ำแก้ไอ ตราเนเจอร์ คอฟ สูตรสำหรับเด็ก,ยาน้ำ,บริษัท ขาวละออเภสัช จำกัด,ACTIVE
TTMT,9381645,แก้ไอ ตราเนเจอร์,ยาน้ำแก้ไอ ตราเนเจอร์,ยาน้ำ,บริษัท ขาวละออเภสัช จำกัด,ACTIVE
TTMT,9381650,พอกสมุนไพรสูตรเย็น,ยาพอกสูตรเย็น,ยาผง,โรงพยาบาลสมเด็จพระยุพราชเด่นชัย,ACTIVE
TTMT,9381666,พอกสมุนไพรสูตรร้อน,ยาพอกสูตรร้อน,ยาผง,โรงพยาบาลสมเด็จพระยุพราชเด่นชัย,ACTIVE
TTMT,9381678,น้ำมันกระดูกไก่ดำ-ขัดมอญ,ยาน้ำมันกระดูกไก่ดำ-ขัดมอญ,ยาเข้าน้ำมัน,โรงพยาบาลเจ้าพระยาอภัยภูเบศร,ACTIVE
TTMT,9381684,สเปรย์กระดูกไก่ดำ-ขัดมอญ,สเปรย์กระดูกไก่ดำ-ขัดมอญ,ยาน้ำ,โรงพยาบาลเจ้าพระยาอภัยภูเบศร,ACTIVE
TTMT,9381697,สหัศธารา,สหัสธารา แคปซูล,ยาแคปซูล,โรงพยาบาลสมเด็จพระยุพราชสายบุรี,ACTIVE
TTMT,9381700,แก้ลมอัมพฤกษ์ ,แก้ลมอัมพฤกษ์,ยาแคปซูล,โรงพยาบาลสมเด็จพระยุพราชสายบุรี,ACTIVE
TTMT,9381716,ตรีผลา / พิกัดตรีผลา ,ตรีผลาแคปซูล,ยาแคปซูล,โรงพยาบาลสมเด็จพระยุพราชสายบุรี,ACTIVE
TTMT,9381728,ผสมเพชรสังฆาต สูตรตำรับที่ 1,เพชรสังฆาต สูตร 1 แคปซูล,ยาแคปซูล,โรงพยาบาลสมเด็จพระยุพราชสายบุรี,ACTIVE
TTMT,9381737,ประสะไพล,ประสะไพล แคปซูล,ยาแคปซูล,โรงพยาบาลสมเด็จพระยุพราชสายบุรี,ACTIVE
TTMT,9381744,ธรณีสันฑะฆาต,ธรณีสัณฑฆาตแคปซูล,ยาแคปซูล,โรงพยาบาลสมเด็จพระยุพราชสายบุรี,ACTIVE
TTMT,9381759,ปราบชมพูทวีป,ปราบชมพูทวีปแคปซูล,ยาแคปซูล,โรงพยาบาลสมเด็จพระยุพราชสายบุรี,ACTIVE
TTMT,9381763,น้ำมันไพล,น้ำมันไพล,ยาเข้าน้ำมัน,โรงพยาบาลปะทิว,ACTIVE
TTMT,9381771,ยาประคบ,ลูกประคบ,ยาประคบ,โรงพยาบาลปะทิว,ACTIVE
TTMT,9381785,ผสมโคคลาน สูตรตำรับที่ 3,ยาผสมโคคลาน,ยาต้ม,โรงพยาบาลบ้านด่านลานหอย ,ACTIVE
TTMT,9381792,ตรีผลา / พิกัดตรีผลา ,ยาตรีผลา,ยาต้ม,โรงพยาบาลบ้านด่านลานหอย ,ACTIVE
TTMT,9381802,ยาประคบ,ยาประคบ,ยาประคบ,โรงพยาบาลบ้านด่านลานหอย ,ACTIVE
TTMT,9381818,แคปซูลผสมเถาเอ็นอ่อน ตราเอสบีเค,ยาแคปซูลผสมเถาเอ็นอ่อน ตราเอสบีเค,ยาแคปซูล,บริษัท เอสบีเค เฮอร์เบอลิสท์ จำกัด,ACTIVE
TTMT,9381825,แคปซูลผสมมะขามแขกและส้มแขก ตราเอสบีเค,ยาแคปซูลผสมมะขามแขกและส้มแขก ตราเอสบีเค,ยาแคปซูล,บริษัท เอสบีเค เฮอร์เบอลิสท์ จำกัด,ACTIVE
TTMT,9381839,แคปซูลผสมมะขามแขกและส้มแขก,ยาแคปซูลผสมมะขามแขกและส้มแขก,ยาแคปซูล,บริษัท เอสบีเค เฮอร์เบอลิสท์ จำกัด,ACTIVE
TTMT,9381841,แคปซูลผสมลูกยอ ตรา เอสบีเค,ยาแคปซูลผสมลูกยอ ตรา เอสบีเค,ยาแคปซูล,บริษัท เอสบีเค เฮอร์เบอลิสท์ จำกัด,ACTIVE
TTMT,9381856,แคปซูลผสมบอระเพ็ด,ยาแคปซูลผสมบอระเพ็ด,ยาแคปซูล,บริษัท เอสบีเค เฮอร์เบอลิสท์ จำกัด,ACTIVE
TTMT,9381860,แคปซูลผสมเพชรสังฆาต ตราเอเอ็นพีเอส,ยาแคปซูลผสมเพชรสังฆาต ตรา เอเอ็นพีเอส,ยาแคปซูล,บริษัท เอสบีเค เฮอร์เบอลิสท์ จำกัด,ACTIVE
TTMT,9381873,แคปซูลผสมลูกยอ ,ยาแคปซูลผสมลูกยอ ,ยาแคปซูล,บริษัท เอสบีเค เฮอร์เบอลิสท์ จำกัด,ACTIVE
TTMT,9381887,แคปซูลผสมรางจืด ตราเอสบีเค,ยาแคปซูลผสมรางจืด ตราเอสบีเค,ยาแคปซูล,บริษัท เอสบีเค เฮอร์เบอลิสท์ จำกัด,ACTIVE
TTMT,9381894,ผสมกระชายดำ,ยาแคปซูลผสมกระชายดำ,ยาแคปซูล,บริษัท เอสบีเค เฮอร์เบอลิสท์ จำกัด,ACTIVE
TTMT,9381943,ฟ้าทะลายโจร,ยาแคปซูลฟ้าทะลายโจร 500 มิลลิกรัม ทีเอฟดี,ยาแคปซูล,บริษัท ไทยเอฟดี จำกัด,ACTIVE
TTMT,9381962,ฟ้าทะลายโจร,ยาแคปซูลฟ้าทะลายโจร ตราไทรทอง,ยาแคปซูล,บริษัท ซีโนฟาร์ม(ไทย) จำกัด,ACTIVE
TTMT,9381970,ขมิ้นชัน,ยาแคปซูลขมิ้นชัน ตราไทรทอง,ยาแคปซูล,บริษัท ซีโนฟาร์ม(ไทย) จำกัด,ACTIVE
TTMT,9381989,มะระขี้นก,ยาแคปซูลมะระขี้นก ตราไทรทอง,ยาแคปซูล,บริษัท ซีโนฟาร์ม(ไทย) จำกัด,ACTIVE
TTMT,9382040,ขมิ้นชัน,ยาขมิ้นชัน ชนิดแคปซูล(Curcuma  Longa L. Capsule),ยาแคปซูล,บริษัท โรงงานเภสัชอุตสาหกรรม เจเอสพี (ประเทศไทย) จำกัด (มหาชน),ACTIVE
TTMT,9382142,เวชพงศ์โอสถ เบอร์ 16,เวชพงศ์โอสถ เบอร์ 16,ยาลูกกลอน,บริษัท แสงสว่างตราค้างคาว จำกัด,ACTIVE
TTMT,9382157,ธาตุบรรจบ,ยาธาตุบรรจบ ตราทีเอฟดี,ยาแคปซูล,บริษัท ไทยเอฟดี จำกัด,ACTIVE
TTMT,9382161,ตรีผลา / พิกัดตรีผลา ,ยาแคปซูลตรีผลา ตราไทรทอง,ยาแคปซูล,บริษัท ซีโนฟาร์ม(ไทย)  จำกัด,ACTIVE
TTMT,9382208,พญายอ,ทิงเจอร์พญายอ,ทิงเจอร์,โรงพยาบาลพนมดงรัก เฉลิมพระเกียรติ 80 พรรษา,ACTIVE
TTMT,9382212,ทิงเจอร์ทองพันชั่ง,ทิงเจอร์ทองพันชั่ง,ทิงเจอร์,โรงพยาบาลพนมดงรัก เฉลิมพระเกียรติ 80 พรรษา,ACTIVE
TTMT,9382220,มะขามแขก,มะขามแขก,ยาแคปซูล,โรงพยาบาลละงู,ACTIVE
TTMT,9382231,ขิง,ขิง,ยาแคปซูล,โรงพยาบาลละงู,ACTIVE
TTMT,9382249,ตรีผลา / พิกัดตรีผลา ,ตรีผลา / พิกัดตรีผลา (รพ.กระบี่),ยาน้ำ,โรงพยาบาลกระบี่,ACTIVE
TTMT,9382254,หอมเม็ด,ยาหอมเม็ดเวชพงศ์โอสถ,ยาเม็ด,บริษัท แสงสว่างตราค้างคาว จำกัด,ACTIVE
TTMT,9382265,น้ำเหลืองเสีย,แก้น้ำเหลืองเสีย,ยาต้ม,โรงพยาบาลสามพราน,ACTIVE
TTMT,9382277,ปวดเมื่อย,แก้ปวดเมื่อย,ยาต้ม,โรงพยาบาลสามพราน,ACTIVE
TTMT,9382283,บำรุงหัวใจ,บำรุงหัวใจ บำรุงดวงจิต แก้นอนไม่หลับ,ยาต้ม,โรงพยาบาลสามพราน,ACTIVE
TTMT,9382296,ยาประคบ,ยาประคบสมุนไพร,ยาประคบ,โรงพยาบาลห้วยเกิ้ง,ACTIVE
TTMT,9382306,พิมเสนน้ำ,พิมเสนน้ำ,ยาน้ำ,โรงพยาบาลห้วยเกิ้ง,ACTIVE
TTMT,9382310,หม่องเสลดพังพอน/เสลดพังพอนบาล์ม/หม่องพญายอ/ขี้ผึ้งพญายอ/   ขี้ผึ้งเสลดพังพอน,หม่องเสลดพังพอน,ขี้ผึ้ง,โรงพยาบาลห้วยเกิ้ง,ACTIVE
TTMT,9382323,น้ำมันไพล,น้ำมันไพล,ยาเข้าน้ำมัน,โรงพยาบาลห้วยเกิ้ง,ACTIVE
TTMT,9382334,จันทน์ลีลา,ยาจันทลีลา,ยาแคปซูล,โรงพยาบาลพนมดงรัก เฉลิมพระเกียรติ 80 พรรษา,ACTIVE
TTMT,9382347,ห้าราก / แก้ไข้ห้าราก / แก้วห้าดวง / เบญจโลกวิเชียร ,ยาห้าราก,ยาแคปซูล,โรงพยาบาลพนมดงรัก เฉลิมพระเกียรติ 80 พรรษา,ACTIVE
TTMT,9382352,ขี้ผึ้งไพล สูตรตำรับที่ 1,ขี้ผึ้งไพล,ขี้ผึ้ง,โรงพยาบาลพนมดงรัก เฉลิมพระเกียรติ 80 พรรษา,ACTIVE
TTMT,9382368,น้ำมันไพล,ยาน้ำมันไพล,ยาเข้าน้ำมัน,โรงพยาบาลพนมดงรัก เฉลิมพระเกียรติ 80 พรรษา,ACTIVE
TTMT,9382375,หม่องเสลดพังพอน/เสลดพังพอนบาล์ม/หม่องพญายอ/ขี้ผึ้งพญายอ/   ขี้ผึ้งเสลดพังพอน,ยาพญายอ,ขี้ผึ้ง,โรงพยาบาลพนมดงรัก เฉลิมพระเกียรติ 80 พรรษา,ACTIVE
TTMT,9382381,ขี้ผึ้งน้ำมันกระเบา,ยาขี้ผึ้งรักษาโรคผิวหนัง,ขี้ผึ้ง,โรงพยาบาลพนมดงรัก เฉลิมพระเกียรติ 80 พรรษา,ACTIVE
TTMT,9382399,ยาพอกดูดพิษ,ยาพอกเข่า,ยาพอก,โรงพยาบาลพนมดงรัก เฉลิมพระเกียรติ 80 พรรษา,ACTIVE
TTMT,9382404,ยาดมสมุนไพร,ยาดมสมุนไพร,ยาดม,โรงพยาบาลพนมดงรัก เฉลิมพระเกียรติ 80 พรรษา,ACTIVE
TTMT,9382415,สเปรย์ตะไคร้หอม,สเปรย์ไล่ยุงตะไคร้หอม,ยาน้ำ,โรงพยาบาลพนมดงรัก เฉลิมพระเกียรติ 80 พรรษา,ACTIVE
TTMT,9382427,ทับหม้อเกลือ,ยาสมุนไพรทับหม้อเกลือ,ยาผง,โรงพยาบาลพนมดงรัก เฉลิมพระเกียรติ 80 พรรษา,ACTIVE
TTMT,9382436,พิมเสนน้ำ,พิมเสนน้ำ,ยาน้ำ,โรงพยาบาลพนมดงรัก เฉลิมพระเกียรติ 80 พรรษา,ACTIVE
TTMT,9382443,แก้ไอผสมมะขามป้อม,ยาแก้ไอผสมมะขามป้อม ตราไทรทอง,ยาน้ำ,บริษัท ซีโนฟาร์ม(ไทย)  จำกัด,ACTIVE
TTMT,9382458,หญ้าดอกขาว,ยาชงหญ้าดอกขาว,ยาชง,โรงงานเภสัชกรรมทหารศูนย์การอุตสาหกรรมป้องกันประเทศและพลังงานทหาร,ACTIVE
TTMT,9382462,ขิง,ยาขิง,ยาแคปซูล,โรงพยาบาลป่าซาง,ACTIVE
TTMT,9382470,เถาวัลย์เปรียง,ยาเถาวัลย์เปรียง,ยาแคปซูล,โรงพยาบาลป่าซาง,ACTIVE
TTMT,9382489,คำฝอย,ชาชงดอกคำฝอย,ยาชง,โรงพยาบาลป่าซาง,ACTIVE
TTMT,9382491,พญายอ,คาลาไมน์เสลดพังพอน,ยาน้ำแขวนตะกอน,โรงพยาบาลป่าซาง,ACTIVE
TTMT,9382502,ไพล,ยาหม่องไพล,ขี้ผึ้ง,โรงพยาบาลภาชี,ACTIVE
TTMT,9382518,พญายอ,ยาหม่องพญายอ,ขี้ผึ้ง,โรงพยาบาลภาชี,ACTIVE
TTMT,9382525,น้ำมันไพล,น้ำมันไพล,ยาเข้าน้ำมัน,โรงพยาบาลภาชี,ACTIVE
TTMT,9382539,รางจืด,ยาชงรางจืด,ยาผง,บริษัท เจริญสุขเภสัช (เจริญสุขกรุ๊ป),ACTIVE
TTMT,9382541,หญ้าหนวดแมว,ยาชงหญ้าหนวดแมว,ยาผง,บริษัท เจริญสุขเภสัช (เจริญสุขกรุ๊ป),ACTIVE
TTMT,9382556,กำแพงเจ็ดชั้น,ยาตะไก้,ยาน้ำ,โรงพยาบาลสมเด็จพระยุพราชบ้านดุง,ACTIVE
TTMT,9382560,ฟ้าทะลายโจร,ยาพอกไมเกรน,ยาน้ำ,โรงพยาบาลสมเด็จพระยุพราชบ้านดุง,ACTIVE
TTMT,9382573,หอมเทพจิตร,ยาหอมเทพจิตร,ยาผง,โรงพยาบาลป่าซาง,ACTIVE
TTMT,9382587,หอมนวโกฐ,ยาหอมนวโกฐ,ยาผง,โรงพยาบาลป่าซาง,ACTIVE
TTMT,9382594,ธาตุบรรจบ,ยาธาตุบรรจบ,ยาแคปซูล,โรงพยาบาลป่าซาง,ACTIVE
TTMT,9382600,สหัศธารา,ยาสหัศธารา,ยาแคปซูล,โรงพยาบาลป่าซาง,ACTIVE
TTMT,9382616,ผสมเพชรสังฆาต สูตรตำรับที่ 1,เพชรสังฆาต สูตร 1 แคปซูล,ยาแคปซูล,โรงพยาบาลป่าซาง,ACTIVE
TTMT,9382628,เบญจกูล / พิกัดเบญจกูล,เบญจกูล,ยาแคปซูล,โรงพยาบาลป่าซาง,ACTIVE
TTMT,9382637,จันทน์ลีลา,ยาจันทน์ลีลา,ยาแคปซูล,โรงพยาบาลป่าซาง,ACTIVE
TTMT,9382644,ผสมโคคลาน สูตรตำรับที่ 3,ยาผสมโคคลาน,ยาต้ม,โรงพยาบาลป่าซาง,ACTIVE
TTMT,9382659,ประสะไพล,ยาประสะไพล,ยาแคปซูล,โรงพยาบาลป่าซาง,ACTIVE
TTMT,9382663,ตรีผลาผสมชะเอมเทศ,ชาชงตรีผลาผสมชะเอมเทศ,ยาชง,โรงพยาบาลป่าซาง,ACTIVE
TTMT,9382671,พอกเข่า,ยาพอกเข่า,ยาพอก,โรงพยาบาลป่าซาง,ACTIVE
TTMT,9382685,ขับลมซีนอร์ ตราวังหลัง,ยาขับลมซีนอร์ ตราวังหลัง,ยาแคปซูล,บริษัท พีเอ็นพี กรุ๊พ 1985 (ประเทศไทย) จำกัด,ACTIVE
TTMT,9382692,สตรีตราวังหลังสูตร 1,ยาสตรีตราวังหลังสูตร 1,ยาแคปซูล,บริษัท พีเอ็นพี กรุ๊พ 1985 (ประเทศไทย) จำกัด,ACTIVE
TTMT,9382709,สตรีตราวังหลังสูตร 2,ยาสตรีตราวังหลังสูตร 2,ยาแคปซูล,บริษัท พีเอ็นพี กรุ๊พ 1985 (ประเทศไทย) จำกัด,ACTIVE
TTMT,9382713,ยาประคบ,ลูกประคบสมุนไพรสด,ยาประคบ,โรงพยาบาลภาชี,ACTIVE
TTMT,9382721,ยาประคบ,ลูกประคบสมุนไพรแห้ง,ยาประคบ,โรงพยาบาลภาชี,ACTIVE
TTMT,9382732,ทาพระเส้น,ยาทาพระเส้น,ครีม,โรงพยาบาลภาชี,ACTIVE
TTMT,9382745,แก้โรคผิวหนัง,แก้โรคผิวหนัง,ครีม,โรงพยาบาลภาชี,ACTIVE
TTMT,9382750,ทาแก้ปวดตามข้อ,ยาทาแก้ปวดตามข้อ,ยาดอง,โรงพยาบาลจังหาร,ACTIVE
TTMT,9382766,ขี้ผึ้งไพล สูตรตำรับที่ 1,ยาขี้ผึ้งไพล,ขี้ผึ้ง,โรงพยาบาลจังหาร,ACTIVE
TTMT,9382778,ประสะเจตพังคี,ยาประสะเจตพังคีชนิดแคปซูล,ยาแคปซูล,บริษัท เจริญสุขเภสัช (เจริญสุขกรุ๊ป) ,ACTIVE
TTMT,9382784,ปลูกไฟธาตุ,ยาปลูกไฟธาตุชนิดแคปซูล,ยาแคปซูล,บริษัท เจริญสุขเภสัช (เจริญสุขกรุ๊ป) ,ACTIVE
TTMT,9382797,มันทธาตุ,ยามันทธาตุชนิดแคปซูล,ยาแคปซูล,บริษัท เจริญสุขเภสัช (เจริญสุขกรุ๊ป) ,ACTIVE
TTMT,9382807,สตรีหลังคลอด,ยาสตรีหลังคลอด,ยาต้ม,บริษัท เจริญสุขเภสัช (เจริญสุขกรุ๊ป) ,ACTIVE
TTMT,9382811,แก้ลมอัมพฤกษ์ ,ยาแก้ลมอัมพฤกษ์ชนิดผง,ยาผง,บริษัท เจริญสุขเภสัช (เจริญสุขกรุ๊ป) ,ACTIVE
TTMT,9382824,ประสะกะเพรา,ยาประสะกะเพราชนิดแคปซูล,ยาแคปซูล,บริษัท เจริญสุขเภสัช (เจริญสุขกรุ๊ป) ,ACTIVE
TTMT,9382830,สตรีลูกกลอน,ยาสตรีลูกกลอน,ยาลูกกลอน,โรงพยาบาลทุ่งสง,ACTIVE
TTMT,9382848,เสริมภูมิลูกกลอน,ยาเสริมภูมิลูกกลอน,ยาลูกกลอน,โรงพยาบาลทุ่งสง,ACTIVE
TTMT,9382853,ตำรับยาดอกปีบ,ตำรับยาดอกปีบ,ยาน้ำ,โรงพยาบาลสมเด็จพระยุพราชบ้านดุง,ACTIVE
TTMT,9382869,พอกดองดึง,ยาพอกดองดึง,ยาน้ำ,โรงพยาบาลสมเด็จพระยุพราชบ้านดุง,ACTIVE
TTMT,9382876,เก้าหอย,ยาเก้าหอย,ยาน้ำ,โรงพยาบาลสมเด็จพระยุพราชบ้านดุง,ACTIVE
TTMT,9382882,หลังคลอด (รพร.บ้านดุง),ยาหลังคลอด,ยาน้ำ,โรงพยาบาลสมเด็จพระยุพราชบ้านดุง,ACTIVE
TTMT,9382895,ทาใบแก้วเย็น,ยาทาใบแก้วเย็น,ยาน้ำ,โรงพยาบาลสมเด็จพระยุพราชบ้านดุง,ACTIVE
TTMT,9382905,ทาร้อนรงทอง,ยาทาร้อนรงทอง,ยาน้ำ,โรงพยาบาลสมเด็จพระยุพราชบ้านดุง,ACTIVE
TTMT,9382914,สุมแก้ปวด,ยาสุมแก้ปวด,ยาน้ำ,โรงพยาบาลสมเด็จพระยุพราชบ้านดุง,ACTIVE
TTMT,9382922,แก้ลมเบื้องบน,ยาแก้ลมเบื้องบน,ยาน้ำ,โรงพยาบาลสมเด็จพระยุพราชบ้านดุง,ACTIVE
TTMT,9382933,เผาไพล,ยาเผาไพล,ยาผง,โรงพยาบาลสมเด็จพระยุพราชบ้านดุง,ACTIVE
TTMT,9382946,ขมิ้นชัน,ยาขมิ้นชันลูกกลอน,ยาลูกกลอน,โรงพยาบาลทุ่งสง,ACTIVE
TTMT,9382951,หญ้าดอกขาว,ยาชงสมุนไพรหญ้าดอกขาว,ยาชง,มูลนิธิ โรงพยาบาลเจ้าพระยาอภัยภูเบศร,ACTIVE
TTMT,9382967,พริก,CAPSIKA - 75 LOTION,โลชั่น,บริษัท บางกอกแล็ป แอนด์ คอสเมติค จำกัด,ACTIVE
TTMT,9382979,กระชายดำ,KACHANA - 90 ,ยาแคปซูล,บริษัท บางกอกแล็ป แอนด์ คอสเมติค จำกัด,ACTIVE
TTMT,9382980,ทิงเจอร์ทองพันชั่ง,ยาทิงเจอร์ทองพันชั่ง,ทิงเจอร์,โรงพยาบาลลานสัก,ACTIVE
TTMT,9382998,ทิงเจอร์พลู,ยาทิงเจอร์พลู,ทิงเจอร์,โรงพยาบาลลานสัก,ACTIVE
TTMT,9383006,บัวบก,ยาครีมบัวบก,ครีม,โรงพยาบาลลานสัก,ACTIVE
TTMT,9383010,มังคุด/เปลือกมังคุด,ยาเปลือกมังคุด,ยาน้ำ,โรงพยาบาลลานสัก,ACTIVE
TTMT,9383023,พญายอ,ยาทิงเจอร์พญายอ,ทิงเจอร์,โรงพยาบาลลานสัก,ACTIVE
TTMT,9383034,พญายอ,ยาขี้ผึ้งพญายอ,ขี้ผึ้ง,โรงพยาบาลลานสัก,ACTIVE
TTMT,9383047,พญายอ,ยากลีเซอรีนพญายอ,สารละลายสำหรับป้ายปาก,โรงพยาบาลลานสัก,ACTIVE
TTMT,9383052,พญายอ,ยาโลชั่นพญายอ,โลชั่น,โรงพยาบาลลานสัก,ACTIVE
TTMT,9383068,สหัศธารา,แคปซูลสหัศธารา,ยาแคปซูล,มูลนิธิ โรงพยาบาลเจ้าพระยาอภัยภูเบศร,ACTIVE
TTMT,9383075,สมุนไพรพอกเข่า,ยาพอกเข่า,ยาพอก,โรงพยาบาลนครนายก,ACTIVE
TTMT,9383081,ยาอมบ้วนปากอดบุหรี่ ตราห้วยเฮิร์บ,ยาอมบ้วนปากอดบุหรี่ ตราห้วยเฮิร์บ,ยาน้ำ,โรงพยาบาลห้วยทับทัน,ACTIVE
TTMT,9383099,ประสะน้ำนม ตราห้วยเฮิร์บ,ยาประสะน้ำนม ตราห้วยเฮิร์บ,ยาแคปซูล,โรงพยาบาลห้วยทับทัน,ACTIVE
TTMT,9383109,ตำรับกระชายดำ,KACHANA,ยาแคปซูล,บริษัท บางกอกแล็ป แอนด์ คอสเมติค จำกัด,ACTIVE
TTMT,9383113,สมุนไพรอบตัว,ยาอบสมุนไพร,ยาต้ม,โรงพยาบาลลานสัก,ACTIVE
TTMT,9383121,พิมเสนน้ำ,ยาพิมเสนน้ำ,ยาน้ำ,โรงพยาบาลลานสัก,ACTIVE
TTMT,9383132,น้ำมันไพล,น้ำมันไพล,ยาเข้าน้ำมัน,โรงพยาบาลลานสัก,ACTIVE
TTMT,9383145,ขี้ผึ้งไพล สูตรตำรับที่ 1,ขี้ผึ้งไพล สูตรตำรับที่ ๑,ขี้ผึ้ง,โรงพยาบาลลานสัก,ACTIVE
TTMT,9383150,ยาประคบ,ยาประคบ,ยาประคบ,โรงพยาบาลลานสัก,ACTIVE
TTMT,9383166,แก้ปิหกังพิการ,ยาแก้ปิหกังพิการ,ยาแคปซูล,โรงพยาบาลพระปกเกล้า,ACTIVE
TTMT,9383178,แก้มังสังพิการ,ยาแก้มังสังพิการ,ยาแคปซูล,โรงพยาบาลพระปกเกล้า,ACTIVE
TTMT,9383184,แก้ลมจับโปงกำเริบ,ยาแก้ลมจับโปงกำเริบ,ยาต้ม,โรงพยาบาลพระปกเกล้า,ACTIVE
TTMT,9383197,แก้ลมจับโปงพิการ,ยาแก้ลมจับโปงพิการ,ยาต้ม,โรงพยาบาลพระปกเกล้า,ACTIVE
TTMT,9383204,แก้ลมจับโปงหย่อน,ยาแก้ลมจับโปงหย่อน,ยาต้ม,โรงพยาบาลพระปกเกล้า,ACTIVE
TTMT,9383215,ยาแก้พัทธปิตตะกำเริบ สูตร 1,ยาแก้พัทธปิตตะกำเริบ สูตร 1,ยาต้ม,โรงพยาบาลพระปกเกล้า,ACTIVE
TTMT,9383227,แก้พัทธปิตตะกำเริบ สูตร 2,ยาแก้พัทธปิตตะกำเริบ สูตร 2,ยาต้ม,โรงพยาบาลพระปกเกล้า,ACTIVE
TTMT,9383236,แก้พัทธปิตตะกำเริบ สูตร 3,ยาแก้พัทธปิตตะกำเริบ สูตร 3,ยาต้ม,โรงพยาบาลพระปกเกล้า,ACTIVE
TTMT,9383243,แก้พัทธปิตตะหย่อน สูตร 1,ยาแก้พัทธปิตตะหย่อน สูตร 1,ยาต้ม,โรงพยาบาลพระปกเกล้า,ACTIVE
TTMT,9383258,แก้พัทธปิตตะหย่อน สูตร 2,ยาแก้พัทธปิตตะหย่อน สูตร 2,ยาต้ม,โรงพยาบาลพระปกเกล้า,ACTIVE
TTMT,9383262,แก้พัทธปิตตะหย่อน สูตร 3,ยาแก้พัทธปิตตะหย่อน สูตร 3,ยาต้ม,โรงพยาบาลพระปกเกล้า,ACTIVE
TTMT,9383270,แก้พัทธปิตตะพิการ สูตร 1,ยาแก้พัทธปิตตะพิการ สูตร 1,ยาต้ม,โรงพยาบาลพระปกเกล้า,ACTIVE
TTMT,9383289,แก้พัทธปิตตะพิการ สูตร 2,ยาแก้พัทธปิตตะพิการ สูตร 2,ยาต้ม,โรงพยาบาลพระปกเกล้า,ACTIVE
TTMT,9383291,แก้พัทธปิตตะพิการ สูตร 3,ยาแก้พัทธปิตตะพิการ สูตร 3,ยาต้ม,โรงพยาบาลพระปกเกล้า,ACTIVE
TTMT,9383301,แก้โรคผิวหนัง ตำรับที่ 3,ยาแก้โรคผิวหนังตำรับที่ 4,ยาน้ำ,โรงพยาบาลพระปกเกล้า,ACTIVE
TTMT,9383317,เทพรังษี สูตร 1,ยาเทพรังษี สูตร 1,ยาต้ม,โรงพยาบาลพระปกเกล้า,ACTIVE
TTMT,9383329,เทพรังษี สูตร 2,ยาเทพรังษี สูตร 2,ยาต้ม,โรงพยาบาลพระปกเกล้า,ACTIVE
TTMT,9383338,เทพรังษี สูตร 3,ยาเทพรังษี สูตร 3,ยาต้ม,โรงพยาบาลพระปกเกล้า,ACTIVE
TTMT,9383340,เทพประธาน สูตร 1,ยาเทพประธาน สูตร 1,ยาต้ม,โรงพยาบาลพระปกเกล้า,ACTIVE
TTMT,9383355,เทพประธาน สูตร 2,ยาเทพประธาน สูตร 2,ยาต้ม,โรงพยาบาลพระปกเกล้า,ACTIVE
TTMT,9383364,เทพประธาน สูตร 3,ยาเทพประธาน สูตร 3,ยาต้ม,โรงพยาบาลพระปกเกล้า,ACTIVE
TTMT,9383372,วรรณฉวี สูตร 1,ยาวรรณฉวี สูตร 1,ยาต้ม,โรงพยาบาลพระปกเกล้า,ACTIVE
TTMT,9383386,วรรณฉวี สูตร 2,ยาวรรณฉวี สูตร 2,ยาต้ม,โรงพยาบาลพระปกเกล้า,ACTIVE
TTMT,9383393,วรรณฉวี สูตร 3,ยาวรรณฉวี สูตร 3,ยาต้ม,โรงพยาบาลพระปกเกล้า,ACTIVE
TTMT,9383408,ตจวรรณ สูตร 1,ยาตจวรรณ สูตร 1,ยาต้ม,โรงพยาบาลพระปกเกล้า,ACTIVE
TTMT,9383412,ตจวรรณ สูตร 2,ยาตจวรรณ สูตร 2,ยาต้ม,โรงพยาบาลพระปกเกล้า,ACTIVE
TTMT,9383420,ตจวรรณ สูตร 3,ยาตจวรรณ สูตร 3,ยาต้ม,โรงพยาบาลพระปกเกล้า,ACTIVE
TTMT,9383431,พระขรรค์ชัย สูตร 1,ยาพระขรรค์ชัย สูตร 1,ยาลูกกลอน,โรงพยาบาลพระปกเกล้า,ACTIVE
TTMT,9383449,พระขรรค์ชัย สูตร 2,ยาพระขรรค์ชัย สูตร 2,ยาลูกกลอน,โรงพยาบาลพระปกเกล้า,ACTIVE
TTMT,9383454,วาโยหย่อน,ยาวาโยหย่อน,ยาลูกกลอน,โรงพยาบาลพระปกเกล้า,ACTIVE
TTMT,9383465,วาโยกำเริบ,ยาวาโยกำเริบ,ยาลูกกลอน,โรงพยาบาลพระปกเกล้า,ACTIVE
TTMT,9383477,วาโยพิการ,ยาวาโยพิการ,ยาลูกกลอน,โรงพยาบาลพระปกเกล้า,ACTIVE
TTMT,9383483,แก้ยกนังพิการสูตร 3,ยาแก้ยกนังพิการ สูตร 4,ยาลูกกลอน,โรงพยาบาลพระปกเกล้า,ACTIVE
TTMT,9383496,แก้ยกนังกำเริบ สูตร 1,ยาแก้ยกนังกำเริบ สูตร 1,ยาลูกกลอน,โรงพยาบาลพระปกเกล้า,ACTIVE
TTMT,9383505,แก้ยกนังกำเริบ สูตร 2,ยาแก้ยกนังกำเริบ สูตร 2,ยาลูกกลอน,โรงพยาบาลพระปกเกล้า,ACTIVE
TTMT,9383514,แก้ยกนังกำเริบ สูตร 3,ยาแก้ยกนังกำเริบ สูตร 3,ยาลูกกลอน,โรงพยาบาลพระปกเกล้า,ACTIVE
TTMT,9383522,แก้ยกนังหย่อน สูตร 1,ยาแก้ยกนังหย่อน สูตร 1,ยาลูกกลอน,โรงพยาบาลพระปกเกล้า,ACTIVE
TTMT,9383533,แก้ยกนังหย่อน สูตร 2,ยาแก้ยกนังหย่อน สูตร 2,ยาลูกกลอน,โรงพยาบาลพระปกเกล้า,ACTIVE
TTMT,9383546,แก้ยกนังหย่อน สูตร 3,ยาแก้ยกนังหย่อน สูตร 3,ยาลูกกลอน,โรงพยาบาลพระปกเกล้า,ACTIVE
TTMT,9383551,แก้อพัทธปิตตะกำเริบ สูตร 1,ยาแก้อพัทธปิตตะกำเริบ สูตร 1,ยาลูกกลอน,โรงพยาบาลพระปกเกล้า,ACTIVE
TTMT,9383567,แก้อพัทธปิตตะกำเริบ สูตร 2,ยาแก้อพัทธปิตตะกำเริบ สูตร 2,ยาลูกกลอน,โรงพยาบาลพระปกเกล้า,ACTIVE
TTMT,9383579,แก้อพัทธปิตตะกำเริบ สูตร 3,ยาแก้อพัทธปิตตะกำเริบ สูตร 3,ยาลูกกลอน,โรงพยาบาลพระปกเกล้า,ACTIVE
TTMT,9383580,แก้อพัทธปิตตะหย่อน สูตร 1,ยาแก้อพัทธปิตตะหย่อน สูตร 1,ยาลูกกลอน,โรงพยาบาลพระปกเกล้า,ACTIVE
TTMT,9383598,แก้อพัทธปิตตะหย่อน สูตร 2,ยาแก้อพัทธปิตตะหย่อน สูตร 2,ยาลูกกลอน,โรงพยาบาลพระปกเกล้า,ACTIVE
TTMT,9383607,แก้อพัทธปิตตะหย่อน สูตร 3,ยาแก้อพัทธปิตตะหย่อน สูตร 3,ยาลูกกลอน,โรงพยาบาลพระปกเกล้า,ACTIVE
TTMT,9383611,แก้อพัทธปิตตะหย่อน สูตร 4,ยาแก้อพัทธปิตตะหย่อน สูตร 4,ยาลูกกลอน,โรงพยาบาลพระปกเกล้า,ACTIVE
TTMT,9383624,แก้อพัทธปิตตะพิการ สูตร 1,ยาแก้อพัทธปิตตะพิการ สูตร 1,ยาลูกกลอน,โรงพยาบาลพระปกเกล้า,ACTIVE
TTMT,9383630,แก้อพัทธปิตตะพิการ สูตร 2,ยาแก้อพัทธปิตตะพิการ สูตร 2,ยาลูกกลอน,โรงพยาบาลพระปกเกล้า,ACTIVE
TTMT,9383648,แก้อพัทธปิตตะพิการ สูตร 3,ยาแก้อพัทธปิตตะพิการ สูตร 3,ยาลูกกลอน,โรงพยาบาลพระปกเกล้า,ACTIVE
TTMT,9383653,แก้อพัทธปิตตะพิการ สูตร 4,ยาแก้อพัทธปิตตะพิการ สูตร 4,ยาลูกกลอน,โรงพยาบาลพระปกเกล้า,ACTIVE
TTMT,9383669,พอกเข่าโรคจับโปงเข่าน้ำ,ยาพอกเข่าโรคจับโปงเข่าน้ำ,ยาพอก,โรงพยาบาลฟากท่า,ACTIVE
TTMT,9383676,พอกเข่าโรคจับโปงเข่าแห้ง,ยาพอกเข่าโรคจับโปงเข่าแห้ง,ยาพอก,โรงพยาบาลฟากท่า,ACTIVE
TTMT,9383682,สมุนไพรเผา,ยาเผา,อื่นๆ,โรงพยาบาลฟากท่า,ACTIVE
TTMT,9383695,แช่เท้า,ยาแช่เท้า,ยาแช่,โรงพยาบาลฟากท่า,ACTIVE
TTMT,9383719,มะขามแขก,ยามะขามแขกแคปซูล,ยาแคปซูล,บริษัท เจริญสุขเภสัช (เจริญสุขกรุ๊ป),ACTIVE
TTMT,9383726,ฟ้าทะลายโจร,ยาแคปซูลฟ้าทะลายโจร 500 มิลลิกรัม ทีเอฟดี พี-ดับบลิว,ยาแคปซูล,บริษัท ไทยเอฟดี จำกัด,ACTIVE
TTMT,9383735,พญายอ,พญายอกลีเซอรีน,สารละลายสำหรับป้ายปาก,โรงพยาบาลพล,ACTIVE
TTMT,9383742,หญ้าปักกิ่ง,ยาชงสมุนไพรหญ้าปักกิ่ง,ยาชง,มูลนิธิ โรงพยาบาลเจ้าพระยาอภัยภูเบศร,ACTIVE
TTMT,9383757,ประสะมะแว้ง,ยาอมผสมมะแว้ง ทีเอฟดี,ยาเม็ด,บริษัท ไทยเอฟดี จำกัด,ACTIVE
TTMT,9383761,หอมนวโกฐ,ยาหอมนวโกฐ ทีเอฟดี,ยาผง,บริษัท ไทยเอฟดี จำกัด,ACTIVE
TTMT,9383774,หอมนวโกฐ,ยาหอมนวโกฐ ทีเอฟดี,ยาผง,บริษัท ไทยเอฟดี จำกัด,ACTIVE
TTMT,9383788,หอมนวโกฐ,ยาหอมนวโกฐ ทีเอฟดี,ยาผง,บริษัท ไทยเอฟดี จำกัด,ACTIVE
TTMT,9383790,หอมนวโกฐ,ยาหอมนวโกฐ ทีเอฟดี,ยาผง,บริษัท ไทยเอฟดี จำกัด,ACTIVE
TTMT,9383800,หอมนวโกฐ,ยาหอมนวโกฐ ทีเอฟดี,ยาผง,บริษัท ไทยเอฟดี จำกัด,ACTIVE
TTMT,9383816,หอมนวโกฐ,ยาหอมนวโกฐ ทีเอฟดี,ยาผง,บริษัท ไทยเอฟดี จำกัด,ACTIVE
TTMT,9383828,หอมนวโกฐ,ยาหอมนวโกฐ ทีเอฟดี,ยาผง,บริษัท ไทยเอฟดี จำกัด,ACTIVE
TTMT,9383837,หอมนวโกฐ,ยาหอมนวโกฐ ทีเอฟดี,ยาผง,บริษัท ไทยเอฟดี จำกัด,ACTIVE
TTMT,9383844,หอมนวโกฐ,ยาหอมนวโกฐ ทีเอฟดี,ยาผง,บริษัท ไทยเอฟดี จำกัด,ACTIVE
TTMT,9383859,หอมนวโกฐ,ยาหอมนวโกฐ ทีเอฟดี,ยาผง,บริษัท ไทยเอฟดี จำกัด,ACTIVE
TTMT,9383863,ปราบชมพูทวีป,ยาสูตรตำรับปราบชมพูทวีป,ยาแคปซูล,โรงพยาบาลพล,ACTIVE
TTMT,9383871,ปลูกไฟธาตุ,ยาสูตรตำรับปลูกไฟธาตุ,ยาแคปซูล,โรงพยาบาลพล,ACTIVE
TTMT,9383885,แก้ไอผสมมะขามป้อม สูตรตำรับที่ 2,ยาน้ำแก้ไอพลทิพย์ สูตรมะขามป้อม,ยาน้ำ,โรงพยาบาลพล,ACTIVE
TTMT,9383892,ทาพระเส้น,ยาทาพระเส้น,ยาน้ำ,มูลนิธิ โรงพยาบาลเจ้าพระยาอภัยภูเบศร,ACTIVE
TTMT,9383902,ปราบชมพูทวีป,ยาแคปซูลปราบชมพูทวีป ตราอภัยภูเบศร,ยาแคปซูล,มูลนิธิ โรงพยาบาลเจ้าพระยาอภัยภูเบศร,ACTIVE
TTMT,9383918,น้ำมันตะไคร้หอม,ยาหม่องกลิ่นน้ำมันตะไคร้หอม,ขี้ผึ้ง,มูลนิธิ โรงพยาบาลเจ้าพระยาอภัยภูเบศร,ACTIVE
TTMT,9383925,แก้ไอมะขามป้อม ตราอภัยภูเบศร,ยาน้ำแก้ไอมะขามป้อม ตราอภัยภูเบศร (ยาสามัญประจำบ้าน),ยาน้ำ,มูลนิธิ โรงพยาบาลเจ้าพระยาอภัยภูเบศร,ACTIVE
TTMT,9383939,น้ำแก้ไอผสมมะขามป้อม,ยาน้ำแก้ไอผสมมะขามป้อม,ยาน้ำ,สถานที่ผลิตยาอ้วยอันโอสถ,ACTIVE
TTMT,9383941,รวีระงับ,รวีระงับ,ยาพอก,โรงพยาบาลบึงกาฬ,ACTIVE
TTMT,9383956,ขิง,ชาชงขิง,ยาผง,โรงพยาบาลท่าศาลา,ACTIVE
TTMT,9383960,หญ้าหนวดแมว,ชาชงหญ้าหนวดแมว ,ยาชง,โรงพยาบาลท่าศาลา,ACTIVE
TTMT,9383973,หญ้าดอกขาว,ชาชงหญ้าดอกขาว ,ยาชง,โรงพยาบาลท่าศาลา,ACTIVE
TTMT,9383987,อบเชย,อบเชย  ลูกกลอน,ยาลูกกลอน,โรงพยาบาลท่าศาลา,ACTIVE
TTMT,9383994,ขิง,ขิง  ลูกกลอน,ยาลูกกลอน,โรงพยาบาลท่าศาลา,ACTIVE
TTMT,9384000,หญ้าหนวดแมว,หญ้าหนวดแมว  ลูกกลอน,ยาลูกกลอน,โรงพยาบาลท่าศาลา,ACTIVE
TTMT,9384016,ฟ้าทะลายโจร,ฟ้าทะลายโจร  ลูกกลอน,ยาลูกกลอน,โรงพยาบาลท่าศาลา,ACTIVE
TTMT,9384028,เถาวัลย์เปรียง,เถาวัลย์เปรียงลูกกลอน,ยาลูกกลอน,โรงพยาบาลท่าศาลา,ACTIVE
TTMT,9384037,ขมิ้นชัน,ขมิ้นชัน  ลูกกลอน,ยาลูกกลอน,โรงพยาบาลท่าศาลา,ACTIVE
TTMT,9384044,มะขามแขก,มะขามแขก  ลูกกลอน,ยาลูกกลอน,โรงพยาบาลท่าศาลา,ACTIVE
TTMT,9384059,เถาวัลย์เปรียง,เถาวัลย์เปรียงแคปซูล,ยาแคปซูล,โรงพยาบาลอินทร์บุรี,ACTIVE
TTMT,9384063,พริกไทย,พริกไทยแคปซูล,ยาแคปซูล,โรงพยาบาลอินทร์บุรี,ACTIVE
TTMT,9384071,กระเทียม,กระเทียมแคปซูล,ยาแคปซูล,โรงพยาบาลอินทร์บุรี,ACTIVE
TTMT,9384085,รางจืด,ชาชงรางจืด,ยาแคปซูล,โรงพยาบาลอินทร์บุรี,ACTIVE
TTMT,9384092,ธรณีสันฑะฆาต,ธรณีสันฑะฆาตแคปซูล,ยาแคปซูล,โรงพยาบาลอินทร์บุรี,ACTIVE
TTMT,9384102,ยาประคบ,ลูกประคบสมุนไพร,ยาประคบ,โรงพยาบาลอินทร์บุรี,ACTIVE
TTMT,9384118,พญายอ,คาลาไมน์เสลดพังพอน,ยาน้ำแขวนตะกอน,โรงพยาบาลอินทร์บุรี,ACTIVE
TTMT,9384125,พญายอ,ยาหม่องเสลดพังพอน,ขี้ผึ้ง,โรงพยาบาลอินทร์บุรี,ACTIVE
TTMT,9384139,น้ำมันไพล,น้ำมันไพล,ยาเข้าน้ำมัน,โรงพยาบาลอินทร์บุรี,ACTIVE
TTMT,9384141,ไพล,ยาหม่องไพล,ขี้ผึ้ง,โรงพยาบาลอินทร์บุรี,ACTIVE
TTMT,9384156,สมุนไพรพอกเข่า,ยาพอกเข่า,ยาพอก,โรงพยาบาลองครักษ์,ACTIVE
TTMT,9384160,หม่องไพล/บาล์มไพล/ไพลบาล์ม / ขี้ผึ้งไพล,ยาหม่องไพล,ครีม,โรงพยาบาลท่าศาลา,ACTIVE
TTMT,9384173,หม่องเสลดพังพอน/เสลดพังพอนบาล์ม/หม่องพญายอ/ขี้ผึ้งพญายอ/   ขี้ผึ้งเสลดพังพอน,ยาหม่องเสลดพังพอน ,ครีม,โรงพยาบาลท่าศาลา,ACTIVE
TTMT,9384187,ยาดมสูตรโบราณ ,ยาดมสูตรโบราณ ,ยาผง,โรงพยาบาลท่าศาลา,ACTIVE
TTMT,9384194,สมุนไพรอบตัว,ผงอบสมุนไพร ,ยาผง,โรงพยาบาลท่าศาลา,ACTIVE
TTMT,9384207,ชาชงบำรุงน้ำนม,ชาชงบำรุงน้ำนม,ยาชง,โรงพยาบาลท่าศาลา,ACTIVE
TTMT,9384211,ตรีผลา / พิกัดตรีผลา ,ชาชงตรีผลา ,ยาชง,โรงพยาบาลท่าศาลา,ACTIVE
TTMT,9384224,ซีโน เจลลี่รับ,ยาซีโน เจลลี่รับ (Sino Jelly Rub),เจล,บริษัท ซีโนฟาร์ม(ไทย)  จำกัด,ACTIVE
TTMT,9384230,ซีโน เจลลี่บาล์ม,ยาซีโน เจลลี่บาล์ม (Sino Jelly Balm),เจล,บริษัท ซีโนฟาร์ม(ไทย)  จำกัด,ACTIVE
TTMT,9384248,แคปซูลเถาวัลย์เปรียง ตราไทรทอง,ยาแคปซูลเถาวัลย์เปรียง ตราไทรทอง,ยาแคปซูล,บริษัท ซีโนฟาร์ม(ไทย)  จำกัด,ACTIVE
TTMT,9384253,แคปซูลกวาวเครือขาว ตราไทรทอง,ยาแคปซูลกวาวเครือขาว ตราไทรทอง,ยาแคปซูล,บริษัท ซีโนฟาร์ม(ไทย)  จำกัด,ACTIVE
TTMT,9384269,แคปซูลผสมว่านชักมดลูก ตราไทรทอง,ยาแคปซูลผสมว่านชักมดลูก ตราไทรทอง,ยาแคปซูล,บริษัท ซีโนฟาร์ม(ไทย)  จำกัด,ACTIVE
TTMT,9384276,แคปซูลผสมว่านชักมดลูก ตราไทรทอง สูตร 2,ยาแคปซูลผสมว่านชักมดลูก ตราไทรทอง สูตร 2,ยาแคปซูล,บริษัท ซีโนฟาร์ม(ไทย)  จำกัด,ACTIVE
TTMT,9384282,หม่องตราดอกไม้แดง,ยาหม่องตราดอกไม้แดง,ขี้ผึ้ง,บริษัท แสงสว่างตราค้างคาว จำกัด,ACTIVE
TTMT,9384295,สหัศธารา,สหัศธาราแคปซูล,ยาแคปซูล,โรงพยาบาลอินทร์บุรี,ACTIVE
TTMT,9384322,ฟ้าทะลายโจร,ยาแคปซูลฟ้าทะลายโจร,ยาแคปซูล,บริษัท ซีโนฟาร์ม(ไทย) จำกัด,ACTIVE
TTMT,9384333,ขมิ้นชัน,ยาแคปซูลขมิ้นชัน,ยาแคปซูล,บริษัท ซีโนฟาร์ม(ไทย) จำกัด,ACTIVE
TTMT,9384346,ฟ้าทะลายโจร,ฟ้าทะลายโจรชนิดแคปซูล กันภัยมหิดล,ยาแคปซูล,ศูนย์การแพทย์มหิดลบำรุงรักษ์ จังหวัดนครสวรรค์,ACTIVE
TTMT,9384351,ขมิ้นชัน,ขมิ้นชันชนิดแคปซูล กันภัยมหิดล,ยาแคปซูล,ศูนย์การแพทย์มหิดลบำรุงรักษ์ จังหวัดนครสวรรค์,ACTIVE
TTMT,9384367,มะขามแขก,มะขามแขกชนิดแคปซูล กันภัยมหิดล,ยาแคปซูล,ศูนย์การแพทย์มหิดลบำรุงรักษ์ จังหวัดนครสวรรค์,ACTIVE
TTMT,9384379,ขิง,ขิงผงชนิดแคปซูล กันภัยมหิดล,ยาแคปซูล,ศูนย์การแพทย์มหิดลบำรุงรักษ์ จังหวัดนครสวรรค์,ACTIVE
TTMT,9384380,ขิง,ชาชงขิง กันภัยมหิดล,ยาชง,ศูนย์การแพทย์มหิดลบำรุงรักษ์ จังหวัดนครสวรรค์,ACTIVE
TTMT,9384398,เถาวัลย์เปรียง,เถาวัลย์เปรียงชนิดแคปซูล กันภัยมหิดล,ยาแคปซูล,ศูนย์การแพทย์มหิดลบำรุงรักษ์ จังหวัดนครสวรรค์,ACTIVE
TTMT,9384403,มะระขี้นก,มะระขี้นกชนิดแคปซูล กันภัยมหิดล,ยาแคปซูล,ศูนย์การแพทย์มหิดลบำรุงรักษ์ จังหวัดนครสวรรค์,ACTIVE
TTMT,9384419,รางจืด,รางจืดชนิดแคปซูล กันภัยมหิดล,ยาแคปซูล,ศูนย์การแพทย์มหิดลบำรุงรักษ์ จังหวัดนครสวรรค์,ACTIVE
TTMT,9384426,รางจืด,ชาชงรางจืด กันภัยมหิดล,ยาชง,ศูนย์การแพทย์มหิดลบำรุงรักษ์ จังหวัดนครสวรรค์,ACTIVE
TTMT,9384435,ว่านชักมดลูก,ว่านชักมดลูกชนิดแคปซูล กันภัยมหิดล,ยาแคปซูล,ศูนย์การแพทย์มหิดลบำรุงรักษ์ จังหวัดนครสวรรค์,ACTIVE
TTMT,9384442,บอระเพ็ด,บอระเพ็ดชนิดแคปซูล กันภัยมหิดล,ยาแคปซูล,ศูนย์การแพทย์มหิดลบำรุงรักษ์ จังหวัดนครสวรรค์,ACTIVE
TTMT,9384457,หญ้าหนวดแมว,ชาชงหญ้าหนวดแมว กันภัยมหิดล,ยาชง,ศูนย์การแพทย์มหิดลบำรุงรักษ์ จังหวัดนครสวรรค์,ACTIVE
TTMT,9384461,ขลู่,ชาชงขลู่ กันภัยมหิดล,ยาชง,ศูนย์การแพทย์มหิดลบำรุงรักษ์ จังหวัดนครสวรรค์,ACTIVE
TTMT,9384474,คำฝอย,ชาชงคำฝอย กันภัยมหิดล,ยาชง,ศูนย์การแพทย์มหิดลบำรุงรักษ์ จังหวัดนครสวรรค์,ACTIVE
TTMT,9384488,ชุมเห็ดเทศ,ชาชงชุมเห็ดเทศ กันภัยมหิดล,ยาชง,ศูนย์การแพทย์มหิดลบำรุงรักษ์ จังหวัดนครสวรรค์,ACTIVE
TTMT,9384490,เพชรสังฆาต,เพชรสังฆาตชนิดแคปซูล กันภัยมหิดล ,ยาแคปซูล,ศูนย์การแพทย์มหิดลบำรุงรักษ์ จังหวัดนครสวรรค์,ACTIVE
TTMT,9384501,เหงือกปลาหมอ,เหงือกปลาหมอชนิดแคปซูล กันภัยมหิดล,ยาแคปซูล,ศูนย์การแพทย์มหิดลบำรุงรักษ์ จังหวัดนครสวรรค์,ACTIVE
TTMT,9384517,มะรุม/ผักอีสุม,มะรุมชนิดแคปซูล กันภัยมหิดล,ยาแคปซูล,ศูนย์การแพทย์มหิดลบำรุงรักษ์ จังหวัดนครสวรรค์,ACTIVE
TTMT,9384529,ช้าพลู,ช้าพลูชนิดแคปซูล กันภัยมหิดล,ยาแคปซูล,ศูนย์การแพทย์มหิดลบำรุงรักษ์ จังหวัดนครสวรรค์,ACTIVE
TTMT,9384538,กระเทียม,กระเทียมชนิดแคปซูล กันภัยมหิดล,ยาแคปซูล,ศูนย์การแพทย์มหิดลบำรุงรักษ์ จังหวัดนครสวรรค์,ACTIVE
TTMT,9384540,ขมิ้นชัน,ยาแคปซูลขมิ้นชัน บริษัท กรุงเทพทิพโอสถ จำกัด,ยาแคปซูล,บริษัท กรุงเทพทิพโอสถ จำกัด,ACTIVE
TTMT,9384555,ฟ้าทะลายโจร,ยาแคปซูลฟ้าทะลายโจร บริษัท กรุงเทพทิพโอสถ จำกัด,ยาแคปซูล,บริษัท กรุงเทพทิพโอสถ จำกัด,ACTIVE
TTMT,9384564,มะขามแขก,ยามะขามแขกแคปซูล,ยาแคปซูล,บริษัท แก้วมังกรเภสัช จำกัด,ACTIVE
TTMT,9384572,หญ้าดอกขาว,ยาชงหญ้าดอกขาว ตราเคเอ็มพี,ยาชง,บริษัท แก้วมังกรเภสัช จำกัด,ACTIVE
TTMT,9384586,มะขามแขก,ยาเซนโนซิล,ยาแคปซูล,บริษัท แก้วมังกรเภสัช จำกัด,ACTIVE
TTMT,9384593,ฟ้าทะลายโจร,ฟ้าทะลายโจร แคปซูล 400 มิลลิกรัม,ยาแคปซูล,บริษัท แก้วมังกรเภสัช จำกัด,ACTIVE
TTMT,9384604,มะขามแขก,ยาเม็ดเซนน่า 7.5,ยาเม็ด,ห้างธงทองโอสถ,ACTIVE
TTMT,9384615,ขับลม ตราไทรทอง,ยาขับลม ตราไทรทอง,ยาเม็ด,บริษัท ซีโนฟาร์ม(ไทย)  จำกัด,ACTIVE
TTMT,9384627,แคปซูลซีโนแลกซ์,ยาแคปซูลซีโนแลกซ์ ตราไทรทอง,ยาแคปซูล,บริษัท ซีโนฟาร์ม(ไทย)  จำกัด,ACTIVE
TTMT,9384636,แคปซูลผสมมะรุม ,ยาแคปซูลผสมมะรุม ตราไทรทอง,ยาแคปซูล,บริษัท ซีโนฟาร์ม(ไทย)  จำกัด,ACTIVE
TTMT,9384643,แคปซูลเพชรสังฆาต ตราไทรทอง,ยาแคปซูลเพชรสังฆาต ตราไทรทอง,ยาแคปซูล,บริษัท ซีโนฟาร์ม(ไทย)  จำกัด,ACTIVE
TTMT,9384658,ซีโนพิลส์,ยาซีโนพิลส์ ตราไทรทอง,ยาลูกกลอน,บริษัท ซีโนฟาร์ม(ไทย)  จำกัด,ACTIVE
TTMT,9384662,วินต้าเพล็กเจล,ยาวินต้าเพล็กเจล,เจล,บริษัท ซีโนฟาร์ม(ไทย)  จำกัด,ACTIVE
TTMT,9384670,ซีโนคูลเจล,ยาซีโนคูลเจล,เจล,บริษัท ซีโนฟาร์ม(ไทย)  จำกัด,ACTIVE
TTMT,9384689,โรม่า ออยล์,โรม่า ออยล์,ยาน้ำ,บริษัท ซีโนฟาร์ม(ไทย)  จำกัด,ACTIVE
TTMT,9384691,เอมม่าเจลลี่บาล์ม,เอมม่าเจลลี่บาล์ม,เจล,บริษัท ซีโนฟาร์ม(ไทย)  จำกัด,ACTIVE
TTMT,9384708,เอมม่า รับ,เอมม่า รับ,เจล,บริษัท ซีโนฟาร์ม(ไทย)  จำกัด,ACTIVE
TTMT,9384712,วินทอล เจล,วินทอล เจล,เจล,บริษัท ซีโนฟาร์ม(ไทย)  จำกัด,ACTIVE
TTMT,9384720,ซีโนเป๊กซ์,ซีโนเป๊กซ์,ยาน้ำ,บริษัท ซีโนฟาร์ม(ไทย)  จำกัด,ACTIVE
TTMT,9384731,ซีโนเป๊กซ์ เจล,ซีโนเป๊กซ์ เจล,เจล,บริษัท ซีโนฟาร์ม(ไทย)  จำกัด,ACTIVE
TTMT,9384749,หม่องเหลือง ซีโนบาล์ม,ยาหม่องเหลือง ซีโนบาล์ม,ขี้ผึ้ง,บริษัท ซีโนฟาร์ม(ไทย)  จำกัด,ACTIVE
TTMT,9384754,หม่องขาว ซีโนบาล์ม,ยาหม่องขาว ซีโนบาล์ม,ขี้ผึ้ง,บริษัท ซีโนฟาร์ม(ไทย)  จำกัด,ACTIVE
TTMT,9384765,หม่องน้ำตาล ซีโนบาล์ม,ยาหม่องน้ำตาล ซีโนบาล์ม,ขี้ผึ้ง,บริษัท ซีโนฟาร์ม(ไทย)  จำกัด,ACTIVE
TTMT,9384777,แคปซูลกระษัยเส้น ตราไทรทอง,ยาแคปซูลกระษัยเส้น ตราไทรทอง,ยาแคปซูล,บริษัท ซีโนฟาร์ม(ไทย)  จำกัด,ACTIVE
TTMT,9384783,แคปซูลผสมว่านชักมดลูก สูตร 3,ยาแคปซูลผสมว่านชักมดลูก สูตร 3,ยาแคปซูล,บริษัท ซีโนฟาร์ม(ไทย)  จำกัด,ACTIVE
TTMT,9384796,เม็ดอมจับเลี้ยง ,ยาเม็ดอมจับเลี้ยง,ยาเม็ด,บริษัท ซีโนฟาร์ม(ไทย)  จำกัด,ACTIVE
TTMT,9384806,น้ำเชื่อมแก้ไอ ชวนป๋วยปี่แปกอ ตราไทรทอง,ยาน้ำเชื่อมแก้ไอ ชวนป๋วยปี่แปกอ ตราไทรทอง,ยาน้ำ,บริษัท ซีโนฟาร์ม(ไทย)  จำกัด,ACTIVE
TTMT,9384810,น้ำเชื่อมแก้ไอ ชวนป๋วยปี่แปโหล่ว ตราไทรทอง,ยาน้ำเชื่อมแก้ไอ ชวนป๋วยปี่แปโหล่ว ตราไทรทอง,ยาน้ำ,บริษัท ซีโนฟาร์ม(ไทย)  จำกัด,ACTIVE
TTMT,9384823,บำรุงโลหิต,ยาแคปซูลบำรุงโลหิตตราไทรทอง,ยาผง,บริษัท ซีโนฟาร์ม(ไทย)  จำกัด,ACTIVE
TTMT,9384834,ประสะมะแว้ง,ยาประสระมะแว้ง,ยาผง,บริษัท ซีโนฟาร์ม(ไทย)  จำกัด,ACTIVE
TTMT,9384847,จันทน์ลีลา,ยาจันทน์ลีลา,ยาผง,บริษัท ซีโนฟาร์ม(ไทย)  จำกัด,ACTIVE
TTMT,9384852,ตรีผลา / พิกัดตรีผลา ,ยาแคปซูลตรีผลา,ยาแคปซูล,บริษัท ซีโนฟาร์ม(ไทย)  จำกัด,ACTIVE
TTMT,9384868,หอมทิพโอสถ,ยาหอมทิพโอสถ,ยาผง,บริษัท ซีโนฟาร์ม(ไทย)  จำกัด,ACTIVE
TTMT,9384875,ครีมไพล-ไพล ตราไทรทอง,ครีมไพล-ไพล ตราไทรทอง,ครีม,บริษัท ซีโนฟาร์ม(ไทย)  จำกัด,ACTIVE
TTMT,9384881,โลชั่นผสมพญายอ,ยาโลชั่นผสมพญายอ,โลชั่น,บริษัท ซีโนฟาร์ม(ไทย)  จำกัด,ACTIVE
TTMT,9384899,มหาจักรใหญ่,ยามหาจักรใหญ่,ยาเม็ด,บริษัท ซีโนฟาร์ม(ไทย)  จำกัด,ACTIVE
TTMT,9384909,ประสะเปราะใหญ่,ยาประสระเปราะใหญ่,ยาผง,บริษัท ซีโนฟาร์ม(ไทย)  จำกัด,ACTIVE
TTMT,9384913,ประสะจันทน์แดง ,ยาประสระจันทน์แดง,ยาผง,บริษัท ซีโนฟาร์ม(ไทย)  จำกัด,ACTIVE
TTMT,9384921,ประสะกะเพรา,ยาประสะกะเพรา,ยาเม็ด,บริษัท ซีโนฟาร์ม(ไทย)  จำกัด,ACTIVE
TTMT,9384932,ธรณีสันฑะฆาต,ยาธรณีสันฑะฆาต,ยาผง,บริษัท ซีโนฟาร์ม(ไทย)  จำกัด,ACTIVE
TTMT,9384945,ถ่ายดีเกลือฝรั่ง ,ยาถ่าย,ยาเม็ด,บริษัท ซีโนฟาร์ม(ไทย)  จำกัด,ACTIVE
TTMT,9384950,แก้ไอมะขามป้อม,ยาแก้ไอมะขามป้อม COMPOUND MAKHAM POM COUGH SYRUP,ยาน้ำ,บริษัท ซีโนฟาร์ม(ไทย)  จำกัด,ACTIVE
TTMT,9384966,แก้ไอผสมมะขามป้อม,ยาแก้ไอผสมมะขามป้อม COMPOUND  MAKHAM POM COUGH SYRUP,ยาน้ำ,บริษัท ซีโนฟาร์ม(ไทย)  จำกัด,ACTIVE
TTMT,9384978,น้ำเชื่อมแก้ไอ ชวนป๋วยปี่แป่กอ ตราตำหนักจีน,ยาน้ำเชื่อมแก้ไอ ชวนป๋วยปี่แป่กอ ตราตำหนักจีน,ยาน้ำ,บริษัท ซีโนฟาร์ม(ไทย)  จำกัด,ACTIVE
TTMT,9384984,สมุนไพรพอกเข่า,ยาพอกเข่า,ยาพอก,โรงพยาบาลองครักษ์,ACTIVE
TTMT,9384997,น้ำมันไพล,น้ำมันไพล กันภัยมหิดล,ยาเข้าน้ำมัน,ศูนย์การแพทย์มหิดลนครสวรรค์,ACTIVE
TTMT,9385004,เกสรทั้ง 5,ชาชงเกสรทั้ง 5,ยาชง,ศูนย์การแพทย์มหิดลนครสวรรค์,ACTIVE
TTMT,9385015,ยาดมสมุนไพร,ยาดมสมุนไพร กันภัยมหิดล,ยาดม,ศูนย์การแพทย์มหิดลนครสวรรค์,ACTIVE
TTMT,9385027,ห้าราก / แก้ไข้ห้าราก / แก้วห้าดวง / เบญจโลกวิเชียร ,ยาห้ารากชนิดแคปซูล กันภัยมหิดล,ยาแคปซูล,ศูนย์การแพทย์มหิดลนครสวรรค์,ACTIVE
TTMT,9385036,เบญจกูล / พิกัดเบญจกูล,เบญจกูลแคปซูล กันภัยมหิดล,ยาแคปซูล,ศูนย์การแพทย์มหิดลนครสวรรค์,ACTIVE
TTMT,9385043,ตรีผลา / พิกัดตรีผลา ,ตรีผลาแคปซูล กันภัยมหิดล,ยาแคปซูล,ศูนย์การแพทย์มหิดลนครสวรรค์,ACTIVE
TTMT,9385058,ตรีผลา / พิกัดตรีผลา ,ชาชงตรีผลา กันภัยมหิดล,ยาชง,ศูนย์การแพทย์มหิดลนครสวรรค์,ACTIVE
TTMT,9385062,สมุนไพรอบตัว,สมุนไพรอบตัว กันภัยมหิดล,ยาต้ม,ศูนย์การแพทย์มหิดลนครสวรรค์,ACTIVE
TTMT,9385070,ผงสมุนไพรขัดผิว,ผงสมุนไพรขัดผิว,ยาผง,ศูนย์การแพทย์มหิดลนครสวรรค์,ACTIVE
TTMT,9385089,สมุนไพรแก้น้ำเหลืองเสีย,สมุนไพรตำรับแก้น้ำเหลืองเสีย,ยาต้ม,ศูนย์การแพทย์มหิดลนครสวรรค์,ACTIVE
TTMT,9385091,ชาชงสมุนไพร,ชาชงสมุนไพร กันภัยมหิดล,ยาชง,ศูนย์การแพทย์มหิดลนครสวรรค์,ACTIVE
TTMT,9385101,หม่อง,ยาหม่องสูตรร้อน กันภัยมหิดล,ขี้ผึ้ง,ศูนย์การแพทย์มหิดลนครสวรรค์,ACTIVE
TTMT,9385117,ประดง บริษัทกรุงเทพทิพโอสถ,ยาประดง บริษัทกรุงเทพทิพโอสถ,ยาแคปซูล,บริษัท กรุงเทพทิพโอสถ จำกัด,ACTIVE
TTMT,9385129,แก้ไข้,ยาแก้ไข้ บริษัท กรุงเทพทิพโอสถ,ยาแคปซูล,บริษัท กรุงเทพทิพโอสถ จำกัด,ACTIVE
TTMT,9385138,สตรี,ยาสตรี,ยาแคปซูล,บริษัท กรุงเทพทิพโอสถ จำกัด,ACTIVE
TTMT,9385140,บรรเทาริดสีดวงทวารหนัก,ยาบรรเทาริดสีดวงทวารหนัก,ยาแคปซูล,บริษัท กรุงเทพทิพโอสถ จำกัด,ACTIVE
TTMT,9385155,บรรเทาอาการปวดเมื่อยตามร่างกาย,ยาบรรเทาอาการปวดเมื่อยตามร่างกาย บริษัท กรุงเทพทิพโอสถ,ยาแคปซูล,บริษัท กรุงเทพทิพโอสถ จำกัด,ACTIVE
TTMT,9385164,ขับลมชนิดแคปซูล,ยาขับลมชนิดแคปซูล บริษัท กรุงเทพทิพโอสถ จำกัด,ยาแคปซูล,บริษัท กรุงเทพทิพโอสถ จำกัด,ACTIVE
TTMT,9385172,เบญจกูล / พิกัดเบญจกูล,ยาเบญจกูล,ยาแคปซูล,บริษัท กรุงเทพทิพโอสถ จำกัด,ACTIVE
TTMT,9385186,จันทน์ลีลา,ยาจันทน์ลีลา,ยาแคปซูล,บริษัท กรุงเทพทิพโอสถ จำกัด,ACTIVE
TTMT,9385193,แก้ไอผสมมะขามป้อม สูตรตำรับที่ 2,ยาคอร์ไรคอฟ,ยาน้ำ,บริษัท แก้วมังกรเภสัช จำกัด,ACTIVE
TTMT,9385206,ผสมเพชรสังฆาต สูตรตำรับที่ 1,ยาโดแนกซ์,ยาแคปซูล,บริษัท แก้วมังกรเภสัช จำกัด,ACTIVE
TTMT,9385210,ผสมเพชรสังฆาต สูตรตำรับที่ 2,ยาแคปซูลผสมเพชรสังฆาต สูตร 2ตราธงทอง,ยาแคปซูล,ห้างธงทองโอสถ,ACTIVE
TTMT,9385223,ตรีผลา / พิกัดตรีผลา ,ยาแคปซูลตรีผลาตราธงทอง,ยาแคปซูล,ห้างธงทองโอสถ,ACTIVE
TTMT,9385234,แก้ไอผสมมะขามป้อม สูตรตำรับที่ 2,ยาน้ำแก้ไอผสมมะขามป้อม สูตร 2 ตราธงทอง,ยาน้ำ,ห้างธงทองโอสถ,ACTIVE
TTMT,9385247,สเปรย์หญ้าดอกขาว,สเปรย์หญ้าดอกขาว,ยาน้ำ,โรงพยาบาลเจ้าพระยาอภัยภูเบศร,ACTIVE
TTMT,9385252,สเปรย์รางจืด,สเปรย์รางจืด,ยาน้ำ,โรงพยาบาลเจ้าพระยาอภัยภูเบศร,ACTIVE
TTMT,9385268,หญ้าหนวดแมว,ยาแคปซูลหญ้าหนวดแมว ตราทีเอฟดี,ยาแคปซูล,บริษัท ไทยเอฟดี จำกัด,ACTIVE
TTMT,9385275,หญ้าหนวดแมว,ยาชงหญ้าหนวดแมว ตราทีเอฟดี,ยาชง,บริษัท ไทยเอฟดี จำกัด,ACTIVE
TTMT,9385281,เถาวัลย์เปรียง,เถาวัลย์เปรียง ตราทีเอฟดี,ยาแคปซูล,บริษัท ไทยเอฟดี จำกัด,ACTIVE
TTMT,9385299,เห็ดหลินจือ/เห็ดขอนไม้,ยาสปอร์เห็ดหลินจือ,ยาแคปซูล,บริษัท ขาวละออเภสัช จำกัด,ACTIVE
TTMT,9385309,รางจืด,ยาชงรางจืด,ยาผง,บริษัท ขาวละออเภสัช จำกัด,ACTIVE
TTMT,9385313,หญ้าดอกขาว,ยาชงหญ้าดอกขาว,ยาผง,บริษัท ขาวละออเภสัช จำกัด,ACTIVE
TTMT,9385321,ผสมเพชรสังฆาต สูตรตำรับที่ 1,ยาแคปซูลผสมเพชรสังฆาต ตราทีเอฟดี,ยาแคปซูล,บริษัท ไทยเอฟดี จำกัด,ACTIVE
TTMT,9385332,ปลูกไฟธาตุ,ยาปลูกไฟธาตุ ตราทีเอฟดี,ยาแคปซูล,บริษัท ไทยเอฟดี จำกัด,ACTIVE
TTMT,9385345,อำมฤควาที,ยาอำมฤควาที,ยาผง,บริษัท ขาวละออเภสัช จำกัด,ACTIVE
TTMT,9385350,ประสะไพล,ยาประสะไพล,ยาแคปซูล,บริษัท ขาวละออเภสัช จำกัด,ACTIVE
TTMT,9385366,ปลูกไฟธาตุ,ยาปลูกไฟธาตุ,ยาแคปซูล,บริษัท ขาวละออเภสัช จำกัด,ACTIVE
TTMT,9385378,ธรณีสันฑะฆาต,ยาธรณีสันฑะฆาต,ยาแคปซูล,บริษัท ขาวละออเภสัช จำกัด,ACTIVE
TTMT,9385384,เซี่ยวเปี่ยวโหยว,ยาเซี่ยวเปี่ยวโหยว,ยาน้ำ,บริษัท ขาวละออเภสัช จำกัด,ACTIVE
TTMT,9385397,ทารักษาแผลในปาก,ยาทารักษาแผลในปาก,เจล,บริษัท ขาวละออเภสัช จำกัด,ACTIVE
TTMT,9385402,ยาประคบ,ยาประคบ,ยาประคบ,โรงพยาบาลบางบัวทอง,ACTIVE
TTMT,9385418,น้ำมันไพล,น้ำมันไพล,ยาเข้าน้ำมัน,โรงพยาบาลบางบัวทอง,ACTIVE
TTMT,9385425,สมุนไพรพอกเข่า,ยาพอกเข่า,ยาพอก,โรงพยาบาลบางบัวทอง,ACTIVE
TTMT,9385439,พิมเสนน้ำ,ยาพิมเสนน้ำ,ยาน้ำ,โรงพยาบาลบางบัวทอง,ACTIVE
TTMT,9385441,ทับหม้อเกลือ,ยาสมุนไพรทับหม้อเกลือ,ยาประคบ,โรงพยาบาลบางบัวทอง,ACTIVE
TTMT,9385456,ขี้ผึ้งไพล สูตรตำรับที่ 1,ขี้ผึ้งไพล สูตรตำรับที่ ๑,ยาเข้าน้ำมัน,โรงพยาบาลบางบัวทอง,ACTIVE
TTMT,9385460,สมุนไพรเผา,ยาเผา,อื่นๆ,โรงพยาบาลบางบัวทอง,ACTIVE
TTMT,9385473,แช่เท้า,ยาแช่เท้า,ยาแช่,โรงพยาบาลบางบัวทอง,ACTIVE
TTMT,9385487,สมุนไพรอบตัวหลังคลอด,สมุนไพรอบตัวหลังคลอด,ยาต้ม,โรงพยาบาลบางบัวทอง,ACTIVE
TTMT,9385494,สมุนไพรอบตัวโรคภูมิแพ้,สมุนไพรอบตัวโรคภูมิแพ้,ยาต้ม,โรงพยาบาลบางบัวทอง,ACTIVE
TTMT,9385500,หญ้าหนวดแมว,"ยาชงหญ้าหนวดแมว 
(Cat's Whiskers Infusion)",ยาชง,โรงงานเภสัชกรรมทหารศูนย์การอุตสาหกรรมป้องกันประเทศและพลังงานทหาร,ACTIVE
TTMT,9385516,รางจืด,"ยาชงรางจืด (Blue Trumpet 
Vine Infusion)",ยาชง,โรงงานเภสัชกรรมทหารศูนย์การอุตสาหกรรมป้องกันประเทศและพลังงานทหาร,ACTIVE
TTMT,9385528,ทิงเจอร์ทองพันชั่ง,"ยาทิงเจอร์ทองพันชั่ง 
(Thongpanchang Tincture)",ทิงเจอร์,โรงงานเภสัชกรรมทหารศูนย์การอุตสาหกรรมป้องกันประเทศและพลังงานทหาร,ACTIVE
TTMT,9385537,ขิง,"ยาแคปซูลขิง (Zingiber 
Officinale Capsule 500 mg)",ยาแคปซูล,โรงงานเภสัชกรรมทหารศูนย์การอุตสาหกรรมป้องกันประเทศและพลังงานทหาร,ACTIVE
TTMT,9385544,เห็ดหลินจือ/เห็ดขอนไม้,ยาแคปซูลเห็ดหลินจือ,ยาแคปซูล,บริษัท เอสบีเค เฮอร์เบอลิสท์ จำกัด,ACTIVE
TTMT,9385559,หญ้าปักกิ่ง,ยาแคปซูลหญ้าปักกิ่ง,ยาแคปซูล,บริษัท เอสบีเค เฮอร์เบอลิสท์ จำกัด,ACTIVE
TTMT,9385563,หม่องน้ำสมุนไพร ตราสุภาพโอสถ,ยาหม่องน้ำสมุนไพร ตราสุภาพโอสถ,ยาเข้าน้ำมัน,ห้างหุ้นส่วนจำกัด โรงงานเภสัชอุตสาหกรรม ค็อกช์,ACTIVE
TTMT,9385571,น้ำมันผสมไพล ตราสุภาพโอสถ,ยาน้ำมันผสมไพล ตราสุภาพโอสถ,ยาเข้าน้ำมัน,ห้างหุ้นส่วนจำกัด โรงงานเภสัชอุตสาหกรรม ค็อกช์,ACTIVE
TTMT,9385585,ผสมเถาวัลย์เปรียง,ยาผสมเถาวัลย์เปรียงแคปซูล,ยาแคปซูล,บริษัท แสงสว่างตราค้างคาว จำกัด,ACTIVE
TTMT,9385592,เบญจกูล / พิกัดเบญจกูล,"ยาแคปซูลเบญจกูล (Benchakun 
Capsule)",ยาแคปซูล,โรงงาน เภสัชกรรมทหารศูนย์การอุตสาหกรรมป้องกันประเทศและพลังงานทหาร,ACTIVE
TTMT,9385603,ธรณีสันฑะฆาต,"ยาแคปซูลธรณีสันทะฆาต (Torranee 
San Ta Khat Capsule)",ยาแคปซูล,โรงงาน เภสัชกรรมทหารศูนย์การอุตสาหกรรมป้องกันประเทศและพลังงานทหาร,ACTIVE
TTMT,9385619,ธาตุบรรจบ,"ยาแคปซูลธาตุบรรจบ (Thatbunjob 
Capsule)",ยาแคปซูล,โรงงาน เภสัชกรรมทหารศูนย์การอุตสาหกรรมป้องกันประเทศและพลังงานทหาร,ACTIVE
TTMT,9385626,ประสะไพล,"ยาแคปซูลประสะไพล (Prasaplai 
Capsule)",ยาแคปซูล,โรงงาน เภสัชกรรมทหารศูนย์การอุตสาหกรรมป้องกันประเทศและพลังงานทหาร,ACTIVE
TTMT,9385635,จันทน์ลีลา,"ยาแคปซูลจันทน์ลีลา (Chantaleela 
Capsule)",ยาแคปซูล,โรงงาน เภสัชกรรมทหารศูนย์การอุตสาหกรรมป้องกันประเทศและพลังงานทหาร,ACTIVE
TTMT,9385642,บำรุงโลหิต,"ยาแคปซูลบำรุงโลหิต 
(Bumrung Lohit Capsule)",ยาแคปซูล,โรงงาน เภสัชกรรมทหารศูนย์การอุตสาหกรรมป้องกันประเทศและพลังงานทหาร,ACTIVE
TTMT,9385657,สหัศธารา,"ยาแคปซูลสหัศธารา (Sahastara 
Capsule)",ยาแคปซูล,โรงงาน เภสัชกรรมทหารศูนย์การอุตสาหกรรมป้องกันประเทศและพลังงานทหาร,ACTIVE
TTMT,9385661,แคปซูลผสมเถาวัลย์เปรียง,ยาเบนนิก้า,ยาแคปซูล,บริษัท เอสบีเค เฮอร์เบอลิสท์ จำกัด,ACTIVE
TTMT,9385674,แคปซูลผสมเถาวัลย์เปรียง,ยาแคปซูลผสมเถาวัลย์เปรียง ตราเอสบีเค,ยาแคปซูล,บริษัท เอสบีเค เฮอร์เบอลิสท์ จำกัด,ACTIVE
TTMT,9385688,น้ำมันเหลืองไพล ขมิ้นอ้อย,ยาน้ำมันเหลือง,ยาเข้าน้ำมัน,บริษัท เอสบีเค เฮอร์เบอลิสท์ จำกัด,ACTIVE
TTMT,9385690,น้ำมันเหลือง ตราเอสบีเค,ยาน้ำมันเหลือง ตราเอสบีเค,ยาเข้าน้ำมัน,บริษัท เอสบีเค เฮอร์เบอลิสท์ จำกัด,ACTIVE
TTMT,9385707,อมสมุนไพร,ยาอมสมุนไพร ตามไอ-เฮิร์บ,ยาเม็ด,บริษัท มิลลิเมด จำกัด,ACTIVE
TTMT,9385711,ระบายชนิดแคปซูล,ยาระบายชนิดแคปซูล,ยาแคปซูล,ห้างหุ้นส่วนสามัญนิติบุคคล สมุนไพรเพรียวลม,ACTIVE
TTMT,9385724,รางจืด,ยารางจืด,ยาชง,โรงพยาบาลสมเด็จพระยุพราชจอมบึง,ACTIVE
TTMT,9385730,รางจืด,ยารางจืด,ยาชง,โรงพยาบาลสมเด็จพระยุพราชจอมบึง,ACTIVE
TTMT,9385748,มะขามแขก,ยามะขามแขก(แคปซูล),ยาแคปซูล,บริษัท แสงสว่างตราค้างคาว จำกัด,ACTIVE
TTMT,9385753,ฟ้าทะลายโจร,ยาฟ้าทะลายโจรชนิดแคปซูล,ยาแคปซูล,บริษัท แสงสว่างตราค้างคาว จำกัด,ACTIVE
TTMT,9385769,ขมิ้นชัน,ยาขมิ้นชัน (แคปซูล),ยาแคปซูล,บริษัท แสงสว่างตราค้างคาว จำกัด,ACTIVE
TTMT,9385776,พอกเข่าสมุนไพร,ยาพอกเข่า,ยาพอก,โรงพยาบาลขุนหาญ,ACTIVE
TTMT,9385782,ต้มสะเก็ดเงิน,ยาต้มสะเก็ดเงิน,ยาต้ม,โรงพยาบาลขุนหาญ,ACTIVE
TTMT,9385795,บำรุงตับ,ยาต้มบำรุงตับ,ยาต้ม,โรงพยาบาลขุนหาญ,ACTIVE
TTMT,9385805,บำรุงน้ำนม (รพ.ขุนหาญ),ยาต้มบำรุงน้ำนม,ยาต้ม,โรงพยาบาลขุนหาญ,ACTIVE
TTMT,9385814,แช่อาบสะเก็ดเงิน,ยาต้มแช่อาบสะเก็ดเงิน,ยาต้ม,โรงพยาบาลขุนหาญ,ACTIVE
TTMT,9385822,น้ำมันทาโรคผิวหนัง(สะเก็ดเงิน),น้ำมันทาโรคผิวหนัง(สะเก็ดเงิน),ยาเข้าน้ำมัน,โรงพยาบาลขุนหาญ,ACTIVE
TTMT,9385833,เผาสมุนไพร,ยาเผาสมุนไพร,อื่นๆ,โรงพยาบาลขุนหาญ,ACTIVE
TTMT,9385846,สุมสมุนไพร,ยาสุมสมุนไพร,อื่นๆ,โรงพยาบาลขุนหาญ,ACTIVE
TTMT,9385851,ธาตุอบเชย,ยาธาตุอบเชย,ยาน้ำ,โรงพยาบาลขุนหาญ,ACTIVE
TTMT,9385867,ยาประคบ,ลูกประคบสมุนไพรสด,ยาประคบ,โรงพยาบาลขุนหาญ,ACTIVE
TTMT,9385879,พอกดับพิษปิตตะ,ยาพอกดับพิษปิตตะ,ยาพอก,โรงพยาบาลขุนหาญ,ACTIVE
TTMT,9385880,พอกสูตรเย็น,ยาพอกสูตรเย็น,ยาพอก,โรงพยาบาลขุนหาญ,ACTIVE
TTMT,9385898,แก้ลมอัมพฤกษ์ ,ยาแก้ลมอัมพฤกษ์ ตราทีเอฟดี,ยาผง,บริษัท ไทยเอฟดี จำกัด,ACTIVE
TTMT,9385908,แก้ลมอัมพฤกษ์ ,ยาแก้ลมอัมพฤกษ์ ตราทีเอฟดี,ยาผง,บริษัท ไทยเอฟดี จำกัด,ACTIVE
TTMT,9385912,แก้ลมอัมพฤกษ์ ,ยาแก้ลมอัมพฤกษ์ ตราทีเอฟดี,ยาผง,บริษัท ไทยเอฟดี จำกัด,ACTIVE
TTMT,9385920,แก้ลมอัมพฤกษ์ ,ยาแก้ลมอัมพฤกษ์ ตราทีเอฟดี,ยาผง,บริษัท ไทยเอฟดี จำกัด,ACTIVE
TTMT,9385931,เลือดงาม,ยาแคปซูลเลือดงาม ตราทีเอฟดี,ยาแคปซูล,บริษัท ไทยเอฟดี จำกัด,ACTIVE
TTMT,9385949,ผสมโคคลาน สูตรตำรับที่ 2,ยาผสมโคคลาน (สูตรตำรับที่ 2),ยาต้ม,โรงพยาบาลสมเด็จพระยุพราชจอมบึง,ACTIVE
TTMT,9385954,หลังคลอด (รพร.จอมบึง),ยาต้มหลังคลอด,ยาต้ม,โรงพยาบาลสมเด็จพระยุพราชจอมบึง,ACTIVE
TTMT,9385965,น้ำมันไพล,ยาน้ำมันไพล,ยาเข้าน้ำมัน,โรงพยาบาลสมเด็จพระยุพราชจอมบึง,ACTIVE
TTMT,9385977,ยาประคบ,ยาประคบสมุนไพรแห้ง,ยาประคบ,โรงพยาบาลสมเด็จพระยุพราชจอมบึง,ACTIVE
TTMT,9385983,น้ำมันไพล,ยาน้ำมันไพล,ยาเข้าน้ำมัน,สถานีอนามัยเฉลิมพระเกียรติ 60 พรรษา นวมินทราชินี ตำบลเมืองเก่า จังหวัดสุโขทัย,ACTIVE
TTMT,9385996,ยาประคบ,ยาประคบ,ยาประคบ,สถานีอนามัยเฉลิมพระเกียรติ 60 พรรษา นวมินทราชินี ตำบลเมืองเก่า จังหวัดสุโขทัย,ACTIVE
TTMT,9386003,เตโชสมุฏฐาน,อัคคีสม,ยาต้ม,โรงพยาบาลสมเด็จพระยุพราชสว่างแดนดิน,ACTIVE
TTMT,9386019,วาโยสมุฏฐาน,อภิรมณ์ฤดี,ยาต้ม,โรงพยาบาลสมเด็จพระยุพราชสว่างแดนดิน,ACTIVE
TTMT,9386026,อาโปสมุฏฐาน,สว่างเทพธารา,ยาต้ม,โรงพยาบาลสมเด็จพระยุพราชสว่างแดนดิน,ACTIVE
TTMT,9386035,ปถวีสมุฏฐาน,มหาเทพปถวี,ยาต้ม,โรงพยาบาลสมเด็จพระยุพราชสว่างแดนดิน,ACTIVE
TTMT,9386042,ตำรับยาสะเก็ดเงิน,สว่างผ่องฉวีพพรรณ,ยาต้ม,โรงพยาบาลสมเด็จพระยุพราชสว่างแดนดิน,ACTIVE
TTMT,9386057,สว่างรมณ์,สว่างรมณ์,ยาต้ม,โรงพยาบาลสมเด็จพระยุพราชสว่างแดนดิน,ACTIVE
TTMT,9386061,จิตรสว่าง ,จิตรสว่าง ,ยาต้ม,โรงพยาบาลสมเด็จพระยุพราชสว่างแดนดิน,ACTIVE
TTMT,9386074,ประสะน้ำนม (รพ.ชำนิ),ยาประสะน้ำนม,ยาต้ม,โรงพยาบาลชำนิ,ACTIVE
TTMT,9386088,แก้ปวดเมื่อย (รพ.ชำนิ),ยาแก้ปวดเมื่อย,ยาต้ม,โรงพยาบาลชำนิ,ACTIVE
TTMT,9386090,ลดไขมันความดันโลหิต,ยาลดไขมันความดันโลหิต,ยาต้ม,โรงพยาบาลชำนิ,ACTIVE
TTMT,9386100,บำรุงน้ำนม (รพ.ชำนิ),ยาบำรุงน้ำนม,ยาต้ม,โรงพยาบาลชำนิ,ACTIVE
TTMT,9386116,อโรติกา รัปโลชั่น,AROTIKA® RUB,โลชั่น,บริษัท บางกอกแล็ป แอนด์ คอสเมติค จำกัด,ACTIVE
TTMT,9386128,อโรติกา รัปครีม,AROTIKA® RUB,ครีม,บริษัท บางกอกแล็ป แอนด์ คอสเมติค จำกัด,ACTIVE
TTMT,9386137,พริกไทย,ยาแคปซูลพริกไทย,ยาแคปซูล,ห้างหุ้นส่วนสามัญนิติบุคคล เวชพงศ์โอสถ,ACTIVE
TTMT,9386144,เพชรสังฆาต,ยาแคปซูลเพชรสังฆาต,ยาแคปซูล,ห้างหุ้นส่วนสามัญนิติบุคคล เวชพงศ์โอสถ,ACTIVE
TTMT,9386159,บอระเพ็ดลูกกลอน,ยาเม็ดลูกกลอนบอระเพ็ด,ยาลูกกลอน,ห้างหุ้นส่วนสามัญนิติบุคคล เวชพงศ์โอสถ,ACTIVE
TTMT,9386163,บอระเพ็ดแคปซูล,ยาแคปซูลบอระเพ็ด,ยาแคปซูล,ห้างหุ้นส่วนสามัญนิติบุคคล เวชพงศ์โอสถ,ACTIVE
TTMT,9386171,บอระเพ็ดเม็ด,ยาเม็ดบอระเพ็ด,ยาเม็ด,ห้างหุ้นส่วนสามัญนิติบุคคล เวชพงศ์โอสถ,ACTIVE
TTMT,9386185,ขี้ผึ้งแก้กลาก เกลื้อน,ยาขี้ผึ้งซันก้า,ขี้ผึ้ง,บริษัท แสงสว่างตราค้างคาว จำกัด,ACTIVE
TTMT,9386192,ฟ้าทะลายโจร,ยาเม็ดฟ้าทะลายโจร,ยาเม็ด,บริษัท แสงสว่างตราค้างคาว จำกัด,ACTIVE
TTMT,9386205,กล้วย,ยาผงกล้วยดิบ,ยาผง,บริษัท พรีราน่าเนเจอร์ จำกัด,ACTIVE
TTMT,9386214,หญ้าดอกขาว,ยาชาชงหญ้าดอกขาว,ยาผง,บริษัท พรีราน่าเนเจอร์ จำกัด,ACTIVE
TTMT,9386280,หอมปิดทองเวชพงศ์,ยาหอมปิดทองเวชพงศ์,ยาเม็ด,ห้างหุ้นส่วนสามัญนิติบุคคล เวชพงศ์โอสถ,ACTIVE
TTMT,9386298,ดมส้มมือ ตรานายพล,ยาดมส้มมือ ตรานายพล,ยาผง,ห้างหุ้นส่วนสามัญนิติบุคคล เวชพงศ์โอสถ,ACTIVE
TTMT,9386308,ขี้ผึ้งตรานายพล,ขี้ผึ้งตรานายพล,ขี้ผึ้ง,ห้างหุ้นส่วนสามัญนิติบุคคล เวชพงศ์โอสถ,ACTIVE
TTMT,9386312,บรรเทาริดสีดวงจมูกเวชพงศ์,ยาบรรเทาริดสีดวงจมูกเวชพงศ์,ยาเม็ด,ห้างหุ้นส่วนสามัญนิติบุคคล เวชพงศ์โอสถ,ACTIVE
TTMT,9386320,หอมอินทจักร,ยาหอมอินทจักร์ ตรานายพล,ยาผง,ห้างหุ้นส่วนสามัญนิติบุคคล เวชพงศ์โอสถ,ACTIVE
TTMT,9386331,จันทน์ลีลา,ยาจันทน์ลีลาเวชพงศ์โอสถชนิดแคปซูล,ยาแคปซูล,ห้างหุ้นส่วนสามัญนิติบุคคล เวชพงศ์โอสถ,ACTIVE
TTMT,9386349,ธรณีสันฑะฆาต,ยาธรณีสันฑะฆาตชนิดแคปซูล,ยาแคปซูล,ห้างหุ้นส่วนสามัญนิติบุคคล เวชพงศ์โอสถ,ACTIVE
TTMT,9386365,บำรุงน้ำนม (รพ.พนา),บำรุงน้ำนม,ยาชง,โรงพยาบาลพนา,ACTIVE
TTMT,9386377,สมุนไพรอบตัว,ชุดอบสมุนไพร,ยาต้ม,โรงพยาบาลพนา,ACTIVE
TTMT,9386383,หอมเทพจิตร,หอมเทพจิตร,ยาผง,โรงพยาบาลพนา,ACTIVE
TTMT,9386401,บรรเทาริดสีดวงทวาร ชนิดแคปซูล,ยาบรรเทาริดสีดวงทวาร ชนิดแคปซูล,ยาแคปซูล,บริษัท พรีราน่าเนเจอร์ จำกัด,ACTIVE
TTMT,9386417,ระบาย ตราพรีราน่า,ยาระบาย ตราพรีราน่า,ยาแคปซูล,บริษัท พรีราน่าเนเจอร์ จำกัด,ACTIVE
TTMT,9386429,กษัยเส้น ตราพรีราน่า,ยากษัยเส้น ตราพรีราน่า,ยาแคปซูล,บริษัท พรีราน่าเนเจอร์ จำกัด,ACTIVE
TTMT,9386438,ขับลม ตราพรีราน่า,ยาขับลม ตราพรีราน่า,ยาแคปซูล,บริษัท พรีราน่าเนเจอร์ จำกัด,ACTIVE
TTMT,9386440,ตรีผลา / พิกัดตรีผลา ,ยาตรีผลา,ยาแคปซูล,บริษัท พรีราน่าเนเจอร์ จำกัด,ACTIVE
TTMT,9386455,บำรุงโลหิต,ยาบำรุงโลหิต,ยาแคปซูล,บริษัท พรีราน่าเนเจอร์ จำกัด,ACTIVE
TTMT,9386464,ธาตุบรรจบ,ยาธาตุบรรจบ,ยาแคปซูล,บริษัท พรีราน่าเนเจอร์ จำกัด,ACTIVE
TTMT,9386472,หอมแก้ลมวิงเวียน,ยาหอมแก้ลมวิงเวียน ,ยาผง,บริษัท พรีราน่าเนเจอร์ จำกัด,ACTIVE
TTMT,9386486,หอมอินทจักร,ยาหอมอินจักร์ ,ยาผง,บริษัท พรีราน่าเนเจอร์ จำกัด,ACTIVE
TTMT,9386493,หอมเทพจิตร,ยาหอมพรีราน่า (สูตรตำรับยาหอมเทพจิตร) ,ยาผง,บริษัท พรีราน่าเนเจอร์ จำกัด,ACTIVE
TTMT,9386504,หอมนวโกฐ,ยาหอมนวโกฐ ,ยาผง,บริษัท พรีราน่าเนเจอร์ จำกัด,ACTIVE
TTMT,9386515,ปราบชมพูทวีป,ยาปราบชมพูทวีป,ยาแคปซูล,บริษัท พรีราน่าเนเจอร์ จำกัด,ACTIVE
TTMT,9386527,บำรุงน้ำนม ตราพรีราน่า สูตร 2,ยาบำรุงน้ำนม ตรา พรีราน่า สูตร 2,ยาแคปซูล,บริษัท พรีราน่าเนเจอร์ จำกัด,ACTIVE
TTMT,9386536,น้ำมันเหลือง ตราพรีราน่า,ยาน้ำมันเหลือง ตรา พรีราน่า,ยาเข้าน้ำมัน,บริษัท พรีราน่าเนเจอร์ จำกัด,ACTIVE
TTMT,9386543,แก้ร้อนใน ตราพรีราน่า,ยาแก้ร้อนใน ตรา พรีราน่า,ยาแคปซูล,บริษัท พรีราน่าเนเจอร์ จำกัด,ACTIVE
TTMT,9386558,ลูกประคบ ตราพรีราน่า,ยาลูกประคบ ตราพรีราน่า,ยาประคบ,บริษัท พรีราน่าเนเจอร์ จำกัด,ACTIVE
TTMT,9386562,อบสมุนไพร ตราพรีราน่า,ยาอบสมุนไพร ตราพรีราน่า,ยาประคบ,บริษัท พรีราน่าเนเจอร์ จำกัด,ACTIVE
TTMT,9386570,หม่องผสมไพล ตราพรีราน่า,ยาหม่องผสมไพล ตรา พรีราน่า,ขี้ผึ้ง,บริษัท พรีราน่าเนเจอร์ จำกัด,ACTIVE
TTMT,9386589,หม่องผสมพญายอ ตราพรีราน่า,ยาหม่องผสมพญายอ ตรา พรีราน่า,ขี้ผึ้ง,บริษัท พรีราน่าเนเจอร์ จำกัด,ACTIVE
TTMT,9386591,แก้ปวดเมื่อย ตราพรีราน่า,ยาแก้ปวดเมื่อย ตราพรีราน่า,ยาแคปซูล,บริษัท พรีราน่าเนเจอร์ จำกัด,ACTIVE
TTMT,9386602,ชงสมุนไพรผสมใบมะขามแขก,ยาชงสมุนไพรผสมใบมะขามแขก,ยาผง,บริษัท พรีราน่าเนเจอร์ จำกัด,ACTIVE
TTMT,9386618,ชงแก้ไอ ตราพรีราน่า,ยาชงแก้ไอ ตราพรีราน่า,ยาผง,บริษัท พรีราน่าเนเจอร์ จำกัด,ACTIVE
TTMT,9386625,ขี้ผึ้งทาแผลไฟไหม้น้ำร้อนลวก,ยาขี้ผึ้งทาแผลไฟไหม้น้ำร้อนลวก,ขี้ผึ้ง,บริษัท พรีราน่าเนเจอร์ จำกัด,ACTIVE
TTMT,9386639,ผงบรรเทาอาการผื่นคัน,ยาผงบรรเทาอาการผื่นคัน,ยาผง,บริษัท พรีราน่าเนเจอร์ จำกัด,ACTIVE
TTMT,9386641,ยาแคปซูล ตราพรีราน่า,ยาแคปซูล ตราพรีราน่า,ยาแคปซูล,บริษัท พรีราน่าเนเจอร์ จำกัด,ACTIVE
TTMT,9386656,บำรุงร่างกาย ตราพรีราน่า,ยาบำรุงร่างกาย ตราพรีราน่า,ยาแคปซูล,บริษัท พรีราน่าเนเจอร์ จำกัด,ACTIVE
TTMT,9386660,พรีโปแลค,พรีโปแลค,ยาแคปซูล,บริษัท พรีราน่าเนเจอร์ จำกัด,ACTIVE
TTMT,9386673,ยาดม ตราอภัยภูเบศร,ยาดม ตราอภัยภูเบศร,ยาเข้าน้ำมัน,มูลนิธิ โรงพยาบาลเจ้าพระยาอภัยภูเบศร,ACTIVE
TTMT,9386687,มัสคูล สเปรย์,มัสคูล สเปรย์,ยาน้ำ,มูลนิธิ โรงพยาบาลเจ้าพระยาอภัยภูเบศร,ACTIVE
TTMT,9386706,ยาดมสมุนไพร,ยาดมกมลาจรุงจิต,ยาดม,โรงพยาบาลกมลาไสย,ACTIVE
TTMT,9386723,กล้วย,ยากล้วยชนิดแคปซูล,ยาแคปซูล,โรงพยาบาลคูเมือง,ACTIVE
TTMT,9386734,ปัญจขันธ์,ยาปัญจขันธ์ชนิดแคปซูล,ยาแคปซูล,โรงพยาบาลคูเมือง,ACTIVE
TTMT,9386747,เถาวัลย์เปรียง,เถาวัลย์เปรียง,ยาแคปซูล,โรงพยาบาลบางซ้าย,ACTIVE
TTMT,9386752,บัวบก,บัวบก,ยาแคปซูล,โรงพยาบาลบางซ้าย,ACTIVE
TTMT,9386768,รางจืด,รางจืด,ยาแคปซูล,โรงพยาบาลบางซ้าย,ACTIVE
TTMT,9386775,หญ้าปักกิ่ง,หญ้าปักกิ่ง,ยาแคปซูล,โรงพยาบาลบางซ้าย,ACTIVE
TTMT,9386781,เห็ดหลินจือ/เห็ดขอนไม้,เห็ดหลินจือ,ยาแคปซูล,โรงพยาบาลบางซ้าย,ACTIVE
TTMT,9386799,ขิง,ยาชงขิง,ยาชง,โรงพยาบาลนาแห้ว,ACTIVE
TTMT,9386809,พญายอ,ทิงเจอร์พญายอ,ทิงเจอร์,โรงพยาบาลนาแห้ว,ACTIVE
TTMT,9386813,พญายอ,ยาขี้ผึ้งพญายอ,ขี้ผึ้ง,โรงพยาบาลนาแห้ว,ACTIVE
TTMT,9386821,กระดูกไก่ดำ,น้ำมันกระดูกไก่ดำ,ยาเข้าน้ำมัน,โรงพยาบาลนาแห้ว,ACTIVE
TTMT,9386832,รางจืด,ชาชงรางจืด,ยาชง,โรงพยาบาลท่าศาลา,ACTIVE
TTMT,9386845,มะลิ,ชาชงดอกมะลิ ,ยาชง,โรงพยาบาลท่าศาลา,ACTIVE
TTMT,9386850,มะตูม,ชาชงมะตูม,ยาชง,โรงพยาบาลท่าศาลา,ACTIVE
TTMT,9386866,เทียนดำ,ชาชงเทียนดำ,ยาชง,โรงพยาบาลท่าศาลา,ACTIVE
TTMT,9386878,ฝาง,ชาชงแก่นฝาง,ยาชง,โรงพยาบาลท่าศาลา,ACTIVE
TTMT,9386884,คำฝอย,ชาชงดอกคำฝอย,ยาชง,โรงพยาบาลท่าศาลา,ACTIVE
TTMT,9386897,ฟ้าทะลายโจร,ฟ้าทะลายโจร  ลูกกลอน,ยาลูกกลอน,โรงพยาบาลท่าศาลา,ACTIVE
TTMT,9386907,ขมิ้นชัน,ขมิ้นชัน  ลูกกลอน,ยาลูกกลอน,โรงพยาบาลท่าศาลา,ACTIVE
TTMT,9386911,เพชรสังฆาต,เพชรสังฆาต  ลูกกลอน,ยาลูกกลอน,โรงพยาบาลท่าศาลา,ACTIVE
TTMT,9386924,กล้วย,ยากล้วย,ยาแคปซูล,โรงพยาบาลพระอาจารย์ฝั้นอาจาโร,ACTIVE
TTMT,9386930,ฝรั่ง,ยาฝรั่ง,ยาแคปซูล,โรงพยาบาลพระอาจารย์ฝั้นอาจาโร,ACTIVE
TTMT,9386948,มะขามแขก,มะขามแขกแคปซูล,ยาแคปซูล,โรงพยาบาลเสลภูมิ,ACTIVE
TTMT,9386953,ครีมกะเม็ง,ครีมกะเม็ง,ครีม,โรงพยาบาลคูเมือง,ACTIVE
TTMT,9386969,ผสมถั่วเหลือง,ยาผสมถั่วเหลืองชนิดแคปชูล ( SB ),ยาแคปซูล,โรงพยาบาลคูเมือง,ACTIVE
TTMT,9386976,ยาประคบ,ลูกประคบสมุนไพร,ยาประคบ,โรงพยาบาลบางปะกง,ACTIVE
TTMT,9386982,สมุนไพรอบตัว,สมุนไพรอบ,ยาต้ม,โรงพยาบาลบางปะกง,ACTIVE
TTMT,9386995,ปราบชมพูทวีป,ปราบชมพูทวีป,ยาแคปซูล,โรงพยาบาลบางซ้าย,ACTIVE
TTMT,9387007,ประสะไพล,ประสะไพล,ยาแคปซูล,โรงพยาบาลบางซ้าย,ACTIVE
TTMT,9387011,เบญจกูล / พิกัดเบญจกูล,เบญจกูล,ยาแคปซูล,โรงพยาบาลบางซ้าย,ACTIVE
TTMT,9387024,ประสะเจตพังคี,ประสะเจตพังคี,ยาแคปซูล,โรงพยาบาลบางซ้าย,ACTIVE
TTMT,9387030,เขียวหอม,ยาเขียวหอม,ยาผง,โรงพยาบาลบางซ้าย,ACTIVE
TTMT,9387048,สหัศธารา,สหัศธารา,ยาแคปซูล,โรงพยาบาลบางซ้าย,ACTIVE
TTMT,9387053,หอมเทพจิตร,ยาหอมเทพจิตร,ยาผง,โรงพยาบาลบางซ้าย,ACTIVE
TTMT,9387069,หอมนวโกฐ,ยาหอมนวโกฐ,ยาผง,โรงพยาบาลบางซ้าย,ACTIVE
TTMT,9387076,ไพลขี้ผึ้ง,ไพลขี้ผึ้ง,ขี้ผึ้ง,โรงพยาบาลบางซ้าย,ACTIVE
TTMT,9387082,กษัยเส้น,ยากษัยเส้น,ยาแคปซูล,โรงพยาบาลบางซ้าย,ACTIVE
TTMT,9387095,ผสมโคคลาน สูตรตำรับที่ 2,ยาผสมโคคลาน,ยาต้ม,โรงพยาบาลนาแห้ว,ACTIVE
TTMT,9387105,ธาตุเปลือกอบเชย,ยาธาตุเปลือกอบเชย,ยาน้ำ,โรงพยาบาลนาแห้ว,ACTIVE
TTMT,9387114,แก้ไอมะขามป้อม สูตรเย็น,ยาแก้ไอมะขามป้อม สูตรเย็น,ยาน้ำ,โรงพยาบาลนาแห้ว,ACTIVE
TTMT,9387122,พอกเข่า (รพ.นาแห้ว),ยาพอกเข่า,ยาพอก,โรงพยาบาลนาแห้ว,ACTIVE
TTMT,9387133,ถ่ายพิษโลหิต,ยาถ่ายพิษโลหิต,ยาต้ม,โรงพยาบาลท่าศาลา,ACTIVE
TTMT,9387146,บำรุงโลหิต สูตรปรับความร้อน,ยาบำรุงโลหิต สูตรปรับความร้อน,ยาต้ม,โรงพยาบาลท่าศาลา,ACTIVE
TTMT,9387151,บำรุงโลหิต สูตรเพิ่มน้ำโลหิต,ยาบำรุงโลหิต สูตรเพิ่มน้ำโลหิต,ยาต้ม,โรงพยาบาลท่าศาลา,ACTIVE
TTMT,9387167,แก้ปวดเมื่อย (รพ.ท่าศาลา),ยาต้มแก้ปวดเมื่อย,ยาต้ม,โรงพยาบาลท่าศาลา,ACTIVE
TTMT,9387179,ลดระดับน้ำตาลในเลือด,ยาต้มลดระดับน้ำตาลในเลือด,ยาต้ม,โรงพยาบาลท่าศาลา,ACTIVE
TTMT,9387180,ต้มแช่มือ-เท้า,ยาต้มแช่มือ-เท้า,ยาต้ม,โรงพยาบาลท่าศาลา,ACTIVE
TTMT,9387198,พอกเข่า สูตรเย็น,ยาพอกเข่า สูตรเย็น,ยาพอก,โรงพยาบาลท่าศาลา,ACTIVE
TTMT,9387200,พอกเข่า สูตรร้อน,ยาพอกเข่า สูตรร้อน,ยาพอก,โรงพยาบาลท่าศาลา,ACTIVE
TTMT,9387216,ทับหม้อเกลือ,ยาสมุนไพรทับหม้อเกลือ,ยาประคบ,โรงพยาบาลพระอาจารย์ฝั้นอาจาโร,ACTIVE
TTMT,9387228,เบญจอำมฤตย์,เบญจอำมฤตย์,ยาแคปซูล,โรงพยาบาลพระอาจารย์ฝั้นอาจาโร,ACTIVE
TTMT,9387237,ยาพอกเข่า,ยาพอกเข่า,ยาพอก,โรงพยาบาลเสลภูมิ,ACTIVE
TTMT,9387244,แผ่นประคบสมุนไพรไมเกรน,แผ่นประคบสมุนไพรไมเกรน,ยาประคบ,โรงพยาบาลเสลภูมิ,ACTIVE
TTMT,9387259,อมหญ้าดอกขาว,ยาอมหญ้าดอกขาว,ยาลูกกลอน,โรงพยาบาลเสลภูมิ,ACTIVE
TTMT,9387263,ชาชงหญ้าหวาน,ชาชงหญ้าหวาน,ยาชง,โรงพยาบาลเสลภูมิ,ACTIVE
TTMT,9387271,ยาต้มสมุนไพร,ยาต้มสมุนไพร,ยาต้ม,โรงพยาบาลเสลภูมิ,ACTIVE
TTMT,9387285,อมผสมกิกเก้ ตราไทรทอง,ยาอมผสมกิกเก้ ตราไทรทอง,ยาเม็ด,บริษัท ซีโนฟาร์ม(ไทย)  จำกัด,ACTIVE
TTMT,9387292,หญ้าดอกขาว,ยาหญ้าดอกขาว,ยาชง,โรงพยาบาลสมเด็จพระยุพราชยะหา,ACTIVE
TTMT,9387302,หญ้าดอกขาว,ยาหญ้าดอกขาว,ยาเม็ด,โรงพยาบาลบ้านด่านลานหอย,ACTIVE
TTMT,9387318,หญ้าดอกขาว,ยาชงหญ้าดอกขาว ตราทีเอฟดี  ,ยาผง,บริษัท ไทยเอฟดี จำกัด,ACTIVE
TTMT,9387325,ขิง,ชาชงขิง,ยาชง,โรงพยาบาลลานสัก,ACTIVE
TTMT,9387339,ชุมเห็ดเทศ,ชาชงชุมเห็ดเทศ,ยาชง,โรงพยาบาลลานสัก,ACTIVE
TTMT,9387341,กระเจี๊ยบแดง,ชาชงกระเจี๊ยบแดง,ยาชง,โรงพยาบาลลานสัก,ACTIVE
TTMT,9387356,หญ้าหนวดแมว,ชาชงหญ้าหนวดแมว,ยาชง,โรงพยาบาลลานสัก,ACTIVE
TTMT,9387360,บัวบก,ชาชงบัวบก,ยาชง,โรงพยาบาลลานสัก,ACTIVE
TTMT,9387373,รางจืด,ชาชงรางจืด,ยาชง,โรงพยาบาลลานสัก,ACTIVE
TTMT,9387387,หญ้าดอกขาว,ชาชงหญ้าดอกขาว,ยาชง,โรงพยาบาลลานสัก,ACTIVE
TTMT,9387409,รางจืด,ยาแคปซูลรางจืด,ยาแคปซูล,บริษัท เจริญสุขเภสัช (เจริญสุขกรุ๊ป),ACTIVE
TTMT,9387413,ขมิ้นชัน,ยาขมิ้นชันแคปซูล,ยาแคปซูล,บริษัท แสงสว่างตราค้างคาว จำกัด,ACTIVE
TTMT,9387421,ขมิ้นชัน,ยาขมิ้นชัน ,ยาแคปซูล,บริษัท ภูลประสิทธิ์ จำกัด,ACTIVE
TTMT,9387432,ฟ้าทะลายโจร,ยาเม็ดฟ้าทะลายโจร,ยาเม็ด,ห้างหุ้นส่วนสามัญนิติบุคคล เวชพงศ์โอสถ,ACTIVE
TTMT,9387445,กระชายดำ,กระชายดำแคปซูล (Kaempferia Pafiflora Capsule),ยาแคปซูล,โรงงานเภสัชกรรมทหารศูนย์การอุตสาหกรรมป้องกันประเทศและพลังงานทหาร,ACTIVE
TTMT,9387450,หอมเทพจิตร,ยาหอมเทพจิตร,ยาผง,โรงพยาบาลสมเด็จพระยุพราชยะหา,ACTIVE
TTMT,9387466,ปราบชมพูทวีป,ยาปราบชมพูทวีป,ยาแคปซูล,โรงพยาบาลสมเด็จพระยุพราชยะหา,ACTIVE
TTMT,9387478,หม่องสมุนไพร,ขี้ผึ้งเบญจรงค์,ขี้ผึ้ง,โรงพยาบาลเพ็ญ,ACTIVE
TTMT,9387484,เจลว่านหางจระเข้,Phen Herbs Gel (เพ็ญ เฮิร์บส เจล),เจล,โรงพยาบาลเพ็ญ,ACTIVE
TTMT,9387497,ประสะกะเพรา,ยาประสะกะเพรา ทีเอฟดี,ยาแคปซูล,บริษัท ไทยเอฟดี จำกัด,ACTIVE
TTMT,9387506,ประสะไพล,ยาแคปซูลประสะไพล 500 มิลลิกรัม ตราทีเอฟดี,ยาเม็ด,บริษัท ไทยเอฟดี จำกัด,ACTIVE
TTMT,9387510,ประสะน้ำนม,บำรุงน้ำนม,ยาต้ม,โรงพยาบาลลานสัก,ACTIVE
TTMT,9387523,ผสมโคคลาน สูตรตำรับที่ 3,ยาต้มแก้ปวดเมื่อย,ยาต้ม,โรงพยาบาลลานสัก,ACTIVE
TTMT,9387534,ยาดมสมุนไพร,นิยมดม ยาดมเขย่า,ยาดม,โรงพยาบาลลานสัก,ACTIVE
TTMT,9387547,สตรีหลังคลอด,ยาสตรีหลังคลอด,ยาต้ม,โรงพยาบาลลานสัก,ACTIVE
TTMT,9387552,ธาตุอบเชย,ยาธาตุอบเชย,ยาน้ำ,โรงพยาบาลลานสัก,ACTIVE
TTMT,9387568,แก้ไอพื้นบ้านอีสาน,แก้ไอลานสัก,ยาน้ำ,โรงพยาบาลลานสัก,ACTIVE
TTMT,9387575,พอกเย็น,ยาเย็นลดบวม,ยาน้ำแขวนตะกอน,โรงพยาบาลลานสัก,ACTIVE
TTMT,9387581,พอกร้อน,ยาร้อนลดปวด,ยาน้ำแขวนตะกอน,โรงพยาบาลลานสัก,ACTIVE
TTMT,9387599,อมบ้วนปากกานพลู,ยาอมบ้วนปากกานพลู,ยาน้ำ,โรงพยาบาลลานสัก,ACTIVE
TTMT,9387608,บำรุงสมองกลีบบัวแดง,ยาบำรุงสมองกลีบบัวแดง,ยาแคปซูล,โรงพยาบาลเจ้าพระยาอภัยภูเบศร,ACTIVE
TTMT,9387612,ทาพระเส้น,ยาทาพระเส้น,ยาน้ำ,โรงพยาบาลเจ้าพระยาอภัยภูเบศร,ACTIVE
TTMT,9388324,กล้วย,ยากล้วย,ยาผง,บริษัท ขาวละออเภสัช จำกัด,ACTIVE
TTMT,9388330,ขิง,ยาชงขิง,ยาชง,โรงพยาบาลบ้านตาขุน,ACTIVE
TTMT,9388348,กระเจี๊ยบแดง,ยาชงกระเจี๊ยบแดง,ยาชง,โรงพยาบาลบ้านตาขุน,ACTIVE
TTMT,9388353,ชุมเห็ดเทศ,ยาชงชุมเห็ดเทศ,ยาชง,โรงพยาบาลบ้านตาขุน,ACTIVE
TTMT,9388369,รางจืด,ยาชงรางจืด,ยาชง,โรงพยาบาลบ้านตาขุน,ACTIVE
TTMT,9388376,ขมิ้นชัน,ยาขมิ้นชัน ชนิดแคปซูล,ยาแคปซูล,โรงพยาบาลบ้านตาขุน,ACTIVE
TTMT,9388382,ฟ้าทะลายโจร,ยาฟ้าทะลายโจร ชนิดแคปซูล,ยาแคปซูล,โรงพยาบาลบ้านตาขุน,ACTIVE
TTMT,9388395,เถาวัลย์เปรียง,ยาเถาวัลย์เปรียง ชนิดแคปซูล,ยาแคปซูล,โรงพยาบาลบ้านตาขุน,ACTIVE
TTMT,9388400,พญายอ,กลีเซอรีนเสลดพังพอน,สารละลายสำหรับป้ายปาก,โรงพยาบาลเลย,ACTIVE
TTMT,9388416,ทิงเจอร์ทองพันชั่ง,ทิงเจอร์ทองพันชั่ง,ทิงเจอร์,โรงพยาบาลเลย,ACTIVE
TTMT,9388428,ทิงเจอร์พลู,ทิงเจอร์พลู,ทิงเจอร์,โรงพยาบาลเลย,ACTIVE
TTMT,9388437,กระเจี๊ยบแดง,ยาชงกระเจี๊ยบแดงตราธงทอง,ยาชง,ห้างธงทองโอสถ,ACTIVE
TTMT,9388444,หญ้าดอกขาว,ยาชงหญ้าดอกขาวตราสะม็อค,ยาชง,ห้างธงทองโอสถ,ACTIVE
TTMT,9388459,ขมิ้นชัน,ขมิ้นชัน,ยาแคปซูล,โรงพยาบาลละงู,ACTIVE
TTMT,9388463,บัวบก,บัวบก,ยาแคปซูล,โรงพยาบาลละงู,ACTIVE
TTMT,9388471,เถาวัลย์เปรียง,เถาวัลย์เปรียง,ยาแคปซูล,โรงพยาบาลละงู,ACTIVE
TTMT,9388485,ฟ้าทะลายโจร,ฟ้าทะลายโจร,ยาแคปซูล,โรงพยาบาลละงู,ACTIVE
TTMT,9388492,มะระขี้นก,มะระขี้นก,ยาแคปซูล,โรงพยาบาลละงู,ACTIVE
TTMT,9388503,กระเจี๊ยบแดง,กระเจี๊ยบแดง,ยาชง,โรงพยาบาลละงู,ACTIVE
TTMT,9388519,หญ้าหนวดแมว,หญ้าหนวดแมว,ยาชง,โรงพยาบาลละงู,ACTIVE
TTMT,9388526,ขิง,ขิง,ยาแคปซูล,โรงพยาบาลละงู,ACTIVE
TTMT,9388535,หญ้าดอกขาว,หญ้าดอกขาว,ยาชง,โรงพยาบาลละงู,ACTIVE
TTMT,9388542,รางจืด,รางจืด,ยาชง,โรงพยาบาลละงู,ACTIVE
TTMT,9388557,ทิงเจอร์พลู,ยาทิงเจอร์พลู,ทิงเจอร์,โรงพยาบาลพระอาจารย์ฝั้นอาจาโร,ACTIVE
TTMT,9388561,มังคุด/เปลือกมังคุด,ยาน้ำใสเปลือกมังคุด,ยาน้ำ,โรงพยาบาลพระอาจารย์ฝั้นอาจาโร,ACTIVE
TTMT,9388574,ทิงเจอร์ทองพันชั่ง,ยาทิงเจอร์ทองพันชั่ง สูตร 2,ทิงเจอร์,โรงพยาบาลพระอาจารย์ฝั้นอาจาโร,ACTIVE
TTMT,9388588,รางจืด,ยารางจืด,ยาแคปซูล,บริษัท ภูลประสิทธิ์ จำกัด,ACTIVE
TTMT,9388590,ขิง,ยาขิง,ยาแคปซูล,บริษัท ภูลประสิทธิ์ จำกัด,ACTIVE
TTMT,9388601,ขมิ้นชัน,ขมิ้นชันแคปซูล,ยาแคปซูล,โรงพยาบาลห้วยเกิ้ง,ACTIVE
TTMT,9388617,ฟ้าทะลายโจร,ฟ้าทะลายโจรแคปซูล,ยาแคปซูล,โรงพยาบาลห้วยเกิ้ง,ACTIVE
TTMT,9388629,เถาวัลย์เปรียง,เถาวัลย์เปรียง,ยาแคปซูล,โรงพยาบาลห้วยเกิ้ง,ACTIVE
TTMT,9388638,มะขามแขก,มะขามแขก,ยาแคปซูล,โรงพยาบาลห้วยเกิ้ง,ACTIVE
TTMT,9388640,มะระขี้นก,มะระขี้นกแคปซูล,ยาแคปซูล,โรงพยาบาลห้วยเกิ้ง,ACTIVE
TTMT,9388655,ฟ้าทะลายโจร,ยาฟ้าทะลายโจร,ยาแคปซูล,บริษัท ขาวละออเภสัช จำกัด,ACTIVE
TTMT,9388664,ปราบชมพูทวีป,ยาปราบชมพูทวีป,ยาแคปซูล,บริษัท ขาวละออเภสัช จำกัด,ACTIVE
TTMT,9388672,สหัศธารา,ยาสหัศธารา,ยาแคปซูล,บริษัท ขาวละออเภสัช จำกัด,ACTIVE
TTMT,9388686,ธาตุบรรจบ,ยาธาตุบรรจบ,ยาแคปซูล,บริษัท ขาวละออเภสัช จำกัด,ACTIVE
TTMT,9388693,แก้ลมอัมพฤกษ์ ,ยาแก้ลมอัมพฤกษ์,ยาผง,บริษัท ขาวละออเภสัช จำกัด,ACTIVE
TTMT,9388705,เบญจกูล / พิกัดเบญจกูล,ยาเบญจกูล,ยาแคปซูล,บริษัท ขาวละออเภสัช จำกัด,ACTIVE
TTMT,9388714,เบญจกูล / พิกัดเบญจกูล,ยาเบญจกูล,ยาแคปซูล,บริษัท ขาวละออเภสัช จำกัด,ACTIVE
TTMT,9388722,เหลืองปิดสมุทร,ยาเหลืองปิดสมุทร ชนิดแคปซูล,ยาแคปซูล,บริษัท ขาวละออเภสัช จำกัด,ACTIVE
TTMT,9388733,หม่องไพล,ยาหม่องไพล,ขี้ผึ้ง,โรงพยาบาลบ้านตาขุน,ACTIVE
TTMT,9388746,น้ำมันไพล,น้ำมันไพล,ยาเข้าน้ำมัน,โรงพยาบาลบ้านตาขุน,ACTIVE
TTMT,9388751,พิมเสนน้ำ,พิมเสนน้ำ,ยาเข้าน้ำมัน,โรงพยาบาลบ้านตาขุน,ACTIVE
TTMT,9388767,น้ำมันเสลดพังพอน,น้ำมันเขียว,ยาเข้าน้ำมัน,โรงพยาบาลบ้านตาขุน,ACTIVE
TTMT,9388779,ธาตุอบเชย,ยาธาตุอบเชย,ยาน้ำ,โรงพยาบาลบ้านตาขุน,ACTIVE
TTMT,9388780,แก้ไอมะขามป้อม,ยาแก้ไอมะขามป้อม,ยาน้ำ,โรงพยาบาลบ้านตาขุน,ACTIVE
TTMT,9388798,ตรีผลา / พิกัดตรีผลา ,ยาชาชงตรีผลา,ยาชง,โรงพยาบาลบ้านตาขุน,ACTIVE
TTMT,9388808,ผสมโคคลาน สูตรตำรับที่ 1,ยาผสมโคคลาน สูตรตำรับที่ 1,ยาต้ม,โรงพยาบาลบ้านตาขุน,ACTIVE
TTMT,9388812,ผสมโคคลาน สูตรตำรับที่ 3,ยาผสมโคคลาน สูตรตำรับที่ 3,ยาต้ม,โรงพยาบาลบ้านตาขุน,ACTIVE
TTMT,9388820,สตรีหลังคลอด,ยาสตรีหลังคลอด,ยาต้ม,โรงพยาบาลบ้านตาขุน,ACTIVE
TTMT,9388831,เบญจกูล / พิกัดเบญจกูล,ยาเบญจกูล ชนิดแคปซูล,ยาแคปซูล,โรงพยาบาลบ้านตาขุน,ACTIVE
TTMT,9388849,ยาประคบ,ลูกประคบสมุนไพร,ยาประคบ,โรงพยาบาลบ้านตาขุน,ACTIVE
TTMT,9388854,ตรีผลา / พิกัดตรีผลา ,ยาตรีผลา,ยาต้ม,โรงพยาบาลบ้านตาขุน,ACTIVE
TTMT,9388865,บำรุงน้ำนม,ยาบำรุงน้ำนม,ยาต้ม,โรงพยาบาลบ้านตาขุน,ACTIVE
TTMT,9388877,หม่องพญายอ,ยาหม่องเสลดพังพอน,ขี้ผึ้ง,โรงพยาบาลบ้านตาขุน,ACTIVE
TTMT,9388883,นวเมโท,ยานวเมโท,ยาต้ม,โรงพยาบาลบ้านตาขุน,ACTIVE
TTMT,9388896,อัษฐมธุรส,ยาอัษฐมธุรส,ยาต้ม,โรงพยาบาลบ้านตาขุน,ACTIVE
TTMT,9388906,อาชาผงาด,ยาอาชาผงาด,ยาต้ม,โรงพยาบาลบ้านตาขุน,ACTIVE
TTMT,9388910,สตรีวัยทอง,ยาสตรีวัยทอง,ยาต้ม,โรงพยาบาลบ้านตาขุน,ACTIVE
TTMT,9388923,สมุนไพรทับหม้อเกลือ,ยาสมุนไพรทับหม้อเกลือ,อื่นๆ,โรงพยาบาลเลย,ACTIVE
TTMT,9388934,ยาพอกดูดพิษ,ยาพอกสมุนไพรดูดพิษ,ยาน้ำแขวนตะกอน,โรงพยาบาลเลย,ACTIVE
TTMT,9388947,หลังคลอด (รพ.เลย),ยาต้มหลังคลอด,ยาต้ม,โรงพยาบาลเลย,ACTIVE
TTMT,9388952,พอกสมุนไพรหัตถการวาตะ สูตร 1,ยาพอกสมุนไพรหัตถการวาตะ สูตร 1,ยาพอก,โรงพยาบาลเลย,ACTIVE
TTMT,9388968,พอกสมุนไพรหัตถการวาตะ สูตร 2,ยาพอกสมุนไพรหัตถการวาตะ สูตร 2,ยาพอก,โรงพยาบาลเลย,ACTIVE
TTMT,9388975,เผาสมุนไพรหัตถการวาตะ,ยาเผาสมุนไพรหัตถการวาตะ,อื่นๆ,โรงพยาบาลเลย,ACTIVE
TTMT,9388981,สุมสมุนไพร (รพ.เลย),ยาสุมสมุนไพร,อื่นๆ,โรงพยาบาลเลย,ACTIVE
TTMT,9388999,บำรุงโลหิต,ยาบำรุงโลหิต,ยาแคปซูล,โรงพยาบาลละงู,ACTIVE
TTMT,9389005,เหลืองปิดสมุทร,ยาเหลืองปิดสมุทร,ยาแคปซูล,โรงพยาบาลละงู,ACTIVE
TTMT,9389014,ตรีผลา / พิกัดตรีผลา ,ตรีผลา,ยาแคปซูล,โรงพยาบาลละงู,ACTIVE
TTMT,9389022,จันทน์ลีลา,จันทน์ลีลา,ยาแคปซูล,โรงพยาบาลละงู,ACTIVE
TTMT,9389033,หอมเทพจิตร,ยาหอมเทพจิตร,ยาผง,โรงพยาบาลละงู,ACTIVE
TTMT,9389046,ธรณีสันฑะฆาต,ธรณีสันฑะฆาต,ยาแคปซูล,โรงพยาบาลละงู,ACTIVE
TTMT,9389051,ปราบชมพูทวีป,ปราบชมพูทวีป,ยาแคปซูล,โรงพยาบาลละงู,ACTIVE
TTMT,9389067,เบญจกูล / พิกัดเบญจกูล,เบญจกูล,ยาแคปซูล,โรงพยาบาลละงู,ACTIVE
TTMT,9389079,ธาตุบรรจบ,ยาธาตุบรรจบ,ยาแคปซูล,โรงพยาบาลละงู,ACTIVE
TTMT,9389080,ประสะไพล,ประสะไพล,ยาแคปซูล,โรงพยาบาลละงู,ACTIVE
TTMT,9389098,สหัศธารา,สหัศธารา,ยาแคปซูล,โรงพยาบาลละงู,ACTIVE
TTMT,9389108,ผสมโคคลาน สูตรตำรับที่ 3,ยาผสมโคคลาน สูตร 3,ยาต้ม,โรงพยาบาลละงู,ACTIVE
TTMT,9389112,สตรีหลังคลอด,ยาสตรีหลังคลอด,ยาต้ม,โรงพยาบาลละงู,ACTIVE
TTMT,9389120,พิมเสนน้ำ,พิมเสนน้ำ,ยาน้ำ,โรงพยาบาลละงู,ACTIVE
TTMT,9389131,ประสะจันทน์แดง ,ยาประสะจันทน์แดง,ยาแคปซูล,บริษัท ภูลประสิทธิ์ จำกัด,ACTIVE
TTMT,9389149,ไฟห้ากอง ,ยาไฟห้ากอง,ยาผง,บริษัท ภูลประสิทธิ์ จำกัด,ACTIVE
TTMT,9389154,อำมฤควาที,ยาอำมฤควาที,ยาผง,บริษัท ภูลประสิทธิ์ จำกัด,ACTIVE
TTMT,9389165,ประสะไพล,ยาประสะไพล,ยาแคปซูล,บริษัท ภูลประสิทธิ์ จำกัด,ACTIVE
TTMT,9389177,เขียวหอม,ยาเขียวหอม,ยาผง,บริษัท ภูลประสิทธิ์ จำกัด,ACTIVE
TTMT,9389183,หอมนวโกฐ,ยาหอมนวโกฐ,ยาผง,บริษัท ภูลประสิทธิ์ จำกัด,ACTIVE
TTMT,9389196,ประสะเปราะใหญ่,ยาประสะเปราะใหญ่,ยาผง,บริษัท ภูลประสิทธิ์ จำกัด,ACTIVE
TTMT,9389203,มันทธาตุ,ยามันทธาตุ,ยาแคปซูล,บริษัท ภูลประสิทธิ์ จำกัด,ACTIVE
TTMT,9389219,ธาตุบรรจบ,ยาธาตุบรรจบ,ยาผง,บริษัท ภูลประสิทธิ์ จำกัด,ACTIVE
TTMT,9389226,ปราบชมพูทวีป,ยาปราบชมพูทวีป,ยาแคปซูล,บริษัท ภูลประสิทธิ์ จำกัด,ACTIVE
TTMT,9389235,หอมเทพจิตร,ยาหอมเทพจิตร,ยาเม็ด,บริษัท ภูลประสิทธิ์ จำกัด,ACTIVE
TTMT,9389242,ถ่ายดีเกลือฝรั่ง ,ยาถ่ายดีเกลือฝรั่ง,ยาแคปซูล,บริษัท ภูลประสิทธิ์ จำกัด,ACTIVE
TTMT,9389257,หอมทิพโอสถ,ยาหอมทิพโอสถ,ยาผง,บริษัท ภูลประสิทธิ์ จำกัด,ACTIVE
TTMT,9389261,ยาถ่าย,ยาถ่าย,ยาแคปซูล,บริษัท ภูลประสิทธิ์ จำกัด,ACTIVE
TTMT,9389274,ผสมเพชรสังฆาต,ผสมเพชรสังฆาต,ยาแคปซูล,โรงพยาบาลห้วยเกิ้ง,ACTIVE
TTMT,9389288,หม่องไพล,หม่องไพล,ขี้ผึ้ง,โรงพยาบาลห้วยเกิ้ง,ACTIVE
TTMT,9389290,สตรีหลังคลอด,ต้มสตรีหลังคลอด,ยาต้ม,โรงพยาบาลห้วยเกิ้ง,ACTIVE
TTMT,9389300,ยาดมสมุนไพร,ยาดมสมุนไพร,ยาดม,โรงพยาบาลห้วยเกิ้ง,ACTIVE
TTMT,9389316,สมุนไพรอบตัว,สมุนไพรอบตัว,ยาต้ม,โรงพยาบาลห้วยเกิ้ง,ACTIVE
TTMT,9389328,พอกแก้ปวดอักเสบ,พอกแก้ปวดอักเสบ,ยาพอก,โรงพยาบาลห้วยเกิ้ง,ACTIVE
TTMT,9389337,แก้โรคเชื้อราที่เล็บ,ยาแก้โรคเชื้อราที่เล็บ,ยาน้ำแขวนตะกอน,โรงพยาบาลองครักษ์,ACTIVE
TTMT,9389344,ครีมไพล,ไพลครีมบรรเทาปวด,ครีม,โรงพยาบาลเทศบาลนครอุดรธานี,ACTIVE
TTMT,9389359,ยาประคบ,ยาประคบ,ยาประคบ,โรงพยาบาลบางคล้า,ACTIVE
TTMT,9389363,น้ำมันไพล,น้ำมันไพล,ยาเข้าน้ำมัน,โรงพยาบาลบางคล้า,ACTIVE
TTMT,9389371,สมุนไพรอบตัว,สมุนไพรอบตัว,ยาต้ม,โรงพยาบาลบางคล้า,ACTIVE
TTMT,9389385,ต้มลดระดับน้ำตาล,ยาต้มลดระดับน้ำตาล,ยาต้ม,โรงพยาบาลเจ้าพระยาอภัยภูเบศร,ACTIVE
TTMT,9389392,พอก สูตร 1,ยาพอก สูตร 1,ยาพอก,โรงพยาบาลราชบุรี,ACTIVE
TTMT,9389407,พอก สูตร 2,ยาพอก สูตร 2,ยาพอก,โรงพยาบาลราชบุรี,ACTIVE
TTMT,9389411,ประสะจันทน์แดง ,ยาประสะจันทน์แดง,ยาแคปซูล,บริษัท ขาวละออเภสัช จำกัด,ACTIVE
TTMT,9389424,ประสะจันทน์แดง ,ยาประสะจันทน์แดง,ยาแคปซูล,บริษัท ขาวละออเภสัช จำกัด,ACTIVE
TTMT,9389430,ทิงเจอร์ทองพันชั่ง,ยาทิงเจอร์ทองพันชั่ง,ยาน้ำ,โรงพยาบาลสมเด็จพระยุพราชธาตุพนม,ACTIVE
TTMT,9389448,น้ำมันไพล,น้ำมันไพล,ยาเข้าน้ำมัน,โรงพยาบาลสมเด็จพระยุพราชธาตุพนม,ACTIVE
TTMT,9389453,ขมิ้นชัน,ยาแคปซูลขมิ้นชัน,ยาแคปซูล,โรงพยาบาลสมเด็จพระยุพราชสายบุรี,ACTIVE
TTMT,9389469,ขมิ้นชัน,ยาแคปซูลขมิ้นชัน,ยาแคปซูล,โรงพยาบาลสมเด็จพระยุพราชสายบุรี,ACTIVE
TTMT,9389476,ฟ้าทะลายโจร,ยาแคปซูลฟ้าทะลายโจร,ยาแคปซูล,โรงพยาบาลสมเด็จพระยุพราชสายบุรี,ACTIVE
TTMT,9389482,ฟ้าทะลายโจร,ยาแคปซูลฟ้าทะลายโจร,ยาแคปซูล,โรงพยาบาลสมเด็จพระยุพราชสายบุรี,ACTIVE
TTMT,9389495,เถาวัลย์เปรียง,ยาแคปซูลเถาวัลย์เปรียง,ยาแคปซูล,โรงพยาบาลสมเด็จพระยุพราชสายบุรี,ACTIVE
TTMT,9389509,ขิง,ยาแคปซูลขิง,ยาแคปซูล,โรงพยาบาลสมเด็จพระยุพราชสายบุรี,ACTIVE
TTMT,9389513,มะขามแขก,ยาแคปซูลมะขามแขก,ยาแคปซูล,โรงพยาบาลสมเด็จพระยุพราชสายบุรี,ACTIVE
TTMT,9389521,มะขามแขก,ยาแคปซูลมะขามแขก,ยาแคปซูล,โรงพยาบาลสมเด็จพระยุพราชสายบุรี,ACTIVE
TTMT,9389532,บอระเพ็ด,ยาแคปซูลบอระเพ็ด,ยาแคปซูล,โรงพยาบาลสมเด็จพระยุพราชสายบุรี,ACTIVE
TTMT,9389545,มะระขี้นก,ยาแคปซูลมะระขี้นก,ยาแคปซูล,โรงพยาบาลสมเด็จพระยุพราชสายบุรี,ACTIVE
TTMT,9389550,มะระขี้นก,ยาแคปซูลมะระขี้นก,ยาแคปซูล,โรงพยาบาลสมเด็จพระยุพราชสายบุรี,ACTIVE
TTMT,9389566,กล้วย,ยาแคปซูลกล้วย,ยาแคปซูล,โรงพยาบาลสมเด็จพระยุพราชสายบุรี,ACTIVE
TTMT,9389578,กล้วย,ยาแคปซูลกล้วย,ยาแคปซูล,โรงพยาบาลสมเด็จพระยุพราชสายบุรี,ACTIVE
TTMT,9389584,บัวบก,ยาแคปซูลบัวบก,ยาแคปซูล,โรงพยาบาลสมเด็จพระยุพราชสายบุรี,ACTIVE
TTMT,9389597,บัวบก,ยาแคปซูลบัวบก,ยาแคปซูล,โรงพยาบาลสมเด็จพระยุพราชสายบุรี,ACTIVE
TTMT,9389606,บัวบก,ยาแคปซูลบัวบก,ยาแคปซูล,โรงพยาบาลสมเด็จพระยุพราชสายบุรี,ACTIVE
TTMT,9389610,กระเจี๊ยบแดง,ชาชงสมุนไพรกระเจี๊ยบแดง,ยาชง,โรงพยาบาลสมเด็จพระยุพราชสายบุรี,ACTIVE
TTMT,9389623,หญ้าปักกิ่ง,ชาชงสมุนไพรหญ้าปักกิ่ง,ยาชง,โรงพยาบาลสมเด็จพระยุพราชสายบุรี,ACTIVE
TTMT,9389634,ว่านหางจระเข้,Radiara,เจล,บริษัท บางกอกแล็ป แอนด์ คอสเมติค จำกัด,ACTIVE
TTMT,9389647,ขมิ้นชัน,ยาขมิ้นชันแคปซูล,ยาแคปซูล,โรงพยาบาลจะแนะ,ACTIVE
TTMT,9389652,เถาวัลย์เปรียง,ยาเถาวัลย์เปรียงแคปซูล,ยาแคปซูล,โรงพยาบาลจะแนะ,ACTIVE
TTMT,9389668,ฟ้าทะลายโจร,ยาฟ้าทะลายโจรแคปซูล,ยาแคปซูล,โรงพยาบาลจะแนะ,ACTIVE
TTMT,9389675,เพชรสังฆาต,ยาเพชรสังฆาตแคปซูล,ยาแคปซูล,โรงพยาบาลจะแนะ,ACTIVE
TTMT,9389681,มะขามแขก,ยามะขามแขกแคปซูล,ยาแคปซูล,โรงพยาบาลจะแนะ,ACTIVE
TTMT,9389699,บัวบก,ยาบัวบกแคปซูล,ยาแคปซูล,โรงพยาบาลจะแนะ,ACTIVE
TTMT,9389702,ชุมเห็ดเทศ,ยาชุมเห็ดเทศแคปซูล,ยาแคปซูล,โรงพยาบาลจะแนะ,ACTIVE
TTMT,9389718,พญายอ,กลีเชอรีนเสลดพังพอน,สารละลายสำหรับป้ายปาก,โรงพยาบาลเลย,ACTIVE
TTMT,9389725,ทิงเจอร์ทองพันชั่ง,ทิงเจอร์ทองพันชั่ง,ทิงเจอร์,โรงพยาบาลเลย,ACTIVE
TTMT,9389739,ทิงเจอร์พลู,ทิงเจอร์พลู,ทิงเจอร์,โรงพยาบาลเลย,ACTIVE
TTMT,9389741,ฟ้าทะลายโจร,ยาแคปซูลฟ้าทะลายโจร ตรางามระหง,ยาแคปซูล,ห้างหุ้นส่วนจำกัด ภูมณีรัตน์เภสัช,ACTIVE
TTMT,9389756,ขมิ้นชัน,ยาแคปซูลขมิ้นชัน ตรางามระหง,ยาแคปซูล,ห้างหุ้นส่วนจำกัด ภูมณีรัตน์เภสัช,ACTIVE
TTMT,9389760,กล้วย,ยากล้วย,ยาผง,ศูนย์บริการทางการแพทย์ คณะแพทยศาสตร์ มหาวิทยาลัยมหาสารคาม,ACTIVE
TTMT,9389773,กล้วย,ยากล้วย,ยาแคปซูล,ศูนย์บริการทางการแพทย์ คณะแพทยศาสตร์ มหาวิทยาลัยมหาสารคาม,ACTIVE
TTMT,9389787,ขิง,ยาขิง,ยาแคปซูล,ศูนย์บริการทางการแพทย์ คณะแพทยศาสตร์ มหาวิทยาลัยมหาสารคาม,ACTIVE
TTMT,9389794,มะขามแขก,ยามะขามแขก,ยาแคปซูล,ศูนย์บริการทางการแพทย์ คณะแพทยศาสตร์ มหาวิทยาลัยมหาสารคาม,ACTIVE
TTMT,9389804,บัวบก,ยาบัวบก,ยาน้ำ,ศูนย์บริการทางการแพทย์ คณะแพทยศาสตร์ มหาวิทยาลัยมหาสารคาม,ACTIVE
TTMT,9389815,มังคุด/เปลือกมังคุด,ยาเปลือกมังคุด,ยาน้ำ,ศูนย์บริการทางการแพทย์ คณะแพทยศาสตร์ มหาวิทยาลัยมหาสารคาม,ACTIVE
TTMT,9389827,พญายอ,ยาพญายอ,ครีม,ศูนย์บริการทางการแพทย์ คณะแพทยศาสตร์ มหาวิทยาลัยมหาสารคาม,ACTIVE
TTMT,9389836,ทิงเจอร์ทองพันชั่ง,ยาทิงเจอร์ทองพันชั่ง,ทิงเจอร์,ศูนย์บริการทางการแพทย์ คณะแพทยศาสตร์ มหาวิทยาลัยมหาสารคาม,ACTIVE
TTMT,9389843,ทิงเจอร์พลู,ยาทิงเจอร์พลู,ทิงเจอร์,ศูนย์บริการทางการแพทย์ คณะแพทยศาสตร์ มหาวิทยาลัยมหาสารคาม,ACTIVE
TTMT,9389858,ไพล,ยาไพล,ครีม,ศูนย์บริการทางการแพทย์ คณะแพทยศาสตร์ มหาวิทยาลัยมหาสารคาม,ACTIVE
TTMT,9389862,พริก,ยาพริก,เจล,ศูนย์บริการทางการแพทย์ คณะแพทยศาสตร์ มหาวิทยาลัยมหาสารคาม,ACTIVE
TTMT,9389870,หญ้าปักกิ่ง,ยาหญ้าปักกิ่ง,ยาแคปซูล,ศูนย์บริการทางการแพทย์ คณะแพทยศาสตร์ มหาวิทยาลัยมหาสารคาม,ACTIVE
TTMT,9389889,หญ้าดอกขาว,ยาหญ้าดอกขาว,ยาชง,ศูนย์บริการทางการแพทย์ คณะแพทยศาสตร์ มหาวิทยาลัยมหาสารคาม,ACTIVE
TTMT,9389891,หญ้าหนวดแมว,ยาหญ้าหนวดแมว,ยาชง,ศูนย์บริการทางการแพทย์ คณะแพทยศาสตร์ มหาวิทยาลัยมหาสารคาม,ACTIVE
TTMT,9389901,ว่านหางจระเข้,ยาว่านหางจระเข้,เจล,ศูนย์บริการทางการแพทย์ คณะแพทยศาสตร์ มหาวิทยาลัยมหาสารคาม,ACTIVE
TTMT,9389917,น้อยหน่า,ยาเม็ดน้อยหน่า,ครีม,ศูนย์บริการทางการแพทย์ คณะแพทยศาสตร์ มหาวิทยาลัยมหาสารคาม,ACTIVE
TTMT,9389929,เถาวัลย์เปรียง,ยาแคปซูลเถาวัลย์เปรียง,ยาแคปซูล,โรงงานเภสัชกรรมทหารศูนย์การอุตสาหกรรมป้องกันประเทศและพลังงานทหาร,ACTIVE
TTMT,9389938,พญายอ,ยาพญายอ,ขี้ผึ้ง,โรงพยาบาลนาทม,ACTIVE
TTMT,9389940,ทิงเจอร์ทองพันชั่ง,ยาทิงเจอร์ทองพันชั่ง,ทิงเจอร์,โรงพยาบาลนาทม,ACTIVE
TTMT,9389955,ขิง,ขิง,ยาชง,โรงพยาบาลหนองหิน,ACTIVE
TTMT,9389964,รางจืด,รางจืด,ยาชง,โรงพยาบาลหนองหิน,ACTIVE
TTMT,9389972,พญายอ,พญายอ,ขี้ผึ้ง,โรงพยาบาลหนองหิน,ACTIVE
TTMT,9389986,น้ำมันไพล,น้ำมันไพล,ยาเข้าน้ำมัน,โรงพยาบาลหนองหิน,ACTIVE
TTMT,9389993,ไพล,ครีมไพล,ครีม,โรงพยาบาลหนองหิน,ACTIVE
TTMT,9390001,ขมิ้นชัน,ยาขมิ้นชัน ตราวังหลัง,ยาแคปซูล,บริษัท โรงงานเภสัชอุตสาหกรรม เจเอสพี (ประเทศไทย) จำกัด (มหาชน),ACTIVE
TTMT,9390017,ฟ้าทะลายโจร,ยาแคปซูลฟ้าทะลายโจร  ตราฟาร์มาฮอฟ,ยาแคปซูล,บริษัท โรงงานเภสัชอุตสาหกรรม เจเอสพี (ประเทศไทย) จำกัด (มหาชน),ACTIVE
TTMT,9390029,ขมิ้นชัน,ยาขมิ้นชัน,ยาแคปซูล,บริษัท โรงงานเภสัชอุตสาหกรรม เจเอสพี (ประเทศไทย) จำกัด (มหาชน),ACTIVE
TTMT,9390038,ฟ้าทะลายโจร,ยาฟ้าทะลายโจรตรานายพลชนิดแคปซูล,ยาแคปซูล,บริษัท แสงสว่างตราค้างคาว จำกัด,ACTIVE
TTMT,9390040,เห็ดหลินจือ/เห็ดขอนไม้,ยาเห็ดหลินจือตรานายพลชนิดแคปซูล,ยาแคปซูล,บริษัท แสงสว่างตราค้างคาว จำกัด,ACTIVE
TTMT,9390055,สมุนไพรตำรับสะเก็ดเงิน,ยาสมุนไพรตำรับสะเก็ดเงิน,ยาต้ม,โรงพยาบาลสมเด็จพระยุพราชธาตุพนม,ACTIVE
TTMT,9390064,เริม งูสวัด,ยาเริม งูสวัด,ยาต้ม,โรงพยาบาลสมเด็จพระยุพราชธาตุพนม,ACTIVE
TTMT,9390072,สมุนไพรตำรับเชื้อรา,ยาสมุนไพรตำรับเชื้อรา,ยาต้ม,โรงพยาบาลสมเด็จพระยุพราชธาตุพนม,ACTIVE
TTMT,9390086,แผลน้ำเหลืองเสียเรื้อรัง,ยาแผลน้ำเหลืองเสียเรื้อรัง,ยาต้ม,โรงพยาบาลสมเด็จพระยุพราชธาตุพนม,ACTIVE
TTMT,9390093,ผื่นคันบริเวณผิวหนัง,ยาผื่นคันบริเวณผิวหนัง,ยาต้ม,โรงพยาบาลสมเด็จพระยุพราชธาตุพนม,ACTIVE
TTMT,9390103,อีสุกอีใส,ยาอีสุกอีใส,ยาต้ม,โรงพยาบาลสมเด็จพระยุพราชธาตุพนม,ACTIVE
TTMT,9390119,พอกสมุนไพร,ยาพอกสมุนไพร,ยาพอก,โรงพยาบาลสมเด็จพระยุพราชธาตุพนม,ACTIVE
TTMT,9390126,ตรีผลา / พิกัดตรีผลา,ยาตรีผลา / พิกัดตรีผลา ,ยาชง,โรงพยาบาลสมเด็จพระยุพราชธาตุพนม,ACTIVE
TTMT,9390135,สตรีหลังคลอด,ยาสตรีหลังคลอด,ยาต้ม,โรงพยาบาลสมเด็จพระยุพราชธาตุพนม,ACTIVE
TTMT,9390142,เบญจกูล / พิกัดเบญจกูล,ยาเบญจกูล / พิกัดเบญจกูล,ยาผง,โรงพยาบาลสมเด็จพระยุพราชธาตุพนม,ACTIVE
TTMT,9390157,ประสระน้ำนม ตราพารา,ยาประสระน้ำนม ตราพารา,ยาเม็ด,บริษัท พาราฟาร์มาซูติคอล จำกัด,ACTIVE
TTMT,9390161,ยาไม่ต้องอยู่ไฟ ตราพารา,ยาไม่ต้องอยู่ไฟ ตราพารา,ยาน้ำ,บริษัท พาราฟาร์มาซูติคอล จำกัด,ACTIVE
TTMT,9390174,ขับน้ำคาวปลา ตราพารา,ยาขับน้ำคาวปลา ตราพารา,ยาน้ำ,บริษัท พาราฟาร์มาซูติคอล จำกัด,ACTIVE
TTMT,9390188,สตรีบัวแก้ว ตราพารา,ยาสตรีบัวแก้ว ตราพารา,ยาน้ำ,บริษัท พาราฟาร์มาซูติคอล จำกัด,ACTIVE
TTMT,9390190,สตรีบัวแก้ว ตราพารา ชนิดแคปซูล,ยาสตรีบัวแก้ว ตราพารา ชนิดแคปซูล,ยาแคปซูล,บริษัท พาราฟาร์มาซูติคอล จำกัด,ACTIVE
TTMT,9390208,กุมาร กลิ่นสตรอเบอร์รี่ ตราพารา สูตร 2,ยากุมาร กลิ่นสตรอเบอร์รี่ ตราพารา สูตร 2,ยาน้ำ,บริษัท พาราฟาร์มาซูติคอล จำกัด,ACTIVE
TTMT,9390212,ประสะไพล,ยาประสะไพล,ยาแคปซูล,โรงพยาบาลสมเด็จพระยุพราชสายบุรี,ACTIVE
TTMT,9390220,เพชรสังฆาต,ยาเพชรสังฆาต,ยาแคปซูล,โรงพยาบาลสมเด็จพระยุพราชสายบุรี,ACTIVE
TTMT,9390231,ตรีผลา / พิกัดตรีผลา ,ยาตรีผลา / พิกัดตรีผลา ,ยาแคปซูล,โรงพยาบาลสมเด็จพระยุพราชสายบุรี,ACTIVE
TTMT,9390249,ปราบชมพูทวีป,ยาปราบชมพูทวีป,ยาแคปซูล,โรงพยาบาลสมเด็จพระยุพราชสายบุรี,ACTIVE
TTMT,9390254,แก้ลมอัมพฤกษ์ ,ยาแก้ลมอัมพฤกษ์ ,ยาแคปซูล,โรงพยาบาลสมเด็จพระยุพราชสายบุรี,ACTIVE
TTMT,9390265,สหัศธารา,ยาสหัศธารา,ยาแคปซูล,โรงพยาบาลสมเด็จพระยุพราชสายบุรี,ACTIVE
TTMT,9390277,สหัศธารา,ยาสหัศธารา,ยาแคปซูล,โรงพยาบาลสมเด็จพระยุพราชสายบุรี,ACTIVE
TTMT,9390283,ธรณีสันฑะฆาต,ยาธรณีสันฑะฆาต,ยาแคปซูล,โรงพยาบาลสมเด็จพระยุพราชสายบุรี,ACTIVE
TTMT,9390296,เหลืองปิดสมุทร,ยาเหลืองปิดสมุทร,ยาแคปซูล,โรงพยาบาลสมเด็จพระยุพราชสายบุรี,ACTIVE
TTMT,9390306,เหลืองปิดสมุทร,ยาเหลืองปิดสมุทร,ยาแคปซูล,โรงพยาบาลสมเด็จพระยุพราชสายบุรี,ACTIVE
TTMT,9390310,หอมเทพจิตร,ยาหอมเทพจิตร,ยาแคปซูล,โรงพยาบาลสมเด็จพระยุพราชสายบุรี,ACTIVE
TTMT,9390323,หอมเทพจิตร,ยาหอมเทพจิตร,ยาแคปซูล,โรงพยาบาลสมเด็จพระยุพราชสายบุรี,ACTIVE
TTMT,9390334,ตรีผลา / พิกัดตรีผลา ,ยาตรีผลา / พิกัดตรีผลา ,ยาชง,โรงพยาบาลสมเด็จพระยุพราชสายบุรี,ACTIVE
TTMT,9390347,ยาพอกเข่า,ยาพอกเข่า,ยาพอก,โรงพยาบาลแม่สะเรียง,ACTIVE
TTMT,9390352,ทาพระเส้น,ยาทาพระเส้น,ยาน้ำ,โรงพยาบาลท่าวุ้ง,ACTIVE
TTMT,9390368,พระอังคบพระเส้น,ยาพระอังคบพระเส้น,ยาประคบ,โรงพยาบาลท่าวุ้ง,ACTIVE
TTMT,9390375,แก้ไอผสมมะขามป้อม สูตรตำรับที่ 1,ยาแก้ไอผสมมะขามป้อม สูตรตำรับที่ 1,ยาน้ำ,บริษัท บางกอกแล็ป แอนด์ คอสเมติค จำกัด,ACTIVE
TTMT,9390381,หลังคลอด,ยาหลังคลอด,ยาต้ม,โรงพยาบาลเลย,ACTIVE
TTMT,9390399,พอกสมุนไพรดูดพิษ,ยาพอกสมุนไพรดูดพิษ,ยาน้ำแขวนตะกอน,โรงพยาบาลเลย,ACTIVE
TTMT,9390404,สุมสมุนไพร,ยาสุมสมุนไพร,อื่นๆ,โรงพยาบาลเลย,ACTIVE
TTMT,9390415,กษัยเส้น,ยากษัยเส้น,ยาต้ม,โรงพยาบาลพนา,ACTIVE
TTMT,9390427,ต้มแก้น้ำนมไหลน้อย,ยาต้มแก้น้ำนมไหลน้อย,ยาต้ม,โรงพยาบาลพนา,ACTIVE
TTMT,9390436,แก้ลมอัมพฤกษ์ ,ยาแก้ลมอัมพฤกษ์ ,ยาต้ม,โรงพยาบาลพนา,ACTIVE
TTMT,9390443,บำรุงโลหิต,ยาบำรุงโลหิต,ยาต้ม,โรงพยาบาลพนา,ACTIVE
TTMT,9390458,แปะเข่า,ยาแปะเข่า,อื่นๆ,โรงพยาบาลพนา,ACTIVE
TTMT,9390462,ผสมโคคลาน สูตรตำรับที่ 3,ยาผสมโคคลาน สูตรตำรับที่ 3,ยาต้ม,โรงพยาบาลพนา,ACTIVE
TTMT,9390470,เม็ดเซนน่า,ยาเม็ดเซนน่า,ยาเม็ด,ห้างหุ้นส่วนจำกัด ภูมณีรัตน์เภสัช,ACTIVE
TTMT,9390489,พอกสมุนไพร สูตร 1,ยาพอกสมุนไพร สูตร 1,ยาพอก,สถานีอนามัยเฉลิมพระเกียรติ 60 พรรษา นวมินทราชินี ตำบลแม่จ๊วะ,ACTIVE
TTMT,9390491,พอกสมุนไพร สูตร 2,ยาพอกสมุนไพร สูตร 2,ยาพอก,สถานีอนามัยเฉลิมพระเกียรติ 60 พรรษา นวมินทราชินี ตำบลแม่จ๊วะ,ACTIVE
TTMT,9390502,พอกสมุนไพร สูตร 3,ยาพอกสมุนไพร สูตร 3,ยาพอก,สถานีอนามัยเฉลิมพระเกียรติ 60 พรรษา นวมินทราชินี ตำบลแม่จ๊วะ,ACTIVE
TTMT,9390518,แช่เท้าสมุนไพร,ยาแช่เท้าสมุนไพร,ยาแช่,สถานีอนามัยเฉลิมพระเกียรติ 60 พรรษา นวมินทราชินี ตำบลแม่จ๊วะ,ACTIVE
TTMT,9390525,ต้มบำรุงร่างกาย,ยาต้มบำรุงร่างกาย,ยาต้ม,สถานีอนามัยเฉลิมพระเกียรติ 60 พรรษา นวมินทราชินี ตำบลแม่จ๊วะ,ACTIVE
TTMT,9390539,โรคสตรี,ยาโรคสตรี,ยาต้ม,สถานีอนามัยเฉลิมพระเกียรติ 60 พรรษา นวมินทราชินี ตำบลแม่จ๊วะ,ACTIVE
TTMT,9390541,ยาปรุง สูตรตำรับที่ 1,ยาปรุง สูตรตำรับที่ 1,ยาพอก,สถานีอนามัยเฉลิมพระเกียรติ 60 พรรษา นวมินทราชินี ตำบลแม่จ๊วะ,ACTIVE
TTMT,9390556,ห้าราก / แก้ไข้ห้าราก / แก้วห้าดวง / เบญจโลกวิเชียร ,ยาห้าราก / แก้ไข้ห้าราก / แก้วห้าดวง / เบญจโลกวิเชียร ,ยาแคปซูล,ศูนย์บริการทางการแพทย์ คณะแพทยศาสตร์ มหาวิทยาลัยมหาสารคาม,ACTIVE
TTMT,9390560,เขียวหอม,ยาเขียวหอม,ยาแคปซูล,ศูนย์บริการทางการแพทย์ คณะแพทยศาสตร์ มหาวิทยาลัยมหาสารคาม,ACTIVE
TTMT,9390573,จันทน์ลีลา,ยาจันทน์ลีลา,ยาเม็ด,ศูนย์บริการทางการแพทย์ คณะแพทยศาสตร์ มหาวิทยาลัยมหาสารคาม,ACTIVE
TTMT,9390587,เบญจกูล / พิกัดเบญจกูล,ยาเบญจกูล / พิกัดเบญจกูล,ยาแคปซูล,ศูนย์บริการทางการแพทย์ คณะแพทยศาสตร์ มหาวิทยาลัยมหาสารคาม,ACTIVE
TTMT,9390594,กษัยเส้น,ยากษัยเส้น,ยาแคปซูล,ศูนย์บริการทางการแพทย์ คณะแพทยศาสตร์ มหาวิทยาลัยมหาสารคาม,ACTIVE
TTMT,9390600,สหัศธารา,สหัศธารา,ยาแคปซูล,ศูนย์บริการทางการแพทย์ คณะแพทยศาสตร์ มหาวิทยาลัยมหาสารคาม,ACTIVE
TTMT,9390616,เลือดงาม,เลือดงาม,ยาแคปซูล,ศูนย์บริการทางการแพทย์ คณะแพทยศาสตร์ มหาวิทยาลัยมหาสารคาม,ACTIVE
TTMT,9390628,บำรุงโลหิต,ยาบำรุงโลหิต,ยาแคปซูล,ศูนย์บริการทางการแพทย์ คณะแพทยศาสตร์ มหาวิทยาลัยมหาสารคาม,ACTIVE
TTMT,9390637,สตรีหลังคลอด,ยาสตรีหลังคลอด,ยาแคปซูล,ศูนย์บริการทางการแพทย์ คณะแพทยศาสตร์ มหาวิทยาลัยมหาสารคาม,ACTIVE
TTMT,9390644,ไฟห้ากอง ,ยาไฟห้ากอง ,ยาแคปซูล,ศูนย์บริการทางการแพทย์ คณะแพทยศาสตร์ มหาวิทยาลัยมหาสารคาม,ACTIVE
TTMT,9390659,ปลูกไฟธาตุ,ยาปลูกไฟธาตุ,ยาแคปซูล,ศูนย์บริการทางการแพทย์ คณะแพทยศาสตร์ มหาวิทยาลัยมหาสารคาม,ACTIVE
TTMT,9390663,ไฟประลัยกัลป์,ยาไฟประลัยกัลป์,ยาแคปซูล,ศูนย์บริการทางการแพทย์ คณะแพทยศาสตร์ มหาวิทยาลัยมหาสารคาม,ACTIVE
TTMT,9390671,ธาตุบรรจบ,ยาธาตุบรรจบ,ยาแคปซูล,ศูนย์บริการทางการแพทย์ คณะแพทยศาสตร์ มหาวิทยาลัยมหาสารคาม,ACTIVE
TTMT,9390685,มันทธาตุ,ยามันทธาตุ,ยาแคปซูล,ศูนย์บริการทางการแพทย์ คณะแพทยศาสตร์ มหาวิทยาลัยมหาสารคาม,ACTIVE
TTMT,9390692,อภัยสาลี,ยาอภัยสาลี,ยาแคปซูล,ศูนย์บริการทางการแพทย์ คณะแพทยศาสตร์ มหาวิทยาลัยมหาสารคาม,ACTIVE
TTMT,9390709,ถ่ายดีเกลือฝรั่ง ,ยาถ่ายดีเกลือฝรั่ง ,ยาแคปซูล,ศูนย์บริการทางการแพทย์ คณะแพทยศาสตร์ มหาวิทยาลัยมหาสารคาม,ACTIVE
TTMT,9390713,ธรณีสันฑะฆาต,ยาธรณีสันฑะฆาต,ยาแคปซูล,ศูนย์บริการทางการแพทย์ คณะแพทยศาสตร์ มหาวิทยาลัยมหาสารคาม,ACTIVE
TTMT,9390721,เหลืองปิดสมุทร,ยาเหลืองปิดสมุทร,ยาเม็ด,ศูนย์บริการทางการแพทย์ คณะแพทยศาสตร์ มหาวิทยาลัยมหาสารคาม,ACTIVE
TTMT,9390732,มหานิลแท่งทอง,ยามหานิลแท่งทอง,ยาแคปซูล,ศูนย์บริการทางการแพทย์ คณะแพทยศาสตร์ มหาวิทยาลัยมหาสารคาม,ACTIVE
TTMT,9390745,ริดสีดวงมหากาฬ (ตำรับในระบบทางเดินอาหารส่วนกลางและส่วนปลาย),ยาริดสีดวงมหากาฬ (ตำรับในระบบทางเดินอาหารส่วนกลางและส่วนปลาย),ยาแคปซูล,ศูนย์บริการทางการแพทย์ คณะแพทยศาสตร์ มหาวิทยาลัยมหาสารคาม,ACTIVE
TTMT,9390750,แก้ลมอัมพฤกษ์ ,ยาแก้ลมอัมพฤกษ์ ,ยาแคปซูล,ศูนย์บริการทางการแพทย์ คณะแพทยศาสตร์ มหาวิทยาลัยมหาสารคาม,ACTIVE
TTMT,9390766,ตรีผลา / พิกัดตรีผลา,ยาตรีผลา / พิกัดตรีผลา ,ยาแคปซูล,ศูนย์บริการทางการแพทย์ คณะแพทยศาสตร์ มหาวิทยาลัยมหาสารคาม,ACTIVE
TTMT,9390778,ตรีพิกัด,ยาตรีพิกัด,ยาแคปซูล,ศูนย์บริการทางการแพทย์ คณะแพทยศาสตร์ มหาวิทยาลัยมหาสารคาม,ACTIVE
TTMT,9390784,ตรีเกสรมาศ / พิกัดเกสรมาศ,ยาตรีเกสรมาศ /พิกัดเกสรมาศ,ยาผง,ศูนย์บริการทางการแพทย์ คณะแพทยศาสตร์ มหาวิทยาลัยมหาสารคาม,ACTIVE
TTMT,9390797,ตรีเกสรมาศ / พิกัดเกสรมาศ,ยาตรีเกสรมาศ /พิกัดเกสรมาศ,ยาผง,ศูนย์บริการทางการแพทย์ คณะแพทยศาสตร์ มหาวิทยาลัยมหาสารคาม,ACTIVE
TTMT,9390807,หอมทิพโอสถ,ยาหอมทิพโอสถ,ยาแคปซูล,ศูนย์บริการทางการแพทย์ คณะแพทยศาสตร์ มหาวิทยาลัยมหาสารคาม,ACTIVE
TTMT,9390811,หอมทิพโอสถ,ยาหอมทิพโอสถ,ยาผง,ศูนย์บริการทางการแพทย์ คณะแพทยศาสตร์ มหาวิทยาลัยมหาสารคาม,ACTIVE
TTMT,9390824,หอมเทพจิตร,ยาหอมเทพจิตร,ยาแคปซูล,ศูนย์บริการทางการแพทย์ คณะแพทยศาสตร์ มหาวิทยาลัยมหาสารคาม,ACTIVE
TTMT,9390830,หอมเทพจิตร,ยาหอมเทพจิตร,ยาผง,ศูนย์บริการทางการแพทย์ คณะแพทยศาสตร์ มหาวิทยาลัยมหาสารคาม,ACTIVE
TTMT,9390848,หอมนวโกฐ,ยาหอมนวโกฐ,ยาแคปซูล,ศูนย์บริการทางการแพทย์ คณะแพทยศาสตร์ มหาวิทยาลัยมหาสารคาม,ACTIVE
TTMT,9390853,หอมแก้ลมวิงเวียน,ยาหอมแก้ลมวิงเวียน,ยาเม็ด,ศูนย์บริการทางการแพทย์ คณะแพทยศาสตร์ มหาวิทยาลัยมหาสารคาม,ACTIVE
TTMT,9390869,หอมแก้ลมวิงเวียน,ยาหอมแก้ลมวิงเวียน,ยาผง,ศูนย์บริการทางการแพทย์ คณะแพทยศาสตร์ มหาวิทยาลัยมหาสารคาม,ACTIVE
TTMT,9390876,หอมอินทจักร,ยาหอมอินทจักร,ยาแคปซูล,ศูนย์บริการทางการแพทย์ คณะแพทยศาสตร์ มหาวิทยาลัยมหาสารคาม,ACTIVE
TTMT,9390882,หอมอินทจักร,ยาหอมอินทจักร,ยาผง,ศูนย์บริการทางการแพทย์ คณะแพทยศาสตร์ มหาวิทยาลัยมหาสารคาม,ACTIVE
TTMT,9390895,ประสะไพล,ยาประสะไพล,ยาแคปซูล,ศูนย์บริการทางการแพทย์ คณะแพทยศาสตร์ มหาวิทยาลัยมหาสารคาม,ACTIVE
TTMT,9390905,ประสะไพล,ยาประสะไพล,ยาผง,ศูนย์บริการทางการแพทย์ คณะแพทยศาสตร์ มหาวิทยาลัยมหาสารคาม,ACTIVE
TTMT,9390914,ประสะกะเพรา,ยาประสะกะเพรา,ยาผง,ศูนย์บริการทางการแพทย์ คณะแพทยศาสตร์ มหาวิทยาลัยมหาสารคาม,ACTIVE
TTMT,9390922,ประสะกานพลู,ยาประสะกานพลู,ยาผง,ศูนย์บริการทางการแพทย์ คณะแพทยศาสตร์ มหาวิทยาลัยมหาสารคาม,ACTIVE
TTMT,9390933,ประสะมะแว้ง,ยาประสะมะแว้ง,ยาเม็ด,ศูนย์บริการทางการแพทย์ คณะแพทยศาสตร์ มหาวิทยาลัยมหาสารคาม,ACTIVE
TTMT,9390946,ประสะเจตพังคี,ยาประสะเจตพังคี,ยาแคปซูล,ศูนย์บริการทางการแพทย์ คณะแพทยศาสตร์ มหาวิทยาลัยมหาสารคาม,ACTIVE
TTMT,9390951,ประสะจันทน์แดง ,ยาประสะจันทน์แดง ,ยาแคปซูล,ศูนย์บริการทางการแพทย์ คณะแพทยศาสตร์ มหาวิทยาลัยมหาสารคาม,ACTIVE
TTMT,9390967,ประสะเปราะใหญ่,ยาประสะเปราะใหญ่,ยาแคปซูล,ศูนย์บริการทางการแพทย์ คณะแพทยศาสตร์ มหาวิทยาลัยมหาสารคาม,ACTIVE
TTMT,9390979,วิสัมพญาใหญ่,ยาวิสัมพญาใหญ่,ยาแคปซูล,ศูนย์บริการทางการแพทย์ คณะแพทยศาสตร์ มหาวิทยาลัยมหาสารคาม,ACTIVE
TTMT,9390980,อำมฤควาที,ยาอำมฤควาที,ยาเม็ด,ศูนย์บริการทางการแพทย์ คณะแพทยศาสตร์ มหาวิทยาลัยมหาสารคาม,ACTIVE
TTMT,9390998,ปราบชมพูทวีป,ยาปราบชมพูทวีป,ยาแคปซูล,ศูนย์บริการทางการแพทย์ คณะแพทยศาสตร์ มหาวิทยาลัยมหาสารคาม,ACTIVE
TTMT,9391002,แก้ไอผสมกานพลู,ยาแก้ไอผสมกานพลู,ยาแคปซูล,ศูนย์บริการทางการแพทย์ คณะแพทยศาสตร์ มหาวิทยาลัยมหาสารคาม,ACTIVE
TTMT,9391018,แก้ไอผสมมะนาวดอง,ยาแก้ไอผสมมะนาวดอง,ยาน้ำ,ศูนย์บริการทางการแพทย์ คณะแพทยศาสตร์ มหาวิทยาลัยมหาสารคาม,ACTIVE
TTMT,9391025,แก้ไอพื้นบ้านอีสาน,ยาแก้ไอพื้นบ้านอีสาน,ยาน้ำ,ศูนย์บริการทางการแพทย์ คณะแพทยศาสตร์ มหาวิทยาลัยมหาสารคาม,ACTIVE
TTMT,9391039,แก้ไอผสมมะขามป้อม สูตรตำรับที่ 1,ยาแก้ไอผสมมะขามป้อม สูตรตำรับที่ 1,ยาน้ำ,ศูนย์บริการทางการแพทย์ คณะแพทยศาสตร์ มหาวิทยาลัยมหาสารคาม,ACTIVE
TTMT,9391041,ผสมเพชรสังฆาต สูตรตำรับที่ 1,ยาผสมเพชรสังฆาต สูตรตำรับที่ 1,ยาแคปซูล,ศูนย์บริการทางการแพทย์ คณะแพทยศาสตร์ มหาวิทยาลัยมหาสารคาม,ACTIVE
TTMT,9391056,ผสมโคคลาน สูตรตำรับที่ 1,ผสมโคคลาน สูตรตำรับที่ 1,ยาแคปซูล,ศูนย์บริการทางการแพทย์ คณะแพทยศาสตร์ มหาวิทยาลัยมหาสารคาม,ACTIVE
TTMT,9391060,ผสมโคคลาน สูตรตำรับที่ 2,ยาผสมโคคลาน สูตรตำรับที่ 2,ยาแคปซูล,ศูนย์บริการทางการแพทย์ คณะแพทยศาสตร์ มหาวิทยาลัยมหาสารคาม,ACTIVE
TTMT,9391073,ผสมเถาวัลย์เปรียง สูตรตำรับที่ 1,ยาผสมเถาวัลย์เปรียง สูตรตำรับที่ ๑,ยาแคปซูล,ศูนย์บริการทางการแพทย์ คณะแพทยศาสตร์ มหาวิทยาลัยมหาสารคาม,ACTIVE
TTMT,9391087,แสงหมึก,ยาแสงหมึก,ยาเม็ด,ศูนย์บริการทางการแพทย์ คณะแพทยศาสตร์ มหาวิทยาลัยมหาสารคาม,ACTIVE
TTMT,9391094,เพชรสังฆาต,ยาเพชรสังฆาต,ยาแคปซูล,โรงงาน เภสัชกรรมทหารศูนย์การอุตสาหกรรมป้องกันประเทศและพลังงานทหาร,ACTIVE
TTMT,9391104,เพชรสังฆาต,ยาเพชรสังฆาต,ยาแคปซูล,โรงงาน เภสัชกรรมทหารศูนย์การอุตสาหกรรมป้องกันประเทศและพลังงานทหาร,ACTIVE
TTMT,9391115,น้ำมันไพล,ยาน้ำมันไพล,ยาเข้าน้ำมัน,โรงพยาบาลนาทม,ACTIVE
TTMT,9391127,ผสมโคคลาน สูตรตำรับที่ 3,ยาผสมโคคลาน สูตรตำรับที่ 3,ยาต้ม,โรงพยาบาลหนองหิน,ACTIVE
TTMT,9391136,พอกผสมมะกรูด,ยาพอกผสมมะกรูด,ยาพอก,โรงพยาบาลหนองหิน,ACTIVE
TTMT,9391143,ยาประคบ,ยาประคบ,ยาประคบ,โรงพยาบาลหนองหิน,ACTIVE
TTMT,9391158,สตรีหลังคลอด,ยาสตรีหลังคลอด,ยาต้ม,โรงพยาบาลหนองหิน,ACTIVE
TTMT,9391162,ตรีผลา / พิกัดตรีผลา ,ยาตรีผลา / พิกัดตรีผลา ,ยาแคปซูล,บริษัท โรงงานเภสัชอุตสาหกรรม เจเอสพี(ประเทศไทย) จำกัด (มหาชน),ACTIVE
TTMT,9391170,หม่องผสมไพล ตราวังหลัง,ยาหม่องผสมไพล ตราวังหลัง,ขี้ผึ้ง,บริษัท โรงงานเภสัชอุตสาหกรรม เจเอสพี(ประเทศไทย) จำกัด (มหาชน),ACTIVE
TTMT,9391189,หม่องแดง ตราวังหลัง,ยาหม่องแดง ตราวังหลัง,ขี้ผึ้ง,บริษัท โรงงานเภสัชอุตสาหกรรม เจเอสพี(ประเทศไทย) จำกัด (มหาชน),ACTIVE
TTMT,9391191,หม่องขาว ตราวังหลัง ,ยาหม่องขาว ตราวังหลัง ,ขี้ผึ้ง,บริษัท โรงงานเภสัชอุตสาหกรรม เจเอสพี(ประเทศไทย) จำกัด (มหาชน),ACTIVE
TTMT,9391209,หม่องผสมเสลดพังพอน ตราวังหลัง ,ยาหม่องผสมเสลดพังพอน ตราวังหลัง ,ขี้ผึ้ง,บริษัท โรงงานเภสัชอุตสาหกรรม เจเอสพี(ประเทศไทย) จำกัด (มหาชน),ACTIVE
TTMT,9391213,แก้ไอผสมมะขามป้อม ตราวังหลัง,ยาแก้ไอผสมมะขามป้อม ตราวังหลัง,ยาน้ำ,บริษัท โรงงานเภสัชอุตสาหกรรม เจเอสพี(ประเทศไทย) จำกัด (มหาชน),ACTIVE
TTMT,9391221,แก้ไอผสมมะแว้ง ตราวังหลัง,ยาแก้ไอผสมมะแว้ง ตราวังหลัง,ยาน้ำ,บริษัท โรงงานเภสัชอุตสาหกรรม เจเอสพี(ประเทศไทย) จำกัด (มหาชน),ACTIVE
TTMT,9391232,หม่องน้ำสมุนไพร ตราสุภาพโอสถ,ยาหม่องน้ำสมุนไพร ตราสุภาพโอสถ,ยาเข้าน้ำมัน,บริษัท โรงงานเภสัชอุตสาหกรรม เจเอสพี(ประเทศไทย) จำกัด (มหาชน),ACTIVE
TTMT,9391245,น้ำมันผสมไพล ตราสุภาพโอสถ,ยาน้ำมันผสมไพล ตราสุภาพโอสถ,ยาเข้าน้ำมัน,บริษัท โรงงานเภสัชอุตสาหกรรม เจเอสพี(ประเทศไทย) จำกัด (มหาชน),ACTIVE
TTMT,9391250,แก้ไอผสมสมุนไพร ตรานกกระจิบ,ยาแก้ไอผสมสมุนไพร ตรานกกระจิบ,ยาน้ำ,บริษัท โรงงานเภสัชอุตสาหกรรม เจเอสพี(ประเทศไทย) จำกัด (มหาชน),ACTIVE
TTMT,9391266,อมสมุนไพรผสมมะแว้งรสบ๊วย,ยาอมสมุนไพรผสมมะแว้งรสบ๊วย,ยาเม็ด,บริษัท โรงงานเภสัชอุตสาหกรรม เจเอสพี(ประเทศไทย) จำกัด (มหาชน),ACTIVE
TTMT,9391278,อมผสมมะแว้งมะขามป้อม ตราอินทนนท์,ยาอมผสมมะแว้งมะขามป้อม ตราอินทนนท์,ยาเม็ด,บริษัท โรงงานเภสัชอุตสาหกรรม เจเอสพี(ประเทศไทย) จำกัด (มหาชน),ACTIVE
TTMT,9391284,กุมาร,ยากุมาร,ยาน้ำ,บริษัท แสงสว่างตราค้างคาว จำกัด,ACTIVE
TTMT,9391297,ตรีผลา / พิกัดตรีผลา ,ยาตรีผลา / พิกัดตรีผลา ,ยาแคปซูล,บริษัท แสงสว่างตราค้างคาว จำกัด,ACTIVE
TTMT,9391307,บำรุงโลหิต,ยาบำรุงโลหิต,ยาผง,บริษัท แสงสว่างตราค้างคาว จำกัด,ACTIVE
TTMT,9391311,บำรุงโลหิต,ยาบำรุงโลหิต,ยาลูกกลอน,บริษัท แสงสว่างตราค้างคาว จำกัด,ACTIVE
TTMT,9391324,บำรุงโลหิต,ยาบำรุงโลหิต,ยาผง,บริษัท แสงสว่างตราค้างคาว จำกัด,ACTIVE
TTMT,9391330,ธาตุบรรจบ,ยาธาตุบรรจบ,ยาผง,บริษัท แสงสว่างตราค้างคาว จำกัด,ACTIVE
TTMT,9391348,ธาตุบรรจบ,ยาธาตุบรรจบ,ยาผง,บริษัท แสงสว่างตราค้างคาว จำกัด,ACTIVE
TTMT,9391353,จันทน์ลีลา,ยาจันทน์ลีลา,ยาเม็ด,บริษัท แสงสว่างตราค้างคาว จำกัด,ACTIVE
TTMT,9391369,จันทน์ลีลา,ยาจันทน์ลีลา,ยาผง,บริษัท แสงสว่างตราค้างคาว จำกัด,ACTIVE
TTMT,9391376,ประสะมะแว้ง,ยาประสะมะแว้ง,ยาลูกกลอน,บริษัท แสงสว่างตราค้างคาว จำกัด,ACTIVE
TTMT,9391382,ประสะมะแว้ง,ยาประสะมะแว้ง,ยาลูกกลอน,บริษัท แสงสว่างตราค้างคาว จำกัด,ACTIVE
TTMT,9391395,เหลืองปิดสมุทร,ยาเหลืองปิดสมุทร,ยาผง,บริษัท แสงสว่างตราค้างคาว จำกัด,ACTIVE
TTMT,9391400,เหลืองปิดสมุทร,ยาเหลืองปิดสมุทร,ยาผง,บริษัท แสงสว่างตราค้างคาว จำกัด,ACTIVE
TTMT,9391416,เหลืองปิดสมุทร,ยาเหลืองปิดสมุทร,ยาแคปซูล,บริษัท แสงสว่างตราค้างคาว จำกัด,ACTIVE
TTMT,9391428,หอมทิพโอสถ,ยาหอมทิพโอสถ,ยาผง,บริษัท แสงสว่างตราค้างคาว จำกัด,ACTIVE
TTMT,9391437,หอมทิพโอสถ,ยาหอมทิพโอสถ,ยาผง,บริษัท แสงสว่างตราค้างคาว จำกัด,ACTIVE
TTMT,9391444,หอมทิพโอสถ,ยาหอมทิพโอสถ,ยาผง,บริษัท แสงสว่างตราค้างคาว จำกัด,ACTIVE
TTMT,9391459,ประสะกานพลู,ยาประสะกานพลู,ยาผง,บริษัท แสงสว่างตราค้างคาว จำกัด,ACTIVE
TTMT,9391463,ประสะกานพลู,ยาประสะกานพลู,ยาผง,บริษัท แสงสว่างตราค้างคาว จำกัด,ACTIVE
TTMT,9391471,อำมฤควาที,ยาอำมฤควาที,ยาผง,บริษัท แสงสว่างตราค้างคาว จำกัด,ACTIVE
TTMT,9391485,อำมฤควาที,ยาอำมฤควาที,ยาผง,บริษัท แสงสว่างตราค้างคาว จำกัด,ACTIVE
TTMT,9391492,ไฟห้ากอง ,ยาไฟห้ากอง ,ยาผง,บริษัท แสงสว่างตราค้างคาว จำกัด,ACTIVE
TTMT,9391503,ไฟห้ากอง ,ยาไฟห้ากอง ,ยาผง,บริษัท แสงสว่างตราค้างคาว จำกัด,ACTIVE
TTMT,9391519,ประสะไพล,ยาประสะไพล,ยาผง,บริษัท แสงสว่างตราค้างคาว จำกัด,ACTIVE
TTMT,9391526,ประสะไพล,ยาประสะไพล,ยาผง,บริษัท แสงสว่างตราค้างคาว จำกัด,ACTIVE
TTMT,9391535,เขียวหอม,ยาเขียวหอม,ยาผง,บริษัท แสงสว่างตราค้างคาว จำกัด,ACTIVE
TTMT,9391542,เขียวหอม,ยาเขียวหอม,ยาผง,บริษัท แสงสว่างตราค้างคาว จำกัด,ACTIVE
TTMT,9391557,เขียวหอม,ยาเขียวหอม,ยาผง,บริษัท แสงสว่างตราค้างคาว จำกัด,ACTIVE
TTMT,9391561,วิสัมพญาใหญ่,ยาวิสัมพญาใหญ่,ยาผง,บริษัท แสงสว่างตราค้างคาว จำกัด,ACTIVE
TTMT,9391574,ประสะจันทน์แดง ,ยาประสะจันทน์แดง ,ยาผง,บริษัท แสงสว่างตราค้างคาว จำกัด,ACTIVE
TTMT,9391588,หอมนวโกฐ,ยาหอมนวโกฐ,ยาผง,บริษัท แสงสว่างตราค้างคาว จำกัด,ACTIVE
TTMT,9391590,ประสะเจตพังคี,ยาประสะเจตพังคี,ยาผง,บริษัท แสงสว่างตราค้างคาว จำกัด,ACTIVE
TTMT,9391601,มันทธาตุ,ยามันทธาตุ,ยาผง,บริษัท แสงสว่างตราค้างคาว จำกัด,ACTIVE
TTMT,9391617,ประสะเปราะใหญ่,ยาประสะเปราะใหญ่,ยาผง,บริษัท แสงสว่างตราค้างคาว จำกัด,ACTIVE
TTMT,9391629,ไฟประลัยกัลป์,ยาไฟประลัยกัลป์,ยาผง,บริษัท แสงสว่างตราค้างคาว จำกัด,ACTIVE
TTMT,9391638,ยาประคบ,ยายาประคบ,ยาประคบ,บริษัท แสงสว่างตราค้างคาว จำกัด,ACTIVE
TTMT,9391640,หอมเทพจิตร,ยาหอมเทพจิตร,ยาเม็ด,บริษัท แสงสว่างตราค้างคาว จำกัด,ACTIVE
TTMT,9391655,ประสะกานพลู,ยาประสะกานพลู,ยาผง,บริษัท แสงสว่างตราค้างคาว จำกัด,ACTIVE
TTMT,9391664,ถ่ายดีเกลือฝรั่ง ,ยาถ่ายดีเกลือฝรั่ง ,ยาเม็ด,บริษัท แสงสว่างตราค้างคาว จำกัด,ACTIVE
TTMT,9391672,ตรีหอม ,ยาตรีหอม ,ยาลูกกลอน,บริษัท แสงสว่างตราค้างคาว จำกัด,ACTIVE
TTMT,9391686,ธาตุ,ยาธาตุ,ยาแคปซูล,บริษัท แสงสว่างตราค้างคาว จำกัด,ACTIVE
TTMT,9391693,ประสะน้ำนม,ยาประสะน้ำนม,ยาผง,บริษัท แสงสว่างตราค้างคาว จำกัด,ACTIVE
TTMT,9391705,ประสะน้ำนม,ยาประสะน้ำนม,ยาผง,บริษัท แสงสว่างตราค้างคาว จำกัด,ACTIVE
TTMT,9391714,ประสะน้ำนม,ยาประสะน้ำนม,ยาผง,บริษัท แสงสว่างตราค้างคาว จำกัด,ACTIVE
TTMT,9391722,ประสะน้ำนม,ยาประสะน้ำนม,ยาผง,บริษัท แสงสว่างตราค้างคาว จำกัด,ACTIVE
TTMT,9391733,เขียว,ยาเขียว,ยาผง,บริษัท แสงสว่างตราค้างคาว จำกัด,ACTIVE
TTMT,9391746,เขียว,ยาเขียว,ยาผง,บริษัท แสงสว่างตราค้างคาว จำกัด,ACTIVE
TTMT,9391751,เขียว,ยาเขียว,ยาผง,บริษัท แสงสว่างตราค้างคาว จำกัด,ACTIVE
TTMT,9391767,เขียว,ยาเขียว,ยาผง,บริษัท แสงสว่างตราค้างคาว จำกัด,ACTIVE
TTMT,9391779,เขียว,ยาเขียว,ยาผง,บริษัท แสงสว่างตราค้างคาว จำกัด,ACTIVE
TTMT,9391780,เวชพงศ์ เบอร์ 2,ยาเวชพงศ์ เบอร์ 2,ยาลูกกลอน,บริษัท แสงสว่างตราค้างคาว จำกัด,ACTIVE
TTMT,9391798,เวชพงศ์ เบอร์ 3,ยาเวชพงศ์ เบอร์ 3,ยาลูกกลอน,บริษัท แสงสว่างตราค้างคาว จำกัด,ACTIVE
TTMT,9391808,เวชพงศ์ เบอร์ 6,ยาเวชพงศ์ เบอร์ 6,ยาเม็ด,บริษัท แสงสว่างตราค้างคาว จำกัด,ACTIVE
TTMT,9391812,เวชพงศ์ เบอร์ 7,ยาเวชพงศ์ เบอร์ 7,ยาลูกกลอน,บริษัท แสงสว่างตราค้างคาว จำกัด,ACTIVE
TTMT,9391820,เวชพงศ์ เบอร์ 9,ยาเวชพงศ์ เบอร์ 9,ยาเม็ด,บริษัท แสงสว่างตราค้างคาว จำกัด,ACTIVE
TTMT,9391831,เวชพงศ์ เบอร์ 11,ยาเวชพงศ์ เบอร์ 11,ยาลูกกลอน,บริษัท แสงสว่างตราค้างคาว จำกัด,ACTIVE
TTMT,9391849,เวชพงศ์ เบอร์ 12,ยาเวชพงศ์ เบอร์ 12,ยาผง,บริษัท แสงสว่างตราค้างคาว จำกัด,ACTIVE
TTMT,9391854,เวชพงศ์ เบอร์ 12,ยาเวชพงศ์ เบอร์ 12,ยาผง,บริษัท แสงสว่างตราค้างคาว จำกัด,ACTIVE
TTMT,9391865,เวชพงศ์ เบอร์ 13,ยาเวชพงศ์ เบอร์ 13,ยาผง,บริษัท แสงสว่างตราค้างคาว จำกัด,ACTIVE
TTMT,9391877,เวชพงศ์ เบอร์ 13,ยาเวชพงศ์ เบอร์ 13,ยาผง,บริษัท แสงสว่างตราค้างคาว จำกัด,ACTIVE
TTMT,9391883,เวชพงศ์ เบอร์ 14,ยาเวชพงศ์ เบอร์ 14,ยาเม็ด,บริษัท แสงสว่างตราค้างคาว จำกัด,ACTIVE
TTMT,9391896,เวชพงศ์ เบอร์ 15,ยาเวชพงศ์ เบอร์ 15,ยาผง,บริษัท แสงสว่างตราค้างคาว จำกัด,ACTIVE
TTMT,9391906,เวชพงศ์ เบอร์ 15,ยาเวชพงศ์ เบอร์ 15,ยาผง,บริษัท แสงสว่างตราค้างคาว จำกัด,ACTIVE
TTMT,9391910,เวชพงศ์ เบอร์ 16,ยาเวชพงศ์ เบอร์ 16,ยาเม็ด,บริษัท แสงสว่างตราค้างคาว จำกัด,ACTIVE
TTMT,9391923,เวชพงศ์ เบอร์ 17,ยาเวชพงศ์ เบอร์ 17,ยาเม็ด,บริษัท แสงสว่างตราค้างคาว จำกัด,ACTIVE
TTMT,9391934,เวชพงศ์ เบอร์ 18,ยาเวชพงศ์ เบอร์ 18,ยาลูกกลอน,บริษัท แสงสว่างตราค้างคาว จำกัด,ACTIVE
TTMT,9391947,เวชพงศ์ เบอร์ 19,ยาเวชพงศ์ เบอร์ 19,ยาเม็ด,บริษัท แสงสว่างตราค้างคาว จำกัด,ACTIVE
TTMT,9391952,เวชพงศ์ เบอร์ 20,ยาเวชพงศ์ เบอร์ 20,ยาเม็ด,บริษัท แสงสว่างตราค้างคาว จำกัด,ACTIVE
TTMT,9391968,เวชพงศ์ เบอร์ 21,ยาเวชพงศ์ เบอร์ 21,ยาลูกกลอน,บริษัท แสงสว่างตราค้างคาว จำกัด,ACTIVE
TTMT,9391975,เวชพงศ์ เบอร์ 22,ยาเวชพงศ์ เบอร์ 22,ยาเม็ด,บริษัท แสงสว่างตราค้างคาว จำกัด,ACTIVE
TTMT,9391981,เวชพงศ์ เบอร์ 23,ยาเวชพงศ์ เบอร์ 23,ยาลูกกลอน,บริษัท แสงสว่างตราค้างคาว จำกัด,ACTIVE
TTMT,9391999,เวชพงศ์ เบอร์ 24,ยาเวชพงศ์ เบอร์ 24,ยาเม็ด,บริษัท แสงสว่างตราค้างคาว จำกัด,ACTIVE
TTMT,9392009,เวชพงศ์ เบอร์ 25,ยาเวชพงศ์ เบอร์ 25,ยาเม็ด,บริษัท แสงสว่างตราค้างคาว จำกัด,ACTIVE
TTMT,9392013,เวชพงศ์ เบอร์ 26,ยาเวชพงศ์ เบอร์ 26,ยาเม็ด,บริษัท แสงสว่างตราค้างคาว จำกัด,ACTIVE
TTMT,9392021,เวชพงศ์ เบอร์ 28,ยาเวชพงศ์ เบอร์ 28,ยาผง,บริษัท แสงสว่างตราค้างคาว จำกัด,ACTIVE
TTMT,9392032,เวชพงศ์ เบอร์ 28,ยาเวชพงศ์ เบอร์ 28,ยาผง,บริษัท แสงสว่างตราค้างคาว จำกัด,ACTIVE
TTMT,9392045,เวชพงศ์ เบอร์ 33,ยาเวชพงศ์ เบอร์ 33,ยาลูกกลอน,บริษัท แสงสว่างตราค้างคาว จำกัด,ACTIVE
TTMT,9392050,เวชพงศ์ เบอร์ 34,ยาเวชพงศ์ เบอร์ 34,ยาลูกกลอน,บริษัท แสงสว่างตราค้างคาว จำกัด,ACTIVE
TTMT,9392066,เวชพงศ์ เบอร์ 36,ยาเวชพงศ์ เบอร์ 36,ยาลูกกลอน,บริษัท แสงสว่างตราค้างคาว จำกัด,ACTIVE
TTMT,9392078,เวชพงศ์ เบอร์ 37,ยาเวชพงศ์ เบอร์ 37,ยาลูกกลอน,บริษัท แสงสว่างตราค้างคาว จำกัด,ACTIVE
TTMT,9392084,เวชพงศ์ เบอร์ 38,ยาเวชพงศ์ เบอร์ 38,ยาลูกกลอน,บริษัท แสงสว่างตราค้างคาว จำกัด,ACTIVE
TTMT,9392097,เวชพงศ์ เบอร์ 39,ยาเวชพงศ์ เบอร์ 39,ยาลูกกลอน,บริษัท แสงสว่างตราค้างคาว จำกัด,ACTIVE
TTMT,9392107,เวชพงศ์ เบอร์ 44,ยาเวชพงศ์ เบอร์ 44,ยาลูกกลอน,บริษัท แสงสว่างตราค้างคาว จำกัด,ACTIVE
TTMT,9392111,เวชพงศ์ เบอร์ 47,ยาเวชพงศ์ เบอร์ 47,ยาผง,บริษัท แสงสว่างตราค้างคาว จำกัด,ACTIVE
TTMT,9392124,เวชพงศ์ เบอร์ 47,ยาเวชพงศ์ เบอร์ 47,ยาผง,บริษัท แสงสว่างตราค้างคาว จำกัด,ACTIVE
TTMT,9392130,เตโชธาตุ,ยาเตโชธาตุ,ยาแคปซูล,บริษัท แสงสว่างตราค้างคาว จำกัด,ACTIVE
TTMT,9392148,อาโปธาตุ,ยาอาโปธาตุ,ยาแคปซูล,บริษัท แสงสว่างตราค้างคาว จำกัด,ACTIVE
TTMT,9392153,วาโยธาตุ,ยาวาโยธาตุ,ยาผง,บริษัท แสงสว่างตราค้างคาว จำกัด,ACTIVE
TTMT,9392169,วาโยธาตุ,ยาวาโยธาตุ,ยาผง,บริษัท แสงสว่างตราค้างคาว จำกัด,ACTIVE
TTMT,9392176,ผงบุหงา,ยาผงบุหงา,ยาผง,บริษัท แสงสว่างตราค้างคาว จำกัด,ACTIVE
TTMT,9392182,แก้ไข้ เวชพงศ์,ยาแก้ไข้ เวชพงศ์,ยาลูกกลอน,บริษัท แสงสว่างตราค้างคาว จำกัด,ACTIVE
TTMT,9392195,สตรีเวชพงศ์ เบอร์ 35,ยาสตรีเวชพงศ์ เบอร์ 35,ยาลูกกลอน,บริษัท แสงสว่างตราค้างคาว จำกัด,ACTIVE
TTMT,9392202,สตรี ตรานายพล,ยาสตรี ตรานายพล,ยาแคปซูล,บริษัท แสงสว่างตราค้างคาว จำกัด,ACTIVE
TTMT,9392218,ผู้เฒ่า,ยาผู้เฒ่า,ยาเม็ด,บริษัท แสงสว่างตราค้างคาว จำกัด,ACTIVE
TTMT,9392225,ตราสิงห์โต,ยาตราสิงห์โต,ยาเม็ด,บริษัท แสงสว่างตราค้างคาว จำกัด,ACTIVE
TTMT,9392239,ขมิ้นชัน,ขมิ้นชันแคปซูล,ยาแคปซูล,โรงพยาบาลสำโรงทาบ,ACTIVE
TTMT,9392241,ฟ้าทะลายโจร,ฟ้าทะลายโจรแคปซูล,ยาแคปซูล,โรงพยาบาลสำโรงทาบ,ACTIVE
TTMT,9392256,รางจืด,ยาชงรางจืด,ยาชง,โรงพยาบาลสำโรงทาบ,ACTIVE
TTMT,9392260,ขมิ้นชัน,ยาขมิ้นชัน,ยาแคปซูล,โรงพยาบาลอาจสามารถ,ACTIVE
TTMT,9392273,ฟ้าทะลายโจร,ยาฟ้าทะลายโจร,ยาแคปซูล,โรงพยาบาลอาจสามารถ,ACTIVE
TTMT,9392287,เถาวัลย์เปรียง,ยาเถาวัลย์เปรียง,ยาแคปซูล,โรงพยาบาลอาจสามารถ,ACTIVE
TTMT,9392294,สหัศธารา,ยาสหัสธารา ตราเคเอ็มพี,ยาแคปซูล,บริษัท แก้วมังกรเภสัช จำกัด,ACTIVE
TTMT,9392304,ตรีผลา / พิกัดตรีผลา ,ยาตรีผลา ตราเคเอ็มพี,ยาแคปซูล,บริษัท แก้วมังกรเภสัช จำกัด,ACTIVE
TTMT,9392315,รีดูคอฟ,ยารีดูคอฟ Reducof,ยาเม็ด,บริษัท แคสป้าฟาร์มาซูติคอล (ประเทศไทย) จำกัด,ACTIVE
TTMT,9392327,ประสะไพล,ยาประสะไพลแคปซูล,ยาแคปซูล,บริษัท พรีราน่าเนเจอร์ จำกัด,ACTIVE
TTMT,9392336,สหัศธารา,ยาสหัสธารา,ยาแคปซูล,บริษัท พรีราน่าเนเจอร์ จำกัด,ACTIVE
TTMT,9392343,แก้ลมอัมพฤกษ์ ,ยาแก้ลมอัมพฤกษ์,ยาผง,บริษัท พรีราน่าเนเจอร์ จำกัด,ACTIVE
TTMT,9392358,ยาประคบ,ยาประคบสมุนไพร,ยาประคบ,โรงพยาบาลสำโรงทาบ,ACTIVE
TTMT,9392362,สมุนไพรอบตัว,ยาอบสมุนไพร,ยาต้ม,โรงพยาบาลสำโรงทาบ,ACTIVE
TTMT,9392370,น้ำมันไพล,น้ำมันไพล,ยาเข้าน้ำมัน,โรงพยาบาลสำโรงทาบ,ACTIVE
TTMT,9392389,หม่องไพล,ยาหม่องไพล,ขี้ผึ้ง,โรงพยาบาลอาจสามารถ,ACTIVE
TTMT,9392391,ยาดมสมุนไพร,ยาดมสมุนไพร,ยาดม,โรงพยาบาลอาจสามารถ,ACTIVE
TTMT,9392406,น้ำมันไพล,น้ำมันไพล,ยาเข้าน้ำมัน,โรงพยาบาลอาจสามารถ,ACTIVE
TTMT,9392410,น้ำมันเสลดพังพอน,น้ำมันเสลดพังพอน,ยาเข้าน้ำมัน,โรงพยาบาลอาจสามารถ,ACTIVE
TTMT,9392423,ยาประคบ,ยาประคบสมุนไพรสด,ยาประคบ,โรงพยาบาลอาจสามารถ,ACTIVE
TTMT,9392434,ยาประคบ,ยาประคบสมุนไพรแห้ง,ยาประคบ,โรงพยาบาลอาจสามารถ,ACTIVE
TTMT,9392447,ธาตุอบเชย,ยาธาตุอบเชย,ยาน้ำ,โรงพยาบาลอาจสามารถ,ACTIVE
TTMT,9392452,ทิงเจอร์พญายอ,ทิงเจอร์พญายอ,ทิงเจอร์,โรงพยาบาลอาจสามารถ,ACTIVE
TTMT,9392468,สมุนไพรอบตัว,ยาอบสมุนไพร,ยาต้ม,โรงพยาบาลอาจสามารถ,ACTIVE
TTMT,9392475,นาบท้อง,ยานาบท้อง,ยาประคบ,โรงพยาบาลอาจสามารถ,ACTIVE
TTMT,9392481,พอกเข่า,ยาพอกเข่า,ยาพอก,โรงพยาบาลอาจสามารถ,ACTIVE
TTMT,9392499,แก้ไอตรีผลา ,ยาแก้ไอตรีผลา,ยาผง,โรงพยาบาลอาจสามารถ,ACTIVE
TTMT,9392508,กระษัย,ยากระษัย (แคปซูล),ยาแคปซูล,บริษัท แสงสว่างตราค้างคาว จำกัด,ACTIVE
TTMT,9392512,อมผสมมะแว้งรสบ๊วย ตราไอยรา,ยาอมผสมมะแว้ง รสบ๊วย ตราไอยรา,ยาเม็ด,บริษัท ที.แมน.ฟาร์มาซูติคอล จำกัด (บริษัท เฮเว่น เฮิร์บ จำกัด ),ACTIVE
TTMT,9392520,อมผสมมะแว้งรสมะนาว ตราไอยรา,ยาอมผสมมะแว้ง รสมะนาว ตราไอยรา,ยาเม็ด,บริษัท ที.แมน.ฟาร์มาซูติคอล จำกัด (บริษัท เฮเว่น เฮิร์บ จำกัด ),ACTIVE
TTMT,9392531,อมผสมมะแว้งรสเปลือกส้ม ตราไอยรา,ยาอมผสมมะแว้ง รสมะนาว ตราไอยรา,ยาเม็ด,บริษัท ที.แมน.ฟาร์มาซูติคอล จำกัด (บริษัท เฮเว่น เฮิร์บ จำกัด ),ACTIVE
TTMT,9392549,น้ำแก้ไอมะแว้ง ตราไอยรา เออีซี,ยาน้ำแก้ไอมะแว้ง ตราไอยรา เออีซี,ยาน้ำ,บริษัท ที.แมน.ฟาร์มาซูติคอล จำกัด (บริษัท เฮเว่น เฮิร์บ จำกัด ),ACTIVE
TTMT,9392554,แก้ไอมะขามป้อม ตราปาริฉัตร,ยาแก้ไอมะขามป้อม ตราปาริฉัตร,ยาน้ำ,บริษัท ที.แมน.ฟาร์มาซูติคอล จำกัด (บริษัท เฮเว่น เฮิร์บ จำกัด ),ACTIVE
TTMT,9392565,หม่องไพล,ยาหม่องไพล,ขี้ผึ้ง,โรงพยาบาลส่งเสริมสุขภาพตำบลบ้านเทพพัฒนา,ACTIVE
TTMT,9392577,ยาดมสมุนไพร,ยาดมสมุนไพร,ยาดม,โรงพยาบาลส่งเสริมสุขภาพตำบลบ้านเทพพัฒนา,ACTIVE
TTMT,9392583,น้ำมันไพล,น้ำมันไพล,ยาเข้าน้ำมัน,โรงพยาบาลส่งเสริมสุขภาพตำบลบ้านเทพพัฒนา,ACTIVE
TTMT,9392596,น้ำมันเสลดพังพอน,น้ำมันเสลดพังพอน,ยาเข้าน้ำมัน,โรงพยาบาลส่งเสริมสุขภาพตำบลบ้านเทพพัฒนา,ACTIVE
TTMT,9392605,ยาประคบ,ยาประคบสมุนไพรสด,ยาประคบ,โรงพยาบาลส่งเสริมสุขภาพตำบลบ้านเทพพัฒนา,ACTIVE
TTMT,9392614,ยาประคบ,ยาประคบสมุนไพรแห้ง,ยาประคบ,โรงพยาบาลส่งเสริมสุขภาพตำบลบ้านเทพพัฒนา,ACTIVE
TTMT,9392622,สมุนไพรอบตัว,ยาอบสมุนไพร,ยาต้ม,โรงพยาบาลส่งเสริมสุขภาพตำบลบ้านเทพพัฒนา,ACTIVE
TTMT,9392633,พอกเข่า สูตรร้อน,ยาพอกเข่า สูตรร้อน,ยาพอก,โรงพยาบาลส่งเสริมสุขภาพตำบลบ้านเทพพัฒนา,ACTIVE
TTMT,9392646,พอกเข่า สูตรเย็น,ยาพอกเข่า สูตรเย็น,ยาพอก,โรงพยาบาลส่งเสริมสุขภาพตำบลบ้านเทพพัฒนา,ACTIVE
TTMT,9392651,ยาดมสมุนไพร,ยาดมสมุนไพรตราเฌอเอม,ยาดม,ห้างหุ้นส่วนจำกัด จิสประพัจน์,ACTIVE
TTMT,9392667,ยาดมสมุนไพร,ยาดมสมุนไพรตราเฌอเอม,ยาดม,ห้างหุ้นส่วนจำกัด จิสประพัจน์,ACTIVE
TTMT,9392679,ยาดมสมุนไพร,ยาดมสมุนไพรตราเฌอเอม,ยาดม,ห้างหุ้นส่วนจำกัด จิสประพัจน์,ACTIVE
TTMT,9392680,ยาดมสมุนไพร,ยาดมสมุนไพรตราเฌอเอม,ยาดม,ห้างหุ้นส่วนจำกัด จิสประพัจน์,ACTIVE
TTMT,9392698,ดมพิมเสนน้ำตราเฌอเอม,ยาดมพิมเสนน้ำตราเฌอเอม,ยาน้ำ,ห้างหุ้นส่วนจำกัด จิสประพัจน์,ACTIVE
TTMT,9392701,ดมพิมเสนน้ำตราเฌอเอม (สีเขียว),ยาดมพิมเสนน้ำตราเฌอเอม (สีเขียว),ยาน้ำ,ห้างหุ้นส่วนจำกัด จิสประพัจน์,ACTIVE
TTMT,9392717,ดมพิมเสนน้ำตราเฌอเอม (สีชมพู),ยาดมพิมเสนน้ำตราเฌอเอม (สีชมพู),ยาน้ำ,ห้างหุ้นส่วนจำกัด จิสประพัจน์,ACTIVE
TTMT,9392729,ดมพิมเสนน้ำตราเฌอเอม (สีฟ้า),ยาดมพิมเสนน้ำตราเฌอเอม (สีฟ้า),ยาน้ำ,ห้างหุ้นส่วนจำกัด จิสประพัจน์,ACTIVE
TTMT,9392738,หม่องน้ำ,ยาหม่องน้ำตราเฌอเอม,ยาน้ำ,ห้างหุ้นส่วนจำกัด จิสประพัจน์,ACTIVE
TTMT,9392740,น้ำมันเหลือง,ยาน้ำมันเหลืองตราเฌอเอม,ยาเข้าน้ำมัน,ห้างหุ้นส่วนจำกัด จิสประพัจน์,ACTIVE
TTMT,9392755,ยาประคบ,ลูกประคบสมุนไพร ตราเฌอเอม,ยาประคบ,ห้างหุ้นส่วนจำกัด จิสประพัจน์,ACTIVE
TTMT,9392764,หม่องผสมเสลดพังพอน ตราเฌอเอม,ยาหม่องผสมเสลดพังพอน ตราเฌอเอม,ขี้ผึ้ง,ห้างหุ้นส่วนจำกัด จิสประพัจน์,ACTIVE
TTMT,9392772,หม่องสูตรไพล ตราเฌอเอม,ยาหม่องสูตรไพล ตราเฌอเอม,ขี้ผึ้ง,ห้างหุ้นส่วนจำกัด จิสประพัจน์,ACTIVE
TTMT,9392786,หม่องขาวกลิ่นตะไคร้หอม ตราเฌอเอม,ยาหม่องขาวกลิ่นตะไคร้หอม ตราเฌอเอม,ขี้ผึ้ง,ห้างหุ้นส่วนจำกัด จิสประพัจน์,ACTIVE
TTMT,9392793,หม่องสีแดง ตราเฌอเอม,ยาหม่องสีแดง ตราเฌอเอม,ขี้ผึ้ง,ห้างหุ้นส่วนจำกัด จิสประพัจน์,ACTIVE
TTMT,9392803,หม่องขาวกลิ่นชาเขียว ตราเฌอเอม,ยาหม่องขาวกลิ่นชาเขียว ตราเฌอเอม,ขี้ผึ้ง,ห้างหุ้นส่วนจำกัด จิสประพัจน์,ACTIVE
TTMT,9392819,หม่องกลิ่นลาเวนเดอร์ ตราเฌอเอม,ยาหม่องกลิ่นลาเวนเดอร์ ตราเฌอเอม,ขี้ผึ้ง,ห้างหุ้นส่วนจำกัด จิสประพัจน์,ACTIVE
TTMT,9392826,ขมิ้นชัน,ยาแคปซูลขมิ้นชัน 500 มก. ตราอภัยภูเบศร,ยาแคปซูล,มูลนิธิ โรงพยาบาลเจ้าพระยาอภัยภูเบศร,ACTIVE
TTMT,9392835,ฟ้าทะลายโจร,ยาแคปซูลฟ้าทะลายโจร ตราอภัยภูเบศร แก้ไข้,ยาแคปซูล,มูลนิธิ โรงพยาบาลเจ้าพระยาอภัยภูเบศร,ACTIVE
TTMT,9392842,พญายอ,ทิงเจอร์พญายอ,ทิงเจอร์,โรงพยาบาลส่งเสริมสุขภาพตำบลบ้านเทพพัฒนา ตำบลโคกมะม่วง,ACTIVE
TTMT,9392857,ทิงเจอร์ทองพันชั่ง,ทิงเจอร์ทองพันชั่ง,ทิงเจอร์,โรงพยาบาลส่งเสริมสุขภาพตำบลบ้านเทพพัฒนา ตำบลโคกมะม่วง,ACTIVE
TTMT,9392900,ฟ้าทะลายโจร,ฟ้าทะลายโจรแคปซูล,ยาแคปซูล,โรงพยาบาลบางกระทุ่ม,ACTIVE
TTMT,9392916,หญ้าปักกิ่ง,หญ้าปักกิ่งแคปซูล,ยาแคปซูล,โรงพยาบาลบางกระทุ่ม,ACTIVE
TTMT,9392928,ไพล,ยาครีมไพล,ครีม,โรงพยาบาลบางกระทุ่ม,ACTIVE
TTMT,9392937,น้ำมันไพล,ยาน้ำมันไพล,ยาเข้าน้ำมัน,โรงพยาบาลบางกระทุ่ม,ACTIVE
TTMT,9392944,ทิงเจอร์ทองพันชั่ง,ยาทิงเจอร์ทองพันชั่ง,ทิงเจอร์,โรงพยาบาลบางกระทุ่ม,ACTIVE
TTMT,9392959,ฝรั่ง,อมบ้วนปากใบฝรั่ง,อื่นๆ,โรงพยาบาลบางกระทุ่ม,ACTIVE
TTMT,9392963,หม่องน้ำ,ยาหม่องน้ำลูกกลิ้ง,ยาเข้าน้ำมัน,โรงพยาบาลเพ็ญ,ACTIVE
TTMT,9392971,หม่องน้ำ,ยาหม่องน้ำสำลี,ยาเข้าน้ำมัน,โรงพยาบาลเพ็ญ,ACTIVE
TTMT,9392985,ยาดมสมุนไพร,ยาดมสมุนไพร,ยาดม,โรงพยาบาลเพ็ญ,ACTIVE
TTMT,9392992,น้ำมันเขียว,น้ำมันเขียว,ยาเข้าน้ำมัน,โรงพยาบาลเพ็ญ,ACTIVE
TTMT,9393004,หม่องไพล,ยาหม่องไพล,ขี้ผึ้ง,โรงพยาบาลส่งเสริมสุขภาพตำบลเมืองยาง,ACTIVE
TTMT,9393015,ยาประคบ,ลูกประคบสมุนไพร,ยาประคบ,โรงพยาบาลส่งเสริมสุขภาพตำบลเมืองยาง,ACTIVE
TTMT,9393027,สมุนไพรอบตัว,ชุดอบสมุนไพร,ยาต้ม,โรงพยาบาลส่งเสริมสุขภาพตำบลเมืองยาง,ACTIVE
TTMT,9393036,ปราบชมพูทวีป,แก้หวัดแพ้อากาศแคปซูล,ยาแคปซูล,โรงพยาบาลบ้านนา,ACTIVE
TTMT,9393043,ผสมเพชรสังฆาต สูตรตำรับที่ 2,ยาผสมเพชรสังฆาตแคปซูล,ยาแคปซูล,โรงพยาบาลบ้านนา,ACTIVE
TTMT,9393058,หอมเทพจิตร,ยาหอมเทพจิตรแคปซูล,ยาแคปซูล,โรงพยาบาลบ้านนา,ACTIVE
TTMT,9393062,หม่องไพล/บาล์มไพล/ไพลบาล์ม / ขี้ผึ้งไพล,ไพลบาล์ม,ขี้ผึ้ง,โรงพยาบาลบ้านนา,ACTIVE
TTMT,9393070,สมุนไพรอบตัว,ชุดอบสมุนไพร,ยาต้ม,โรงพยาบาลบ้านนา,ACTIVE
TTMT,9393089,พญายอ,พญายอครีม,ครีม,โรงพยาบาลบ้านนา,ACTIVE
TTMT,9393091,พญายอ,กลีเซอรีนพญายอ,สารละลายสำหรับป้ายปาก,โรงพยาบาลบ้านนา,ACTIVE
TTMT,9393101,ยาประคบ,ลูกประคบสมุนไพรแห้ง,ยาประคบ,โรงพยาบาลบ้านนา,ACTIVE
TTMT,9393117,พญายอ,ขี้ผึ้งพญายอ,ขี้ผึ้ง,โรงพยาบาลบางคล้า,ACTIVE
TTMT,9393129,สเปรย์ตะไคร้หอมกันยุง,สเปรย์ตะไคร้หอมไล่ยุง,ยาน้ำ,โรงพยาบาลบางคล้า,ACTIVE
TTMT,9393138,หม่องไพล,ยาหม่องไพล,ขี้ผึ้ง,โรงพยาบาลบางคล้า,ACTIVE
TTMT,9393140,พิมเสนน้ำ,พิมเสนน้ำ,ยาน้ำ,โรงพยาบาลบางคล้า,ACTIVE
TTMT,9393155,ยาดมสมุนไพร,ยาดมสมุนไพร,ยาดม,โรงพยาบาลบางคล้า,ACTIVE
TTMT,9393164,ยาพอกเข่า สูตรเย็น,ยาพอกเข่า สูตรเย็น,ยาพอก,โรงพยาบาลบางคล้า,ACTIVE
TTMT,9393172,ยาพอกเข่า สูตรร้อน,ยาพอกเข่า สูตรร้อน,ยาพอก,โรงพยาบาลบางคล้า,ACTIVE
TTMT,9393186,สหัศธารา,ยาแคปซูลยาสหัสธารา 500 มิลลิกรัม,ยาแคปซูล,บริษัท ไทยเอฟดี จำกัด,ACTIVE
TTMT,9393210,เหลืองปิดสมุทร,ยาเหลืองปิดสมุทรชนิดแคปซูล,ยาแคปซูล,บริษัท เจริญสุขเภสัช (เจริญสุขกรุ๊ป) ,ACTIVE
TTMT,9393223,กษัยเส้น,ยากษัยเส้น,ยาแคปซูล,ร้านแสงชัยฟาร์มาชี,ACTIVE
TTMT,9393234,แคปซูลสมุนไพรระบายเบอร์ 4,ยาแคปซูล  สมุนไพรระบายเบอร์4,ยาแคปซูล,ร้านแสงชัยฟาร์มาชี,ACTIVE
TTMT,9393247,สตรีผสมว่านชักมดลูก,ยาสตรีผสมว่านชักมดลูก,ยาแคปซูล,ร้านแสงชัยฟาร์มาชี,ACTIVE
TTMT,9393252,บรรเทาอาการริดสีดวง ทวารหนัก,ยาบรรเทา อาการริดสีดวง ทวารหนัก,ยาแคปซูล,ร้านแสงชัยฟาร์มาชี,ACTIVE
TTMT,9393268,ทงยู่เจียวหนัง,ยาทงยู่เจียว หนัง,ยาแคปซูล,ร้านแสงชัยฟาร์มาชี,ACTIVE
TTMT,9393275,สตรีผสมตังกุย,ยาสตรีผสมตังกุย,ยาแคปซูล,ร้านแสงชัยฟาร์มาชี,ACTIVE
TTMT,9393281,ปู่เซินเจียวหนัง,ยาปู่เซินเจียวหนัง,ยาแคปซูล,ร้านแสงชัยฟาร์มาชี,ACTIVE
TTMT,9393299,หอมตราล้อระฆัง,ยาหอมตราล้อระฆัง,ยาผง,ร้านแสงชัยฟาร์มาชี,ACTIVE
TTMT,9393309,น้ำแก้ไอ ตรา ไอ-เฮิร์บ,ยาน้ำแก้ไอ ตรา ไอ-เฮิร์บ,ยาน้ำ,บริษัท มิลลิเมด จำกัด,ACTIVE
TTMT,9393313,ขี้ผึ้งไพล สูตรตำรับที่ 2,ยาขี้ผึ้งไพล,ขี้ผึ้ง,โรงพยาบาลบางกระทุ่ม,ACTIVE
TTMT,9393366,น้ำมันไพล,น้ำมันไพล                       ,ยาเข้าน้ำมัน,โรงพยาบาลคลองหลวง,ACTIVE
TTMT,9393378,ทิงเจอร์ทองพันชั่ง,ยาทิงเจอร์ทองพันชั่ง   ,ทิงเจอร์,โรงพยาบาลคลองหลวง,ACTIVE
TTMT,9393384,หญ้าดอกขาว,ยาชงหญ้าดอกขาว ตราพระอินทร์,ยาชง,บริษัท หมอยาไทย 101 จำกัด,ACTIVE
TTMT,9393397,พญายอ,ทิงเจอร์พญายอคุณหลวง,ทิงเจอร์,โรงพยาบาลธวัชบุรี,ACTIVE
TTMT,9393402,น้ำมันไพล,ยาเหลืองคุณหลวง,ยาเข้าน้ำมัน,โรงพยาบาลธวัชบุรี,ACTIVE
TTMT,9393418,ชุมเห็ดเทศ,ยาชุมเห็ดเทศคุณหลวง,ยาชง,โรงพยาบาลธวัชบุรี,ACTIVE
TTMT,9393425,กล้วย,กล้วย,ยาผง,โรงพยาบาลธวัชบุรี,ACTIVE
TTMT,9393439,หญ้าดอกขาว,ยาม่านพระอินทร์คุณหลวง,ยาชง,โรงพยาบาลธวัชบุรี,ACTIVE
TTMT,9393441,ทิงเจอร์ทองพันชั่ง,ยาทองพันชั่งคุณหลวง,ทิงเจอร์,โรงพยาบาลธวัชบุรี,ACTIVE
TTMT,9393456,รางจืด,ยาถอยพิษเบื่อเมาคุณหลวง,ยาชง,โรงพยาบาลธวัชบุรี,ACTIVE
TTMT,9393460,แก้ลมอัมพฤกษ์ ,ยาแก้ลมอัมพฤกษ์,ยาต้ม,โรงพยาบาลคลองหลวง,ACTIVE
TTMT,9393473,ขี้ผึ้งไพล สูตรตำรับที่ 1,"ยาขี้ผึ้งไพล
",ขี้ผึ้ง,โรงพยาบาลคลองหลวง,ACTIVE
TTMT,9393487,ยาประคบ,ยาประคบสมุนไพรสด,ยาประคบ,โรงพยาบาลคลองหลวง,ACTIVE
TTMT,9393494,น้ำมันไพล,ยาน้ำมันไพล,ยาเข้าน้ำมัน,บริษัท ไทยเอฟดี จำกัด,ACTIVE
TTMT,9393500,ประสะไพล,ยาประสะไพล ตราพระอินทร์,ยาแคปซูล,บริษัท หมอยาไทย 101 จำกัด ,ACTIVE
TTMT,9393516,หม่องไพล,ยาขี้ผึ้งไพล,ขี้ผึ้ง,สถานีอนามัยเฉลิมพระเกียรติ 60 พรรษา นวมินทราชินี ตำบลเมืองเก่า จังหวัดสุโขทัย,ACTIVE
TTMT,9393528,พิมเสนน้ำ,ยาพิมเสนน้ำ,ยาน้ำ,สถานีอนามัยเฉลิมพระเกียรติ 60 พรรษา นวมินทราชินี ตำบลเมืองเก่า จังหวัดสุโขทัย,ACTIVE
TTMT,9393537,กำจัดเหา,ยากำจัดเหาสมุนไพร,ยาน้ำ,สถานีอนามัยเฉลิมพระเกียรติ 60 พรรษา นวมินทราชินี ตำบลเมืองเก่า จังหวัดสุโขทัย,ACTIVE
TTMT,9393544,ยาประคบ,ลูกประคบคุณหลวง,ยาประคบ,โรงพยาบาลธวัชบุรี,ACTIVE
TTMT,9393559,ผสมเถาวัลย์เปรียง สูตรตำรับที่ 1,ยาผสมเถาวัลย์เปรียงคุณหลวง,ยาต้ม,โรงพยาบาลธวัชบุรี,ACTIVE
TTMT,9393563,ยาพอกเข่า,ยาพอกเข่าดองดึงคุณหลวง,ยาพอก,โรงพยาบาลธวัชบุรี,ACTIVE
TTMT,9393571,พิมเสนน้ำ,พิมเสนน้ำคุณหลวง,ยาน้ำ,โรงพยาบาลธวัชบุรี,ACTIVE
TTMT,9393585,ตรีผลา / พิกัดตรีผลา ,ยาตรีผลาคุณหลวง,ยาต้ม,โรงพยาบาลธวัชบุรี,ACTIVE
TTMT,9393592,น้ำมันข่า,น้ำมันเข่าคุณหลวง,ยาเข้าน้ำมัน,โรงพยาบาลธวัชบุรี,ACTIVE
TTMT,9393603,น้ำมันพญาปล้องทอง,ยาทิพย์อุดมตราคุณหลวง,ยาเข้าน้ำมัน,โรงพยาบาลธวัชบุรี,ACTIVE
TTMT,9393619,ชงใบหม่อน,ยาชงใบหม่อนคุณหลวง,ยาชง,โรงพยาบาลธวัชบุรี,ACTIVE
TTMT,9393626,หม่องตะไคร้หอม,ยาหม่องตะไคร้หอมคุณหลวง,ครีม,โรงพยาบาลธวัชบุรี,ACTIVE
TTMT,9393635,อมสมุนไพร ไอ-เฮิร์บ โอทีซี,ไอ-เฮิร์บ โอทีซี,ยาเม็ด,บริษัท มิลลิเมด จำกัด,ACTIVE
TTMT,9393642,น้ำแก้ไอ ตราไอ-เฮิร์บ,ยาน้ำแก้ไอ ตรา ไอ-เฮิร์บ,ยาน้ำ,บริษัท มิลลิเมด จำกัด,ACTIVE
TTMT,9393657,รางจืด,ยาชงรางจืด,ยาชง,บริษัท พรีราน่าเนเจอร์ จำกัด,ACTIVE
TTMT,9393661,บอระเพ็ด,บอระเพ็ดแคปซูล,ยาแคปซูล,โรงพยาบาลบ้านนา,ACTIVE
TTMT,9393674,พริกไทย,พริกไทยดำแคปซูล,ยาแคปซูล,โรงพยาบาลบ้านนา,ACTIVE
TTMT,9393688,มะขามแขก,ยาระบายมะขามแขกแคปซูล,ยาแคปซูล,โรงพยาบาลบ้านนา,ACTIVE
TTMT,9393690,มะรุม/ผักอีสุม,มะรุมแคปซูล,ยาแคปซูล,โรงพยาบาลบ้านนา,ACTIVE
TTMT,9393707,เห็ดหลินจือ/เห็ดขอนไม้,เห็ดหลินจือแคปซูล,ยาแคปซูล,โรงพยาบาลบ้านนา,ACTIVE
TTMT,9393711,แป๊ะก๊วย,ชาชงแปะก๊วย,ยาชง,โรงพยาบาลบ้านนา,ACTIVE
TTMT,9393724,ขมิ้นชัน,ยาขมิ้นชันแคปซูล,ยาแคปซูล,โรงงานฟาร์มแคร์ฟาร์มาซูติคอล คณะเภสัชศาสตร์ มหาวิทยาลัยมหาสารคาม,ACTIVE
TTMT,9393730,ฟ้าทะลายโจร,ยาฟ้าทะลายโจรแคปซูล,ยาแคปซูล,โรงงานฟาร์มแคร์ฟาร์มาซูติคอล คณะเภสัชศาสตร์ มหาวิทยาลัยมหาสารคาม,ACTIVE
TTMT,9393748,รางจืด,แคปซูลรางจืด,ยาแคปซูล,โรงงานฟาร์มแคร์ฟาร์มาซูติคอล คณะเภสัชศาสตร์ มหาวิทยาลัยมหาสารคาม,ACTIVE
TTMT,9393753,ประสะไพล,ยาประสะไพลแคปซูล ตราฟาร์มแคร์,ยาแคปซูล,โรงงาน ฟาร์มแคร์ฟาร์มาซูติคอล คณะเภสัชศาสตร์ มหาวิทยาลัยมหาสารคาม,ACTIVE
TTMT,9393769,ตรีผลา / พิกัดตรีผลา ,พิกัดตรีผลา ตราฟาร์มแคร์,ยาแคปซูล,โรงงาน ฟาร์มแคร์ฟาร์มาซูติคอล คณะเภสัชศาสตร์ มหาวิทยาลัยมหาสารคาม,ACTIVE
TTMT,9393776,ผสมเพชรสังฆาต,ยาแคปซูลผสมเพชรสังฆาต,ยาแคปซูล,โรงงาน ฟาร์มแคร์ฟาร์มาซูติคอล คณะเภสัชศาสตร์ มหาวิทยาลัยมหาสารคาม,ACTIVE
TTMT,9393782,สหัศธารา,ยาสหัสธารา,ยาแคปซูล,โรงงาน ฟาร์มแคร์ฟาร์มาซูติคอล คณะเภสัชศาสตร์ มหาวิทยาลัยมหาสารคาม,ACTIVE
TTMT,9393795,แก้ไอผสมมะขามป้อม สูตรตำรับที่ 1,ยาแก้ไอผสมมะขามป้อม ตราฟาร์มแคร์,ยาน้ำ,โรงงาน ฟาร์มแคร์ฟาร์มาซูติคอล คณะเภสัชศาสตร์ มหาวิทยาลัยมหาสารคาม,ACTIVE
TTMT,9393805,ธาตุอบเชย,ยาธาตุ ตราฟาร์มแคร์,ยาน้ำ,โรงงาน ฟาร์มแคร์ฟาร์มาซูติคอล คณะเภสัชศาสตร์ มหาวิทยาลัยมหาสารคาม,ACTIVE
TTMT,9393814,แก้ลมสุคนธวาต,ยาแก้ลมสุคนธวาต,ยาผง,โรงงาน ฟาร์มแคร์ฟาร์มาซูติคอล คณะเภสัชศาสตร์ มหาวิทยาลัยมหาสารคาม,ACTIVE
TTMT,9393822,อมหญ้าดอกขาว รสดั้งเดิม,ลูกอมไร้ควันรสดั้งเดิม,ยาเม็ด,โรงพยาบาลสิงหนคร,ACTIVE
TTMT,9393833,อมหญ้าดอกขาว รสมะนาว,ลูกอมไร้ควันรสมะนาว,ยาเม็ด,โรงพยาบาลสิงหนคร,ACTIVE
TTMT,9393846,ขี้ผึ้งแก้กลากเกลื้อน,ยาขี้ผึ้งชันก้าแสงสว่างตราค้างคาว,ขี้ผึ้ง,บริษัท แสงสว่างตราค้างคาว จำกัด,ACTIVE
TTMT,9393851,โพรโพลิซ พลัส เอ็กเฮิร์บ,โพรโพลิซ พลัส เอ็กเฮิร์บ,ยาน้ำ,บริษัท ที.แมน.ฟาร์มาซูติคอล จำกัด (บริษัท เฮเว่น เฮิร์บ จำกัด ),ACTIVE
TTMT,9393867,กระเจี๊ยบแดง,ชาชงกระเจี๊ยบ,ยาชง,โรงพยาบาลทุ่งเขาหลวง,ACTIVE
TTMT,9393879,มะตูม,ชาชงมะตูม,ยาชง,โรงพยาบาลทุ่งเขาหลวง,ACTIVE
TTMT,9393880,รางจืด,ชาชงรางจืด,ยาชง,โรงพยาบาลทุ่งเขาหลวง,ACTIVE
TTMT,9393898,อัญชัน,ชาชงอัญชัญ,ยาชง,โรงพยาบาลทุ่งเขาหลวง,ACTIVE
TTMT,9393908,พญายอ,ทิงเจอร์พญายอ,ทิงเจอร์,โรงพยาบาลแม่จริม,ACTIVE
TTMT,9393912,ฟ้าทะลายโจร,ยาฟ้าทะลายโจรชนิดสกัด แสงสว่างตราค้างคาว,ยาแคปซูล,บริษัท แสงสว่างตราค้างคาว จำกัด,ACTIVE
TTMT,9393920,ชาชงตะไคร้ใบเตย,ชาชงตะไคร้ใบเตย,ยาชง,โรงพยาบาลทุ่งเขาหลวง,ACTIVE
TTMT,9393931,ยาพอกเข่า,ยาพอกเข่า,ยาพอก,โรงพยาบาลทุ่งเขาหลวง,ACTIVE
TTMT,9393949,ยาประคบ,ลูกประคบสมุนไพร,ยาประคบ,โรงพยาบาลแม่จริม,ACTIVE
TTMT,9393954,ขี้ผึ้งไพล สูตรตำรับที่ 1,ขี้ผึ้งไพล สูตรตำรับที่ 1,ขี้ผึ้ง,โรงพยาบาลโนนศิลา,ACTIVE
TTMT,9393965,ยาประคบ,ยาประคบ,ยาประคบ,โรงพยาบาลโนนศิลา,ACTIVE
TTMT,9393977,พิมเสนน้ำ,ยาพิมเสนน้ำ,ยาน้ำ,บริษัท ขาวละออเภสัช จำกัด,ACTIVE
TTMT,9393983,แคปซูลเหงือกปลาหมอ,ยาแคปซูลเหงือกปลาหมอ,ยาแคปซูล,บริษัท ขาวละออเภสัช จำกัด,ACTIVE
TTMT,9393996,กษัยเส้นแสงสว่างตราค้างคาวชนิดแคปซูล,ยากษัยเส้นแสงสว่างตราค้างคาวชนิดแคปซูล,ยาแคปซูล,บริษัท แสงสว่างตราค้างคาว จำกัด,ACTIVE
TTMT,9394005,เม็ดพีอิน,ยาเม็ดพีอินตราค้างคาว,ยาเม็ด,บริษัท แสงสว่างตราค้างคาว จำกัด,ACTIVE
TTMT,9394014,กษัยเส้นแสงสว่างตราค้างคาวชนิดเม็ด,ยากษัยเส้นแสงสว่างตราค้างคาว,ยาเม็ด,บริษัท แสงสว่างตราค้างคาว จำกัด,ACTIVE
TTMT,9394022,เหลืองแก้ทรางตราค้างคาว,ยาเหลืองแก้ทรางตราค้างคาว,ยาแท่ง,บริษัท แสงสว่างตราค้างคาว จำกัด,ACTIVE
TTMT,9394033,แท่งสำหรับดองเหล้าแสงสว่างตราค้างคาว,ยาแท่งสำหรับดองเหล้าแสงสว่างตราค้างคาว,ยาแท่ง,บริษัท แสงสว่างตราค้างคาว จำกัด,ACTIVE
TTMT,9394046,บรรเทาริดสีดวงทวารแสงสว่างตราค้างคาว,ยาบรรเทาริดสีดวงทวารแสงสว่างตราค้างคาว,ยาลูกกลอน,บริษัท แสงสว่างตราค้างคาว จำกัด,ACTIVE
TTMT,9394051,เม็ดโรคผิวหนังตราเสือดาว เบอร์ 4,ยาเม็ดโรคผิวหนังตราเสือดาว เบอร์ 4,ยาลูกกลอน,บริษัท แสงสว่างตราค้างคาว จำกัด,ACTIVE
TTMT,9394067,ผงสำหรับดองเหล้าแสงสว่างตราค้างคาว,ยาผงสำหรับดองเหล้าแสงสว่างตราค้างคาว,ยาผง,บริษัท แสงสว่างตราค้างคาว จำกัด,ACTIVE
TTMT,9394079,ผงสำหรับดองเหล้าแสงสว่างตราค้างคาว,ยาผงสำหรับดองเหล้าแสงสว่างตราค้างคาว,ยาผง,บริษัท แสงสว่างตราค้างคาว จำกัด,ACTIVE
TTMT,9394080,ผงสำหรับดองเหล้าแสงสว่างตราค้างคาว,ยาผงสำหรับดองเหล้าแสงสว่างตราค้างคาว,ยาผง,บริษัท แสงสว่างตราค้างคาว จำกัด,ACTIVE
TTMT,9394098,ผงสำหรับดองเหล้าแสงสว่างตราค้างคาว,ยาผงสำหรับดองเหล้าแสงสว่างตราค้างคาว,ยาผง,บริษัท แสงสว่างตราค้างคาว จำกัด,ACTIVE
TTMT,9394108,ผงสำหรับดองเหล้าแสงสว่างตราค้างคาว,ยาผงสำหรับดองเหล้าแสงสว่างตราค้างคาว,ยาผง,บริษัท แสงสว่างตราค้างคาว จำกัด,ACTIVE
TTMT,9394112,หอมแสงสว่างตราค้างคาว,ยาหอมแสงสว่างตราค้างคาว,ยาผง,บริษัท แสงสว่างตราค้างคาว จำกัด,ACTIVE
TTMT,9394120,หอมแสงสว่างตราค้างคาว,ยาหอมแสงสว่างตราค้างคาว,ยาผง,บริษัท แสงสว่างตราค้างคาว จำกัด,ACTIVE
TTMT,9394131,หอมแสงสว่างตราค้างคาว,ยาหอมแสงสว่างตราค้างคาว,ยาผง,บริษัท แสงสว่างตราค้างคาว จำกัด,ACTIVE
TTMT,9394149,หอมแสงสว่างตราค้างคาว,ยาหอมแสงสว่างตราค้างคาว,ยาผง,บริษัท แสงสว่างตราค้างคาว จำกัด,ACTIVE
TTMT,9394154,หอมแสงสว่างตราค้างคาว,ยาหอมแสงสว่างตราค้างคาว,ยาผง,บริษัท แสงสว่างตราค้างคาว จำกัด,ACTIVE
TTMT,9394165,หอมแสงสว่างตราค้างคาว,ยาหอมแสงสว่างตราค้างคาว,ยาผง,บริษัท แสงสว่างตราค้างคาว จำกัด,ACTIVE
TTMT,9394177,หอมแสงสว่างตราค้างคาว,ยาหอมแสงสว่างตราค้างคาว,ยาผง,บริษัท แสงสว่างตราค้างคาว จำกัด,ACTIVE
TTMT,9394183,หอมแสงสว่างตราค้างคาว,ยาหอมแสงสว่างตราค้างคาว,ยาผง,บริษัท แสงสว่างตราค้างคาว จำกัด,ACTIVE
TTMT,9394196,หม่องตราเบญจรงค์สีขาว สูตร 2,ยาหม่องตราเบญจรงค์สีขาว สูตร 2,ขี้ผึ้ง,บริษัท แสงสว่างตราค้างคาว จำกัด,ACTIVE
TTMT,9394203,หม่องผสมเสลดพังพอน,ยาหม่องผสมเสลดพังพอนตราเบญจรงค์,ขี้ผึ้ง,บริษัท แสงสว่างตราค้างคาว จำกัด,ACTIVE
TTMT,9394219,หม่องผสมไพล,ยาหม่องผสมไพลตราเบญจรงค์,ขี้ผึ้ง,บริษัท แสงสว่างตราค้างคาว จำกัด,ACTIVE
TTMT,9394226,หม่องสูตรพริก,ยาหม่องสูตรพริกตราเบญจรงค์,ขี้ผึ้ง,บริษัท แสงสว่างตราค้างคาว จำกัด,ACTIVE
TTMT,9394235,หม่องผสมว่านเอ็นเหลือง,ยาหม่องว่านเอ็นเหลืองตราเบญจรงค์,ขี้ผึ้ง,บริษัท แสงสว่างตราค้างคาว จำกัด,ACTIVE
TTMT,9394242,หม่องผสมเกล็ดสะระแหน่,ยาหม่องผสมเกล็ดสะระแหน่ตราเบญจรงค์,ขี้ผึ้ง,บริษัท แสงสว่างตราค้างคาว จำกัด,ACTIVE
TTMT,9394257,หม่องตราเบญจรงค์สีส้ม สูตร 2,ยาหม่องตราเบญจรงค์สีส้ม สูตร 2,ขี้ผึ้ง,บริษัท แสงสว่างตราค้างคาว จำกัด,ACTIVE
TTMT,9394261,หม่องตราเบญจรงค์สีชมพู สูตร 2,ยาหม่องตราเบญจรงค์สีชมพู สูตร 2,ขี้ผึ้ง,บริษัท แสงสว่างตราค้างคาว จำกัด,ACTIVE
TTMT,9394274,หม่องตราเบญจรงค์สีเหลือง สูตร 2,ยาหม่องตราเบญจรงค์สีสีเหลือง สูตร 2,ขี้ผึ้ง,บริษัท แสงสว่างตราค้างคาว จำกัด,ACTIVE
TTMT,9394288,หม่องตราเบญจรงค์สีเขียว,ยาหม่องตราเบญจรงค์สีเขียว,ขี้ผึ้ง,บริษัท แสงสว่างตราค้างคาว จำกัด,ACTIVE
TTMT,9394290,ไพลคิวแพน,ยาไพลคิวแพน,ครีม,บริษัท แสงสว่างตราค้างคาว จำกัด,ACTIVE
TTMT,9394300,ชิลลิกาเจล,ชิลลิกาเจล,ครีม,บริษัท แสงสว่างตราค้างคาว จำกัด,ACTIVE
TTMT,9394316,พิมเสนน้ำ,ยาพิมเสนน้ำ,ยาน้ำ,บริษัท แสงสว่างตราค้างคาว จำกัด,ACTIVE
TTMT,9394328,ดองแสงสว่างตราค้างคาว,ยาดองแสงสว่างตราค้างคาว,ยาน้ำ,บริษัท แสงสว่างตราค้างคาว จำกัด,ACTIVE
TTMT,9394337,ดองเหล้าแสงสว่างตราค้างคาวชนิดน้ำ,ยาดองเหล้าแสงสว่างตราค้างคาวชนิดน้ำ,ยาน้ำ,บริษัท แสงสว่างตราค้างคาว จำกัด,ACTIVE
TTMT,9394344,กุมารแสงสว่างตราค้างคาว,ยากุมารแสงสว่างตราค้างคาว,ยาน้ำ,บริษัท แสงสว่างตราค้างคาว จำกัด,ACTIVE
TTMT,9394359,กษัยแสงสว่างตราค้างคาว,ยากษัยแสงสว่างตราค้างคาว,ยาน้ำ,บริษัท แสงสว่างตราค้างคาว จำกัด,ACTIVE
TTMT,9394363,มหาหิงคุ์แสงสว่างตราค้างคาว,มหาหิงคุ์แสงสว่างตราค้างคาว,ยาน้ำ,บริษัท แสงสว่างตราค้างคาว จำกัด,ACTIVE
TTMT,9394371,มหาหิงคุ์ เอสบี,มหาหิงคุ์ เอสบี,ยาน้ำ,บริษัท แสงสว่างตราค้างคาว จำกัด,ACTIVE
TTMT,9394385,สตรีแสงสว่างตราค้างคาว,ยาสตรีแสงสว่างตราค้างคาว,ยาน้ำ,บริษัท แสงสว่างตราค้างคาว จำกัด,ACTIVE
TTMT,9394392,ดองเหล้ากระชายดำแสงสว่างตราค้างคาว,ยาดองเหล้ากระชายดำแสงสว่างตราค้างคาว,ยาน้ำ,บริษัท แสงสว่างตราค้างคาว จำกัด,ACTIVE
TTMT,9394407,มะขามแขก,ยามะขามแขก,ยาแคปซูล,โรงพยาบาลสมเด็จพระยุพราชยะหา,ACTIVE
TTMT,9394411,ฟ้าทะลายโจร,ยาฟ้าทะลายโจร,ยาแคปซูล,โรงพยาบาลสมเด็จพระยุพราชยะหา,ACTIVE
TTMT,9394424,เถาวัลย์เปรียง,ยาเถาวัลย์เปรียง,ยาแคปซูล,โรงพยาบาลสมเด็จพระยุพราชยะหา,ACTIVE
TTMT,9394430,น้ำมันไพล,น้ำมันไพล,ยาเข้าน้ำมัน,โรงพยาบาลภักดีชุมพล,ACTIVE
TTMT,9394448,ผสมเพชรสังฆาต สูตรตำรับที่ 1,ยาผสมเพชรสังฆาต สูตรที่ 1,ยาแคปซูล,โรงพยาบาลสมเด็จพระยุพราชยะหา,ACTIVE
TTMT,9394453,น้ำมันต้นกระดูกไก่ดำ,น้ำมันต้นกระดูกไก่ดำ,ยาเข้าน้ำมัน,โรงพยาบาลแม่ลาน,ACTIVE
TTMT,9394469,ยาประคบ,ยาประคบสมุนไพรแห้ง,ยาประคบ,โรงพยาบาลโพนทราย,ACTIVE
TTMT,9394476,น้ำมันขิง,น้ำมันขิง,ยาเข้าน้ำมัน,โรงพยาบาลโพนทราย,ACTIVE
TTMT,9394482,ต้มมะตูม,ยาต้มมะตูม,ยาต้ม,โรงพยาบาลโพนทราย,ACTIVE
TTMT,9394495,น้ำแก้ไอผสมมะขามป้อม แสงสว่างตราค้างคาว,ยาน้ำแก้ไอผสมมะขามป้อม มาลัคคาคัฟ,ยาน้ำ,บริษัท แสงสว่างตราค้างคาว จำกัด,ACTIVE
TTMT,9394509,ขี้ผึ้งไพล สูตรตำรับที่ 1,ยาหม่องไพล,ขี้ผึ้ง,โรงพยาบาลภักดีชุมพล,ACTIVE
TTMT,9394513,ยาประคบ,ลูกประคบสมุนไพร,ยาประคบ,โรงพยาบาลภักดีชุมพล,ACTIVE
TTMT,9394521,แก้ลมขึ้นเบื้องสูง,ยาแก้ลมขึ้นเบื้องสูง,ยาผง,โรงพยาบาลพระอาจารย์ฝั้นอาจาโร,ACTIVE
TTMT,9394532,ทัพยาธิคุณ,ยาทัพยาธิคุณ,ยาผง,โรงพยาบาลพระอาจารย์ฝั้นอาจาโร,ACTIVE
TTMT,9394545,ศุขไสยาศน์,ยาศุขไสยาศน์,ยาผง,โรงพยาบาลพระอาจารย์ฝั้นอาจาโร,ACTIVE
TTMT,9394550,น้ำมันสนั่นไตรภพ,ยาน้ำมันสนั่นไตรภพ,ยาเข้าน้ำมัน,โรงพยาบาลพระอาจารย์ฝั้นอาจาโร,ACTIVE
TTMT,9394566,ทำลายพระสุเมรุ,ยาทำลายพระสุเมรุ,ยาผง,โรงพยาบาลพระอาจารย์ฝั้นอาจาโร,ACTIVE
TTMT,9394578,แก้นอนไม่หลับ/ยาแก้ไข้ผอมเหลือง,ยาแก้นอนไม่หลับ/ยาแก้ไข้ผอมเหลือง,ยาผง,โรงพยาบาลพระอาจารย์ฝั้นอาจาโร,ACTIVE
TTMT,9394584,ไพสาลี,ยาไพสาลี,ยาผง,โรงพยาบาลพระอาจารย์ฝั้นอาจาโร,ACTIVE
TTMT,9394597,ทาริดสีดวงทวารหนักและโรคผิวหนัง,ยาทาริดสีดวงทวารหนักและโรคผิวหนัง,ยาผง,โรงพยาบาลพระอาจารย์ฝั้นอาจาโร,ACTIVE
TTMT,9394606,ทาริดสีดวงทวารหนักและโรคผิวหนัง,ยาทาริดสีดวงทวารหนักและโรคผิวหนัง,ยาเข้าน้ำมัน,โรงพยาบาลพระอาจารย์ฝั้นอาจาโร,ACTIVE
TTMT,9394610,แก้ลมแก้เส้น,ยาแก้ลมแก้เส้น,ยาผง,โรงพยาบาลพระอาจารย์ฝั้นอาจาโร,ACTIVE
TTMT,9394623,อไภยสาลี,ยาอไภยสาลี,ยาผง,โรงพยาบาลพระอาจารย์ฝั้นอาจาโร,ACTIVE
TTMT,9394634,อัมฤตโอสถ,ยาอัมฤตย์โอสถ,ยาผง,โรงพยาบาลพระอาจารย์ฝั้นอาจาโร,ACTIVE
TTMT,9394647,แก้โรคจิต,ยาแก้โรคจิต,ยาผง,โรงพยาบาลพระอาจารย์ฝั้นอาจาโร,ACTIVE
TTMT,9394652,แก้สัณฑฆาต กล่อนแห้ง,ยาแก้สันฑฆาต กล่อนแห้ง,ยาผง,โรงพยาบาลพระอาจารย์ฝั้นอาจาโร,ACTIVE
TTMT,9394668,อัคคินีวคณะ,ยาอัคคินีวคณะ,ยาผง,โรงพยาบาลพระอาจารย์ฝั้นอาจาโร,ACTIVE
TTMT,9394675,แก้ลมเนาวนารีวาโย,ยาแก้ลมเนาวนารีวาโย,ยาผง,โรงพยาบาลพระอาจารย์ฝั้นอาจาโร,ACTIVE
TTMT,9394681,ไฟอาวุธ,ยาไฟอาวุธ,ยาผง,โรงพยาบาลพระอาจารย์ฝั้นอาจาโร,ACTIVE
TTMT,9394699,ผักเชียงดา,ชาชงผักเชียงดา,ยาผง,โรงพยาบาลท่าฉาง,ACTIVE
TTMT,9394702,ไพสาลี,ยาไพสาลี,ยาผง,โรงพยาบาลพระอาจารย์ฝั้นอาจาโร,ACTIVE
TTMT,9394718,สเปรย์น้ำมันตะไคร้หอมไล่ยุง,สเปรย์น้ำมันตะไคร้หอมไล่ยุง ตราห้วยเฮิร์บ,ยาน้ำ,โรงพยาบาลห้วยทับทัน,ACTIVE
TTMT,9394725,อมแก้ไอผสมมะขามป้อม,ยาอมแก้ไอผสมมะขามป้อม มาลักคาคัฟ,ยาเม็ด,บริษัท แสงสว่างตราค้างคาว จำกัด,ACTIVE
TTMT,9394739,ทาพระเส้น ตำรับที่ 58,ยาทาพระเส้น(๔๓๐ กรัม),ยาน้ำ,โรงพยาบาลพระนารายณ์มหาราช,ACTIVE
TTMT,9394741,พระอังคบพระเส้น ตำรับที่ 57,ยาพระอังคบพระเส้น( ๕๐ กรัม),ยาประคบ,โรงพยาบาลพระนารายณ์มหาราช,ACTIVE
TTMT,9394756,ยาพอกสมุนไพร,ยาพอกสมุนไพร(๕๒๐ กรัม),ยาพอก,โรงพยาบาลพระนารายณ์มหาราช,ACTIVE
TTMT,9394760,น้ำมันยาทาพระเส้น ,น้ำมันยาทาพระเส้น(๘๐ ซีซี/ขวด),ยาเข้าน้ำมัน,โรงพยาบาลพระนารายณ์มหาราช,ACTIVE
TTMT,9394773,หม่องยาทาพระเส้น ,ยาหม่องยาทาพระเส้น( ๕๐ กรัม/ขวด),ขี้ผึ้ง,โรงพยาบาลพระนารายณ์มหาราช,ACTIVE
TTMT,9394787,พอกเข่าดองดึง,ยาพอกเข่าดองดึง,ยาพอก,โรงพยาบาลเชียงขวัญ,ACTIVE
TTMT,9394794,สมุนไพรอบตัว,สมุนไพรอบตัว,ยาต้ม,โรงพยาบาลเชียงขวัญ,ACTIVE
TTMT,9394804,พิมเสนน้ำ,ยาดมพิมเสนน้ำ,ยาน้ำ,โรงพยาบาลเชียงขวัญ,ACTIVE
TTMT,9394815,พิมเสนน้ำ,ยาดมพิมเสนน้ำสำลี,ยาน้ำ,โรงพยาบาลเชียงขวัญ,ACTIVE
TTMT,9394827,ยาประคบ,ลูกประคบสมุนไพรจิ๋ว,ยาประคบ,โรงพยาบาลเชียงขวัญ,ACTIVE
TTMT,9394836,ยาประคบ,ลูกประคบสมุนไพร,ยาประคบ,โรงพยาบาลเชียงขวัญ,ACTIVE
TTMT,9394843,ขี้ผึ้งไพล สูตรตำรับที่ 1,ยาหม่องไพล,ขี้ผึ้ง,โรงพยาบาลเชียงขวัญ,ACTIVE
TTMT,9394858,ฟ้าทะลายโจร,ฟ้าทะลายโจรแคปซูล,ยาแคปซูล,โรงพยาบาลหนองโดน,ACTIVE
TTMT,9394862,เถาวัลย์เปรียง,เถาวัลย์เปรียงแคปซูล,ยาแคปซูล,โรงพยาบาลหนองโดน,ACTIVE
TTMT,9394870,มะรุม/ผักอีสุม,มะรุมแคปซูล,ยาแคปซูล,โรงพยาบาลหนองโดน,ACTIVE
TTMT,9394889,มะขามแขก,มะขามแขกแคปซูล,ยาแคปซูล,โรงพยาบาลสมเด็จพระยุพราชเด่นชัย,ACTIVE
TTMT,9394891,ปราบชมพูทวีป,ยาปราบชมพูทวีปแคปซูล,ยาแคปซูล,โรงพยาบาลสมเด็จพระยุพราชเด่นชัย,ACTIVE
TTMT,9394901,หอมเทพจิตร,ยาหอมเทพจิตร,ยาผง,โรงพยาบาลสมเด็จพระยุพราชเด่นชัย,ACTIVE
TTMT,9394917,ศุขไสยาศน์,ยาศุขไสยาศน์,ยาผง,โรงพยาบาลสมเด็จพระยุพราชเด่นชัย,ACTIVE
TTMT,9394929,น้ำมันสนั่นไตรภพ,ยาน้ำมันสนั่นไตรภพ,ยาเข้าน้ำมัน,โรงพยาบาลสมเด็จพระยุพราชเด่นชัย,ACTIVE
TTMT,9394938,ทำลายพระสุเมรุ,ยาทำลายพระสุเมรุ,ยาแคปซูล,โรงพยาบาลสมเด็จพระยุพราชเด่นชัย,ACTIVE
TTMT,9394940,ทัพยาธิคุณ,ยาทัพยาธิคุณ,ยาผง,โรงพยาบาลสมเด็จพระยุพราชเด่นชัย,ACTIVE
TTMT,9394955,แก้สัณฑฆาต กล่อนแห้ง,ยาแก้สัณฑฆาตกล่อนแห้ง,ยาแคปซูล,โรงพยาบาลสมเด็จพระยุพราชเด่นชัย,ACTIVE
TTMT,9394964,ไฟอาวุธ,ยาไฟอาวุธ,ยาผง,โรงพยาบาลสมเด็จพระยุพราชเด่นชัย,ACTIVE
TTMT,9394972,แก้โรคเชื้อราที่เล็บ,ยาแก้โรคเชื้อราที่เล็บ,ยาน้ำแขวนตะกอน,โรงพยาบาลส่งเสริมสุขภาพตำบลศาลานเรศวร,ACTIVE
TTMT,9394986,กษัยเส้นชนิดเม็ด,ยากษัยเส้น ชนิดเม็ด,ยาเม็ด,บริษัท แสงสว่างตราค้างคาว จำกัด,ACTIVE
TTMT,9394993,แก้ไอตราเสือดาว,ยาแก้ไอตราเสือดาวสูตรผสมน้ำผึ้งมะนาว,ยาน้ำ,บริษัท แสงสว่างตราค้างคาว จำกัด,ACTIVE
TTMT,9395006,ตราไอยสวรรค์สูตร 2,ยาตราไอยสวรรค์สูตร 2,ยาน้ำ,บริษัท วิริยมัย(2448) จำกัด,ACTIVE
TTMT,9395010,ฉวีเวชโอสถ,ยาฉวีเวชโอสถ,ยาเข้าน้ำมัน,โรงพยาบาลตากใบ,ACTIVE
TTMT,9395023,น้ำมันคนทีสอทะเล,น้ำมันคนทีสอทะเล,ยาเข้าน้ำมัน,โรงพยาบาลตากใบ,ACTIVE
TTMT,9395034,กลีเซอรีนว่านตีนตะขาบ,กลีเซอรีนว่านตีนตะขาบ,ทิงเจอร์,โรงพยาบาลตากใบ,ACTIVE
TTMT,9395047,น้ำมันกัญชา,น้ำมันกัญชา(ตำรับหมอเดชา) กรมการแพทย์แผนไทยและการแพทย์ทางเลือก ,ยาเข้าน้ำมัน,กองพัฒนายาแผนไทยและสมุนไพร กรมการแพทย์แผนไทยและการแพทย์ทางเลือก,ACTIVE
TTMT,9395052,ฟ้าทะลายโจร,ยาฟ้าทะลายโจรแคปซูล 350 มิลลิกรัม,ยาแคปซูล,บริษัท แก้วมังกรเภสัช จำกัด,ACTIVE
TTMT,9395068,ขมิ้นชัน,ยาขมิ้นชันแคปซูล,ยาแคปซูล,บริษัท แก้วมังกรเภสัช จำกัด,ACTIVE
TTMT,9395075,ผักเชียงดา,ชาชงผักเชียงดา,ยาชง,โรงพยาบาลท่าฉาง,ACTIVE
TTMT,9395081,น้ำมันไพล,น้ำมันไพล,ยาเข้าน้ำมัน,โรงพยาบาลบางแพ,ACTIVE
TTMT,9395099,ขิง,ยาขิง ตราสุภาพโอสถ,ยาแคปซูล,บริษัท โรงงานเภสัชอุตสาหกรรม เจเอสพี (ประเทศไทย) จำกัด (มหาชน),ACTIVE
TTMT,9395109,ฟ้าทะลายโจร,ยาแคปซูลสมุนไพร ฟ้าทะลายโจร ตราจำนงเภสัชกรรมไทย,ยาแคปซูล,สถานที่ผลิตยาจำนงเภสัชกรรมไทย,ACTIVE
TTMT,9395113,ขมิ้นชัน,ยาแคปซูลขมิ้นชัน ตราจำนงเภสัชกรรมไทย,ยาแคปซูล,สถานที่ผลิตยาจำนงเภสัชกรรมไทย,ACTIVE
TTMT,9395121,ธาตุบรรจบ ,ยาธาตุบรรจบ ตราเคเอ็มพี,ยาแคปซูล,บริษัท แก้วมังกรเภสัช จำกัด,ACTIVE
TTMT,9395132,ยาพอก,ยาพอก,ยาพอก,โรงพยาบาลบางแพ,ACTIVE
TTMT,9395145,บำรุงน้ำนม แคปซูล,ยาบำรุงน้ำนม แคปซูล,ยาแคปซูล,บริษัท ขาวละออเภสัช จำกัด,ACTIVE
TTMT,9395150,ธรณีสันฑะฆาต,ยาธรณีสันฑะฆาต ตราสุภาพโอสถ,ยาแคปซูล,บริษัท โรงงานเภสัชอุตสาหกรรม เจเอสพี(ประเทศไทย) จำกัด (มหาชน),ACTIVE
TTMT,9395166,เถาวัลย์เปรียง ตราสุภาพโอสถ,ยาเถาวัลย์เปรียง ตราสุภาพโอสถ,ยาแคปซูล,บริษัท โรงงานเภสัชอุตสาหกรรม เจเอสพี(ประเทศไทย) จำกัด (มหาชน),ACTIVE
TTMT,9395178,ประสะไพล,ยาประสะไพล ตราสุภาพโอสถ,ยาแคปซูล,บริษัท โรงงานเภสัชอุตสาหกรรม เจเอสพี(ประเทศไทย) จำกัด (มหาชน),ACTIVE
TTMT,9395184,ดมสมุนไพร ชนิดผง,ยาดมสมุนไพร HERBAL INHALANT,ยาผง,ห้องปฏิบัติการผลิตยาแผนโบราณคณะเภสัชศาสตร์ มหาวิทยาลัยเชียงใหม่ ,ACTIVE
TTMT,9395197,ขี้ผึ้งไพล สูตรตำรับที่ 1,ยาขี้ผึ้งผสมไพล COMPOUND PLAI OINTMENT,ขี้ผึ้ง,ห้องปฏิบัติการผลิตยาแผนโบราณคณะเภสัชศาสตร์ มหาวิทยาลัยเชียงใหม่ ,ACTIVE
TTMT,9395204,ดมสมุนไพร ชนิดน้ำ,ยาดมสมุนไพรชนิดน้ำ HERBAL LIQUID INHALANT,ยาน้ำ,ห้องปฏิบัติการผลิตยาแผนโบราณคณะเภสัชศาสตร์ มหาวิทยาลัยเชียงใหม่ ,ACTIVE
TTMT,9395215,น้ำมันเหลืองตำรับ 2,ยาน้ำมันเหลืองตำรับ 2 YELLOW OIL FORMULA 2,ยาเข้าน้ำมัน,ห้องปฏิบัติการผลิตยาแผนโบราณคณะเภสัชศาสตร์ มหาวิทยาลัยเชียงใหม่ ,ACTIVE
TTMT,9395227,น้ำมันเหลืองตำรับ 3,ยาน้ำมันเหลืองตำรับ 3 YELLOW OIL FORMULA 3,ยาเข้าน้ำมัน,ห้องปฏิบัติการผลิตยาแผนโบราณคณะเภสัชศาสตร์ มหาวิทยาลัยเชียงใหม่ ,ACTIVE
TTMT,9395236,ขี้ผึ้งผสมเสลดพังพอน,ยาขี้ผึ้งผสมเสลดพังพอน COMPOUND SALET PONG PON OINTMENT,ขี้ผึ้ง,ห้องปฏิบัติการผลิตยาแผนโบราณคณะเภสัชศาสตร์ มหาวิทยาลัยเชียงใหม่ ,ACTIVE
TTMT,9395243,น้ำมันเหลืองตำรับ 4,ยาน้ำมันเหลืองตำรับ 4 YELLOW OIL FORMULA 4,ยาเข้าน้ำมัน,ห้องปฏิบัติการผลิตยาแผนโบราณคณะเภสัชศาสตร์ มหาวิทยาลัยเชียงใหม่ ,ACTIVE
TTMT,9395258,พิมเสนน้ำ,พิมเสนน้ำ BORNEOL MIXTURE,ยาเข้าน้ำมัน,ห้องปฏิบัติการผลิตยาแผนโบราณคณะเภสัชศาสตร์ มหาวิทยาลัยเชียงใหม่ ,ACTIVE
TTMT,9395262,แคปซูลตำรับสมุนไพรไทย,ยาแคปซูลตำรับสมุนไพรไทย THAI HERBAL FORMULA CAPSULE,ยาแคปซูล,ห้องปฏิบัติการผลิตยาแผนโบราณคณะเภสัชศาสตร์ มหาวิทยาลัยเชียงใหม่ ,ACTIVE
TTMT,9395270,ขี้ผึ้งนวดผสมสารสกัดสมุนไพร,ยาขี้ผึ้งนวดผสมสารสกัดสมุนไพร COMPOUND HERBAL EXTRACT MASSAGE OINTMENT,ขี้ผึ้ง,ห้องปฏิบัติการผลิตยาแผนโบราณคณะเภสัชศาสตร์ มหาวิทยาลัยเชียงใหม่ ,ACTIVE
TTMT,9395289,น้ำมันนวดผสมสารสกัดสมุนไพร,ยาน้ำมันนวดผสมสารสกัดสมุนไพร COMPOUND HERBAL EXTRACT MASSAGE OIL,ยาเข้าน้ำมัน,ห้องปฏิบัติการผลิตยาแผนโบราณคณะเภสัชศาสตร์ มหาวิทยาลัยเชียงใหม่ ,ACTIVE
TTMT,9395291,สตรีชนิดแคปซูล,ยาสตรีชนิดแคปซูล ตราจำนงเภสัชกรรมไทย,ยาแคปซูล,สถานที่ผลิตยาจำนงเภสัชกรรมไทย,ACTIVE
TTMT,9395301,ระบายสมุนไพรชนิดแคปซูล,ยาระบายสมุนไพรชนิดแคปซูล ตราจำนงเภสัชกรรมไทย,ยาแคปซูล,สถานที่ผลิตยาจำนงเภสัชกรรมไทย,ACTIVE
TTMT,9395317,แคปซูลสมุนไพรผสมส้มแขก,ยาแคปซูลสมุนไพรผสมส้มแขก ตราจำนงเภสัชกรรมไทย,ยาแคปซูล,สถานที่ผลิตยาจำนงเภสัชกรรมไทย,ACTIVE
TTMT,9395329,แคปซูลสมุนไพรบรรเทาริดสีดวง,ยาแคปซูลสมุนไพรบรรเทาอาการริดสีดวงทวาร ตราจำนงเภสัชกรรมไทย,ยาแคปซูล,สถานที่ผลิตยาจำนงเภสัชกรรมไทย,ACTIVE
TTMT,9395338,กระเจี๊ยบแดง,ชาชงกระเจี๊ยบแดง,ยาชง,โรงพยาบาลน้ำโสม,ACTIVE
TTMT,9395340,หญ้าหนวดแมว,ชาชงหญ้าหนวดแมว,ยาชง,โรงพยาบาลน้ำโสม,ACTIVE
TTMT,9395355,หญ้าดอกขาว,ชาชงหญ้าดอกขาว,ยาชง,โรงพยาบาลน้ำโสม,ACTIVE
TTMT,9395364,ชุมเห็ดเทศ,ชาชงชุมเห็ดเทศ,ยาชง,โรงพยาบาลน้ำโสม,ACTIVE
TTMT,9395372,ปีบ / กาสะลอง,ชาชงดอกปีบ,ยาชง,โรงพยาบาลน้ำโสม,ACTIVE
TTMT,9395386,หนุมานประสานกาย,ชาชงหนุมานประสานกาย,ยาชง,โรงพยาบาลน้ำโสม,ACTIVE
TTMT,9395393,กล้วย,ยากล้วยผง แบนทาชิด,ยาผง,บริษัท แสงสว่างตราค้างคาว จำกัด,ACTIVE
TTMT,9395408,ตรีธารทิพย์ / พิกัดตรีธารทิพย์,พิกัดตรีธารทิพย์,ยาต้ม,โรงพยาบาลน้ำโสม,ACTIVE
TTMT,9395412,ตรีผลา / พิกัดตรีผลา ,พิกัดตรีผลา,ยาต้ม,โรงพยาบาลน้ำโสม,ACTIVE
TTMT,9395420,ผสมโคคลาน สูตรตำรับที่ 1,ยาผสมโคคลาน สูตร 1,ยาต้ม,โรงพยาบาลน้ำโสม,ACTIVE
TTMT,9395431,ผสมโคคลาน สูตรตำรับที่ 2,ยาผสมโคคลาน สูตร 2,ยาต้ม,โรงพยาบาลน้ำโสม,ACTIVE
TTMT,9395449,ตรีเกสรมาศ / พิกัดเกสรมาศ,พิกัดตรีเกสรมาศ,ยาต้ม,โรงพยาบาลน้ำโสม,ACTIVE
TTMT,9395454,ตรีกฏุก,พิกัดตรีกฏุก,ยาต้ม,โรงพยาบาลน้ำโสม,ACTIVE
TTMT,9395465,ตรีสาร,พิกัดตรีสาร,ยาต้ม,โรงพยาบาลน้ำโสม,ACTIVE
TTMT,9395477,น้ำมันไพล,น้ำมันไพล,ยาเข้าน้ำมัน,โรงพยาบาลน้ำโสม,ACTIVE
TTMT,9395483,สมุนไพรอบตัว,สมุนไพรอบตัว,ยาต้ม,โรงพยาบาลน้ำโสม,ACTIVE
TTMT,9395496,ไฟห้ากอง ,ยาไฟห้ากอง,ยาต้ม,โรงพยาบาลน้ำโสม,ACTIVE
TTMT,9395505,ริดสีดวงมหากาฬ (ตำรับในระบบทางเดินอาหารส่วนกลางและส่วนปลาย),ยาริดสีดวงมหากาฬ,ยาต้ม,โรงพยาบาลน้ำโสม,ACTIVE
TTMT,9395514,ยาประคบ,ลูกประคบสมุนไพร,ยาประคบ,โรงพยาบาลน้ำโสม,ACTIVE
TTMT,9395522,คุมธาตุ,ยาคุมธาตุ,ยาต้ม,โรงพยาบาลน้ำโสม,ACTIVE
TTMT,9395533,สหัศธารา,ยาสหัศธารา (ชนิดแคปซูล) เวชพงศ์โอสถ,ยาแคปซูล,บริษัท แสงสว่างตราค้างคาว จำกัด,ACTIVE
TTMT,9395546,ริดสีดวงมหากาฬ (ตำรับในระบบทางเดินอาหารส่วนกลางและส่วนปลาย),ยาริดสีดวงมหากาฬ (ชนิดแคปซูล) เวชพงศ์โอสถ,ยาแคปซูล,บริษัท แสงสว่างตราค้างคาว จำกัด,ACTIVE
TTMT,9395551,หอมเทพจิตร,ยาหอมเทพจิตร,ยาผง,โรงพยาบาลกุดชุม,ACTIVE
TTMT,9395567,เขียวหอม,ยาเขียวหอม,ยาผง,โรงพยาบาลกุดชุม,ACTIVE
TTMT,9395579,สมุนไพรอบตัว,ยาอบสมุนไพร,ยาต้ม,โรงพยาบาลราชบุรี,ACTIVE
TTMT,9395580,ยาประคบ,ยาประคบสมุนไพร,ยาประคบ,โรงพยาบาลราชบุรี,ACTIVE
TTMT,9395598,อภัยสาลี,ยาอภัยสาลี,ยาต้ม,โรงพยาบาลราชบุรี,ACTIVE
TTMT,9395607,ต้มแก้สรรพกุฏฐโรค,ยาต้มแก้สรรพกุฏฐโรค,ยาต้ม,โรงพยาบาลราชบุรี,ACTIVE
TTMT,9395611,ทากุฏฐโรค,ยาทากุฏฐโรค,ยาเข้าน้ำมัน,โรงพยาบาลราชบุรี,ACTIVE
TTMT,9395624,น้ำมันไพล,น้ำมันไพล,ยาเข้าน้ำมัน,โรงพยาบาลศรีเชียงใหม่,ACTIVE
TTMT,9395630,หม่องไพล,ยาหม่องไพล,ขี้ผึ้ง,โรงพยาบาลศรีเชียงใหม่,ACTIVE
TTMT,9395648,ยาพอกเข่า,ยาพอกเข่า,ยาพอก,โรงพยาบาลศรีเชียงใหม่,ACTIVE
TTMT,9395653,ดมสมุนไพร,ยาดมสมุนไพร,ยาน้ำ,โรงพยาบาลศรีเชียงใหม่,ACTIVE
TTMT,9395669,มะขามแขก,ยาเซนน่า YA SENNA,ยาแคปซูล,ห้างหุ้นส่วนจำกัด ไทยรุ่งเรืองฟาร์มาซูติคอล,ACTIVE
TTMT,9395676,มะขามแขก,ยาเซนน่า ชนิดเม็ด YA SENNA TABLET,ยาแคปซูล,ห้างหุ้นส่วนจำกัด ไทยรุ่งเรืองฟาร์มาซูติคอล,ACTIVE
TTMT,9395682,ขมิ้นชัน,ยาขมิ้นชันชนิดแคปซูล,ยาแคปซูล,โรงพยาบาลสิงหนคร,ACTIVE
TTMT,9395695,ฟ้าทะลายโจร,ยาฟ้าทะลายโจรชนิดแคปซูล,ยาแคปซูล,โรงพยาบาลสิงหนคร,ACTIVE
TTMT,9395703,เถาวัลย์เปรียง,ยาเถาวัลย์เปรียงชนิดแคปซูล,ยาแคปซูล,โรงพยาบาลสิงหนคร,ACTIVE
TTMT,9395719,มะขามแขก,ยาระบายมะขามแขกชนิดแคปซูล,ยาแคปซูล,โรงพยาบาลสิงหนคร,ACTIVE
TTMT,9395726,ทิงเจอร์ทองพันชั่ง,ยาทิงเจอร์ทองพันชั่ง,ทิงเจอร์,โรงพยาบาลพิบูลย์รักษ์,ACTIVE
TTMT,9395735,ผสมเพชรสังฆาต สูตรตำรับที่ 1,ยาผสมเพชรสังฆาต สูตร 1 ชนิดแคปซูล,ยาแคปซูล,โรงพยาบาลสิงหนคร,ACTIVE
TTMT,9395742,ต้มสะเก็ดเงิน (รพ.พนา),ยาต้มสะเก็ดเงิน รพ.พนา,ยาต้ม,โรงพยาบาลพนา,ACTIVE
TTMT,9395757,ต้มอาบสะเก็ดเงิน (รพ.พนา),ยาต้มอาบสะเก็ดเงิน รพ.พนา,ยาต้ม,โรงพยาบาลพนา,ACTIVE
TTMT,9395761,ปรับไฟธาตุ (รพ.พนา),ยาปรับไฟธาตุ รพ.พนา,ยาต้ม,โรงพยาบาลพนา,ACTIVE
TTMT,9395774,น้ำมันสะเก็ดเงิน (รพ.พนา),น้ำมันสะเก็ดเงิน รพ.พนา,ยาเข้าน้ำมัน,โรงพยาบาลพนา,ACTIVE
TTMT,9395788,พอกเข่า (รพ.บ้านไผ่),ยาพอกเข่าดองดึง,ยาพอก,โรงพยาบาลบ้านไผ่,ACTIVE
TTMT,9395790,บำรุงน้ำนม (รพ.บ้านไผ่),ยาบำรุงน้ำนม,ยาต้ม,โรงพยาบาลบ้านไผ่,ACTIVE
TTMT,9395800,ริดสีดวงทวาร,ยาริดสีดวงทวาร,ยาต้ม,โรงพยาบาลบ้านไผ่,ACTIVE
TTMT,9395816,แก้ปวดเมื่อย (รพ.บ้านไผ่),ยาบรรเทาอาการปวดเมื่อย,ยาต้ม,โรงพยาบาลบ้านไผ่,ACTIVE
TTMT,9395828,ขี้ผึ้งไพล สูตรตำรับที่ 1,ยาขี้ผึ้งไพล,ขี้ผึ้ง,โรงพยาบาลพิบูลย์รักษ์,ACTIVE
TTMT,9395837,ขมิ้นชัน,ยาขมิ้นชัน ชนิดแคปซูล,ยาแคปซูล,บริษัท แสงสว่างตราค้างคาว จำกัด,ACTIVE
TTMT,9395844,ฟ้าทะลายโจร,ยาฟ้าทะลายโจร ชนิดแคปซูล,ยาแคปซูล,บริษัท แสงสว่างตราค้างคาว จำกัด,ACTIVE
TTMT,9395859,สเปรย์กระดูกไก่ดำ,สเปรย์กระดูกไก่ดำ,ทิงเจอร์,โรงพยาบาลสตูล,ACTIVE
TTMT,9395863,ยาประคบ,ลูกประคบสมุนไพร,ยาประคบ,โรงพยาบาลส่งเสริมสุขภาพตำบลบ้านศาลเจ้าไก่ต่อ,ACTIVE
TTMT,9395871,ผสมเพชรสังฆาต ชนิดแคปซูล,ยาผสมเพชรสังฆาต ชนิดแคปซูล,ยาแคปซูล,บริษัท แสงสว่างตราค้างคาว จำกัด,ACTIVE
TTMT,9395885,ลีโอคับ บาล์ม,ยาลีโอคับ บาล์ม LEOCUB BALM,ขี้ผึ้ง,บริษัท แสงสว่างตราค้างคาว จำกัด,ACTIVE
TTMT,9395892,ศุขไสยาศน์,ยาศุขไสยาศน์,ยาแคปซูล,โรงพยาบาลคูเมือง,ACTIVE
TTMT,9395902,ทำลายพระสุเมรุ,ยาทำลายพระสุเมรุ,ยาแคปซูล,โรงพยาบาลคูเมือง,ACTIVE
TTMT,9395918,ทาริดสีดวงทวารหนักและโรคผิวหนัง,ยาทาริดสีดวงทวารหนักและโรคผิวหนัง,ยาผง,โรงพยาบาลคูเมือง,ACTIVE
TTMT,9395925,ทาริดสีดวงทวารหนักและโรคผิวหนัง,ยาทาริดสีดวงทวารหนักและโรคผิวหนัง,ยาเข้าน้ำมัน,โรงพยาบาลคูเมือง,ACTIVE
TTMT,9395939,น้ำมันไพล,น้ำมันไพล,ยาเข้าน้ำมัน,โรงพยาบาลสนม,ACTIVE
TTMT,9395941,ยาประคบ,ลูกประคบสมุนไพร,ยาประคบ,โรงพยาบาลสนม,ACTIVE
TTMT,9395956,สมุนไพรอบตัว,ชุดอบสมุนไพร,ยาต้ม,โรงพยาบาลสนม,ACTIVE
TTMT,9395960,สมุนไพรเผา,ยาเผา,อื่นๆ,โรงพยาบาลสนม,ACTIVE
TTMT,9395973,ทับหม้อเกลือ,ยาทับหม้อเกลือ,ยาประคบ,โรงพยาบาลสนม,ACTIVE
TTMT,9395987,แช่เท้า,ยาแช่เท้า,ยาแช่,โรงพยาบาลสนม,ACTIVE
TTMT,9395994,ขี้ผึ้งไพล สูตรตำรับที่ 1,ยาหม่องไพล,ขี้ผึ้ง,โรงพยาบาลสนม,ACTIVE
TTMT,9396007,พอกสมุนไพร สูตรร้อน ,ยาพอกสมุนไพร,ยาผง,โรงพยาบาลสนม,ACTIVE
TTMT,9396011,พอกสมุนไพร สูตรเย็น ,ยาพอกสมุนไพร,ยาผง,โรงพยาบาลสนม,ACTIVE
TTMT,9396024,น้ำมันไพล,น้ำมันไพล,ยาเข้าน้ำมัน,โรงพยาบาลทุ่งเขาหลวง,ACTIVE
TTMT,9396030,กล้วย,ยาผงกล้วยตราธงทอง,ยาผง,ห้างธงทองโอสถ,ACTIVE
TTMT,9396048,รางจืด,ยาชงรางจืดตราธงทอง,ยาชง,ห้างธงทองโอสถ,ACTIVE
TTMT,9396053,ย่านาง,ยาเช็ดตัว,ยากลั่น,โรงพยาบาลราชบุรี,ACTIVE
TTMT,9396069,น้ำมันไพล,น้ำมันไพล,ยาเข้าน้ำมัน,โรงพยาบาลคอนสวรรค์,ACTIVE
TTMT,9396076,ฟ้าทะลายโจร,ยาแคปซูลสารสกัดฟ้าทะลายโจร,ยาแคปซูล,บริษัท ขาวละออเภสัช จำกัด,ACTIVE
TTMT,9396082,ขิง,ยาชงขิง ตราอายุรเวทศิริราช,ยาผง,สถานการแพทย์แผนไทยประยุกต์ คณะแพทยศาสตร์ศิริราชพยาบาล มหาวิทยาลัยมหิดล,ACTIVE
TTMT,9396095,ชุมเห็ดเทศ,ยาชงชุมเห็ดเทศ  ตราอายุรเวทศิริราช,ยาชง,สถานการแพทย์แผนไทยประยุกต์ คณะแพทยศาสตร์ศิริราชพยาบาล มหาวิทยาลัยมหิดล,ACTIVE
TTMT,9396105,ขมิ้นชัน,ยาเม็ดขมิ้นชัน ตราอายุรเวทศิริราช,ยาเม็ด,สถานการแพทย์แผนไทยประยุกต์ คณะแพทยศาสตร์ศิริราชพยาบาล มหาวิทยาลัยมหิดล,ACTIVE
TTMT,9396114,ฟ้าทะลายโจร,ยาฟ้าทะลายโจร ตราอายุรเวทศิริราช,ยาแคปซูล,สถานการแพทย์แผนไทยประยุกต์ คณะแพทยศาสตร์ศิริราชพยาบาล มหาวิทยาลัยมหิดล,ACTIVE
TTMT,9396122,รางจืด,ยาชงรางจืด ตราอายุรเวทศิริราช,ยาชง,สถานการแพทย์แผนไทยประยุกต์ คณะแพทยศาสตร์ศิริราชพยาบาล มหาวิทยาลัยมหิดล,ACTIVE
TTMT,9396133,กระเจี๊ยบแดง,ยาชงกระเจี๊ยบ ตราอายุรเวทศิริราช,ยาชง,สถานการแพทย์แผนไทยประยุกต์ คณะแพทยศาสตร์ศิริราชพยาบาล มหาวิทยาลัยมหิดล,ACTIVE
TTMT,9396146,มะตูม,ยาชงมะตูม ตราอายุรเวทศิริราช,ยาผง,สถานการแพทย์แผนไทยประยุกต์ คณะแพทยศาสตร์ศิริราชพยาบาล มหาวิทยาลัยมหิดล,ACTIVE
TTMT,9396151,หญ้าดอกขาว,ยาชงหญ้าดอกขาว ตราอายุรเวทศิริราช,ยาชง,สถานการแพทย์แผนไทยประยุกต์ คณะแพทยศาสตร์ศิริราชพยาบาล มหาวิทยาลัยมหิดล,ACTIVE
TTMT,9396167,พญายอ,ยาป้ายปากพญายอ ตราอายุรเวทศิริราช,สารละลายสำหรับป้ายปาก,สถานการแพทย์แผนไทยประยุกต์ คณะแพทยศาสตร์ศิริราชพยาบาล มหาวิทยาลัยมหิดล,ACTIVE
TTMT,9396179,บอระเพ็ด,ยาแคปซูลบอระเพ็ด ตราอายุรเวทศิริราช,ยาแคปซูล,สถานการแพทย์แผนไทยประยุกต์ คณะแพทยศาสตร์ศิริราชพยาบาล มหาวิทยาลัยมหิดล,ACTIVE
TTMT,9396180,เถาวัลย์เปรียง,ยาแคปซูลเถาวัลย์เปรียง ตราอายุรเวทศิริราช,ยาแคปซูล,สถานการแพทย์แผนไทยประยุกต์ คณะแพทยศาสตร์ศิริราชพยาบาล มหาวิทยาลัยมหิดล,ACTIVE
TTMT,9396198,คำฝอย,ยาชงคำฝอย ตราอายุรเวทศิริราช,ยาชง,สถานการแพทย์แผนไทยประยุกต์ คณะแพทยศาสตร์ศิริราชพยาบาล มหาวิทยาลัยมหิดล,ACTIVE
TTMT,9396200,น้ำแก้ไอ ตราไอ- เฮิร์บ โอทีซี,ยาน้ำแก้ไอ ตราไอ-เฮิร์บ โอทีซี,ยาน้ำ,บริษัท มิลลิเมด จำกัด,ACTIVE
TTMT,9396216,แก้ไอมายคอฟผสมมะขามป้อม ตราไทรทอง,ยาแก้ไอมายคอฟผสมมะขามป้อม ตราไทรทอง,ยาน้ำ,บริษัท ซีโนฟาร์ม(ไทย)  จำกัด,ACTIVE
TTMT,9396228,แก้ไอมายเฮิร์บผสมมะขามป้อม ตราไทรทอง,ยาแก้ไอมายเฮิร์บผสมมะขามป้อม ตราไทรทอง,ยาน้ำ,บริษัท ซีโนฟาร์ม(ไทย)  จำกัด,ACTIVE
TTMT,9396237,แก้ไอมาคัฟผสมมะขามป้อม ตราไทรทอง,ยาแก้ไอมาคัฟผสมมะขามป้อม ตราไทรทอง,ยาน้ำ,บริษัท ซีโนฟาร์ม(ไทย)  จำกัด,ACTIVE
TTMT,9396244,แก้มังสังพิการ (รพ.ชุมสง),แก้มังสังพิการ,ยาดอง,โรงพยาบาลชุมแสง,ACTIVE
TTMT,9396259,ขี้ผึ้งไพล สูตรตำรับที่ 1,ยาหม่องไพล,ขี้ผึ้ง,โรงพยาบาลทุ่งเขาหลวง,ACTIVE
TTMT,9396263,ยาประคบ,ลูกประคบสมุนไพร,ยาประคบ,โรงพยาบาลทุ่งเขาหลวง,ACTIVE
TTMT,9396271,พิมเสนน้ำ,พิมเสนน้ำ,ยาน้ำ,โรงพยาบาลทุ่งเขาหลวง,ACTIVE
TTMT,9396285,ชงผสมกระเจี๊ยบแดง ตราธงทอง,ยาชงผสมกระเจี๊ยบแดง ตราธงทอง,ยาชง,ห้างธงทองโอสถ,ACTIVE
TTMT,9396292,บรรเทาอาการเจ็บคอ ตราโฮนี่,ยาบรรเทาอาการเจ็บคอ ตราโฮนี่,ยาเม็ด,ห้างธงทองโอสถ,ACTIVE
TTMT,9396302,ถ่ายดีเกลือฝรั่ง ,ยาถ่ายตราเพชรธารา,ยาแคปซูล,ห้างธงทองโอสถ,ACTIVE
TTMT,9396318,เหลืองปิดสมุทร,ยาเหลืองปิดสมุทรชนิดแคปซูล ตราธงทอง,ยาแคปซูล,ห้างธงทองโอสถ,ACTIVE
TTMT,9396325,เม็ดขิงตรา 'ทีซี-เอ็กซ์',ยาเม็ดขิงตรา 'ทีซี-เอ็กซ์',ยาเม็ด,ห้างธงทองโอสถ,ACTIVE
TTMT,9396339,ตรีผลา / พิกัดตรีผลา ,มหาพิกัดตรีผลา,ยาต้ม,โรงพยาบาลราชบุรี,ACTIVE
TTMT,9396341,ต้มสะเก็ดเงิน (รพ.ราชบุรี),ยาต้มสะเก็ดเงิน,ยาต้ม,โรงพยาบาลราชบุรี,ACTIVE
TTMT,9396356,ทาสะเก็ดเงิน,ยาทาสะเก็ดเงิน,ยาเข้าน้ำมัน,โรงพยาบาลราชบุรี,ACTIVE
TTMT,9396360,อไภยสาลี,ยาอไภยสาลี,ยาแคปซูล,โรงพยาบาลพระอาจารย์ฝั้นอาจาโร,ACTIVE
TTMT,9396373,แก้โรคจิต,ยาแก้โรคจิต,ยาแคปซูล,โรงพยาบาลพระอาจารย์ฝั้นอาจาโร,ACTIVE
TTMT,9396387,ขี้ผึ้งไพล สูตรตำรับที่ 1,ยาหม่องไพล,ขี้ผึ้ง,โรงพยาบาลคอนสวรรค์,ACTIVE
TTMT,9396394,แก้ไอผสมมะขามป้อม สูตรตำรับที่ 2,ยาน้ำแก้ไอผสมมะขามป้อม ยูอีคอฟ อีดี,ยาน้ำ,บริษัท พนาพัฒน์ เฮลท์แคร์ จำกัด,ACTIVE
TTMT,9396409,ทัพยาธิคุณ,ยาทัพยาธิคุณ,ยาแคปซูล,กองพัฒนายาแผนไทยและสมุนไพร กรมการแพทย์แผนไทยและการแพทย์ทางเลือก,ACTIVE
TTMT,9396413,ทัพยาธิคุณ,ยาทัพยาธิคุณ,ยาแคปซูล,กองพัฒนายาแผนไทยและสมุนไพร กรมการแพทย์แผนไทยและการแพทย์ทางเลือก,ACTIVE
TTMT,9396421,ศุขไสยาศน์,ยาศุขไสยาศน์,ยาแคปซูล,กองพัฒนายาแผนไทยและสมุนไพร กรมการแพทย์แผนไทยและการแพทย์ทางเลือก,ACTIVE
TTMT,9396432,ศุขไสยาศน์,ยาศุขไสยาศน์,ยาแคปซูล,กองพัฒนายาแผนไทยและสมุนไพร กรมการแพทย์แผนไทยและการแพทย์ทางเลือก,ACTIVE
TTMT,9396445,ทำลายพระสุเมรุ,ยาทำลายพระสุเมรุ,ยาแคปซูล,กองพัฒนายาแผนไทยและสมุนไพร กรมการแพทย์แผนไทยและการแพทย์ทางเลือก,ACTIVE
TTMT,9396450,ทำลายพระสุเมรุ,ยาทำลายพระสุเมรุ,ยาแคปซูล,กองพัฒนายาแผนไทยและสมุนไพร กรมการแพทย์แผนไทยและการแพทย์ทางเลือก,ACTIVE
TTMT,9396466,แก้นอนไม่หลับ/ยาแก้ไข้ผอมเหลือง,ยาแก้นอนไม่หลับ/ยาแก้ไข้ผอมเหลือง,ยาแคปซูล,กองพัฒนายาแผนไทยและสมุนไพร กรมการแพทย์แผนไทยและการแพทย์ทางเลือก,ACTIVE
TTMT,9396478,แก้นอนไม่หลับ/ยาแก้ไข้ผอมเหลือง,ยาแก้นอนไม่หลับ/ยาแก้ไข้ผอมเหลือง,ยาแคปซูล,กองพัฒนายาแผนไทยและสมุนไพร กรมการแพทย์แผนไทยและการแพทย์ทางเลือก,ACTIVE
TTMT,9396484,ไพสาลี,ยาไพสาลี,ยาแคปซูล,กองพัฒนายาแผนไทยและสมุนไพร กรมการแพทย์แผนไทยและการแพทย์ทางเลือก,ACTIVE
TTMT,9396497,ไพสาลี,ยาไพสาลี,ยาแคปซูล,กองพัฒนายาแผนไทยและสมุนไพร กรมการแพทย์แผนไทยและการแพทย์ทางเลือก,ACTIVE
TTMT,9396506,แก้ลมแก้เส้น,ยาแก้ลมแก้เส้น,ยาแคปซูล,กองพัฒนายาแผนไทยและสมุนไพร กรมการแพทย์แผนไทยและการแพทย์ทางเลือก,ACTIVE
TTMT,9396510,แก้ลมแก้เส้น,ยาแก้ลมแก้เส้น,ยาแคปซูล,กองพัฒนายาแผนไทยและสมุนไพร กรมการแพทย์แผนไทยและการแพทย์ทางเลือก,ACTIVE
TTMT,9396523,อไภยสาลี,ยาอไภยสาลี,ยาแคปซูล,กองพัฒนายาแผนไทยและสมุนไพร กรมการแพทย์แผนไทยและการแพทย์ทางเลือก,ACTIVE
TTMT,9396534,อไภยสาลี,ยาอไภยสาลี,ยาแคปซูล,กองพัฒนายาแผนไทยและสมุนไพร กรมการแพทย์แผนไทยและการแพทย์ทางเลือก,ACTIVE
TTMT,9396547,อัมฤตโอสถ,ยาอัมฤตย์โอสถ,ยาแคปซูล,กองพัฒนายาแผนไทยและสมุนไพร กรมการแพทย์แผนไทยและการแพทย์ทางเลือก,ACTIVE
TTMT,9396552,อัมฤตโอสถ,ยาอัมฤตย์โอสถ,ยาแคปซูล,กองพัฒนายาแผนไทยและสมุนไพร กรมการแพทย์แผนไทยและการแพทย์ทางเลือก,ACTIVE
TTMT,9396568,แก้โรคจิต,ยาแก้โรคจิต,ยาแคปซูล,กองพัฒนายาแผนไทยและสมุนไพร กรมการแพทย์แผนไทยและการแพทย์ทางเลือก,ACTIVE
TTMT,9396575,แก้โรคจิต,ยาแก้โรคจิต,ยาแคปซูล,กองพัฒนายาแผนไทยและสมุนไพร กรมการแพทย์แผนไทยและการแพทย์ทางเลือก,ACTIVE
TTMT,9396581,แก้สัณฑฆาต กล่อนแห้ง,ยาแก้สันฑฆาต กล่อนแห้ง,ยาแคปซูล,กองพัฒนายาแผนไทยและสมุนไพร กรมการแพทย์แผนไทยและการแพทย์ทางเลือก,ACTIVE
TTMT,9396599,แก้สัณฑฆาต กล่อนแห้ง,ยาแก้สันฑฆาต กล่อนแห้ง,ยาแคปซูล,กองพัฒนายาแผนไทยและสมุนไพร กรมการแพทย์แผนไทยและการแพทย์ทางเลือก,ACTIVE
TTMT,9396608,อัคคินีวคณะ,ยาอัคคินีวคณะ,ยาแคปซูล,กองพัฒนายาแผนไทยและสมุนไพร กรมการแพทย์แผนไทยและการแพทย์ทางเลือก,ACTIVE
TTMT,9396612,อัคคินีวคณะ,ยาอัคคินีวคณะ,ยาแคปซูล,กองพัฒนายาแผนไทยและสมุนไพร กรมการแพทย์แผนไทยและการแพทย์ทางเลือก,ACTIVE
TTMT,9396620,แก้ลมเนาวนารีวาโย,ยาแก้ลมเนาวนารีวาโย,ยาแคปซูล,กองพัฒนายาแผนไทยและสมุนไพร กรมการแพทย์แผนไทยและการแพทย์ทางเลือก,ACTIVE
TTMT,9396631,แก้ลมเนาวนารีวาโย,ยาแก้ลมเนาวนารีวาโย,ยาแคปซูล,กองพัฒนายาแผนไทยและสมุนไพร กรมการแพทย์แผนไทยและการแพทย์ทางเลือก,ACTIVE
TTMT,9396649,ไฟอาวุธ,ยาไฟอาวุธ,ยาแคปซูล,กองพัฒนายาแผนไทยและสมุนไพร กรมการแพทย์แผนไทยและการแพทย์ทางเลือก,ACTIVE
TTMT,9396654,ไฟอาวุธ,ยาไฟอาวุธ,ยาแคปซูล,กองพัฒนายาแผนไทยและสมุนไพร กรมการแพทย์แผนไทยและการแพทย์ทางเลือก,ACTIVE
TTMT,9396665,แก้ลมขึ้นเบื้องสูง,ยาแก้ลมขึ้นเบื้องสูง,ยาแคปซูล,กองพัฒนายาแผนไทยและสมุนไพร กรมการแพทย์แผนไทยและการแพทย์ทางเลือก,ACTIVE
TTMT,9396677,แก้ลมขึ้นเบื้องสูง,ยาแก้ลมขึ้นเบื้องสูง,ยาแคปซูล,กองพัฒนายาแผนไทยและสมุนไพร กรมการแพทย์แผนไทยและการแพทย์ทางเลือก,ACTIVE
TTMT,9396683,ทาริดสีดวงทวารหนักและโรคผิวหนัง,ยาทาริดสีดวงทวารหนักและโรคผิวหนัง,ยาเข้าน้ำมัน,กองพัฒนายาแผนไทยและสมุนไพร กรมการแพทย์แผนไทยและการแพทย์ทางเลือก,ACTIVE
TTMT,9396696,น้ำมันสนั่นไตรภพ,ยาน้ำมันสนั่นไตรภพ,ยาเข้าน้ำมัน,กองพัฒนายาแผนไทยและสมุนไพร กรมการแพทย์แผนไทยและการแพทย์ทางเลือก,ACTIVE
TTMT,9396704,ฟ้าทะลายโจร,ยาแคปซูลฟ้าทะลายโจร,ยาแคปซูล,มูลนิธิ โรงพยาบาลเจ้าพระยาอภัยภูเบศร,ACTIVE
TTMT,9396715,พริก,เอ็น-แคปซิน ครีม,ครีม,มูลนิธิ โรงพยาบาลเจ้าพระยาอภัยภูเบศร,ACTIVE
TTMT,9396727,พญายอ,ทิงเจอร์พญายอ,ทิงเจอร์,โรงพยาบาลหนองเสือ,ACTIVE
TTMT,9396736,น้ำมันไพล,น้ำมันไพล,ยาเข้าน้ำมัน,โรงพยาบาลหนองเสือ,ACTIVE
TTMT,9396743,ขมิ้นชัน,ยาแคปซูลขมิ้นชัน,ยาแคปซูล,โรงพยาบาลมหาวิทยาลัยแม่ฟ้าหลวง,ACTIVE
TTMT,9396758,ฟ้าทะลายโจร,ยาแคปซูลฟ้าทะลายโจร,ยาแคปซูล,โรงพยาบาลมหาวิทยาลัยแม่ฟ้าหลวง,ACTIVE
TTMT,9396762,น้ำมันไพล,น้ำมันไพล,ยาเข้าน้ำมัน,โรงพยาบาลโพธิ์ตาก,ACTIVE
TTMT,9396770,ห้าราก / แก้ไข้ห้าราก / แก้วห้าดวง / เบญจโลกวิเชียร ,ยาแก้ไข้ห้าราก ชนิดแคปซูล ตราอายุรเวทศิริราช,ยาแคปซูล,อายุรเวทศิริราช,ACTIVE
TTMT,9396789,แก้ไอผสมมะขามป้อม สูตรตำรับที่ 1,ยาแก้ไอสูตร 1 ตราอายุรเวทศิริราช,ยาลูกกลอน,อายุรเวทศิริราช,ACTIVE
TTMT,9396791,แก้ไอผสมมะขามป้อม สูตรตำรับที่ 2,ยาแก้ไอสูตร 2 ตราอายุรเวทศิริราช ,ยาลูกกลอน,อายุรเวทศิริราช,ACTIVE
TTMT,9396801,ประสะไพล,ยาแคปซูลประสะไพล ตราอายุรเวทศิริราช,ยาแคปซูล,อายุรเวทศิริราช,ACTIVE
TTMT,9396817,ตรีผลา / พิกัดตรีผลา ,ยาชงตรีผลา ตราอายุรเวทศิริราช,ยาชง,อายุรเวทศิริราช,ACTIVE
TTMT,9396829,เกสรทั้ง 5,ยาชงสมุนไพรเกสรห้า  ตราอายุรเวทศิริราช,ยาผง,อายุรเวทศิริราช,ACTIVE
TTMT,9396838,เบญจกูล / พิกัดเบญจกูล,ยาชงเบญจกูล ตราอายุรเวทศิริราช,ยาชง,อายุรเวทศิริราช,ACTIVE
TTMT,9396840,แก้น้ำเหลืองเสีย,ยาเม็ดแก้น้ำเหลืองเสีย ตราอายุรเวทศิริราช,ยาเม็ด,อายุรเวทศิริราช,ACTIVE
TTMT,9396855,สหัศธารา,ยาเม็ดสหัศธารา ตราอายุรเวทศิริราช,ยาเม็ด,อายุรเวทศิริราช,ACTIVE
TTMT,9396864,หอมระย่อม,ยาหอมระย่อม ตราอายุรเวทศิริราช,ยาแคปซูล,อายุรเวทศิริราช,ACTIVE
TTMT,9396872,ไฟประลัยกัลป์,ไฟประลัยกัลป์  ตราอายุรเวทศิริราช,ยาแคปซูล,อายุรเวทศิริราช,ACTIVE
TTMT,9396886,สัตถกวาตะ,ยาสัตถกวาตะ ตราอายุรเวทศิริราช,ยาลูกกลอน,อายุรเวทศิริราช,ACTIVE
TTMT,9396893,ริดสีดวงมหากาฬ (ตำรับในระบบทางเดินอาหารส่วนกลางและส่วนปลาย),ยาบรรเทารีดสีดวงทวาร  ตราอายุรเวทศิริราช,ยาลูกกลอน,อายุรเวทศิริราช,ACTIVE
TTMT,9396903,หอมอินทจักร,ยาหอมอินทจักร์ ตราอายุรเวทศิริราช,ยาเม็ด,อายุรเวทศิริราช,ACTIVE
TTMT,9396919,หอมนวโกฐ,ยาหอมนวโกฐ ตราอายุรเวทศิริราช,ยาเม็ด,อายุรเวทศิริราช,ACTIVE
TTMT,9396926,หอมทิพโอสถ,ยาหอมทิพโอสถ ตราอายุรเวทศิริราช,ยาเม็ด,อายุรเวทศิริราช,ACTIVE
TTMT,9396935,หอมเทพจิตร,ยาหอมเทพจิตร ตราอายุรเวทศิริราช,ยาเม็ด,อายุรเวทศิริราช,ACTIVE
TTMT,9396942,จันทน์ลีลา,ยาเม็ดจันทน์ลีลา ตราอายุรเวทศิริราช,ยาเม็ด,อายุรเวทศิริราช,ACTIVE
TTMT,9396957,ประสะกานพลู,ยาประสะกานพลู ตราอายุรเวทศิริราช,ยาเม็ด,อายุรเวทศิริราช,ACTIVE
TTMT,9396961,เหลืองปิดสมุทร,ยาเหลืองปิดสมุทร ตราอายุรเวทศิริราช,ยาเม็ด,อายุรเวทศิริราช,ACTIVE
TTMT,9396974,เขียวหอม,ยาเขียวหอม ตราอายุรเวทศิริราช,ยาเม็ด,อายุรเวทศิริราช,ACTIVE
TTMT,9396988,มหานิลแท่งทอง,ยามหานิล  ตราอายุรเวทศิริราช,ยาแคปซูล,อายุรเวทศิริราช,ACTIVE
TTMT,9396990,อำมฤควาที,ยาอำมฤควาที ตราอายุรเวทศิริราช,ยาลูกกลอน,อายุรเวทศิริราช,ACTIVE
TTMT,9397003,อำมฤควาที,ยาอำมฤควาที ชนิดผง ตราอายุรเวทศิริราช,ยาผง,อายุรเวทศิริราช,ACTIVE
TTMT,9397019,ประสะมะแว้ง,ยาประสะมะแว้ง ตราอายุรเวทศิริราช,ยาลูกกลอน,อายุรเวทศิริราช,ACTIVE
TTMT,9397026,ประสะกะเพรา,ยาประสะกะเพรา ตราอายุรเวทศิริราช,ยาเม็ด,อายุรเวทศิริราช,ACTIVE
TTMT,9397035,ธรณีสันฑะฆาต,ยาธรณีสันฑะฆาต ตราอายุรเวทศิริราช,ยาลูกกลอน,อายุรเวทศิริราช,ACTIVE
TTMT,9397042,ชงมะตูม-ชะเอมเทศ,ยาชงมะตูม-ชะเอมเทศ ตราอายุรเวทศิริราช,ยาผง,อายุรเวทศิริราช,ACTIVE
TTMT,9397057,หม่อง ตราอายุรเวทศิริราช สูตร ๑,ยาหม่องตราอายุรเวทศิริราช สูตร 1,ขี้ผึ้ง,อายุรเวทศิริราช,ACTIVE
TTMT,9397061,หม่อง ตราอายุรเวทศิริราช สูตร ๒ ,ยาหม่องตราอายุรเวทศิริราช สูตร 2 ,ขี้ผึ้ง,อายุรเวทศิริราช,ACTIVE
TTMT,9397074,หม่อง ตราอายุรเวทศิริราช สูตร ๓,ยาหม่องตราอายุรเวทศิริราช สูตร 3,ขี้ผึ้ง,อายุรเวทศิริราช,ACTIVE
TTMT,9397088,พิมเสนน้ำ ตราอายุรเวทศิริราช,พิมเสนน้ำ ตราอายุรเวทศิริราช,ยาน้ำ,อายุรเวทศิริราช,ACTIVE
TTMT,9397090,น้ำมัน ตราอายุรเวทศิริราช,ยาน้ำมัน ตราอายุรเวทศิริราช,ยาเข้าน้ำมัน,อายุรเวทศิริราช,ACTIVE
TTMT,9397100,หม่องน้ำแบน,ยาหม่องน้ำแบน ตราอายุรเวทศิริราช,ยาน้ำ,อายุรเวทศิริราช,ACTIVE
TTMT,9397116,ดมชนิดหลอด (ลาเวนเดอร์),ยาดมชนิดหลอด (ลาเวนเดอร์) ตราอายุรเวทศิริราช,ยาน้ำ,อายุรเวทศิริราช,ACTIVE
TTMT,9397128,ดมชนิดหลอด (ยูคาลิปตัส),ยาดมชนิดหลอด (ยูคาลิปตัส) ตราอายุรเวทศิริราช,ยาน้ำ,อายุรเวทศิริราช,ACTIVE
TTMT,9397137,แก้ธาตุไม่ปกติเบอร์ ๑๒,ยาแก้ธาตุไม่ปกติเบอร์12 ชนิดลูกกลอน ตราอายุรเวทศิริราช,ยาลูกกลอน,อายุรเวทศิริราช,ACTIVE
TTMT,9397144,เบอร์ ๗๘,ยาแคปซูลเบอร์ 78 ตราอายุรเวทศิริราช,ยาแคปซูล,อายุรเวทศิริราช,ACTIVE
TTMT,9397159,หอมเกสร,ยาหอมเกสร  ตราอายุรเวทศิริราช,ยาผง,อายุรเวทศิริราช,ACTIVE
TTMT,9397163,สตรี เบอร์ ๔๓,ยาสตรีเบอร์  43  ตราอายุรเวทศิริราช,ยาแคปซูล,อายุรเวทศิริราช,ACTIVE
TTMT,9397171,ลม เบอร์ ๖๖,ยาลม เบอร์ 66 ตราอายุรเวทศิริราช,ยาลูกกลอน,อายุรเวทศิริราช,ACTIVE
TTMT,9397185,วัฒนะ,ยาวัฒนะ  ตราอายุรเวทศิริราช,ยาลูกกลอน,อายุรเวทศิริราช,ACTIVE
TTMT,9397192,มธุรเมหะ (อายุรเวทศิริราช),ยามธุรเมหะ ตราอายุรเวทศิริราช,ยาแคปซูล,อายุรเวทศิริราช,ACTIVE
TTMT,9397205,แก้ไข้เบอร์ ๑๐,ยาแก้ไข้เบอร์ 10 ตราอายุรเวทศิริราช,ยาแคปซูล,อายุรเวทศิริราช,ACTIVE
TTMT,9397214,เพชรสังฆาต,ยาแคปซูลผสมเพชรสังฆาต ตราอภัยภูเบศร,ยาแคปซูล,มูลนิธิ โรงพยาบาลเจ้าพระยาอภัยภูเบศร,ACTIVE
TTMT,9397222,เพชรสังฆาต,ยาแคปซูลเพชรสังฆาต,ยาแคปซูล,มูลนิธิ โรงพยาบาลเจ้าพระยาอภัยภูเบศร,ACTIVE
TTMT,9397233,ยาประคบ,ยาประคบสมุนไพรสด,ยาประคบ,โรงพยาบาลหนองเสือ,ACTIVE
TTMT,9397246,ยาประคบ,ยาประคบสมุนไพรแห้ง,ยาประคบ,โรงพยาบาลหนองเสือ,ACTIVE
TTMT,9397251,ขี้ผึ้งไพล สูตรตำรับที่ 1,ขี้ผึ้งไพล สูตรตำรับที่ ๑,ขี้ผึ้ง,โรงพยาบาลหนองเสือ,ACTIVE
TTMT,9397267,ขี้ผึ้งไพล สูตรตำรับที่ 2,ขี้ผึ้งไพล สูตรตำรับที่ ๒,ขี้ผึ้ง,โรงพยาบาลหนองเสือ,ACTIVE
TTMT,9397279,ขี้ผึ้งตะไคร้ สูตรตำรับที่ ๑,ขี้ผึ้งตะไคร้ สูตรตำรับที่ ๑,ขี้ผึ้ง,โรงพยาบาลหนองเสือ,ACTIVE
TTMT,9397280,ขี้ผึ้งตะไคร้ สูตรตำรับที่ ๒,ขี้ผึ้งตะไคร้ สูตรตำรับที่ ๒,ขี้ผึ้ง,โรงพยาบาลหนองเสือ,ACTIVE
TTMT,9397298,แช่เท้าสมุนไพร,ยาแช่เท้าสมุนไพรสด,ยาแช่,โรงพยาบาลหนองเสือ,ACTIVE
TTMT,9397308,แช่เท้าสมุนไพร,ยาแช่เท้าสมุนไพรแห้ง,ยาแช่,โรงพยาบาลหนองเสือ,ACTIVE
TTMT,9397312,สมุนไพรอบตัว,สมุนไพรอบตัวสด,ยาต้ม,โรงพยาบาลหนองเสือ,ACTIVE
TTMT,9397320,สมุนไพรอบตัว,สมุนไพรอบตัวแห้ง,ยาต้ม,โรงพยาบาลหนองเสือ,ACTIVE
TTMT,9397331,ยาพอกเข่า (รพ.หนองเสือ),ยาพอกเข่า (รพ.หนองเสือ),ยาพอก,โรงพยาบาลหนองเสือ,ACTIVE
TTMT,9397349,ดมสมุนไพร (รพ.หนองเสือ),ดมสมุนไพร (รพ.หนองเสือ),ยาดม,โรงพยาบาลหนองเสือ,ACTIVE
TTMT,9397354,พิมเสนน้ำ,พิมเสนน้ำ,ยาน้ำ,โรงพยาบาลหนองเสือ,ACTIVE
TTMT,9397365,ตรีผลา / พิกัดตรีผลา ,ยาแคปซูลตรีผลา,ยาแคปซูล,โรงพยาบาลมหาวิทยาลัยแม่ฟ้าหลวง,ACTIVE
TTMT,9397377,ธาตุบรรจบ ,ยาแคปซูลธาตุบรรจบ,ยาแคปซูล,โรงพยาบาลมหาวิทยาลัยแม่ฟ้าหลวง,ACTIVE
TTMT,9397383,เขียวหอม,ยาเขียวชนิดแคปซูล,ยาแคปซูล,โรงพยาบาลมหาวิทยาลัยแม่ฟ้าหลวง,ACTIVE
TTMT,9397396,ยาประคบ,ยาประคบชนิดสมุนไพรแห้ง,ยาประคบ,โรงพยาบาลมหาวิทยาลัยแม่ฟ้าหลวง,ACTIVE
TTMT,9397401,หม่องบรรเทาอาการปวดเมื่อยตามร่างกาย สูตร ๒,ยาหม่องบรรเทาอาการปวดเมื่อยตามร่างกาย สูตร 2,ขี้ผึ้ง,โรงพยาบาลมหาวิทยาลัยแม่ฟ้าหลวง,ACTIVE
TTMT,9397417,ขี้ผึ้งไพล สูตรตำรับที่ 1,ขี้ผึ้งไพล,ขี้ผึ้ง,โรงพยาบาลโพธิ์ตาก,ACTIVE
TTMT,9397429,น้ำมันแก้โรคผิวหนัง,น้ำมันแก้โรคผิวหนัง,ยาเข้าน้ำมัน,โรงพยาบาลโพธิ์ตาก,ACTIVE
TTMT,9397438,ยาแผนไทยที่ปรุงสำหรับผู้ป่วยเฉพาะราย (ที่มีกัญชา),ยาแผนไทยที่ปรุงสำหรับผู้ป่วยเฉพาะราย (ที่มีกัญชา),อื่นๆ,ผู้ผลิตที่ได้รับอนุญาตในการผลิต,ACTIVE
TTMT,9397440,ยาประคบ,ยาประคบสมุนไพร,ยาประคบ,โรงพยาบาลโพธิ์ตาก,ACTIVE
TTMT,9397455,สมุนไพรอบตัว,ยาอบสมุนไพร,ยาต้ม,โรงพยาบาลโพธิ์ตาก,ACTIVE
TTMT,9397464,ปราบชมพูทวีป,ยาปราบชมพูทวีป,ยาแคปซูล,บริษัท แก้วมังกรเภสัช จำกัด,ACTIVE
TTMT,9397472,ประสะไพล,ยาประสะไพล,ยาแคปซูล,บริษัท แก้วมังกรเภสัช จำกัด,ACTIVE
TTMT,9397486,ยาตำรับที่ปรุงสำหรับผู้ป่วยเฉพาะราย (ที่มีกัญชาปรุงผสม),ยาตำรับที่ปรุงสำหรับผู้ป่วยเฉพาะราย (ที่มีกัญชาปรุงผสม),อื่นๆ,ผู้ผลิตที่ได้รับอนุญาตในการผลิต,ACTIVE
TTMT,9397493,กระเทียม,กระเทียมแคปซูลห้วยเฮิร์บ,ยาแคปซูล,โรงพยาบาลห้วยทับทัน,ACTIVE
TTMT,9397504,แป๊ะก๊วย,เมน-โอ-จี,ยาเม็ด,บริษัท ผลิตภัณฑ์สมุนไพรไทย จำกัด,ACTIVE
TTMT,9397515,ฟ้าทะลายโจร,ยาฟ้าทะลายโจร ชนิดแคปซูล,ยาแคปซูล,บริษัท แสงสว่างตราค้างคาว จำกัด,ACTIVE
TTMT,9397527,รางจืด,ยารางจืด ชนิดแคปซูล เวชพงศ์โอสถ,ยาแคปซูล,บริษัท แสงสว่างตราค้างคาว จำกัด,ACTIVE
TTMT,9397536,น้ำมันไพล,น้ำมันไพล,ยาเข้าน้ำมัน,โรงพยาบาลรามัน,ACTIVE
TTMT,9397543,กระดูกไก่ดำ,น้ำมันกระดูกไก่ดำ,ยาเข้าน้ำมัน,โรงพยาบาลรามัน,ACTIVE
TTMT,9397558,ฟ้าทะลายโจร,ฟ้าทะลายโจรชนิดแคปซูล,ยาแคปซูล,โรงพยาบาลดอนตูม,ACTIVE
TTMT,9397562,ฟ้าทะลายโจร,ฟ้าทะลายโจรชนิดแคปซูล,ยาแคปซูล,โรงพยาบาลดอนตูม,ACTIVE
TTMT,9397570,ขมิ้นชัน,ขมิ้นชันชนิดแคปซูล,ยาแคปซูล,โรงพยาบาลดอนตูม,ACTIVE
TTMT,9397589,เถาวัลย์เปรียง,เถาวัลย์เปรียงชนิดแคปซูล,ยาแคปซูล,โรงพยาบาลดอนตูม,ACTIVE
TTMT,9397591,ขิง,ชาขิง,ยาชง,โรงพยาบาลดอนตูม,ACTIVE
TTMT,9397602,พญายอ,ยาหม่องสมุนไพรเสลดพพังพอน,ขี้ผึ้ง,โรงพยาบาลดอนตูม,ACTIVE
TTMT,9397618,น้ำมันไพล,ยาน้ำมันไพล,ยาเข้าน้ำมัน,โรงพยาบาลดอนตูม,ACTIVE
TTMT,9397625,ประสะเจตพังคี,ยาประสะเจตพังคี ชนิดแคปซูล เวชพงศ์โอสถ,ยาแคปซูล,บริษัท แสงสว่างตราค้างคาว จำกัด,ACTIVE
TTMT,9397639,ประสะกะเพรา,ยาประสะกะเพรา ชนิดแคปซูล เวชพงศ์โอสถ,ยาแคปซูล,บริษัท แสงสว่างตราค้างคาว จำกัด,ACTIVE
TTMT,9397641,ประสะจันทน์แดง ,ยาประสะจันทน์แดง ชนิดแคปซูล เวชพงศ์โอสถ,ยาแคปซูล,บริษัท แสงสว่างตราค้างคาว จำกัด,ACTIVE
TTMT,9397656,สเปรย์ตะไคร้หอม,สเปรย์ตะไคร้หอมกันยุง,ยาน้ำ,โรงพยาบาลเรณูนคร,ACTIVE
TTMT,9397660,ยาประคบ,ลูกประคบสมุนไพร,ยาประคบ,โรงพยาบาลรามัน,ACTIVE
TTMT,9397673,สเปรย์ผสมน้ำมันไพล,ยาสเปรย์ผสมน้ำมันไพล (COMPOUND PLAI OIL SPRAY),ยาเข้าน้ำมัน,ห้องปฏิบัติการผลิตยาแผนโบราณคณะเภสัชศาสตร์ มหาวิทยาลัยเชียงใหม่ ,ACTIVE
TTMT,9397687,เจลผสมสารสกัดสมุนไพร,ยาเจลผสมสารสกัดสมุนไพร (COMPOUND HERBAL EXTRACT GEL),เจล,ห้องปฏิบัติการผลิตยาแผนโบราณคณะเภสัชศาสตร์ มหาวิทยาลัยเชียงใหม่ ,ACTIVE
TTMT,9397694,หม่องน้ำขาวละออ,ยาหม่องน้ำขาวละออ,ยาน้ำ,บริษัท ขาวละออเภสัช จำกัด,ACTIVE
TTMT,9397706,น้ำมันกัญชาทั้ง 5 (สูตรรับประทาน),ยาน้ำมันกัญชาทั้ง 5 (สูตรรับประทาน) อภัยภูเบศร,ยาเข้าน้ำมัน,โรงพยาบาลเจ้าพระยาอภัยภูเบศร,ACTIVE
TTMT,9397710,น้ำมันกัญชาทั้ง 5 (สูตรใช้ภายนอก),ยาน้ำมันกัญชาทั้ง 5 (สูตรใช้ภายนอก)  อภัยภูเบศร,ยาเข้าน้ำมัน,โรงพยาบาลเจ้าพระยาอภัยภูเบศร,ACTIVE
TTMT,9397723,ทัพยาธิคุณ,ยาผงตำรับทัพยาธิคุณ อภัยภูเบศร,ยาผง,โรงพยาบาลเจ้าพระยาอภัยภูเบศร,ACTIVE
TTMT,9397734,ศุขไสยาศน์,ยาผงตำรับศุขไสยาศน์ อภัยภูเบศร,ยาผง,โรงพยาบาลเจ้าพระยาอภัยภูเบศร,ACTIVE
TTMT,9397747,น้ำมันสนั่นไตรภพ,ยาน้ำมันตำรับสนั่นไตรภพ อภัยภูเบศร,ยาเข้าน้ำมัน,โรงพยาบาลเจ้าพระยาอภัยภูเบศร,ACTIVE
TTMT,9397752,ทำลายพระสุเมรุ,ยาผงตำรับทำลายพระสุเมรุ อภัยภูเบศร,ยาผง,โรงพยาบาลเจ้าพระยาอภัยภูเบศร,ACTIVE
TTMT,9397768,แก้นอนไม่หลับ/ยาแก้ไข้ผอมเหลือง,ยาผงตำรับแก้นอนไม่หลับ/ยาแก้ไข้ผอมเหลือง อภัยภูเบศร,ยาผง,โรงพยาบาลเจ้าพระยาอภัยภูเบศร,ACTIVE
TTMT,9397775,ไพสาลี,ยาผงตำรับไพสาลี อภัยภูเบศร,ยาผง,โรงพยาบาลเจ้าพระยาอภัยภูเบศร,ACTIVE
TTMT,9397781,ทาริดสีดวงทวารหนักและโรคผิวหนัง,ยาผงตำรับทาริดสีดวงทวารหนักและโรคผิวหนัง อภัยภูเบศร,ยาผง,โรงพยาบาลเจ้าพระยาอภัยภูเบศร,ACTIVE
TTMT,9397799,ทาริดสีดวงทวารหนักและโรคผิวหนัง,ยาผงตำรับทาริดสีดวงทวารหนักและโรคผิวหนัง อภัยภูเบศร,ยาเข้าน้ำมัน,โรงพยาบาลเจ้าพระยาอภัยภูเบศร,ACTIVE
TTMT,9397809,แก้ลมแก้เส้น,ยาผงตำรับแก้ลมแก้เส้น อภัยภูเบศร,ยาผง,โรงพยาบาลเจ้าพระยาอภัยภูเบศร,ACTIVE
TTMT,9397813,อไภยสาลี,ยาผงตำรับอไภยสาลี อภัยภูเบศร,ยาผง,โรงพยาบาลเจ้าพระยาอภัยภูเบศร,ACTIVE
TTMT,9397821,อัมฤตโอสถ,ยาผงตำรับอัมฤตย์โอสถ อภัยภูเบศร,ยาผง,โรงพยาบาลเจ้าพระยาอภัยภูเบศร,ACTIVE
TTMT,9397832,แก้โรคจิต,ยาผงตำรับแก้โรคจิต อภัยภูเบศร,ยาผง,โรงพยาบาลเจ้าพระยาอภัยภูเบศร,ACTIVE
TTMT,9397845,แก้สัณฑฆาต กล่อนแห้ง,ยาผงตำรับแก้สันฑฆาต กล่อนแห้ง อภัยภูเบศร,ยาผง,โรงพยาบาลเจ้าพระยาอภัยภูเบศร,ACTIVE
TTMT,9397850,อัคคินีวคณะ,ยาผงตำรับอัคคินีวคณะ อภัยภูเบศร,ยาผง,โรงพยาบาลเจ้าพระยาอภัยภูเบศร,ACTIVE
TTMT,9397866,แก้ลมเนาวนารีวาโย,ยาผงตำรับแก้ลมเนาวนารีวาโย อภัยภูเบศร,ยาผง,โรงพยาบาลเจ้าพระยาอภัยภูเบศร,ACTIVE
TTMT,9397878,ไฟอาวุธ,ยาผงตำรับไฟอาวุธ อภัยภุเบศร,ยาผง,โรงพยาบาลเจ้าพระยาอภัยภูเบศร,ACTIVE
TTMT,9397884,แก้ลมขึ้นเบื้องสูง,ยาผงตำรับแก้ลมขึ้นเบื้องสูง อภัยภุเบศร,ยาผง,โรงพยาบาลเจ้าพระยาอภัยภูเบศร,ACTIVE
TTMT,9397897,ทัพยาธิคุณ,ยาแคปซูลตำรับทัพยาธิคุณ อภัยภูเบศร,ยาแคปซูล,โรงพยาบาลเจ้าพระยาอภัยภูเบศร,ACTIVE
TTMT,9397907,ศุขไสยาศน์,ยาแคปซูลตำรับศุขไสยาศน์  อภัยภูเบศร,ยาแคปซูล,โรงพยาบาลเจ้าพระยาอภัยภูเบศร,ACTIVE
TTMT,9397911,ทำลายพระสุเมรุ,ยาแคปซูลทำลายพระสุเมรุ อภัยภูเบศร,ยาแคปซูล,โรงพยาบาลเจ้าพระยาอภัยภูเบศร,ACTIVE
TTMT,9397924,แก้นอนไม่หลับ/ยาแก้ไข้ผอมเหลือง,ยาแคปซูลตำรับแก้นอนไม่หลับ/ยาแก้ไข้ผอมเหลือง อภัยภูเบศร,ยาแคปซูล,โรงพยาบาลเจ้าพระยาอภัยภูเบศร,ACTIVE
TTMT,9397930,ไพสาลี,ยาแคปซูลตำรับไพสาลี อภัยภูเบศร,ยาแคปซูล,โรงพยาบาลเจ้าพระยาอภัยภูเบศร,ACTIVE
TTMT,9397948,แก้ลมแก้เส้น,ยาแคปซูลตำรับแก้ลมแก้เส้น อภัยภูเบศร,ยาแคปซูล,โรงพยาบาลเจ้าพระยาอภัยภูเบศร,ACTIVE
TTMT,9397953,อไภยสาลี,ยาแคปซูลตำรับอไภยสาลี อภัยภูเบศร,ยาแคปซูล,โรงพยาบาลเจ้าพระยาอภัยภูเบศร,ACTIVE
TTMT,9397969,อัมฤตโอสถ,ยาแคปซูลตำรับอัมฤตย์โอสถ อภัยภูเบศร,ยาแคปซูล,โรงพยาบาลเจ้าพระยาอภัยภูเบศร,ACTIVE
TTMT,9397976,แก้โรคจิต,ยาแคปซูลตำรับแก้โรคจิต อภัยภูเบศร,ยาแคปซูล,โรงพยาบาลเจ้าพระยาอภัยภูเบศร,ACTIVE
TTMT,9397982,แก้สัณฑฆาต กล่อนแห้ง,ยาแคปซูลตำรับแก้สันฑฆาต กล่อนแห้ง,ยาแคปซูล,โรงพยาบาลเจ้าพระยาอภัยภูเบศร,ACTIVE
TTMT,9397995,อัคคินีวคณะ,ยาแคปซูลตำรับอัคคินีวคณะ,ยาแคปซูล,โรงพยาบาลเจ้าพระยาอภัยภูเบศร,ACTIVE
TTMT,9398008,แก้ลมเนาวนารีวาโย,ยาแคปซูลตำรับแก้ลมเนาวนารีวาโย,ยาแคปซูล,โรงพยาบาลเจ้าพระยาอภัยภูเบศร,ACTIVE
TTMT,9398012,ไฟอาวุธ,ยาแคปซูลตำรับไฟอาวุธ,ยาแคปซูล,โรงพยาบาลเจ้าพระยาอภัยภูเบศร,ACTIVE
TTMT,9398020,แก้ลมขึ้นเบื้องสูง,ยาแคปซูลตำรับแก้ลมขึ้นเบื้องสูง,ยาแคปซูล,โรงพยาบาลเจ้าพระยาอภัยภูเบศร,ACTIVE
TTMT,9398031,ขี้ผึ้งไพล สูตรตำรับที่ 1,ยาหม่องไพล,ขี้ผึ้ง,โรงพยาบาลดอนตูม,ACTIVE
TTMT,9398049,น้ำมันเขียว,ยาน้ำมันเขียว,ยาเข้าน้ำมัน,โรงพยาบาลดอนตูม,ACTIVE
TTMT,9398054,ธาตุอบเชย ,ยาธาตุอบเชย,ยาน้ำ,โรงพยาบาลดอนตูม,ACTIVE
TTMT,9398065,ศุขไสยาศน์,ยาศุขไสยาศน์,ยาผง,โรงพยาบาลดอนตูม,ACTIVE
TTMT,9398077,ทำลายพระสุเมรุ,ยาทำลายพระสุเมรุ,ยาผง,โรงพยาบาลดอนตูม,ACTIVE
TTMT,9398083,ขิง,ยาแคปซูลขิง,ยาแคปซูล,โรงพยาบาลหนองเสือ,ACTIVE
TTMT,9398096,ชุมเห็ดเทศ,ยาแคปซูลชุมเห็ดเทศ,ยาแคปซูล,โรงพยาบาลหนองเสือ,ACTIVE
TTMT,9398106,รางจืด,ยาแคปซูลรางจืด,ยาแคปซูล,โรงพยาบาลหนองเสือ,ACTIVE
TTMT,9398110,หญ้าดอกขาว,ยาชงหญ้าดอกขาว,ยาชง,โรงพยาบาลหนองเสือ,ACTIVE
TTMT,9398123,กระเจี๊ยบแดง,ยาชงกระเจี๊ยบแดง,ยาชง,โรงพยาบาลหนองเสือ,ACTIVE
TTMT,9398134,มะระขี้นก,ยาแคปซูลมะระขี้นก,ยาแคปซูล,โรงพยาบาลหนองเสือ,ACTIVE
TTMT,9398147,มะขามแขก,ยาแคปซูลมะขามแขก,ยาแคปซูล,โรงพยาบาลหนองเสือ,ACTIVE
TTMT,9398152,ขมิ้นชัน,ยาแคปซูลขมิ้นชัน,ยาแคปซูล,โรงพยาบาลหนองเสือ,ACTIVE
TTMT,9398168,ฟ้าทะลายโจร,ยาแคปซูลฟ้าทะลายโจร,ยาแคปซูล,โรงพยาบาลหนองเสือ,ACTIVE
TTMT,9398175,กล้วย,ยาแคปซูลกล้วย,ยาแคปซูล,โรงพยาบาลหนองเสือ,ACTIVE
TTMT,9398181,มะระขี้นก,ยาแคปซูลมะระขี้นก 500 มิลลิกรัม ตราทีเอฟดี,ยาแคปซูล,บริษัท ไทยเอฟดี จำกัด,ACTIVE
TTMT,9398199,มะขามแขก,ยาระบายเซนาทัย-500 ทีเอฟดี,ยาแคปซูล,บริษัท ไทยเอฟดี จำกัด,ACTIVE
TTMT,9398201,รางจืด,ยาชงรางจืด ทีเอฟดี  ,ยาชง,บริษัท ไทยเอฟดี จำกัด,ACTIVE
TTMT,9398217,ฟ้าทะลายโจร,ยาแคปซูลฟ้าทะลายโจรสกัด,ยาแคปซูล,บริษัท แก้วมังกรเภสัช จำกัด,ACTIVE
TTMT,9398229,ขิง,ชาชงขิง,ยาชง,โรงพยาบาลภูเรือ,ACTIVE
TTMT,9398238,น้ำมันไพล,น้ำมันไพล,ยาเข้าน้ำมัน,โรงพยาบาลภูเรือ,ACTIVE
TTMT,9398240,แก้ไอผสมมะขามป้อม สูตรตำรับที่ 1,ยาน้ำผสมมะขามป้อมสูตร 1 ตราทีเอฟดี,ยาน้ำ,บริษัท ไทยเอฟดี จำกัด,ACTIVE
TTMT,9398255,สมุนไพรอบตัว,ยาอบตัว,ยาต้ม,บริษัท ไทยเอฟดี จำกัด,ACTIVE
TTMT,9398264,ประดง,ยาน้ำประดง ทีเอฟดี,ยาน้ำ,บริษัท ไทยเอฟดี จำกัด,ACTIVE
TTMT,9398272,เหลืองปิดสมุทร,เหลืองปิดสมุทรแคปซูล ทีเอฟดี,ยาแคปซูล,บริษัท ไทยเอฟดี จำกัด,ACTIVE
TTMT,9398286,หอมทิพโอสถ,ยาหอมทิพโอสถ ทีเอฟดี,ยาผง,บริษัท ไทยเอฟดี จำกัด,ACTIVE
TTMT,9398293,หอมทิพโอสถ,ยาหอมทิพโอสถ ทีเอฟดี,ยาผง,บริษัท ไทยเอฟดี จำกัด,ACTIVE
TTMT,9398303,หอมทิพโอสถ,ยาหอมทิพโอสถ ทีเอฟดี,ยาผง,บริษัท ไทยเอฟดี จำกัด,ACTIVE
TTMT,9398319,หอมทิพโอสถ,ยาหอมทิพโอสถ ทีเอฟดี,ยาผง,บริษัท ไทยเอฟดี จำกัด,ACTIVE
TTMT,9398326,สารสกัดจากฟ้าทะลายโจร,ยาฟ้าทะลายโจรสกัด ชนิดแคปซูล ,ยาแคปซูล,กองพัฒนายาแผนไทยและสมุนไพร กรมการแพทย์แผนไทยและการแพทย์ทางเลือก,ACTIVE
TTMT,9398335,ฟ้าทะลายโจร,ฟ้าทะลายโจร,ยาแคปซูล,กองพัฒนายาแผนไทยและสมุนไพร กรมการแพทย์แผนไทยและการแพทย์ทางเลือก,ACTIVE
TTMT,9398342,เถาวัลย์เปรียง,เถาวัลย์เปรียง,ยาแคปซูล,กองพัฒนายาแผนไทยและสมุนไพร กรมการแพทย์แผนไทยและการแพทย์ทางเลือก,ACTIVE
TTMT,9398357,น้ำมันไพล,น้ำมันไพล,ยาเข้าน้ำมัน,โรงพยาบาลส่งเสริมสุขภาพตำบลปวนพุ,ACTIVE
TTMT,9398361,พญายอ,กลีเซอรีนพญายอ,สารละลายสำหรับป้ายปาก,โรงพยาบาลขุนยวม,ACTIVE
TTMT,9398374,ว่านหางจระเข้,เจลว่านหางจระเข้,เจล,โรงพยาบาลขุนยวม,ACTIVE
TTMT,9398388,น้ำมันไพล,น้ำมันไพล,ยาเข้าน้ำมัน,โรงพยาบาลบางบัวทอง,ACTIVE
TTMT,9398390,ศุขไสยาศน์,ยาศุขไสยาศน์,ยาแคปซูล,โรงพยาบาลพระอาจารย์ฝั้นอาจาโร,ACTIVE
TTMT,9398405,ทำลายพระสุเมรุ,ยาทำลายพระสุเมรุ,ยาแคปซูล,โรงพยาบาลพระอาจารย์ฝั้นอาจาโร,ACTIVE
TTMT,9398414,ทัพยาธิคุณ,ยาทัพยาธิคุณ,ยาแคปซูล,โรงพยาบาลพระอาจารย์ฝั้นอาจาโร,ACTIVE
TTMT,9398422,แก้ลมขึ้นเบื้องสูง,ยาแก้ลมขึ้นเบื้องสูง,ยาแคปซูล,โรงพยาบาลพระอาจารย์ฝั้นอาจาโร,ACTIVE
TTMT,9398433,แก้นอนไม่หลับ/ยาแก้ไข้ผอมเหลือง,ยาแก้นอนไม่หลับ/ยาแก้ไข้ผอมเหลือง,ยาแคปซูล,โรงพยาบาลพระอาจารย์ฝั้นอาจาโร,ACTIVE
TTMT,9398446,ไพสาลี,ยาไพสาลี,ยาแคปซูล,โรงพยาบาลพระอาจารย์ฝั้นอาจาโร,ACTIVE
TTMT,9398451,แก้ลมแก้เส้น,ยาแก้ลมแก้เส้น,ยาแคปซูล,โรงพยาบาลพระอาจารย์ฝั้นอาจาโร,ACTIVE
TTMT,9398467,อัมฤตโอสถ,ยาอัมฤตโอสถ,ยาแคปซูล,โรงพยาบาลพระอาจารย์ฝั้นอาจาโร,ACTIVE
TTMT,9398479,แก้สัณฑฆาต กล่อนแห้ง,ยาแก้สัณฑฆาต กล่อนแห้ง,ยาแคปซูล,โรงพยาบาลพระอาจารย์ฝั้นอาจาโร,ACTIVE
TTMT,9398480,อัคคินีวคณะ,ยาอัคคินีวคณะ,ยาแคปซูล,โรงพยาบาลพระอาจารย์ฝั้นอาจาโร,ACTIVE
TTMT,9398498,แก้ลมเนาวนารีวาโย,ยาแก้ลมเนาวนารีวาโย,ยาแคปซูล,โรงพยาบาลพระอาจารย์ฝั้นอาจาโร,ACTIVE
TTMT,9398507,ไฟอาวุธ,ยาไฟอาวุธ,ยาแคปซูล,โรงพยาบาลพระอาจารย์ฝั้นอาจาโร,ACTIVE
TTMT,9398511,หอมเทพจิตร,ยาหอมเทพจิตร,ยาแคปซูล,กองพัฒนายาแผนไทยและสมุนไพร กรมการแพทย์แผนไทยและการแพทย์ทางเลือก,ACTIVE
TTMT,9398524,วิสัมพญาใหญ่,วิสัมพยาใหญ่,ยาแคปซูล,กองพัฒนายาแผนไทยและสมุนไพร กรมการแพทย์แผนไทยและการแพทย์ทางเลือก,ACTIVE
TTMT,9398530,ตรีผลา / พิกัดตรีผลา ,ตรีผลา,ยาแคปซูล,กองพัฒนายาแผนไทยและสมุนไพร กรมการแพทย์แผนไทยและการแพทย์ทางเลือก,ACTIVE
TTMT,9398548,อภัยสาลี,อภัยสาลี,ยาแคปซูล,กองพัฒนายาแผนไทยและสมุนไพร กรมการแพทย์แผนไทยและการแพทย์ทางเลือก,ACTIVE
TTMT,9398553,ริดสีดวงมหากาฬ (ตำรับในระบบทางเดินอาหารส่วนกลางและส่วนปลาย),ริดสีดวงมหากาฬ,ยาแคปซูล,กองพัฒนายาแผนไทยและสมุนไพร กรมการแพทย์แผนไทยและการแพทย์ทางเลือก,ACTIVE
TTMT,9398569,จิตรารมณ์,ยาหอมจิตรารมณ์,ยาแคปซูล,กองพัฒนายาแผนไทยและสมุนไพร กรมการแพทย์แผนไทยและการแพทย์ทางเลือก,ACTIVE
TTMT,9398576,กล่อมนางนอน,กล่อมนางนอน,ยาแคปซูล,กองพัฒนายาแผนไทยและสมุนไพร กรมการแพทย์แผนไทยและการแพทย์ทางเลือก,ACTIVE
TTMT,9398582,เบญจอำมฤตย์ ,เบญจอำมฤต,ยาแคปซูล,กองพัฒนายาแผนไทยและสมุนไพร กรมการแพทย์แผนไทยและการแพทย์ทางเลือก,ACTIVE
TTMT,9398595,เหงือกปลาหมอพริกไทย,ยาเหงือกปลาหมอผสม พริกไทย,ยาแคปซูล,กองพัฒนายาแผนไทยและสมุนไพร กรมการแพทย์แผนไทยและการแพทย์ทางเลือก,ACTIVE
TTMT,9398609,มธุรเมหะ (กองพัฒนายาไทยและสมุนไพร),มธุรเมหะ (กองพัฒนายาไทยและสมุนไพร),ยาแคปซูล,กองพัฒนายาแผนไทยและสมุนไพร กรมการแพทย์แผนไทยและการแพทย์ทางเลือก,ACTIVE
TTMT,9398613,ยาประคบ,ลูกประคบสมุนไพร,ยาประคบ,โรงพยาบาลส่งเสริมสุขภาพตำบลปวนพุ,ACTIVE
TTMT,9398621,ขี้ผึ้งไพล สูตรตำรับที่ 1,ยาหม่องไพล,ขี้ผึ้ง,โรงพยาบาลขุนยวม,ACTIVE
TTMT,9398632,ยาประคบ,ลูกประคบสมุนไพร,ยาประคบ,โรงพยาบาลบางบัวทอง,ACTIVE
TTMT,9398645,ขี้ผึ้งไพล สูตรตำรับที่ 1,ยาหม่องไพล,ขี้ผึ้ง,โรงพยาบาลบางบัวทอง,ACTIVE
TTMT,9398650,พิมเสนน้ำ,พิมเสนน้ำ,ยาน้ำ,โรงพยาบาลบางบัวทอง,ACTIVE
TTMT,9398666,สมุนไพรเผา (รพ.บางบัวทอง),ยาเผา,อื่นๆ,โรงพยาบาลบางบัวทอง,ACTIVE
TTMT,9398678,ยาพอกเข่า (รพ.บางบัวทอง),ยาพอกเข่า ,ยาพอก,โรงพยาบาลบางบัวทอง,ACTIVE
TTMT,9398684,มะขามแขก,ยามะขามแขกชนิดแคปซูลแสงสว่างตราค้างคาว,ยาแคปซูล,บริษัท แสงสว่างตราค้างคาว จำกัด,ACTIVE
TTMT,9398697,ฟ้าทะลายโจร,ยาฟ้าทะลายโจรแคปซูล ตราสิงโต,ยาแคปซูล,บริษัท แสงสว่างตราค้างคาว จำกัด,ACTIVE
TTMT,9398700,ฟ้าทะลายโจร,ยาฟ้าทะลายโจร 500 อีดี บริษัทเกร๊ทเตอร์ฟาร์ม่า,ยาแคปซูล,บริษัท เกร๊ทเตอร์ฟาร์ม่า จำกัด,ACTIVE
TTMT,9398716,มะขามแขก,มะขามแขกแคปซูล,ยาแคปซูล,โรงพยาบาลพนัสนิคม,ACTIVE
TTMT,9398728,มะรุม/ผักอีสุม,มะรุมแคปซูล,ยาแคปซูล,โรงพยาบาลพนัสนิคม,ACTIVE
TTMT,9398737,ขิง,ขิง,ยาแคปซูล,กองพัฒนายาแผนไทยและสมุนไพร กรมการแพทย์แผนไทยและการแพทย์ทางเลือก,ACTIVE
TTMT,9398744,ขมิ้นชัน,ขมิ้นขัน,ยาแคปซูล,กองพัฒนายาแผนไทยและสมุนไพร กรมการแพทย์แผนไทยและการแพทย์ทางเลือก,ACTIVE
TTMT,9398759,รางจืด,รางจืด,ยาแคปซูล,กองพัฒนายาแผนไทยและสมุนไพร กรมการแพทย์แผนไทยและการแพทย์ทางเลือก,ACTIVE
TTMT,9398763,มะขามแขก,มะขามแขก,ยาแคปซูล,กองพัฒนายาแผนไทยและสมุนไพร กรมการแพทย์แผนไทยและการแพทย์ทางเลือก,ACTIVE
TTMT,9398771,ฝาง,ยาชาชงฝาง,ยาชง,โรงพยาบาลเจ้าพระยาอภัยภูเบศร,ACTIVE
TTMT,9398785,หญ้ายุ่ม/หญ้าฮี๋ยุ่ม,ยาชาชงหญ้ายุ่ม,ยาชง,โรงพยาบาลเจ้าพระยาอภัยภูเบศร,ACTIVE
TTMT,9398792,บัวบก,น้ำมันบัวบก ,ยาเข้าน้ำมัน,โรงพยาบาลเจ้าพระยาอภัยภูเบศร,ACTIVE
TTMT,9398802,กล้วยป่า (กล้วยหก/กล้วยแดง/กล้วยอ่างขาง/กล้วยป่าอ่างขาง),ยาชาชงกล้วยป่า,ยาชง,โรงพยาบาลเจ้าพระยาอภัยภูเบศร,ACTIVE
TTMT,9398818,หญ้าหวาน,ยาชาชงหญ้าหวาน,ยาผง,โรงพยาบาลเจ้าพระยาอภัยภูเบศร,ACTIVE
TTMT,9398825,เถาวัลย์เหล็ก/รางแดง,ยาต้มเถาวัลย์เหล็ก,ยาต้ม,โรงพยาบาลเจ้าพระยาอภัยภูเบศร,ACTIVE
TTMT,9398839,ฮ่อสะพายควาย/กำลังช้างเผือก,ยาต้มฮ่อสะพายควาย,ยาต้ม,โรงพยาบาลเจ้าพระยาอภัยภูเบศร,ACTIVE
TTMT,9398841,ทิงเจอร์ทองพันชั่ง,ทิงเจอร์ทองพันชั่ง,ทิงเจอร์,โรงพยาบาลนาทม,ACTIVE
TTMT,9398856,น้ำมันไพล,น้ำมันไพล,ยาเข้าน้ำมัน,โรงพยาบาลนาทม,ACTIVE
TTMT,9398860,ไพล,ยาหม่องไพล,ขี้ผึ้ง,โรงพยาบาลนาทม,ACTIVE
TTMT,9398873,มะขามแขก,ยาแคปซูลมะขามแขก ตราไทรทอง,ยาแคปซูล,บริษัท ซีโนฟาร์ม(ไทย) จำกัด,ACTIVE
TTMT,9398887,พญายอ,ครีมพญายอ ตราไทรทอง,ครีม,บริษัท ซีโนฟาร์ม(ไทย) จำกัด,ACTIVE
TTMT,9398894,มหานิลแท่งทอง,ยามหานิลแท่งทอง ชนิดผง เวชพงศ์โอสถ,ยาผง,บริษัท แสงสว่างตราค้างคาว จำกัด,ACTIVE
TTMT,9398904,ปราบชมพูทวีป,ยาปราบชมพูทวีปชนิดลูกกลอน เวชพงศ์โอสถ,ยาลูกกลอน,บริษัท แสงสว่างตราค้างคาว จำกัด,ACTIVE
TTMT,9398915,หอมอินทจักร,หอมอินทจักร์,ยาผง,โรงพยาบาลพนัสนิคม,ACTIVE
TTMT,9398927,ปราบชมพูทวีป,ปราบชมพูทวีปแคปซูล,ยาแคปซูล,โรงพยาบาลพนัสนิคม,ACTIVE
TTMT,9398936,ห้าราก / แก้ไข้ห้าราก / แก้วห้าดวง / เบญจโลกวิเชียร ,ห้าราก,ยาแคปซูล,โรงพยาบาลพนัสนิคม,ACTIVE
TTMT,9398943,เขียวหอม,เขียวหอมแคปซูล,ยาแคปซูล,โรงพยาบาลพนัสนิคม,ACTIVE
TTMT,9398958,บำรุงโลหิต,บำรุงโลหิตแคปซูล,ยาแคปซูล,โรงพยาบาลพนัสนิคม,ACTIVE
TTMT,9398962,สหัศธารา,สหัสธาราแคปซูล,ยาแคปซูล,โรงพยาบาลพนัสนิคม,ACTIVE
TTMT,9398970,เบญจกูล / พิกัดเบญจกูล,เบญจกูลแคซูล,ยาแคปซูล,โรงพยาบาลพนัสนิคม,ACTIVE
TTMT,9398989,ตรีผลา / พิกัดตรีผลา ,ตรีผลาแคปซูล,ยาแคปซูล,โรงพยาบาลพนัสนิคม,ACTIVE
TTMT,9398991,เขียวหอม,เขียวหอม,ยาแคปซูล,กองพัฒนายาแผนไทยและสมุนไพร กรมการแพทย์แผนไทยและการแพทย์ทางเลือก,ACTIVE
TTMT,9399000,ต้มลดระดับน้ำตาล,ยาแคปซูลลดระดับน้ำตาลในเลือด,ยาแคปซูล,โรงพยาบาลเจ้าพระยาอภัยภูเบศร,ACTIVE
TTMT,9399016,ตรีผลา / พิกัดตรีผลา ,ยาชาชงตรีผลา,ยาชง,โรงพยาบาลเจ้าพระยาอภัยภูเบศร,ACTIVE
TTMT,9399028,แฮงคนชาย,ยาชาชงแฮงคนชาย,ยาผง,โรงพยาบาลเจ้าพระยาอภัยภูเบศร,ACTIVE
TTMT,9399037,ธาตุอบเชย ,ยาน้ำธาตุอบเชย,ยาน้ำ,โรงพยาบาลเจ้าพระยาอภัยภูเบศร,ACTIVE
TTMT,9399044,สมุนไพรอบตัว,ชุดอบสมุนไพร ,ยาต้ม,โรงพยาบาลเจ้าพระยาอภัยภูเบศร,ACTIVE
TTMT,9399059,ยาประคบ,ลูกประคบสมุนไพร,ยาประคบ,โรงพยาบาลเจ้าพระยาอภัยภูเบศร,ACTIVE
TTMT,9399063,ขับของเสีย,ยาชาชงตัวหอม,ยาชง,โรงพยาบาลเจ้าพระยาอภัยภูเบศร,ACTIVE
TTMT,9399071,ไม่อยากข้าว,ยาชาชงไม่อยากข้าว,ยาชง,โรงพยาบาลเจ้าพระยาอภัยภูเบศร,ACTIVE
TTMT,9399085,ล้างลำไส้,ยาน้ำล้างลำไส้,ยาน้ำ,โรงพยาบาลเจ้าพระยาอภัยภูเบศร,ACTIVE
TTMT,9399092,แก้ลมพิษ (ยาใช้ภายนอก),ยาน้ำสเปรย์แก้ลมพิษ,ยาน้ำ,โรงพยาบาลเจ้าพระยาอภัยภูเบศร,ACTIVE
TTMT,9399102,ไพล-กระดังงา,ยาน้ำมันไพล-กระดังงา,ยาเข้าน้ำมัน,โรงพยาบาลเจ้าพระยาอภัยภูเบศร,ACTIVE
TTMT,9399118,แก้คัน (ยาใช้ภายนอก),ยาครีมแก้คัน ,ครีม,โรงพยาบาลเจ้าพระยาอภัยภูเบศร,ACTIVE
TTMT,9399125,ไพล-กระดังงา,ยาหม่องไพล-กระดังงา,ขี้ผึ้ง,โรงพยาบาลเจ้าพระยาอภัยภูเบศร,ACTIVE
TTMT,9399139,กระดูกไก่ดำ,ยาหม่องกระดูกไก่ดำ,ขี้ผึ้ง,โรงพยาบาลเจ้าพระยาอภัยภูเบศร,ACTIVE
TTMT,9399141,สรรพยา,ยาหม่องสรรพยา,ขี้ผึ้ง,โรงพยาบาลเจ้าพระยาอภัยภูเบศร,ACTIVE
TTMT,9399156,แก้คัน (รพ.เจ้าพระยาอภัยภูเบศร),สบู่แก้คัน,อื่นๆ,โรงพยาบาลเจ้าพระยาอภัยภูเบศร,ACTIVE
TTMT,9399160,ดาวเรือง-อัญชัน,ยาแคปซูลดาวเรือง-อัญชัน,ยาแคปซูล,โรงพยาบาลเจ้าพระยาอภัยภูเบศร,ACTIVE
TTMT,9399173,ดาวเรือง-อัญชัน,ยาชาชงดาวเรือง-อัญชัน,ยาชง,โรงพยาบาลเจ้าพระยาอภัยภูเบศร,ACTIVE
TTMT,9399187,ปรับธาตุ / ประจำธาตุ  ,ตำรับยาปรับธาตุ,ยาต้ม,โรงพยาบาลนาทม,ACTIVE
TTMT,9399194,พอก สูตรเย็น,ตำรับยาพอกสูตรเย็น,ยาพอก,โรงพยาบาลนาทม,ACTIVE
TTMT,9399207,พอก สูตรร้อน,ตำรับยาพอกสูตรร้อน,ยาพอก,โรงพยาบาลนาทม,ACTIVE
TTMT,9399211,หลังคลอด (รพ.นาทม),ยาต้มหลังคลอด,ยาต้ม,โรงพยาบาลนาทม,ACTIVE
TTMT,9399224,ขี้ผึ้งผักเสี้ยนผี,ยาขี้ผึ้งผักเสี้ยนผี,ขี้ผึ้ง,โรงพยาบาลนาทม,ACTIVE
TTMT,9399230,บำรุงโลหิต,"ยาบำรุงโลหิต 500 มิลลิกรัม ตราทีเอฟดี
",ยาแคปซูล,บริษัท ไทยเอฟดี จำกัด,ACTIVE
TTMT,9399248,เขียวหอม,ยาเขียวหอมชนิดเม็ด ตราทีเอฟดี,ยาเม็ด,บริษัท ไทยเอฟดี จำกัด,ACTIVE
TTMT,9399253,แก้ไอผสมมะขามป้อมคิดส์ ตราไทรทอง,ยาน้ำแก้ไอผสมมะขามป้อมคิดส์ ตราไทรทอง,ยาน้ำ,บริษัท ซีโนฟาร์ม(ไทย)  จำกัด,ACTIVE
TTMT,9399269,มะรุม/ผักอีสุม,ยามะรุม ชนิดแคปซูล,ยาแคปซูล,โรงพยาบาลประโคนชัย,ACTIVE
TTMT,9399276,ขมิ้นชัน,ยาขมิ้นชัน,ยาแคปซูล,โรงพยาบาลกุดชุม,ACTIVE
TTMT,9399282,มะขามแขก,ยาระบายเซนนาแคป,ยาแคปซูล,บริษัท ผลิตภัณฑ์สมุนไพรไทย จำกัด,ACTIVE
TTMT,9399295,คำฝอย,ชาชงคำฝอย,ยาชง,โรงพยาบาลลานสัก,ACTIVE
TTMT,9399305,หอมนวโกฐ,ยาหอมนวโกฐ,ยาผง,โรงพยาบาลกุดชุม,ACTIVE
TTMT,9399314,ประสะไพล,ไฟโตเฟม ยาเม็ดประสะไพล,ยาเม็ด,บริษัท ผลิตภัณฑ์สมุนไพรไทย จำกัด,ACTIVE
TTMT,9399322,เหลืองปิดสมุทร,ยาเม็ดเหลืองปิดสมุทร,ยาเม็ด,บริษัท ผลิตภัณฑ์สมุนไพรไทย จำกัด,ACTIVE
TTMT,9399333,เพชรสังฆาต,ริซซี ยาผสมเพชรสังฆาตแคปซูล,ยาแคปซูล,บริษัท ผลิตภัณฑ์สมุนไพรไทย จำกัด,ACTIVE
TTMT,9399346,ตรีผลา / พิกัดตรีผลา ,ตรีผลา,ยาชง,โรงพยาบาลลานสัก,ACTIVE
TTMT,9399351,ตรีผลา / พิกัดตรีผลา ,ตรีผลา,ยาแคปซูล,โรงพยาบาลลานสัก,ACTIVE
TTMT,9399367,เบญจกูล / พิกัดเบญจกูล,ยาเบญจกูล,ยาผง,โรงพยาบาลลานสัก,ACTIVE
TTMT,9399379,เบญจกูล / พิกัดเบญจกูล,ยาเบญจกูล,ยาแคปซูล,โรงพยาบาลลานสัก,ACTIVE
TTMT,9399380,ทาแก้ปวดกระดูกไก่ดำ (สูตรเย็น),COOLPAIN,ยาน้ำ,โรงพยาบาลลานสัก,ACTIVE
TTMT,9399398,สบู่สัตตะมณี,สบู่สัตตะมณี,อื่นๆ,โรงพยาบาลสมเด็จพระยุพราชเด่นชัย,ACTIVE
TTMT,9399403,สเปรย์ตะไคร้หอม,สเปรย์ตะไคร้หอม,ยาน้ำ,โรงพยาบาลสมเด็จพระยุพราชเด่นชัย,ACTIVE
TTMT,9399419,แก้ลมแก้เส้น,แก้ลมแก้เส้น,ยาแคปซูล,โรงพยาบาลสมเด็จพระยุพราชเด่นชัย,ACTIVE
TTMT,9399426,ทาริดสีดวงทวารหนักและโรคผิวหนัง,ทาริดสีดวงและโรคผิวหนัง,ยาผง,โรงพยาบาลสมเด็จพระยุพราชเด่นชัย,ACTIVE
TTMT,9399435,ทาริดสีดวงทวารหนักและโรคผิวหนัง,ทาริดสีดวงและโรคผิวหนัง,ยาเข้าน้ำมัน,โรงพยาบาลสมเด็จพระยุพราชเด่นชัย,ACTIVE
TTMT,9399442,พญายอ,ยากลีเซอรีนพญายอ ตราไทรทอง,สารละลายสำหรับป้ายปาก,บริษัท ซีโนฟาร์ม(ไทย) จำกัด,ACTIVE
TTMT,9399457,น้ำมันไพล,น้ำมันไพล,ยาเข้าน้ำมัน,สถานีอนามัยเฉลิมพระเกียรติ 60 พรรษา นวมินทราชินี ตำบลหนองหิน,ACTIVE
TTMT,9399461,มะตูม,ชาชงมะตูม,ยาชง,โรงพยาบาลพนัสนิคม,ACTIVE
TTMT,9399474,ขลู่,ชาชงขลู่,ยาชง,โรงพยาบาลพนัสนิคม,ACTIVE
TTMT,9399488,ทองพันชั่ง,ชาชงทองพันชั่ง,ยาชง,โรงพยาบาลพนัสนิคม,ACTIVE
TTMT,9399490,ปัญจขันธ์,ชาชงเบญจขันธ์ (เจียวกู่หลาน),ยาชง,โรงพยาบาลพนัสนิคม,ACTIVE
TTMT,9399501,กระเจี๊ยบแดง,ชาชงกระเจี๊ยบแดง,ยาชง,โรงพยาบาลพนัสนิคม,ACTIVE
TTMT,9399517,ขิง,ชาชงขิง,ยาชง,โรงพยาบาลพนัสนิคม,ACTIVE
TTMT,9399529,ตะไคร้,ชาชงตะไคร้,ยาชง,โรงพยาบาลพนัสนิคม,ACTIVE
TTMT,9399538,มะรุม/ผักอีสุม,มะรุมแคปซูล,ยาแคปซูล,โรงพยาบาลพนัสนิคม,ACTIVE
TTMT,9399540,รางจืด,รางจืดแคปซูล,ยาแคปซูล,โรงพยาบาลพนัสนิคม,ACTIVE
TTMT,9399555,น้ำมันไพล,ยาน้ำมันผสมไพล ตราอภัยภูเบศร,ยาเข้าน้ำมัน,มูลนิธิ โรงพยาบาลเจ้าพระยาอภัยภูเบศร,ACTIVE
TTMT,9399564,เพชรสังฆาต,ยาแคปซูลเพชรร้อยข้อ,ยาแคปซูล,โรงพยาบาลเจ้าพระยาอภัยภูเบศร,ACTIVE
TTMT,9399572,น้ำมันไพล,น้ำมันไพล,ยาเข้าน้ำมัน,สถานีอนามัยเฉลิมพระเกียรติ 60 พรรษา นวมินทราชินี ตำบลหนองหิน,ACTIVE
TTMT,9399586,หอมนวโกฐ,หอมนวโกฐ,ยาเม็ด,โรงพยาบาลพนา,ACTIVE
TTMT,9399593,หอมอินทจักร,หอมอินทจักร,ยาเม็ด,โรงพยาบาลพนา,ACTIVE
TTMT,9399604,หอมเทพจิตร,หอมเทพจิตร,ยาเม็ด,โรงพยาบาลพนา,ACTIVE
TTMT,9399615,น้ำมันกัญชา,น้ำมันกัญชา(ตำรับหมอเดชา),ยาเข้าน้ำมัน,โรงพยาบาลพระอาจารย์ฝั้นอาจาโร,ACTIVE
TTMT,9399627,เบญจธาตุ,เบญจธาตุ,ยาต้ม,โรงพยาบาลอาภากรเกียรติวงศ์,ACTIVE
TTMT,9399636,กษัยเกล้า,ยากษัยเกล้า,ยาต้ม,โรงพยาบาลอาภากรเกียรติวงศ์,ACTIVE
TTMT,9399643,ซินโนวอล สูตร 2,ยาซินโนวอล สูตร 2 ,ยาน้ำ,บริษัท พนาพัฒน์ เฮลท์แคร์ จำกัด,ACTIVE
TTMT,9399658,ดมสมุนไพร,ยาดมสมุนไพร,ยาดม,โรงพยาบาลหนองบัวลำภู,ACTIVE
TTMT,9399662,ยาประคบ,ยาประคบสมุนไพร ,ยาประคบ,โรงพยาบาลหนองบัวลำภู,ACTIVE
TTMT,9399670,น้ำมันไพล,ยาน้ำมันไพล,ยาเข้าน้ำมัน,โรงพยาบาลหนองบัวลำภู,ACTIVE
TTMT,9399689,หม่องสมุนไพร,ยาขี้ผึ้งสมุนไพร,ขี้ผึ้ง,โรงพยาบาลหนองบัวลำภู,ACTIVE
TTMT,9399691,น้ำมันสะเดา,ยาน้ำมันสะเดา,ยาเข้าน้ำมัน,โรงพยาบาลหนองบัวลำภู,ACTIVE
TTMT,9399708,น้ำมันไพล,น้ำมันไพล สูตรตำรับที่ ๒,ยาเข้าน้ำมัน,โรงพยาบาลเลย,ACTIVE
TTMT,9399720,พอกเข่าสมุนไพร,ยาพอกเข่าสมุนไพร,ยาพอก,โรงพยาบาลทุ่งฝน,ACTIVE
TTMT,9399731,ปลูกไฟธาตุ,ปลูกไฟธาตุแคปซูล,ยาแคปซูล,โรงพยาบาลพนัสนิคม,ACTIVE
TTMT,9399749,ผสมเพชรสังฆาต สูตรตำรับที่ 2,ผสมเพชรสังฆาต สูตรตำรับที่ 2 แคปซูล,ยาแคปซูล,โรงพยาบาลพนัสนิคม,ACTIVE
TTMT,9399754,ธาตุอบเชย ,ธาตุอบเชย,ยาน้ำ,โรงพยาบาลพนัสนิคม,ACTIVE
TTMT,9399765,แฮงคนชาย,ยาชาชงแฮงคนชาย,ยาผง,โรงพยาบาลเจ้าพระยาอภัยภูเบศร,ACTIVE
TTMT,9399777,ลดระดับน้ำตาลในเลือด,ยาต้มลดระดับน้ำตาลในเลือด,ยาต้ม,โรงพยาบาลเจ้าพระยาอภัยภูเบศร,ACTIVE
TTMT,9399783,ล้างลำไส้,ยาลูกกลอนล้างลำไส้,ยาลูกกลอน,โรงพยาบาลเจ้าพระยาอภัยภูเบศร,ACTIVE
TTMT,9399796,ไม่อยากข้าว,ยาอมไม่อยากข้าว,ยาลูกกลอน,โรงพยาบาลเจ้าพระยาอภัยภูเบศร,ACTIVE
TTMT,9399806,อายุวัฒนะ,ยาลูกกลอนอายุวัฒนะ,ยาลูกกลอน,โรงพยาบาลเจ้าพระยาอภัยภูเบศร,ACTIVE
TTMT,9399810,แก้หอบหืด,ยาต้มแก้หอบหืด,ยาต้ม,โรงพยาบาลเจ้าพระยาอภัยภูเบศร,ACTIVE
TTMT,9399823,บำรุงกำลังท่านชาย,ยาดองบำรุงกำลังท่านชาย,ยาดอง,โรงพยาบาลเจ้าพระยาอภัยภูเบศร,ACTIVE
TTMT,9399834,สมุนไพร,ยาดมสมุนไพร,ยาดม,โรงพยาบาลเจ้าพระยาอภัยภูเบศร,ACTIVE
TTMT,9399847,รักนิรันดร์,ยาดมรักนิรันดร์,ยาดม,โรงพยาบาลเจ้าพระยาอภัยภูเบศร,ACTIVE
TTMT,9399852,เนียมหูเสือ,ยาหม่องน้ำเนียมหูเสือ,ยาน้ำ,โรงพยาบาลเจ้าพระยาอภัยภูเบศร,ACTIVE
TTMT,9399868,ปิตตะ,ยาหม่องน้ำสูตรปิตตะ,ยาน้ำ,โรงพยาบาลเจ้าพระยาอภัยภูเบศร,ACTIVE
TTMT,9399875,วาตะ,ยาหม่องน้ำสูตรวาตะ,ยาน้ำ,โรงพยาบาลเจ้าพระยาอภัยภูเบศร,ACTIVE
TTMT,9399881,กผะ,ยาหม่องน้ำสูตรกผะ,ยาน้ำ,โรงพยาบาลเจ้าพระยาอภัยภูเบศร,ACTIVE
TTMT,9399899,แก้กล่อน,ยาลูกกลอนแก้กล่อน,ยาลูกกลอน,โรงพยาบาลเจ้าพระยาอภัยภูเบศร,ACTIVE
TTMT,9399909,หญ้าปักกิ่ง,ยาชงหญ้าปักกิ่ง ตราธงทอง,ยาชง,ห้างธงทองโอสถ,ACTIVE
TTMT,9399913,น้ำมันไพล,น้ำมันไพล,ยาเข้าน้ำมัน,โรงพยาบาลเฝ้าไร่,ACTIVE
TTMT,9399921,ฟ้าทะลายโจร,ฟ้าทะลายโจรแคปซูล 500,ยาแคปซูล,โรงงานเภสัชกรรมทหารศูนย์การอุตสาหกรรมป้องกันประเทศและพลังงานทหาร,ACTIVE
TTMT,9399932,ขี้ผึ้งว่านอำนาจเจริญ (หมอบุญโฮม) ,โรงพยาบาลพนา,ขี้ผึ้ง,โรงพยาบาลพนา,ACTIVE
TTMT,9399945,บรรเทาริดสีดวงทวารหนักอำนาจเจริญ (หมอชเอม),โรงพยาบาลพนา,ยาต้ม,โรงพยาบาลพนา,ACTIVE
TTMT,9399950,ศุขไสยาศน์,ยาศุขไสยาศน์,ยาแคปซูล,โรงพยาบาลมหาสารคาม,ACTIVE
TTMT,9399966,แก้นอนไม่หลับ/ยาแก้ไข้ผอมเหลือง,ยาแก้นอนไม่หลับ / ยาแก้ไข้ผอมเหลือง,ยาแคปซูล,โรงพยาบาลมหาสารคาม,ACTIVE
TTMT,9399978,แก้ลมแก้เส้น,ยาแก้ลมแก้เส้น,ยาแคปซูล,โรงพยาบาลมหาสารคาม,ACTIVE
TTMT,9399984,แก้โรคจิต,ยาแก้โรคจิต,ยาแคปซูล,โรงพยาบาลมหาสารคาม,ACTIVE
TTMT,9399997,ทาริดสีดวงทวารหนักและโรคผิวหนัง,ยาทาริดสีดวงทวารหนักและโรคผิวหนัง,ยาเข้าน้ำมัน,โรงพยาบาลมหาสารคาม,ACTIVE
TTMT,9400007,พอกสมุนไพรแก้ปวด,ยาพอกสมุนไพรแก้ปวดชนิดแผ่นแปะ,ยาพอก,โรงพยาบาลหลวงพ่อเปิ่น,ACTIVE
TTMT,9400011,สมุนไพรแช่มือแช่เท้า,ยาแช่มือแช่เท้า,ยาแช่,โรงพยาบาลบางคล้า,ACTIVE
TTMT,9400024,พอกสมุนไพร (รพ.บางคล้า),ยาพอกสมุนไพร,ยาพอก,โรงพยาบาลบางคล้า,ACTIVE
TTMT,9400030,ธาตุอบเชย ,ธาตุอบเชย ,ยาน้ำ,โรงพยาบาลสมเด็จพระยุพราชเด่นชัย,ACTIVE
TTMT,9400048,แก้ไอผสมมะขามป้อม สูตรตำรับที่ 1,ยาแก้ไอผสมมะขามป้อม,ยาน้ำ,โรงพยาบาลสมเด็จพระยุพราชเด่นชัย,ACTIVE
TTMT,9400053,หอมนวโกฐ,ยาหอมนวโกฐ ชนิดผงตราธงทอง,ยาผง,ห้างธงทองโอสถ,ACTIVE
TTMT,9400069,ประสะเจตพังคี,ยาประสะเจตพังคี ชนิดแคปซูล ตราธงทอง,ยาแคปซูล,ห้างธงทองโอสถ,ACTIVE
TTMT,9400076,วิสัมพญาใหญ่,ยาวิสัมพยาใหญ่ ชนิคแคปซูล ตราธงทอง ,ยาแคปซูล,ห้างธงทองโอสถ,ACTIVE
TTMT,9400082,ประสะจันทน์แดง ,ยาประสะจันทน์แดง ชนิดแคปซูล ตราธงทอง,ยาแคปซูล,ห้างธงทองโอสถ,ACTIVE
TTMT,9400095,ประสะกานพลู,ยาประสะกานพลู ชนิดแคปซูล ตราธงทอง,ยาแคปซูล,ห้างธงทองโอสถ,ACTIVE
TTMT,9400105,มันทธาตุ,ยามันทธาตุ ชนิดผง ตราธงทอง,ยาผง,ห้างธงทองโอสถ,ACTIVE
TTMT,9400114,มันทธาตุ,ยามันทธาตุ ชนิดผง ตราธงทอง,ยาผง,ห้างธงทองโอสถ,ACTIVE
TTMT,9400122,ประสะจันทน์แดง ,ยาประสะจันทน์แดง ชนิดผง ตราธงทอง,ยาผง,ห้างธงทองโอสถ,ACTIVE
TTMT,9400133,ประสะกานพลู,ยาประสะกานพลู ชนิดผง ตราธงทอง,ยาผง,ห้างธงทองโอสถ,ACTIVE
TTMT,9400146,ประสะเจตพังคี,ยาประสะเจตพังคี ชนิดผง  ตราธงทอง,ยาผง,ห้างธงทองโอสถ,ACTIVE
TTMT,9400151,วิสัมพญาใหญ่,ยาวิสัมพยาใหญ่ ชนิดผง ตราธงทอง,ยาผง,ห้างธงทองโอสถ,ACTIVE
TTMT,9400167,วิสัมพญาใหญ่,ยาวิสัมพยาใหญ่ ชนิดผง ตราธงทอง,ยาผง,ห้างธงทองโอสถ,ACTIVE
TTMT,9400179,จันทน์ลีลา,ยาจันทน์ลีลา ชนิดผง ตราธงทอง,ยาผง,ห้างธงทองโอสถ,ACTIVE
TTMT,9400180,ธรณีสันฑะฆาต,ยาธรณีสันฑะฆาต ชนิดผง ตราธงทอง,ยาผง,ห้างธงทองโอสถ,ACTIVE
TTMT,9400198,อำมฤควาที,ยาอำมฤควาที ชนิดผง ตราธงทอง,ยาผง,ห้างธงทองโอสถ,ACTIVE
TTMT,9400200,หอมอินทจักร,ยาหอมอินทจักร์ ชนิดผง ตราธงทอง,ยาผง,ห้างธงทองโอสถ,ACTIVE
TTMT,9400216,ธาตุบรรจบ ,ยาธาตุบรรจบ ชนิดผง ตราธงทอง,ยาผง,ห้างธงทองโอสถ,ACTIVE
TTMT,9400228,ผงอบสมุนไพรคลายเส้น,ตำรับยาผงอบสมุนไพรคลายเส้น,ยาผง,โรงพยาบาลมหาสารคาม,ACTIVE
TTMT,9400237,ผงอบทับหม้อเกลือ,ตำรับผงอบทับหม้อเกลือ,ยาผง,โรงพยาบาลมหาสารคาม,ACTIVE
TTMT,9400244,อาบสมุนไพร (รพ.มหาสารคาม),ตำรับยาอาบสมุนไพร,ยาผง,โรงพยาบาลมหาสารคาม,ACTIVE
TTMT,9400259,แช่เท้าสมุนไพร (รพ.มหาสารคาม),ตำรับยาแช่เท้าสมุนไพร,ยาผง,โรงพยาบาลมหาสารคาม,ACTIVE
TTMT,9400263,ชาชงลดไขมัน,ชาชงลดไขมัน,ยาชง,โรงพยาบาลมหาสารคาม,ACTIVE
TTMT,9400271,ผงยาพอกเข่า,ตำรับผงยาพอกเข่า,ยาผง,โรงพยาบาลมหาสารคาม,ACTIVE
TTMT,9400285,ครีมแก้แพ้คัน,ครีมแก้แพ้คัน,ครีม,โรงพยาบาลมหาสารคาม,ACTIVE
TTMT,9400292,แก้ปวดเมื่อย (รพ.มหาสารคาม),ตำรับยาแก้ปวดเมื่อย,ยาต้ม,โรงพยาบาลมหาสารคาม,ACTIVE
TTMT,9400302,ล้างสารพิษ,ตำรับยาล้างสารพิษ,ยาต้ม,โรงพยาบาลมหาสารคาม,ACTIVE
TTMT,9400318,บำรุงกำลังและร่างกาย,ตำรับยาบำรุงกำลัง,ยาต้ม,โรงพยาบาลมหาสารคาม,ACTIVE
TTMT,9400325,ภูมิแพ้หอบหืด,ตำรับยาภูมิแพ้หอบหืด,ยาต้ม,โรงพยาบาลมหาสารคาม,ACTIVE
TTMT,9400339,บำรุงโลหิต,ตำรับยาบำรุงโลหิต,ยาต้ม,โรงพยาบาลมหาสารคาม,ACTIVE
TTMT,9400341,สะเก็ดเงิน สูตร 1,ตำรับยาสะเก็ดเงิน สูตร 1,ยาต้ม,โรงพยาบาลมหาสารคาม,ACTIVE
TTMT,9400356,สะเก็ดเงิน สูตร 2,ตำรับยาสะเก็ดเงิน สูตร 2,ยาต้ม,โรงพยาบาลมหาสารคาม,ACTIVE
TTMT,9400360,สะเก็ดเงิน สูตร 3,ตำรับยาสะเก็ดเงิน สูตร 3,ยาต้ม,โรงพยาบาลมหาสารคาม,ACTIVE
TTMT,9400373,อาบรักษาตะโจ,ยาอาบรักษาตะโจ,ยาต้ม,โรงพยาบาลมหาสารคาม,ACTIVE
TTMT,9400387,น้ำมันทาตะโจ,น้ำมันทาตะโจ,ยาเข้าน้ำมัน,โรงพยาบาลมหาสารคาม,ACTIVE
TTMT,9400394,เบญจผลา,เบญจผลา,ยาแคปซูล,โรงพยาบาลสรรคบุรี,ACTIVE
TTMT,9400409,พรหมประสิทธิ์,พรหมประสิทธิ์,ยาแคปซูล,โรงพยาบาลสรรคบุรี,ACTIVE
TTMT,9400413,พรหมภักตร์,พรหมภักตร์,ยาแคปซูล,โรงพยาบาลสรรคบุรี,ACTIVE
TTMT,9400421,ลูกแปลกแม่,ลูกแปลกแม่,ยาลูกกลอน,โรงพยาบาลสรรคบุรี,ACTIVE
TTMT,9400432,ยาประคบ,ยาประคบ,ยาประคบ,โรงพยาบาลสรรคบุรี,ACTIVE
TTMT,9400445,สมุนไพรอบตัว,สมุนไพรอบตัว,ยาต้ม,โรงพยาบาลสรรคบุรี,ACTIVE
TTMT,9400450,ดมส้มโอ,ยาดมส้มโอ,ยาดม,โรงพยาบาลสรรคบุรี,ACTIVE
TTMT,9400466,แก้ไอผสมมะขามป้อม สูตรตำรับที่ 1,ยาแก้ไอผสมมะขามป้อม  ตราไทรทอง ชนิดน้ำ,ยาน้ำ,บริษัท ซีโนฟาร์ม(ไทย)  จำกัด,ACTIVE
TTMT,9400478,บำรุงร่างกาย แสงสว่างตราค้างคาว สูตร 2,ยาบำรุงร่างกาย แสงสว่างตราค้างคาว สูตร 2,ยาน้ำ,บริษัท แสงสว่างตราค้างคาว จำกัด,ACTIVE
TTMT,9400484,แก้ไอสูตรผสมมะแว้งเครือ,ยาแก้ไอแสงสว่างตราค้างคาว สูตรผสมมะแว้งเครือ,ยาน้ำ,บริษัท แสงสว่างตราค้างคาว จำกัด,ACTIVE
TTMT,9400497,ธาตุผสมอบเชย,ยาธาตุผสมอบเชย ตราซินน่า,ยาน้ำ,บริษัท แสงสว่างตราค้างคาว จำกัด,ACTIVE
TTMT,9400506,น้ำมันไพล,น้ำมันไพล,ยาเข้าน้ำมัน,โรงพยาบาลเฝ้าไร่,ACTIVE
TTMT,9400510,หม่องไพล/บาล์มไพล/ไพลบาล์ม / ขี้ผึ้งไพล,ขี้ผึ้งไพล,ขี้ผึ้ง,โรงพยาบาลเฝ้าไร่,ACTIVE
TTMT,9400523,ลูกประคบ (รพ.เฝ้าไร่),ลูกประคบ,ยาประคบ,โรงพยาบาลเฝ้าไร่,ACTIVE
TTMT,9400534,ขี้ผึ้งไพล สูตรตำรับที่ 1,ขี้ผึ้งไพล สูตรตำรับที่ 1,ขี้ผึ้ง,โรงพยาบาลเฝ้าไร่,ACTIVE
TTMT,9400547,ยาประคบ,ยาประคบ,ยาประคบ,โรงพยาบาลเฝ้าไร่,ACTIVE
TTMT,9400552,กระเจี๊ยบแดง,ชาชงกระเจี๊ยบแดง,ยาชง,โรงพยาบาลสมเด็จพระยุพราชด่านซ้าย,ACTIVE
TTMT,9400568,ทิงเจอร์ทองพันชั่ง,ทิงเจอร์ทองพันชั่ง,ทิงเจอร์,โรงพยาบาลสมเด็จพระยุพราชด่านซ้าย,ACTIVE
TTMT,9400575,ฟ้าทะลายโจร,ฟ้าทะลายโจรแคปซูล,ยาแคปซูล,โรงพยาบาลพระอาจารย์ฝั้นอาจาโร,ACTIVE
TTMT,9400581,เถาวัลย์เปรียง,เถาวัลย์เปรียงแคปซูล,ยาแคปซูล,โรงพยาบาลพระอาจารย์ฝั้นอาจาโร,ACTIVE
TTMT,9400599,บอระเพ็ด,บอระเพ็ดแคปซูล,ยาแคปซูล,โรงพยาบาลพระอาจารย์ฝั้นอาจาโร,ACTIVE
TTMT,9400608,เพชรสังฆาต,เพชรสังฆาตแคปซูล,ยาแคปซูล,โรงพยาบาลพระอาจารย์ฝั้นอาจาโร,ACTIVE
TTMT,9400612,มะระขี้นก,มะระขี้นกแคปซูล,ยาแคปซูล,โรงพยาบาลพระอาจารย์ฝั้นอาจาโร,ACTIVE
TTMT,9400620,หม่องเสลดพังพอน/เสลดพังพอนบาล์ม/หม่องพญายอ/ขี้ผึ้งพญายอ/   ขี้ผึ้งเสลดพังพอน,ขี้ผึ้งพญายอ,ขี้ผึ้ง,โรงพยาบาลบ้านไผ่,ACTIVE
TTMT,9400631,สเปรย์ตะไคร้หอมกันยุง (รพ.บ้านไผ่),สเปรย์ตะไคร้หอมกันยุง ,ยาน้ำ,โรงพยาบาลบ้านไผ่,ACTIVE
TTMT,9400649,พิมเสนน้ำ (รพ.บ้านไผ่),พิมเสนน้ำ,ยาน้ำ,โรงพยาบาลบ้านไผ่,ACTIVE
TTMT,9400654,น้ำมันกัญชาขมิ้นทอง,น้ำมันกัญชาขมิ้นทอง,ยาเข้าน้ำมัน,โรงพยาบาลห้วยเกิ้ง,ACTIVE
TTMT,9400665,ทาริดสีดวงทวารหนักและโรคผิวหนัง,ยาทาริดสีดวงทวารหนักและโรคผิวหนัง,ยาเข้าน้ำมัน,โรงพยาบาลห้วยเกิ้ง,ACTIVE
TTMT,9400677,แก้ลมแก้เส้น,ยาแก้ลมแก้เส้น,ยาแคปซูล,โรงพยาบาลห้วยเกิ้ง,ACTIVE
TTMT,9400683,แก้ลมขึ้นเบื้องสูง,ยาแก้ลมขึ้นเบื้องสูง,ยาแคปซูล,โรงพยาบาลห้วยเกิ้ง,ACTIVE
TTMT,9400696,ไฟอาวุธ,ยาไฟอาวุธ,ยาแคปซูล,โรงพยาบาลห้วยเกิ้ง,ACTIVE
TTMT,9400704,ทำลายพระสุเมรุ,ยาทำลายพระสุเมรุ,ยาแคปซูล,โรงพยาบาลห้วยเกิ้ง,ACTIVE
TTMT,9400715,ศุขไสยาศน์,ยาศุขไสยาศน์,ยาแคปซูล,โรงพยาบาลห้วยเกิ้ง,ACTIVE
TTMT,9400727,แก้ไอรสน้ำผึ้งผสมมะนาว,ยาแก้ไอตราเสือดาว รสน้ำผึ้งผสมมะนาว,ยาน้ำ,บริษัท แสงสว่างตราค้างคาว จำกัด,ACTIVE
TTMT,9400736,ยาประคบ (รพ.หนองฮี),ยาประคบ,ยาประคบ,โรงพยาบาลหนองฮี,ACTIVE
TTMT,9400743,ยาประคบ,ยาประคบ,ยาประคบ,โรงพยาบาลหนองฮี,ACTIVE
TTMT,9400758,พิมเสนน้ำ (รพ.หนองฮี),พิมเสนน้ำ,ยาน้ำ,โรงพยาบาลหนองฮี,ACTIVE
TTMT,9400762,หม่องไพล/บาล์มไพล/ไพลบาล์ม / ขี้ผึ้งไพล,ขี้ผึ้งไพล,ขี้ผึ้ง,โรงพยาบาลหนองฮี,ACTIVE
TTMT,9400770,น้ำมันไพล,น้ำมันเหลือง,ยาเข้าน้ำมัน,โรงพยาบาลหนองฮี,ACTIVE
TTMT,9400789,ดมสมุนไพร (รพ.หนองฮี),ยาดมสมุนไพร,ยาดม,โรงพยาบาลหนองฮี,ACTIVE
TTMT,9400791,ตำรับเมตตาโอสถ,DTAM METTA OSOT  ตำรับเมตตาโอสถ กรมการแพทย์แผนไทยและการแพทย์ทางเลือก,ยาเข้าน้ำมัน,กองพัฒนายาแผนไทยและสมุนไพร กรมการแพทย์แผนไทยและการแพทย์ทางเลือก,ACTIVE
TTMT,9400801,ตำรับการุณย์โอสถ,DTAM KARUN OSOT  ตำรับการุณย์โอสถ กรมการแพทย์แผนไทยและการแพทย์ทางเลือก,ยาเข้าน้ำมัน,กองพัฒนายาแผนไทยและสมุนไพร กรมการแพทย์แผนไทยและการแพทย์ทางเลือก,ACTIVE
TTMT,9400829,จันทน์ลีลา,จันทน์ลีลาแคปซูล,ยาแคปซูล,โรงพยาบาลพระอาจารย์ฝั้นอาจาโร,ACTIVE
TTMT,9400838,เบญจกูล / พิกัดเบญจกูล,เบญจกูลแคปซูล,ยาแคปซูล,โรงพยาบาลพระอาจารย์ฝั้นอาจาโร,ACTIVE
TTMT,9400840,ประสะจันทน์แดง ,ประสะจันทน์แดงแคปซูล,ยาแคปซูล,โรงพยาบาลพระอาจารย์ฝั้นอาจาโร,ACTIVE
TTMT,9400855,ปราบชมพูทวีป,ปราบชมพูทวีปแคปซูล,ยาแคปซูล,โรงพยาบาลพระอาจารย์ฝั้นอาจาโร,ACTIVE
TTMT,9400864,ไฟประลัยกัลป์,ไฟประลัยกัลป์แคปซูล,ยาแคปซูล,โรงพยาบาลพระอาจารย์ฝั้นอาจาโร,ACTIVE
TTMT,9400872,ห้าราก / แก้ไข้ห้าราก / แก้วห้าดวง / เบญจโลกวิเชียร ,ห้ารากแคปซูล,ยาแคปซูล,โรงพยาบาลพระอาจารย์ฝั้นอาจาโร,ACTIVE
TTMT,9400886,พญายอ,ทิงเจอร์พญายอ,ทิงเจอร์,โรงพยาบาลศรีสังวาลย์,ACTIVE
TTMT,9400893,ทิงเจอร์ทองพันชั่ง,ทิงเจอร์ทองพันชั่ง,ทิงเจอร์,โรงพยาบาลศรีสังวาลย์,ACTIVE
TTMT,9400903,ทิงเจอร์พลู,ทิงเจอร์พลู,ทิงเจอร์,โรงพยาบาลศรีสังวาลย์,ACTIVE
TTMT,9400919,ฟ้าทะลายโจร,ฟ้าทะลายโจร,ยาแคปซูล,โรงพยาบาลสมเด็จพระปิ่นเกล้า,ACTIVE
TTMT,9400926,ฟ้าทะลายโจร, ยาฟ้าทะลายโจร ชนิดแคปซูล,ยาแคปซูล,บริษัท สเปเชียลตี้ อินโนเวชั่น จำกัด,ACTIVE
TTMT,9400935,ฟ้าทะลายโจร, ยาฟ้าทะลายโจร แคปซูล ตรา คลีนลาเด็กซ์,ยาแคปซูล,บริษัท สเปเชียลตี้ อินโนเวชั่น จำกัด,ACTIVE
TTMT,9400942,ฟ้าทะลายโจร,ยาฟ้าทะลายโจร แคปซูล ตรา เอธซีที,ยาแคปซูล,บริษัท สเปเชียลตี้ อินโนเวชั่น จำกัด,ACTIVE
TTMT,9400957,ฟ้าทะลายโจร,ยาฟ้าทะลายโจร แคปซูล,ยาแคปซูล,บริษัท สเปเชียลตี้ อินโนเวชั่น จำกัด,ACTIVE
TTMT,9400961,ฟ้าทะลายโจร,ยาฟาทาลา-แคป,ยาแคปซูล,บริษัท สเปเชียลตี้ อินโนเวชั่น จำกัด,ACTIVE
TTMT,9400974,ฟ้าทะลายโจร,ยาแอนโดรฟา-แคป,ยาแคปซูล,บริษัท สเปเชียลตี้ อินโนเวชั่น จำกัด,ACTIVE
TTMT,9400988,สารสกัดจากฟ้าทะลายโจร,ยาสารสกัด ฟ้าทะลายโจร แคปซูล ตรามาดามไทเฮิร์บ,ยาแคปซูล,บริษัท สเปเชียลตี้ อินโนเวชั่น จำกัด,ACTIVE
TTMT,9400990,สารสกัดจากฟ้าทะลายโจร,ยาสารสกัดฟ้าทะลายโจร แคปซูล ตรา กิเลน,ยาแคปซูล,บริษัท สเปเชียลตี้ อินโนเวชั่น จำกัด,ACTIVE
TTMT,9401006,สารสกัดจากฟ้าทะลายโจร,ยาสารสกัดฟ้าทะลายโจร ชนิดแคปซูล,ยาแคปซูล,บริษัท สเปเชียลตี้ อินโนเวชั่น จำกัด,ACTIVE
TTMT,9401010,สารสกัดจากฟ้าทะลายโจร,ยาสารสกัดฟ้าทะลายโจร แคปซูล ตราทองเอก,ยาแคปซูล,บริษัท สเปเชียลตี้ อินโนเวชั่น จำกัด,ACTIVE
TTMT,9401023,สารสกัดจากฟ้าทะลายโจร,ยาสารสกัดฟ้าทะลายโจร แคปซูล,ยาแคปซูล,บริษัท สเปเชียลตี้ อินโนเวชั่น จำกัด,ACTIVE
TTMT,9401034,กระชายขาว,กระชายขาวแคปซูล,ยาแคปซูล,โรงพยาบาลหนองฉาง,ACTIVE
TTMT,9401047,อบสมุนไพร (รพ.ศรีสังวาลย์),อบสมุนไพร (รพ.ศรีสังวาลย์),ยาต้ม,โรงพยาบาลศรีสังวาลย์,ACTIVE
TTMT,9401052,น้ำมันไพล,น้ำมันไพล,ยาเข้าน้ำมัน,โรงพยาบาลศรีสังวาลย์,ACTIVE
TTMT,9401068,ยาประคบ,ยาประคบ,ยาประคบ,โรงพยาบาลศรีสังวาลย์,ACTIVE
TTMT,9401075,ลูกประคบแห้ง (รพ.ศรีสังวาลย์),ลูกประคบแห้ง (รพ.ศรีสังวาลย์),ยาประคบ,โรงพยาบาลศรีสังวาลย์,ACTIVE
TTMT,9401081,อัคคินีวคณะ,ยาอัคคินีวคณะแคปซูล,ยาแคปซูล,โรงพยาบาลพนา,ACTIVE
TTMT,9401099,แก้ลมเนาวนารีวาโย,ยาแก้ลมเนาวนารีวาโยแคปซูล,ยาแคปซูล,โรงพยาบาลพนา,ACTIVE
TTMT,9401109,แก้ลมขึ้นเบื้องสูง,ยาแก้ลมขึ้นเบื้องสูงแคปซูล,ยาแคปซูล,โรงพยาบาลพนา,ACTIVE
TTMT,9401113,ไฟอาวุธ,ยาไฟอาวุธแคปซูล,ยาแคปซูล,โรงพยาบาลพนา,ACTIVE
TTMT,9401121,แก้สัณฑฆาต กล่อนแห้ง,ยาแก้สัณฑฆาต กล่อนแห้งแคปซูล,ยาแคปซูล,โรงพยาบาลพนา,ACTIVE
TTMT,9401132,อัมฤตโอสถ,ยาอัมฤตย์โอสถแคปซูล,ยาแคปซูล,โรงพยาบาลพนา,ACTIVE
TTMT,9401145,อไภยสาลี,ยาอไภยสาลีแคปซูล,ยาแคปซูล,โรงพยาบาลพนา,ACTIVE
TTMT,9401150,ไพสาลี,ยาไพสาลีแคปซูล,ยาแคปซูล,โรงพยาบาลพนา,ACTIVE
TTMT,9401166,ทำลายพระสุเมรุ,ยาทำลายพระสุเมรุแคปซูล,ยาแคปซูล,โรงพยาบาลพนา,ACTIVE
TTMT,9401178,ทัพยาธิคุณ,ยาทัพยาธิคุณแคปซูล,ยาแคปซูล,โรงพยาบาลพนา,ACTIVE
TTMT,9401184,แก้ลมแก้เส้น,ยาแก้ลมแก้เส้น,ยาแคปซูล,โรงพยาบาลพนา,ACTIVE
TTMT,9401197,น้ำมันสนั่นไตรภพ,ยาน้ำมันสนั่นไตรภพ,ยาเข้าน้ำมัน,โรงพยาบาลพนา,ACTIVE
TTMT,9401204,น้ำมันกัญชา,ยาน้ำมันกัญชา (ตำรับหมอเดชา),ยาเข้าน้ำมัน,โรงพยาบาลพนา,ACTIVE
TTMT,9401215,ศุขไสยาศน์,ยาศุขไสยาศน์แคปซูล,ยาแคปซูล,โรงพยาบาลพนา,ACTIVE
TTMT,9401227,แก้โรคจิต,ยาแก้โรคจิตแคปซูล,ยาแคปซูล,โรงพยาบาลพนา,ACTIVE
TTMT,9401236,แก้นอนไม่หลับ/ยาแก้ไข้ผอมเหลือง,ยาแก้นอนไม่หลับ/ยาแก้ไข้ผอมเหลืองแคปซูล,ยาแคปซูล,โรงพยาบาลพนา,ACTIVE
TTMT,9401243,ทาริดสีดวงทวารหนักและโรคผิวหนัง,ยาทาริดสีดวงทวารหนักและโรคผิวหนัง,ยาเข้าน้ำมัน,โรงพยาบาลพนา,ACTIVE
TTMT,9401262,ต้มแก้เส้นเอ็นพิการ (นหารูพิการ),ยาต้มแก้เส้นเอ็นพิการ (นหารูพิการ),ยาต้ม,โรงพยาบาลสมเด็จพระปิ่นเกล้า,ACTIVE
TTMT,9401270,แก้ปวดข้อ ปวดหลัง ข้อบวม,ยาแก้ปวดข้อ ปวดหลัง ข้อบวม,ยาต้ม,โรงพยาบาลสมเด็จพระปิ่นเกล้า,ACTIVE
TTMT,9401289,ต้มแก้ปวดเมื่อยตามเส้นเอ็น,ยาต้มแก้ปวดเมื่อยตามเส้นเอ็น,ยาต้ม,โรงพยาบาลสมเด็จพระปิ่นเกล้า,ACTIVE
TTMT,9401291,แก้เหน็บชา ปวดเมื่อยเจ็บ อัมพฤกษ์ อัมพาต เลือดลมไม่เดิน(เลือดลมไหลเวียน),ยาแก้เหน็บชา ปวดเมื่อยเจ็บ อัมพฤกษ์ อัมพาต เลือดลมไม่เดิน(เลือดลมไหลเวียน),ยาต้ม,โรงพยาบาลสมเด็จพระปิ่นเกล้า,ACTIVE
TTMT,9401301,ต้มถ่ายเส้น,ยาต้มถ่ายเส้น,ยาต้ม,โรงพยาบาลสมเด็จพระปิ่นเกล้า,ACTIVE
TTMT,9401317,แก้โรคเรื้อนทั้ง 4 จำพวก,ยาแก้โรคเรื้อนทั้ง 4 จำพวก,ยาต้ม,โรงพยาบาลสมเด็จพระปิ่นเกล้า,ACTIVE
TTMT,9401329,แก้น้ำเหลืองเสีย(เรื้อนมูลนก),ยาแก้น้ำเหลืองเสีย(เรื้อนมูลนก),ยาต้ม,โรงพยาบาลสมเด็จพระปิ่นเกล้า,ACTIVE
TTMT,9401338,รักษาโรคสะเก็ดเงิน,ยารักษาโรคสะเก็ดเงิน,ยาต้ม,โรงพยาบาลสมเด็จพระปิ่นเกล้า,ACTIVE
TTMT,9401340,ต้มบำรุงร่างกายให้แข็งแรง เพิ่มกำลัง ยาบำรุงโลหิต,ยาต้มบำรุงร่างกายให้แข็งแรง เพิ่มกำลัง ยาบำรุงโลหิต,ยาต้ม,โรงพยาบาลสมเด็จพระปิ่นเกล้า,ACTIVE
TTMT,9401355,ต้มรักษาเนื้องอก แก้เนื้องอกมดลูก,ยาต้มรักษาเนื้องอก แก้เนื้องอกมดลูก,ยาต้ม,โรงพยาบาลสมเด็จพระปิ่นเกล้า,ACTIVE
TTMT,9401364,ต้มแก้ภูมิแพ้ แก้หืดหอบ,ยาต้มแก้ภูมิแพ้ แก้หืดหอบ,ยาต้ม,โรงพยาบาลสมเด็จพระปิ่นเกล้า,ACTIVE
TTMT,9401386,แก้พรรดึก,ยาแก้พรรดึก,ยาต้ม,โรงพยาบาลสมเด็จพระปิ่นเกล้า,ACTIVE
TTMT,9401408,ถ่ายท้องมาน ,ยาถ่ายท้องมาน ,ยาต้ม,โรงพยาบาลสมเด็จพระปิ่นเกล้า,ACTIVE
TTMT,9401412,ต้มแก้ดีซ่าน,ยาต้มแก้ดีซ่าน,ยาต้ม,โรงพยาบาลสมเด็จพระปิ่นเกล้า,ACTIVE
TTMT,9401420,ต้มแก้ตับ ตับแข็ง (เป็นโรคที่เกี่ยวกับตับ) ,ยาต้มแก้ตับ ตับแข็ง (เป็นโรคที่เกี่ยวกับตับ) ,ยาต้ม,โรงพยาบาลสมเด็จพระปิ่นเกล้า,ACTIVE
TTMT,9401431,แก้มะเร็งปากมดลูก,ยอดยาแก้มะเร็งปากมดลูก,ยาต้ม,โรงพยาบาลสมเด็จพระปิ่นเกล้า,ACTIVE
TTMT,9401454,แก้นอนไม่หลับ / แก้เครียด,ตำรับแก้นอนไม่หลับ / แก้เครียด,ยาต้ม,โรงพยาบาลสมเด็จพระปิ่นเกล้า,ACTIVE
TTMT,9401465,ทองเนื้องาม,ยาทองเนื้องาม,ยาต้ม,โรงพยาบาลสมเด็จพระปิ่นเกล้า,ACTIVE
TTMT,9401477,แก้เบาหวาน 1,ตำรับแก้เบาหวาน 1,ยาต้ม,โรงพยาบาลสมเด็จพระปิ่นเกล้า,ACTIVE
TTMT,9401483,กรดไหลย้อน,ตำรับกรดไหลย้อน,ยาต้ม,โรงพยาบาลสมเด็จพระปิ่นเกล้า,ACTIVE
TTMT,9401496,แก้ไทรอยด์,ยาแก้ไทรอยด์,ยาต้ม,โรงพยาบาลสมเด็จพระปิ่นเกล้า,ACTIVE
TTMT,9401505,อัพยาธิคุณ (รพ.สมเด็จพระปิ่นเกล้า),ยาอัพยาธิคุณ,ยาต้ม,โรงพยาบาลสมเด็จพระปิ่นเกล้า,ACTIVE
TTMT,9401514,ตรีผลา / พิกัดตรีผลา ,ตรีผลา,ยาต้ม,โรงพยาบาลสมเด็จพระปิ่นเกล้า,ACTIVE
TTMT,9401522,ประสะกานพลู,ยาประสะกานพลู,ยาเม็ด,โรงพยาบาลสมเด็จพระปิ่นเกล้า,ACTIVE
TTMT,9401533,ทารักษาโรคสะเก็ดเงิน,ยาทารักษาโรคสะเก็ดเงิน,ยาเข้าน้ำมัน,โรงพยาบาลสมเด็จพระปิ่นเกล้า,ACTIVE
TTMT,9401546,ทาแก้โรคผิวหนัง,ยาทาแก้โรคผิวหนัง,ขี้ผึ้ง,โรงพยาบาลสมเด็จพระปิ่นเกล้า,ACTIVE
TTMT,9401551,ธรณีสันฑะฆาต,ยาธรณีสันฑะฆาต,ยาลูกกลอน,โรงพยาบาลสมเด็จพระปิ่นเกล้า,ACTIVE
TTMT,9401567,ธาตุบรรจบ ,ยาธาตุบรรจบ ,ยาลูกกลอน,โรงพยาบาลสมเด็จพระปิ่นเกล้า,ACTIVE
TTMT,9401579,เบญจกูล / พิกัดเบญจกูล,ยาเบญจกูล,ยาเม็ด,โรงพยาบาลสมเด็จพระปิ่นเกล้า,ACTIVE
TTMT,9401580,จันทน์ลีลา,ยาจันทน์ลีลา,ยาเม็ด,โรงพยาบาลสมเด็จพระปิ่นเกล้า,ACTIVE
TTMT,9401598,หอมทิพโอสถ,ยาหอมทิพโอสถ,ยาผง,โรงพยาบาลสมเด็จพระปิ่นเกล้า,ACTIVE
TTMT,9401607,หอมเทพจิตร,ยาหอมเทพจิตร,ยาผง,โรงพยาบาลสมเด็จพระปิ่นเกล้า,ACTIVE
TTMT,9401611,หอมนวโกฐ,ยาหอมนวโกฐ,ยาเม็ด,โรงพยาบาลสมเด็จพระปิ่นเกล้า,ACTIVE
TTMT,9401624,หอมอินทจักร,ยาหอมอินทจักร,ยาเม็ด,โรงพยาบาลสมเด็จพระปิ่นเกล้า,ACTIVE
TTMT,9401630,ประสะจันทน์แดง ,ยาประสะจันทน์แดง,ยาผง,โรงพยาบาลสมเด็จพระปิ่นเกล้า,ACTIVE
TTMT,9401648,เขียวหอม,ยาเขียวหอม,ยาเม็ด,โรงพยาบาลสมเด็จพระปิ่นเกล้า,ACTIVE
TTMT,9401669,อำมฤควาที,ยาอำมฤควาที,ยาลูกกลอน,โรงพยาบาลสมเด็จพระปิ่นเกล้า,ACTIVE
TTMT,9401676,ประสะมะแว้ง,ยาประสะมะแว้ง,ยาลูกกลอน,โรงพยาบาลสมเด็จพระปิ่นเกล้า,ACTIVE
TTMT,9401682,ห้าราก / แก้ไข้ห้าราก / แก้วห้าดวง / เบญจโลกวิเชียร ,ยาห้าราก,ยาแคปซูล,โรงพยาบาลสมเด็จพระปิ่นเกล้า,ACTIVE
TTMT,9401695,ลูกประคบสด (รพ.สมเด็จพระปิ่นเกล้า),ลูกประคบสด,ยาประคบ,โรงพยาบาลสมเด็จพระปิ่นเกล้า,ACTIVE
TTMT,9401703,ลูกประคบแห้ง (รพ.สมเด็จพระปิ่นเกล้า),ลูกประคบแห้ง,ยาประคบ,โรงพยาบาลสมเด็จพระปิ่นเกล้า,ACTIVE
TTMT,9401719,ยาประคบ,ยาประคบ,ยาประคบ,โรงพยาบาลสมเด็จพระปิ่นเกล้า,ACTIVE
TTMT,9401726,แก้ลมเนาวนารีวาโย,ยาแก้ลมเนาวนารีวาโยแคปซูล คูเมือง,ยาแคปซูล,โรงพยาบาลคูเมือง,ACTIVE
TTMT,9401735,แก้ลมขึ้นเบื้องสูง,ยาแก้ลมขึ้นเบื้องสูงแคปซูล คูเมือง,ยาแคปซูล,โรงพยาบาลคูเมือง,ACTIVE
TTMT,9401742,แก้ลมแก้เส้น,ยาแก้ลมแก้เส้นแคปซูล คูเมือง,ยาแคปซูล,โรงพยาบาลคูเมือง,ACTIVE
TTMT,9401757,แก้ลมแก้เส้น,ยาตำรับแก้ลมแก้เส้น คูเมือง,ยาผง,โรงพยาบาลคูเมือง,ACTIVE
TTMT,9401761,ไพสาลี,ยาไพสาลีแคปซูล คูเมือง,ยาแคปซูล,โรงพยาบาลคูเมือง,ACTIVE
TTMT,9401774,อไภยสาลี,ยาอไภยสาลีแคปซูล คูเมือง,ยาแคปซูล,โรงพยาบาลคูเมือง,ACTIVE
TTMT,9401788,แก้นอนไม่หลับ/ยาแก้ไข้ผอมเหลือง, ยาแก้นอนไม่หลับ/แก้ไข้ผอมเหลือง แคปซูล คูเมือง,ยาแคปซูล,โรงพยาบาลคูเมือง,ACTIVE
TTMT,9401790,ชุดอบสมุนไพร,ยาชุดอบสมุนไพร คูเมือง,ยาต้ม,โรงพยาบาลคูเมือง,ACTIVE
TTMT,9401800,ชาชงกัญชาผสมใบเตย,ยาชาชงกัญชาผสมใบเตย คูเมือง,ยาชง,โรงพยาบาลคูเมือง,ACTIVE
TTMT,9401816,ชาชงกัญชาผสมเก๊กฮวย,ยาชาชงกัญชาผสมเก๊กฮวย คูเมือง,ยาชง,โรงพยาบาลคูเมือง,ACTIVE
TTMT,9401828,ชาชงกัญชาผสมกระเจี๊ยบ,ยาชาชงกัญชาผสมกระเจี๊ยบ คูเมือง,ยาชง,โรงพยาบาลคูเมือง,ACTIVE
TTMT,9401837,น้ำมันกัญชาขมิ้นทอง,น้ำมันกัญชาขมิ้นทอง (รพ.พระอาจารย์ฝั้นอาจารโร),ยาเข้าน้ำมัน,โรงพยาบาลพระอาจารย์ฝั้นอาจาโร,ACTIVE
TTMT,9401844,สารสกัดจากฟ้าทะลายโจร,อภัย แอนโดร ยาแคปซูลสารสกัดฟ้าทะลายโจร,ยาแคปซูล,มูลนิธิ โรงพยาบาลเจ้าพระยาอภัยภูเบศร,ACTIVE
TTMT,9401859,ศุขไสยาศน์,ศุขไสยาศน์,ยาแคปซูล,มูลนิธิ โรงพยาบาลเจ้าพระยาอภัยภูเบศร,ACTIVE
TTMT,9401863,แก้ไอพื้นบ้านอีสาน,แก้ไอพื้นบ้านอีสาน,ยาน้ำ,โรงพยาบาลอุดรธานี,ACTIVE
TTMT,9401871,รางจืด,ยาแคปซูลรางจืด ตราทีเอฟดี ,ยาแคปซูล,บริษัท ไทยเอฟดี จำกัด,ACTIVE
TTMT,9401885,เถาวัลย์เปรียง,ยาแคปซูลเถาวัลย์เปรียง 500มิลลิกรัม ตราธงทอง,ยาแคปซูล,ห้างธงทองโอสถ,ACTIVE
TTMT,9401892,ฟ้าทะลายโจร,ยาแคปซูลฟ้าทะลายโจร ตราเฮิร์บไทยจง,ยาแคปซูล,บริษัท เฮิร์บไทยจง จำกัด,ACTIVE
TTMT,9401902,ขมิ้นชัน,ยาขมิ้นชัน,ยาแคปซูล,บริษัท เฮิร์บไทยจง จำกัด,ACTIVE
TTMT,9401918,ฟ้าทะลายโจร,ฟ้าทะลายโจร,ยาแคปซูล,โรงพยาบาลสรรคบุรี,ACTIVE
TTMT,9401925,เขียวหอม,ยาเขียวหอมชนิดแคปซูล ตราทีเอฟดี,ยาแคปซูล,บริษัท ไทยเอฟดี จำกัด,ACTIVE
TTMT,9401939,ธาตุอบเชย ,ยาธาตุอบเชย ทีเอฟดี   ,ยาน้ำ,บริษัท ไทยเอฟดี จำกัด,ACTIVE
TTMT,9401941,ลูกประคบสมุนไพร,ลูกประคบสมุนไพร ตราคลายน์,ยาประคบ,บริษัท พนาพัฒน์ เฮลท์แคร์ จำกัด,ACTIVE
TTMT,9401956,ตรีผลา / พิกัดตรีผลา ,ยาตรีผลา,ยาแคปซูล,บริษัท เฮิร์บไทยจง จำกัด,ACTIVE
TTMT,9401960,แก้ไอผสมฟ้าทะลายโจร,ยาแก้ไอผสมฟ้าทะลายโจร,ยาน้ำ,บริษัท แก้วมังกรเภสัช จำกัด,ACTIVE
TTMT,9401973,น้ำมันกัญชา,น้ำมันกัญชา (ตำรับหมอเดชา),ยาเข้าน้ำมัน,โรงพยาบาลสรรคบุรี,ACTIVE
TTMT,9401987,แก้ลมแก้เส้น,ยาแก้ลมแก้เส้น,ยาแคปซูล,โรงพยาบาลสรรคบุรี,ACTIVE
TTMT,9401994,แก้ลมแก้เส้น,ยาแก้ลมแก้เส้น,ยาผง,โรงพยาบาลสรรคบุรี,ACTIVE
TTMT,9402004,ศุขไสยาศน์,ยาศุขไสยาศน์,ยาแคปซูล,โรงพยาบาลสรรคบุรี,ACTIVE
TTMT,9402015,ศุขไสยาศน์,ยาศุขไสยาศน์,ยาผง,โรงพยาบาลสรรคบุรี,ACTIVE
TTMT,9402027,ทำลายพระสุเมรุ,ยาทำลายพระสุเมรุ,ยาแคปซูล,โรงพยาบาลสรรคบุรี,ACTIVE
TTMT,9402036,ทำลายพระสุเมรุ,ยาทำลายพระสุเมรุ,ยาผง,โรงพยาบาลสรรคบุรี,ACTIVE
TTMT,9402043,ศุขไสยาศน์,ยาศุขไสยาศน์,ยาแคปซูล,โรงพยาบาลท่าฉาง,ACTIVE
TTMT,9402058,ทำลายพระสุเมรุ,ยาทำลายพระสุเมรุ,ยาแคปซูล,โรงพยาบาลท่าฉาง,ACTIVE
TTMT,9402062,น้ำมันกัญชา,น้ำมันกัญชา (ตำรับหมอเดชา),ยาเข้าน้ำมัน,โรงพยาบาลท่าฉาง,ACTIVE
TTMT,9402070,ทัพยาธิคุณ,ยาทัพยาธิคุณแคปซูล,ยาแคปซูล,โรงพยาบาลท่าฉาง,ACTIVE
TTMT,9402089,น้ำมันกัญชา,น้ำมันกัญชา (ตำรับหมอเดชา),ยาเข้าน้ำมัน,โรงพยาบาลดอนตูม,ACTIVE
TTMT,9402091,สารสกัดจากฟ้าทะลายโจร,สารสกัดจากฟ้าทะลายโจร ตราไทยเฮิร์บ,ยาแคปซูล,บริษัท ผลิตภัณฑ์สมุนไพรไทย จำกัด,ACTIVE
TTMT,9402101,มะขามแขก,ยามะขามแขก,ยาแคปซูล,บริษัท แซนด์ - เอ็ม โกลบอล จำกัด,ACTIVE
TTMT,9402117,ฟ้าทะลายโจร,ยาฟ้าทะลายโจร,ยาแคปซูล,บริษัท แซนด์ - เอ็ม โกลบอล จำกัด,ACTIVE
TTMT,9402129,ขมิ้นชัน,ยาขมิ้นชัน,ยาแคปซูล,บริษัท แซนด์ - เอ็ม โกลบอล จำกัด,ACTIVE
TTMT,9402138,สารสกัดจากฟ้าทะลายโจร,ยาบรรเทาอาการเจ็บคอ (ซีเคเอ็ม),ยาแคปซูล,บริษัท แซนด์ - เอ็ม โกลบอล จำกัด,ACTIVE
TTMT,9402140,แก้ไอมะขามป้อม (อภัยภูเบศร),ยาน้ำแก้ไอผสมมะขามป้อม ตราอภัยภูเบศร,ยาน้ำ,มูลนิธิ โรงพยาบาลเจ้าพระยาอภัยภูเบศร,ACTIVE
TTMT,9402155,เจลดองดึง,เจลพอกเข่าดองดึง,เจล,โรงพยาบาลป่าโมก,ACTIVE
TTMT,9402164,น้ำมันไพล,น้ำมันไพล (รพ.ป่าโมก),ยาเข้าน้ำมัน,โรงพยาบาลป่าโมก,ACTIVE
TTMT,9402172,พอกเย็น (รพ.ป่าโมก),ยาพอกเย็น,ยาพอก,โรงพยาบาลป่าโมก,ACTIVE
TTMT,9402186,พอกตา,ยาพอกตา,ยาพอก,โรงพยาบาลป่าโมก,ACTIVE
TTMT,9402193,ห้าราก / แก้ไข้ห้าราก / แก้วห้าดวง / เบญจโลกวิเชียร ,ฟ้ารากแคปซูล,ยาแคปซูล,โรงพยาบาลพระอาจารย์ฝั้นอาจาโร,ACTIVE
TTMT,9402206,ขับลม (ช่อเขียวมะกอก),ยาขับลม (ช่อเขียวมะกอก),ยาแคปซูล,บริษัท แซนด์ - เอ็ม โกลบอล จำกัด,ACTIVE
TTMT,9402210,ผสมเพชรสังฆาต (ช่อเขียวมะกอก),ยาผสมเพชรสังฆาต (ช่อเขียวมะกอก),ยาแคปซูล,บริษัท แซนด์ - เอ็ม โกลบอล จำกัด,ACTIVE
TTMT,9402223,เอส เอ็ม แคปซูล (SAND-M),เอส เอ็ม แคปซูล (SAND-M),ยาแคปซูล,บริษัท แซนด์ - เอ็ม โกลบอล จำกัด,ACTIVE
TTMT,9402234,บรรเทาอาการท้องผูก (ช่อเขียวมะกอก),ยาบรรเทาอาการท้องผูก (ช่อเขียวมะกอก),ยาแคปซูล,บริษัท แซนด์ - เอ็ม โกลบอล จำกัด,ACTIVE
TTMT,9402247,ขมตราช่อเขียวมะกอกชนิดแคปซูล,ยาขมตราช่อเขียวมะกอกชนิดแคปซูล,ยาแคปซูล,บริษัท แซนด์ - เอ็ม โกลบอล จำกัด,ACTIVE
TTMT,9402252,บรรเทาโรคริดสีดวงทวาร ลีออน,บรรเทาโรคริดสีดวงทวาร ลีออน (ชิว เถ่า ซิน),ยาแคปซูล,บริษัท แซนด์ - เอ็ม โกลบอล จำกัด,ACTIVE
TTMT,9402268,ครีมบรรเทาอาการปวดเมื่อย,ยาครีม บรรเทาอาการปวดเมื่อย (ซีเคเอ็ม),ครีม,บริษัท แซนด์ - เอ็ม โกลบอล จำกัด,ACTIVE
TTMT,9402275,เจลบรรเทาอาการปวดเมื่อย,ยาเจล บรรเทาอาการปวดเมื่อย (ซีเคเอ็ม),เจล,บริษัท แซนด์ - เอ็ม โกลบอล จำกัด,ACTIVE
TTMT,9402281,ศุขไสยาศน์,ยาศุขไสยาศน์,ยาแคปซูล,โรงพยาบาลสมเด็จพระยุพราชเด่นชัย,ACTIVE
TTMT,9402299,น้ำมันกัญชา,น้ำมันกัญชา (สูตรหมอเดชา),ยาเข้าน้ำมัน,โรงพยาบาลสมเด็จพระยุพราชเด่นชัย,ACTIVE
TTMT,9402309,น้ำมันกัญชา,น้ำมันกัญชา (สูตรหมอเดชา),ยาเข้าน้ำมัน,โรงพยาบาลโพนพิสัย,ACTIVE
TTMT,9402313,ขี้ผึ้งไพลผสมสารสกัดรากกัญชา,ยาหม่องกัญชา เคเอ็มเอช,ขี้ผึ้ง,โรงพยาบาลคูเมือง,ACTIVE
TTMT,9402321,ขี้ผึ้งสารสกัดกัญชา,แคนนาบิส เคเอ็มเอช บาล์ม,ขี้ผึ้ง,โรงพยาบาลคูเมือง,ACTIVE
TTMT,9402332,น้ำมันไพลผสมสารสกัดรากกัญชา,ยาน้ำมันไพลผสมกัญชา,ยาเข้าน้ำมัน,โรงพยาบาลคูเมือง,ACTIVE
TTMT,9402345,ชุดอบสมุนไพรผสมใบกัญชา,ยาชุดอบสมุนไพรผสมใบกัญชา คูเมือง,ยาต้ม,โรงพยาบาลคูเมือง,ACTIVE
TTMT,9402350,ยาประคบ(ผสมกัญชา),ยาประคบผสมกัญชา คูเมือง,ยาประคบ,โรงพยาบาลคูเมือง,ACTIVE
TTMT,9402366,น้ำมันกัญชา,น้ำมันกัญชา (สูตรหมอเดชา),ยาเข้าน้ำมัน,โรงพยาบาลคูเมือง,ACTIVE
TTMT,9402378,หม่องไพล/บาล์มไพล/ไพลบาล์ม / ขี้ผึ้งไพล,ยาขี้ผึ้งไพล (สูตรร้อน),ขี้ผึ้ง,โรงพยาบาลแวงใหญ่,ACTIVE
TTMT,9402384,หม่องไพล/บาล์มไพล/ไพลบาล์ม / ขี้ผึ้งไพล,ยาขี้ผึ้งไพล (สูตรเย็น),ขี้ผึ้ง,โรงพยาบาลแวงใหญ่,ACTIVE
TTMT,9402397,น้ำมันไพล,น้ำมันไพล (รพ.แวงใหญ่),ยาเข้าน้ำมัน,โรงพยาบาลแวงใหญ่,ACTIVE
TTMT,9402402,มะระขี้นก,ยามะระขี้นกแคปซูล,ยาแคปซูล,โรงพยาบาลสมเด็จพระยุพราชยะหา,ACTIVE
TTMT,9402418,พญายอ,ยาทิงเจอร์พญายอ,ทิงเจอร์,โรงพยาบาลส่งเสริมสุขภาพตำบลบ้านใหม่สุขเกษม,ACTIVE
TTMT,9402425,บัวบก,ครีมบัวบก ตราอภัยภูเบศร,ครีม,มูลนิธิ โรงพยาบาลเจ้าพระยาอภัยภูเบศร,ACTIVE
TTMT,9402439,พญายอ,ยาหม่องผสมพญายอ,ขี้ผึ้ง,มูลนิธิ โรงพยาบาลเจ้าพระยาอภัยภูเบศร,ACTIVE
TTMT,9402441,หม่องไพล/บาล์มไพล/ไพลบาล์ม / ขี้ผึ้งไพล,ยาขี้ผึ้งไพล (รพ.สต.บ้านใหม่สุขเกษม),ขี้ผึ้ง,โรงพยาบาลส่งเสริมสุขภาพตำบลบ้านใหม่สุขเกษม,ACTIVE
TTMT,9402456,พิมเสนน้ำ,ยาพิมเสนน้ำ  (รพ.สต.บ้านใหม่สุขเกษม),ยาน้ำ,โรงพยาบาลส่งเสริมสุขภาพตำบลบ้านใหม่สุขเกษม,ACTIVE
TTMT,9402460,น้ำมันไพล,น้ำมันไพล (รพ.สต.บ้านใหม่สุขเกษม),ยาเข้าน้ำมัน,โรงพยาบาลส่งเสริมสุขภาพตำบลบ้านใหม่สุขเกษม,ACTIVE
TTMT,9402473,ตรีผลา / พิกัดตรีผลา ,ตรีผลา (รพ.ทุ่งฝน),ยาต้ม,โรงพยาบาลทุ่งฝน,ACTIVE
TTMT,9402487,ผสมโคคลาน สูตรตำรับที่ 1,ยาผสมโคคลาน ชนิดชง ตราทีเอฟดี,ยาชง,บริษัท ไทยเอฟดี จำกัด,ACTIVE
TTMT,9402494,ถ่ายดีเกลือฝรั่ง ,ยาถ่ายดีเกลือฝรั่งชนิดแคปซูล ทีเอฟดี,ยาแคปซูล,บริษัท ไทยเอฟดี จำกัด,ACTIVE
TTMT,9402500,ประสะเปราะใหญ่,ยาแคปซูลประสะเปราะใหญ่ ตราทีเอฟดี,ยาแคปซูล,บริษัท ไทยเอฟดี จำกัด,ACTIVE
TTMT,9402516,จันทน์ลีลา,ยาจันทลีลาชนิดแคปซูล ตราทีเอฟดี,ยาแคปซูล,บริษัท ไทยเอฟดี จำกัด,ACTIVE
TTMT,9402528,ดมสมุนไพร ตราอภัยภูเบศร,ยาดมสมุนไพร ตราอภัยภูเบศร,ยาน้ำ,มูลนิธิ โรงพยาบาลเจ้าพระยาอภัยภูเบศร,ACTIVE
TTMT,9402537,แก้ไอผสมมะขามป้อม สูตรตำรับที่ 2,ยาน้ำแก้ไอผสมมะขามป้อม สูตร 2,ยาน้ำ,โรงพยาบาลสมเด็จพระยุพราชยะหา,ACTIVE
TTMT,9402544,ปราบชมพูทวีป,ยาปราบชมพูทวีปแคปซูล,ยาแคปซูล,โรงพยาบาลสมเด็จพระยุพราชยะหา,ACTIVE
TTMT,9402559,ธาตุอบเชย ,ยาธาตุอบเชย ,ยาน้ำ,โรงพยาบาลสมเด็จพระยุพราชยะหา,ACTIVE
TTMT,9402563,หอมเทพจิตร,ยาหอมเทพจิตร,ยาผง,โรงพยาบาลสมเด็จพระยุพราชยะหา,ACTIVE
TTMT,9402571,แก้ลมอัมพฤกษ์ ,ยาแก้ลมอัมพฤกษ์ ,ยาผง,โรงพยาบาลสมเด็จพระยุพราชยะหา,ACTIVE
TTMT,9402585,ห้าราก / แก้ไข้ห้าราก / แก้วห้าดวง / เบญจโลกวิเชียร ,ยาห้ารากแคปซูล,ยาแคปซูล,โรงพยาบาลสมเด็จพระยุพราชยะหา,ACTIVE
TTMT,9402592,ตรีผลา / พิกัดตรีผลา ,ยาตรีผลาแคปซูล,ยาแคปซูล,โรงพยาบาลสมเด็จพระยุพราชยะหา,ACTIVE
TTMT,9402603,ศุขไสยาศน์,ยาแคปซูลศุขไสยาศน์,ยาแคปซูล,โรงพยาบาลเสาไห้เฉลิมพระเกียรติ 80 พรรษา,ACTIVE
TTMT,9402619,ประสะไพล,ไกน่าวีว่า,ยาแคปซูล,โรงงานฟาร์มแคร์ฟาร์มาซูติคอล คณะเภสัชศาสตร์ มหาวิทยาลัยมหาสารคาม,ACTIVE
TTMT,9402626,แผ่นพอกสมุนไพร,แผ่นพอกสมุนไพรสด บางจาก,ยาพอก,โรงพยาบาลบางจาก,ACTIVE
TTMT,9402635,รมยาสมุนไพร,รมยาสมุนไพร บางจาก,ยาแช่,โรงพยาบาลบางจาก,ACTIVE
TTMT,9402642,น้ำแก้ไอ ไอยรา เจอาร์,ยาน้ำแก้ไอ ไอยรา เจอาร์,ยาน้ำ,บริษัท ที.แมน.ฟาร์มาซูติคอล จำกัด (บริษัท เฮเว่น เฮิร์บ จำกัด ),ACTIVE
TTMT,9402657,ศุขไสยาศน์,ศุขไสยาศน์ แคปซูล,ยาแคปซูล,โรงพยาบาลสุวรรณภูมิ,ACTIVE
TTMT,9402661,น้ำมันกัญชา,ยาน้ำมันกัญชา (ตำรับหมอเดชา),ยาเข้าน้ำมัน,โรงพยาบาลสุวรรณภูมิ,ACTIVE
TTMT,9402674,ทาริดสีดวงทวารหนักและโรคผิวหนัง,ทาริดสีดวงทวารหนักและโรคผิวหนัง,ยาผง,โรงพยาบาลสุวรรณภูมิ,ACTIVE
TTMT,9402688,ทำลายพระสุเมรุ,ทำลายพระสุเมรุ,ยาผง,โรงพยาบาลสุวรรณภูมิ,ACTIVE
TTMT,9402690,ทำลายพระสุเมรุ,ทำลายพระสุเมรุ,ยาแคปซูล,โรงพยาบาลสุวรรณภูมิ,ACTIVE
TTMT,9402707,แก้ลมแก้เส้น,ยาแก้ลมแก้เส้น,ยาแคปซูล,โรงพยาบาลสุวรรณภูมิ,ACTIVE
TTMT,9402711,ยาประคบ(ผสมกัญชา),ยาลูกประคบ,ยาประคบ,โรงพยาบาลสุวรรณภูมิ,ACTIVE
TTMT,9402724,ชาชงกัญชา,ชาชงกัญชา,ยาผง,โรงพยาบาลสุวรรณภูมิ,ACTIVE
TTMT,9402730,หม่องไพล(ผสมกัญชา),ยาหม่องไพลผสมกัญชา,ขี้ผึ้ง,โรงพยาบาลสุวรรณภูมิ,ACTIVE
TTMT,9402748,ทาสะเก็ดเงิน(ผสมกัญชา),ยาทาสะเก็ดเงิน,ครีม,โรงพยาบาลสุวรรณภูมิ,ACTIVE
TTMT,9402753,ขมิ้นชัน,ยาขมิ้นชันชนิดแคปซูล,ยาแคปซูล,โรงพยาบาลโพนพิสัย,ACTIVE
TTMT,9402769,ฟ้าทะลายโจร,ยาฟ้าทะลายโจรชนิดแคปซูล PH HERB,ยาแคปซูล,โรงพยาบาลโพนพิสัย,ACTIVE
TTMT,9402776,เถาวัลย์เปรียง,ยาเถาวัลย์เปรียงชนิดแคปซูล PH HERB,ยาแคปซูล,โรงพยาบาลโพนพิสัย,ACTIVE
TTMT,9402782,รางจืด,ยารางจืดชนิดแคปซูล PH HERB,ยาแคปซูล,โรงพยาบาลโพนพิสัย,ACTIVE
TTMT,9402795,มะขามแขก,ยาชงเซนาทัย ตราทีเอฟดี,ยาชง,บริษัท ไทยเอฟดี จำกัด,ACTIVE
TTMT,9402805,ขมิ้นชัน,ยาแคปซูลขมิ้นชันอ้วยอัน,ยาแคปซูล,สถานที่ผลิตยาอ้วยอันโอสถ,ACTIVE
TTMT,9402814,ฟ้าทะลายโจร,ยาฟ้าทะลายโจร ชนิดแคปซูล,ยาแคปซูล,สถานที่ผลิตยาอ้วยอันโอสถ,ACTIVE
TTMT,9402822,สารสกัดจากฟ้าทะลายโจร,ยาแคปซูลฟ้าทะลายโจรสกัด,ยาแคปซูล,สถานที่ผลิตยาอ้วยอันโอสถ,ACTIVE
TTMT,9402833,สารสกัดจากฟ้าทะลายโจร,ยาแคปซูลฟ้าทะลายโจรสกัด ตราอ้วยอันโอสถ,ยาแคปซูล,สถานที่ผลิตยาอ้วยอันโอสถ,ACTIVE
TTMT,9402846,มะขามแขก,ยามะขามแขก     ชนิดแคปซูล,ยาแคปซูล,สถานที่ผลิตยาอ้วยอันโอสถ,ACTIVE
TTMT,9402851,ฟ้าทะลายโจร,ยาฟ้าทะลายโจร ตราศิลาทอง,ยาแคปซูล,บริษัท ลิ้มเซ่งฮึง จำกัด,ACTIVE
TTMT,9402867,มะระขี้นก,ยามะระขี้นก ตราศิลาทอง,ยาแคปซูล,บริษัท ลิ้มเซ่งฮึง จำกัด,ACTIVE
TTMT,9402879,ฟ้าทะลายโจร,ยาแคปซูลฟ้าทะลายโจร ตราศิลาทอง,ยาแคปซูล,บริษัท ลิ้มเซ่งฮึง จำกัด,ACTIVE
TTMT,9402880,กระเจี๊ยบแดง,ยาชงกระเจี๊ยบแดง ทีเอฟดี,ยาชง,บริษัท ไทยเอฟดี จำกัด,ACTIVE
TTMT,9402898,สารสกัดจากฟ้าทะลายโจร,วิรูโน่ 60,ยาแคปซูล,บริษัท เมก้า ไลฟ์ไซแอ็นซ์ พีทีวาย จำกัด,ACTIVE
TTMT,9402908,ผสมกระท่อมตำรับพื้นบ้าน,ยาต้มผสมกระท่อมตำรับพื้นบ้าน,ยาต้ม,โรงพยาบาลเจ้าพระยาอภัยภูเบศร,ACTIVE
TTMT,9402912,ประสะมะแว้ง,ยาผงประสะมะแว้ง,ยาผง,โรงพยาบาลเจ้าพระยาอภัยภูเบศร,ACTIVE
TTMT,9402920,อำมฤควาที,ยาผงอำมฤควาที,ยาผง,โรงพยาบาลเจ้าพระยาอภัยภูเบศร,ACTIVE
TTMT,9402931,สหัศธารา,ยาสหัศธาราชนิดแคปซูล PH HERB,ยาแคปซูล,โรงพยาบาลโพนพิสัย,ACTIVE
TTMT,9402949,ผสมเพชรสังฆาต สูตรตำรับที่ 1,ยาผสมเพชรสังฆาต สูตร 1,ยาแคปซูล,โรงพยาบาลโพนพิสัย,ACTIVE
TTMT,9402954,ยาประคบผสมกัญชา (โรงพยาบาลโพนพิสัย),ยาประคบผสมกัญชา ,ยาประคบ,โรงพยาบาลโพนพิสัย,ACTIVE
TTMT,9402965,น้ำมันไพลผสมสารสกัดรากกัญชา,น้ำมันไพลผสมกัญชา (โรงพยาบาลโพนพิสัย),ยาเข้าน้ำมัน,โรงพยาบาลโพนพิสัย,ACTIVE
TTMT,9402977,ประสะมะแว้ง,ยาประสะมะแว้งชนิดเม็ด ทีเอฟดี รสบ๊วย,ยาเม็ด,บริษัท ไทยเอฟดี จำกัด,ACTIVE
TTMT,9402983,แคปซูลขมิ้นชันพลัส,ยาแคปซูลขมิ้นชัน พลัส,ยาแคปซูล,สถานที่ผลิตยาอ้วยอันโอสถ,ACTIVE
TTMT,9402996,น้ำขับลม ตรามิสเตอร์เฮิร์บ,ยาน้ำขับลม ตรามิสเตอร์เฮิร์บ,ยาน้ำ,สถานที่ผลิตยาอ้วยอันโอสถ,ACTIVE
TTMT,9403009,น้ำแก้ไอเด็ก ตรามิสเตอร์เฮิร์บ,ยาน้ำแก้ไอเด็ก ตรามิสเตอร์เฮิร์บ,ยาน้ำ,สถานที่ผลิตยาอ้วยอันโอสถ,ACTIVE
TTMT,9403013,แก้ลมแก้เส้น,ยาแก้ลมแก้เส้น,ยาผง,บริษัท ผลิตภัณฑ์สมุนไพรไทย จำกัด,ACTIVE
TTMT,9403021,แก้ลมแก้เส้น,ยาแก้ลมแก้เส้น แคปซูล,ยาแคปซูล,บริษัท ผลิตภัณฑ์สมุนไพรไทย จำกัด,ACTIVE
TTMT,9403032,ศุขไสยาศน์,ยาศุขไสยาศน์,ยาผง,บริษัท ผลิตภัณฑ์สมุนไพรไทย จำกัด,ACTIVE
TTMT,9403045,ศุขไสยาศน์,ยาศุขไสยาศน์ แคปซูล,ยาแคปซูล,บริษัท ผลิตภัณฑ์สมุนไพรไทย จำกัด,ACTIVE
TTMT,9403050,น้ำมันเหลืองไพล ตราหินทอง,น้ำมันเหลืองไพล ตราหินทอง,ยาเข้าน้ำมัน,บริษัท ลิ้มเซ่งฮึง จำกัด,ACTIVE
TTMT,9403078,ผงเป่าคอ ตราหินทอง ชนิดผง,ยาผงเป่าคอ ตราหินทอง ชนิดผง,ยาชง,บริษัท ลิ้มเซ่งฮึง จำกัด,ACTIVE
TTMT,9403084,หอมชนิดผง ตราหินทอง,ยาหอมชนิดผง ตราหินทอง,ยาผง,บริษัท ลิ้มเซ่งฮึง จำกัด,ACTIVE
TTMT,9403097,หอมชนิดผง ตราหินทอง,ยาหอมชนิดผง ตราหินทอง,ยาผง,บริษัท ลิ้มเซ่งฮึง จำกัด,ACTIVE
TTMT,9403107,บำรุงธาตุ ตราศิลาทอง,ยาบำรุงธาตุ ตราศิลาทอง,ยาแคปซูล,บริษัท ลิ้มเซ่งฮึง จำกัด,ACTIVE
TTMT,9403111,ขี้ผึ้งแก้ผื่นคันตามผิวหนัง ตราศิลาทอง,ยาขี้ผึ้งแก้ผื่นคันตามผิวหนัง ตราศิลาทอง,ขี้ผึ้ง,บริษัท ลิ้มเซ่งฮึง จำกัด,ACTIVE
TTMT,9403124,ตรีผลา / พิกัดตรีผลา ,ยาตรีผลา ตราศิลาทอง,ยาแคปซูล,บริษัท ลิ้มเซ่งฮึง จำกัด,ACTIVE
TTMT,9403130,แคปซูลกวาวเครือขาว ตราหินทอง,ยาแคปซูลกวาวเครือขาว ตราหินทอง,ยาแคปซูล,บริษัท ลิ้มเซ่งฮึง จำกัด,ACTIVE
TTMT,9403148,จันทน์ลีลา,ยาผงจันทน์ลีลา ตราศิลาทอง,ยาผง,บริษัท ลิ้มเซ่งฮึง จำกัด,ACTIVE
TTMT,9403153,จันทน์ลีลา,ยาผงจันทน์ลีลา ตราศิลาทอง,ยาผง,บริษัท ลิ้มเซ่งฮึง จำกัด,ACTIVE
TTMT,9403169,จันทน์ลีลา,ยาจันทน์ลีลา ชนิดแคปซูล ตราศิลาทอง,ยาแคปซูล,บริษัท ลิ้มเซ่งฮึง จำกัด,ACTIVE
TTMT,9403176,แคปซูลขับปัสสาวะ ตราศิลาทอง,ยาแคปซูลขับปัสสาวะ ตราศิลาทอง,ยาแคปซูล,บริษัท ลิ้มเซ่งฮึง จำกัด,ACTIVE
TTMT,9403182,วี.วิคลี่ กลิ่นส้ม,ยาวี.วิคลี่ กลิ่นส้ม,ขี้ผึ้ง,บริษัท ลิ้มเซ่งฮึง จำกัด,ACTIVE
TTMT,9403195,พิมเสนน้ำ ตราศิลาทอง,พิมเสนน้ำ ตราศิลาทอง,ยาน้ำ,บริษัท ลิ้มเซ่งฮึง จำกัด,ACTIVE
TTMT,9403202,เขียวเบญจขันธิ์ ตราศิลาทอง,ยาเขียวเบญจขันธิ์ ตราศิลาทอง,ยาผง,บริษัท ลิ้มเซ่งฮึง จำกัด,ACTIVE
TTMT,9403218,เขียวหอม,ยาเขียวหอม ตราศิลาทอง,ยาผง,บริษัท ลิ้มเซ่งฮึง จำกัด,ACTIVE
TTMT,9403225,ประสะไพล,ยาประสะไพล ตราวี.วิคสี่,ยาแคปซูล,บริษัท ลิ้มเซ่งฮึง จำกัด,ACTIVE
TTMT,9403239,ละลายเสมหะ ตราศิลาทอง,ยาละลายเสมหะ ตราศิลาทอง,ยาผง,บริษัท ลิ้มเซ่งฮึง จำกัด,ACTIVE
TTMT,9403241,บรรเทาอาการปวดเมื่อย ตราศิลาทอง,ยาบรรเทาอาการปวดเมื่อย ตราศิลาทอง,ยาแคปซูล,บริษัท ลิ้มเซ่งฮึง จำกัด,ACTIVE
TTMT,9403256,แก้ลม ตราศิลาทอง,ยาแก้ลม ตราศิลาทอง,ยาแคปซูล,บริษัท ลิ้มเซ่งฮึง จำกัด,ACTIVE
TTMT,9403260,บรรเทาอาการคัดจมูกเนื่องจากหวัด ตราศิลาทอง,ยาบรรเทาอาการคัดจมูกเนื่องจากหวัด ตราศิลาทอง,ขี้ผึ้ง,บริษัท ลิ้มเซ่งฮึง จำกัด,ACTIVE
TTMT,9403273,หม่อง ตราศิลาทอง,ยาหม่อง ตราศิลาทอง,ขี้ผึ้ง,บริษัท ลิ้มเซ่งฮึง จำกัด,ACTIVE
TTMT,9403287,ยาประคบ,ลูกประคบ ตราศิลาทอง สูตรสอง,ยาประคบ,บริษัท ลิ้มเซ่งฮึง จำกัด,ACTIVE
TTMT,9403294,ยาประคบ,ลูกประคบ ตราศิลาทอง สูตรสอง,ยาประคบ,บริษัท ลิ้มเซ่งฮึง จำกัด,ACTIVE
TTMT,9403304,น้ำมันสมุนไพร ตราศิลาทอง,ยาน้ำมันสมุนไพร ตราศิลาทอง,ยาเข้าน้ำมัน,บริษัท ลิ้มเซ่งฮึง จำกัด,ACTIVE
TTMT,9403315,ดมสมุนไพร ตราศิลาทอง,ยาดมสมุนไพร ตราศิลาทอง,ยาดม,บริษัท ลิ้มเซ่งฮึง จำกัด,ACTIVE
TTMT,9403327,หม่องบรรเทาอาการปวดเมื่อย ตราศิลาทอง,ยาหม่องบรรเทาอาการปวดเมื่อย ตราศิลาทอง,ขี้ผึ้ง,บริษัท ลิ้มเซ่งฮึง จำกัด,ACTIVE
TTMT,9403336, หม่องสมุนไพร ตราศิลาทอง, ยาหม่องสมุนไพร ตราศิลาทอง,ขี้ผึ้ง,บริษัท ลิ้มเซ่งฮึง จำกัด,ACTIVE
TTMT,9403343,หม่องผสมไพล ตราศิลาทอง,ยาหม่องผสมไพล ตราศิลาทอง,ขี้ผึ้ง,บริษัท ลิ้มเซ่งฮึง จำกัด,ACTIVE
TTMT,9403358,หม่องผสมกานพลู ตราศิลาทอง,ยาหม่องผสมกานพลู ตราศิลาทอง,ขี้ผึ้ง,บริษัท ลิ้มเซ่งฮึง จำกัด,ACTIVE
TTMT,9403362,ขี้ผึ้งบรรเทาอาการคัดจมูกเนื่องจากหวัด ตราศิลาทอง,ยาขี้ผึ้งบรรเทาอาการคัดจมูกเนื่องจากหวัด ตราศิลาทอง,ขี้ผึ้ง,บริษัท ลิ้มเซ่งฮึง จำกัด,ACTIVE
TTMT,9403370,จันทน์ลีลา,ยาจันทน์ลีลา ตราศิลาทอง,ยาผง,บริษัท ลิ้มเซ่งฮึง จำกัด,ACTIVE
TTMT,9403389,หม่องผสมว่านเอ็นเหลือง ตราศิลาทอง,ยาหม่องผสมว่านเอ็นเหลือง ตราศิลาทอง,ขี้ผึ้ง,บริษัท ลิ้มเซ่งฮึง จำกัด,ACTIVE
TTMT,9403391,ผสมกล้วย ตราศิลาทอง,ยาผสมกล้วย ตราศิลาทอง,ยาผง,บริษัท ลิ้มเซ่งฮึง จำกัด,ACTIVE
TTMT,9403406,ผสมกล้วย ตราศิลาทอง,ยาผสมกล้วย ตราศิลาทอง,ยาผง,บริษัท ลิ้มเซ่งฮึง จำกัด,ACTIVE
TTMT,9403410,แก้ผื่นคันตามผิวหนัง ตราศิลาทอง,ยาแก้ผื่นคันตามผิวหนัง ตราศิลาทอง,ยาแคปซูล,บริษัท ลิ้มเซ่งฮึง จำกัด,ACTIVE
TTMT,9403423,ผงริดสีดวงทวารหนัก ตราศิลาทอง,ยาผงริดสีดวงทวารหนัก ตราศิลาทอง,ยาผง,บริษัท ลิ้มเซ่งฮึง จำกัด,ACTIVE
TTMT,9403434,ผงริดสีดวงทวารหนัก ตราศิลาทอง,ยาผงริดสีดวงทวารหนัก ตราศิลาทอง,ยาผง,บริษัท ลิ้มเซ่งฮึง จำกัด,ACTIVE
TTMT,9403447,แคปซูลริดสีดวงทวารหนัก ตราศิลาทอง,ยาแคปซูลริดสีดวงทวารหนัก ตราศิลาทอง,ยาแคปซูล,บริษัท ลิ้มเซ่งฮึง จำกัด,ACTIVE
TTMT,9403452,ประสะไพล,ยาแคปซูลประสะไพล ตราศิลาทอง,ยาแคปซูล,บริษัท ลิ้มเซ่งฮึง จำกัด,ACTIVE
TTMT,9403468,วิสัมพญาใหญ่,ยาวิสัมพยาใหญ่ ตราศิลาทอง,ยาแคปซูล,บริษัท ลิ้มเซ่งฮึง จำกัด,ACTIVE
TTMT,9403475,ธรณีสันฑะฆาต,ยาธรณีสันฑะฆาต ตราศิลาทอง,ยาแคปซูล,บริษัท ลิ้มเซ่งฮึง จำกัด,ACTIVE
TTMT,9403481,ประสะกานพลู,ยาประสะกานพลู ตราศิลาทอง,ยาแคปซูล,บริษัท ลิ้มเซ่งฮึง จำกัด,ACTIVE
TTMT,9403499,ประสะเจตพังคี,ยาประสะเจตพังคี ตราศิลาทอง,ยาแคปซูล,บริษัท ลิ้มเซ่งฮึง จำกัด,ACTIVE
TTMT,9403508,ห้าราก / แก้ไข้ห้าราก / แก้วห้าดวง / เบญจโลกวิเชียร ,ยาแคปซูลเบญจโลกวิเชียร ตราศิลาทอง,ยาแคปซูล,บริษัท ลิ้มเซ่งฮึง จำกัด,ACTIVE
TTMT,9403512,ถ่ายดีเกลือฝรั่ง ,ยาถ่าย ตราศิลาทอง,ยาแคปซูล,บริษัท ลิ้มเซ่งฮึง จำกัด,ACTIVE
TTMT,9403520,หม่องกลิ่นตะไคร้ ตราศิลาทอง,ยาหม่องกลิ่นตะไคร้ ตราศิลาทอง,ขี้ผึ้ง,บริษัท ลิ้มเซ่งฮึง จำกัด,ACTIVE
TTMT,9403531,ผสมกล้วย ตราศิลาทอง,ยาแคปซูลผสมกล้วย ตราศิลาทอง,ยาแคปซูล,บริษัท ลิ้มเซ่งฮึง จำกัด,ACTIVE
TTMT,9403549,ขี้ผึ้งบรรเทาอาการแมลงกัดต่อย ตราศิลาทอง,ยาขี้ผึ้งบรรเทาอาการแมลงกัดต่อย ตราศิลาทอง,ขี้ผึ้ง,บริษัท ลิ้มเซ่งฮึง จำกัด,ACTIVE
TTMT,9403554,หอมเทพจิตร,ยาหอมเทพจิตร ตราศิลาทอง,ยาผง,บริษัท ลิ้มเซ่งฮึง จำกัด,ACTIVE
TTMT,9403565,ครีมบรรเทาอาการคัดจมูกเนื่องจากหวัด ตราศิลาทอง,ครีมบรรเทาอาการคัดจมูกเนื่องจากหวัด ตราศิลาทอง,ครีม,บริษัท ลิ้มเซ่งฮึง จำกัด,ACTIVE
TTMT,9403577,ครีมบรรเทาอาการปวดเมื่อย ตราศิลาทอง,ยาครีมบรรเทาอาการปวดเมื่อย ตราศิลาทอง,ครีม,บริษัท ลิ้มเซ่งฮึง จำกัด,ACTIVE
TTMT,9403583,ครีมสมุนไพร ตราศิลาทอง,ยาครีมสมุนไพร ตราศิลาทอง,ครีม,บริษัท ลิ้มเซ่งฮึง จำกัด,ACTIVE
TTMT,9403596,ขี้ผึ้งผสมฟ้าทะลายโจร ตราศิลาทอง,ยาขี้ผึ้งผสมฟ้าทะลายโจร ตราศิลาทอง,ขี้ผึ้ง,บริษัท ลิ้มเซ่งฮึง จำกัด,ACTIVE
TTMT,9403605,หอมอินทจักร,ยาหอมอินทจักร์ ตราศิลาทอง,ยาผง,บริษัท ลิ้มเซ่งฮึง จำกัด,ACTIVE
TTMT,9403614,มันทธาตุ,ยามันทธาตุ ตราศิลาทอง,ยาแคปซูล,บริษัท ลิ้มเซ่งฮึง จำกัด,ACTIVE
TTMT,9403622,ประสะจันทน์แดง ,ยาประสะจันทน์แดง ตราศิลาทอง,ยาแคปซูล,บริษัท ลิ้มเซ่งฮึง จำกัด,ACTIVE
TTMT,9403633,ผสมขี้เหล็ก ตราศิลาทอง,ยาผสมขี้เหล็ก ตราศิลาทอง,ยาแคปซูล,บริษัท ลิ้มเซ่งฮึง จำกัด,ACTIVE
TTMT,9403646,แคปซูลบรรเทาอาการปวดเมื่อย เบอร์ 34 ตราศิลาทอง,ยาแคปซูลบรรเทาอาการปวดเมื่อย เบอร์ 34 ตราศิลาทอง,ยาแคปซูล,บริษัท ลิ้มเซ่งฮึง จำกัด,ACTIVE
TTMT,9403651,น้ำมันผสมฟ้าทะลายโจร ตราศิลาทอง,ยาน้ำมันผสมฟ้าทะลายโจร ตราศิลาทอง,ยาเข้าน้ำมัน,บริษัท ลิ้มเซ่งฮึง จำกัด,ACTIVE
TTMT,9403667,ธาตุบรรจบ ,ยาธาตุบรรจบ ตราศิลาทอง,ยาแคปซูล,บริษัท ลิ้มเซ่งฮึง จำกัด,ACTIVE
TTMT,9403679,น้ำมันแก้กลากเกลื้อน ตราศิลาทอง,น้ำมันแก้กลากเกลื้อน ตราศิลาทอง,ยาเข้าน้ำมัน,บริษัท ลิ้มเซ่งฮึง จำกัด,ACTIVE
TTMT,9403680,ขี้ผึ้งบรรเทาอาการปวดเมื่อย ตราศิลาทอง,ยาขี้ผึ้งบรรเทาอาการปวดเมื่อย ตราศิลาทอง,ขี้ผึ้ง,บริษัท ลิ้มเซ่งฮึง จำกัด,ACTIVE
TTMT,9403698,แคปซูลบำรุงโลหิต สูตร 2 ตราศิลาทอง,ยาแคปซูลบำรุงโลหิต สูตร 2 ตราศิลาทอง,ยาแคปซูล,บริษัท ลิ้มเซ่งฮึง จำกัด,ACTIVE
TTMT,9403701,น้ำมันทาแผลไฟไหม้ น้ำร้อนลวก ตราศิลาทอง,ยาน้ำมันทาแผลไฟไหม้ น้ำร้อนลวก ตราศิลาทอง,ยาเข้าน้ำมัน,บริษัท ลิ้มเซ่งฮึง จำกัด,ACTIVE
TTMT,9403717,เลือดงาม,ยาแคปซูลเลือดงาม ตราศิลาทอง,ยาแคปซูล,บริษัท ลิ้มเซ่งฮึง จำกัด,ACTIVE
TTMT,9403729,สมุนไพรอบตัว,ยาอบตัว ตราศิลาทอง,ยาผง,บริษัท ลิ้มเซ่งฮึง จำกัด,ACTIVE
TTMT,9403738,แคปซูลผสมอัคคีทวาร ตราศิลาทอง,ยาแคปซูลผสมอัคคีทวาร ตราศิลาทอง,ยาแคปซูล,บริษัท ลิ้มเซ่งฮึง จำกัด,ACTIVE
TTMT,9403740,สหัศธารา,ยาแคปซูลสหัศธารา ตราศิลาทอง,ยาแคปซูล,บริษัท ลิ้มเซ่งฮึง จำกัด,ACTIVE
TTMT,9403755,แคปซูลบำรุงโลหิต  ตราศิลาทอง,ยาแคปซูลบำรุงโลหิต  ตราศิลาทอง,ยาแคปซูล,บริษัท ลิ้มเซ่งฮึง จำกัด,ACTIVE
TTMT,9403764,หม่องน้ำ ตราศิลาทอง,ยาหม่องน้ำ ตราศิลาทอง,ยาเข้าน้ำมัน,บริษัท ลิ้มเซ่งฮึง จำกัด,ACTIVE
TTMT,9403772,สำหรับต้มเพื่อขับปัสสาวะ ตราศิลาทอง,ยาสำหรับต้มเพื่อขับปัสสาวะ ตราศิลาทอง,ยาต้ม,บริษัท ลิ้มเซ่งฮึง จำกัด,ACTIVE
TTMT,9403786,เหลืองปิดสมุทร,ยาเหลืองปิดสมุทร ตราศิลาทอง,ยาแคปซูล,บริษัท ลิ้มเซ่งฮึง จำกัด,ACTIVE
TTMT,9403793,เจลบรรเทาอาการคัดจมูกเนื่องจากหวัด ตราศิลาทอง,เจลบรรเทาอาการคัดจมูกเนื่องจากหวัด ตราศิลาทอง,เจล,บริษัท ลิ้มเซ่งฮึง จำกัด,ACTIVE
TTMT,9403803,เบญจกูล / พิกัดเบญจกูล,ยาแคปซูลเบญจกูล ตราศิลาทอง,ยาแคปซูล,บริษัท ลิ้มเซ่งฮึง จำกัด,ACTIVE
TTMT,9403819,แคปซูลบรรเทาอาการปวดเมื่อย เบอร์ 38 ตราศิลาทอง,ยาแคปซูลบรรเทาอาการปวดเมื่อย เบอร์ 38 ตราศิลาทอง,ยาแคปซูล,บริษัท ลิ้มเซ่งฮึง จำกัด,ACTIVE
TTMT,9403826,กษัยเส้น เบอร์ 39 ตราศิลาทอง,ยากษัยเส้น เบอร์ 39 ตราศิลาทอง,ยาแคปซูล,บริษัท ลิ้มเซ่งฮึง จำกัด,ACTIVE
TTMT,9403835,ขึ้ผึ้งผสมเหงือกปลาหมอ ตราศิลาทอง,ยาขึ้ผึ้งผสมเหงือกปลาหมอ ตราศิลาทอง,ขี้ผึ้ง,บริษัท ลิ้มเซ่งฮึง จำกัด,ACTIVE
TTMT,9403842,ไฟประลัยกัลป์,ยาไฟประลัยกัลป์ ตราศิลาทอง,ยาแคปซูล,บริษัท ลิ้มเซ่งฮึง จำกัด,ACTIVE
TTMT,9403857,ผสมเพชรสังฆาต สูตรตำรับที่ 1,ยาผสมเพชรสังฆาต ตราศิลาทอง,ยาแคปซูล,บริษัท ลิ้มเซ่งฮึง จำกัด,ACTIVE
TTMT,9403861,ยาผสมเบญจกูล ตราศิลาทอง,ยาผสมเบญจกูล ตราศิลาทอง,ยาแคปซูล,บริษัท ลิ้มเซ่งฮึง จำกัด,ACTIVE
TTMT,9403874,ยาแคปซูลผสมขมิ้นชัน ตราศิลาทอง,ยาแคปซูลผสมขมิ้นชัน ตราศิลาทอง,ยาแคปซูล,บริษัท ลิ้มเซ่งฮึง จำกัด,ACTIVE
TTMT,9403888,ยากุลสตรี ตราศิลาทอง,ยากุลสตรี ตราศิลาทอง,ยาแคปซูล,บริษัท ลิ้มเซ่งฮึง จำกัด,ACTIVE
TTMT,9403890,ขับปัสสาวะ ตราศิลาทอง,ยาขับปัสสาวะ ตราศิลาทอง,ยาลูกกลอน,บริษัท ลิ้มเซ่งฮึง จำกัด,ACTIVE
TTMT,9403900,ริดสีดวงทวารหนัก ตราศิลาทอง,ยาริดสีดวงทวารหนัก ตราศิลาทอง,ยาลูกกลอน,บริษัท ลิ้มเซ่งฮึง จำกัด,ACTIVE
TTMT,9403916,เม็ดขับปัสสาวะ ตราศิลาทอง,ยาเม็ดขับปัสสาวะ ตราศิลาทอง,ยาลูกกลอน,บริษัท ลิ้มเซ่งฮึง จำกัด,ACTIVE
TTMT,9403928,เม็ดเทพรักษ์ ตราหินทอง เบอร์ 20 (G 329/63),ยาเม็ดเทพรักษ์ ตราหินทอง เบอร์ 20,ยาลูกกลอน,บริษัท ลิ้มเซ่งฮึง จำกัด,ACTIVE
TTMT,9403937,เม็ดแก้ผื่นคันตามผิวหนัง ตราศิลาทอง,ยาเม็ดแก้ผื่นคันตามผิวหนัง ตราศิลาทอง,ยาลูกกลอน,บริษัท ลิ้มเซ่งฮึง จำกัด,ACTIVE
TTMT,9403944,นารี ตราศิลาทอง,ยานารี ตราศิลาทอง,ยาลูกกลอน,บริษัท ลิ้มเซ่งฮึง จำกัด,ACTIVE
TTMT,9403959,ผสมขมิ้นชัน ตราศิลาทอง,ยาผสมขมิ้นชัน ตราศิลาทอง,ยาลูกกลอน,บริษัท ลิ้มเซ่งฮึง จำกัด,ACTIVE
TTMT,9403963,กษัยเส้นผสมเถาวัลย์เปรียง ตราศิลาทอง,ยากษัยเส้นผสมเถาวัลย์เปรียง ตราศิลาทอง,ยาลูกกลอน,บริษัท ลิ้มเซ่งฮึง จำกัด,ACTIVE
TTMT,9403971,แก้ปวดเมื่อย เบอร์ 32 ตราศิลาทอง,ยาแก้ปวดเมื่อย เบอร์ 32 ตราศิลาทอง,ยาลูกกลอน,บริษัท ลิ้มเซ่งฮึง จำกัด,ACTIVE
TTMT,9403985,ลูกกลอนบรรเทาอาการปวดเมื่อย เบอร์ 36 ตราศิลาทอง,ยาลูกกลอนบรรเทาอาการปวดเมื่อย เบอร์ 36 ตราศิลาทอง,ยาลูกกลอน,บริษัท ลิ้มเซ่งฮึง จำกัด,ACTIVE
TTMT,9403992,สารสกัดจากฟ้าทะลายโจร,ยาแคปซูลฟ้าทะลายโจรสกัด ตราฟ้า60,ยาแคปซูล,บริษัท สเปเชียลตี้ อินโนเวชั่น จำกัด,ACTIVE
TTMT,9404003,สารสกัดจากฟ้าทะลายโจร,วิรูโน่ 30,ยาแคปซูล,บริษัท เมก้า ไลฟ์ไซแอ็นซ์ พีทีวาย จำกัด,ACTIVE
TTMT,9404019,น้ำมันไพล,น้ำมันไพล,ยาเข้าน้ำมัน,โรงพยาบาลจะแนะ,ACTIVE
TTMT,9404026,รางจืด,ยารางจืดแคปซูล,ยาแคปซูล,โรงพยาบาลห้วยยอด,ACTIVE
TTMT,9404035,กล้วย,ยากล้วย ชนิดผง,ยาผง,บริษัท ไทยเอฟดี จำกัด,ACTIVE
TTMT,9404042,กล้วย,ยากล้วย ชนิดผง,ยาผง,บริษัท ไทยเอฟดี จำกัด,ACTIVE
TTMT,9404057,ขิง,ยาขิงชนิดชง ตราทีเอฟดี,ยาชง,บริษัท ไทยเอฟดี จำกัด,ACTIVE
TTMT,9404061,ฟ้าทะลายโจร,ยาฟ้าทะลายโจร 500 มิลลิกรัม,ยาแคปซูล,บริษัท โรงงานเภสัชอุตสาหกรรม เจเอสพี (ประเทศไทย) จำกัด (มหาชน),ACTIVE
TTMT,9404074,ฟ้าทะลายโจร,ยาฟ้าทะลายโจรชนิดแคปซูล 500 มิลลิกรัม,ยาแคปซูล,บริษัท โรงงานเภสัชอุตสาหกรรม เจเอสพี (ประเทศไทย) จำกัด (มหาชน),ACTIVE
TTMT,9404088,ฟ้าทะลายโจร,ยาแคปซูลฟ้าทะลายโจร,ยาแคปซูล,บริษัท โรงงานเภสัชอุตสาหกรรม เจเอสพี (ประเทศไทย) จำกัด (มหาชน),ACTIVE
TTMT,9404090,ฟ้าทะลายโจร,ยาฟ้าทะลายโจรแคปซูล,ยาแคปซูล,บริษัท โรงงานเภสัชอุตสาหกรรม เจเอสพี (ประเทศไทย) จำกัด (มหาชน),ACTIVE
TTMT,9404100,สารสกัดจากฟ้าทะลายโจร,ยาสารสกัดฟ้าทะลายโจร 400 มิลลิกรัม,ยาแคปซูล,บริษัท โรงงานเภสัชอุตสาหกรรม เจเอสพี (ประเทศไทย) จำกัด (มหาชน),ACTIVE
TTMT,9404116,สารสกัดจากฟ้าทะลายโจร,ยาสารสกัดฟ้าทะลายโจรแคปซูล ตราวังหลัง,ยาแคปซูล,บริษัท โรงงานเภสัชอุตสาหกรรม เจเอสพี (ประเทศไทย) จำกัด (มหาชน),ACTIVE
TTMT,9404128,สารสกัดจากฟ้าทะลายโจร,ยาสารสกัดฟ้าทะลายโจร 400 มิลลิกรัม,ยาแคปซูล,บริษัท โรงงานเภสัชอุตสาหกรรม เจเอสพี (ประเทศไทย) จำกัด (มหาชน),ACTIVE
TTMT,9404137,สารสกัดจากฟ้าทะลายโจร,ยาฟ้าทะลายโจรสกัดชนิดแคปซูล,ยาแคปซูล,บริษัท โรงงานเภสัชอุตสาหกรรม เจเอสพี (ประเทศไทย) จำกัด (มหาชน),ACTIVE
TTMT,9404144,สารสกัดจากฟ้าทะลายโจร,ยาสารสกัดฟ้าทะลายโจรแคปซูล,ยาแคปซูล,บริษัท โรงงานเภสัชอุตสาหกรรม เจเอสพี (ประเทศไทย) จำกัด (มหาชน),ACTIVE
TTMT,9404159,สารสกัดจากฟ้าทะลายโจร,ยาสารสกัดฟ้าทะลายโจร,ยาแคปซูล,บริษัท โรงงานเภสัชอุตสาหกรรม เจเอสพี (ประเทศไทย) จำกัด (มหาชน),ACTIVE
TTMT,9404163,สารสกัดจากฟ้าทะลายโจร,ยาฟ้าทะลายโจรสกัด,ยาแคปซูล,บริษัท โรงงานเภสัชอุตสาหกรรม เจเอสพี (ประเทศไทย) จำกัด (มหาชน),ACTIVE
TTMT,9404171,ฟ้าทะลายโจร,ยาฟ้าทะลายโจร 500 มิลลิกรัม,ยาแคปซูล,บริษัท โรงงานเภสัชอุตสาหกรรม เจเอสพี (ประเทศไทย) จำกัด (มหาชน),ACTIVE
TTMT,9404185,ฟ้าทะลายโจร,ยาฟ้าทะลายโจรแคปซูล,ยาแคปซูล,บริษัท โรงงานเภสัชอุตสาหกรรม เจเอสพี (ประเทศไทย) จำกัด (มหาชน),ACTIVE
TTMT,9404192,ฟ้าทะลายโจร,ยาฟ้าทะลายโจรชนิดแคปซูล 500 มิลลิกรัม,ยาแคปซูล,บริษัท โรงงานเภสัชอุตสาหกรรม เจเอสพี (ประเทศไทย) จำกัด (มหาชน),ACTIVE
TTMT,9404205,ฟ้าทะลายโจร,ปันปลูกยาฟ้าทะลายโจร,ยาแคปซูล,บริษัท โรงงานเภสัชอุตสาหกรรม เจเอสพี (ประเทศไทย) จำกัด (มหาชน),ACTIVE
TTMT,9404214,ยาประคบ,ลูกประคบแห้ง,ยาประคบ,โรงพยาบาลจะแนะ,ACTIVE
TTMT,9404222,ขี้ผึ้งไพล สูตรตำรับที่ 1,ยาหม่องไพล,ขี้ผึ้ง,โรงพยาบาลจะแนะ,ACTIVE
TTMT,9404233,จันทน์ลีลา,ลูกกลอนจันทน์ลีลา,ยาลูกกลอน,โรงพยาบาลห้วยยอด,ACTIVE
TTMT,9404246,สมุนไพรอบตัว,"ยาอบสมุนไพร (บดผง) 
โรงพยาบาลห้วยยอด",ยาผง,โรงพยาบาลห้วยยอด,ACTIVE
TTMT,9404251,สมุนไพรอบตัว,"ยาอบสมุนไพร (แห้ง) 
โรงพยาบาลห้วยยอด",ยาต้ม,โรงพยาบาลห้วยยอด,ACTIVE
TTMT,9404267,อมอดบุหรี่หญ้าดอกขาว,ยาอมอดบุหรี่หญ้าดอกขาว,ยาลูกกลอน,โรงพยาบาลห้วยยอด,ACTIVE
TTMT,9404279,ศุขไสยาศน์,ยาศุขไสยาศน์แคปซูล,ยาแคปซูล,โรงพยาบาลห้วยยอด,ACTIVE
TTMT,9404280,แก้นอนไม่หลับ/ยาแก้ไข้ผอมเหลือง,ยาแก้นอนไม่หลับ/ยาแก้ไข้ผอมเหลืองแคปซูล,ยาแคปซูล,โรงพยาบาลห้วยยอด,ACTIVE
TTMT,9404298,ขี้ผึ้งไพล สูตรตำรับที่ 1,ยาขี้ผึ้งผสมไพล,ขี้ผึ้ง,บริษัท เจริญสุขเภสัช (เจริญสุขกรุ๊ป),ACTIVE
TTMT,9404308,ขี้ผึ้งสารสกัดกัญชา,Cannabis PH balm (โรงพยาบาลโพนพิสัย),ขี้ผึ้ง,โรงพยาบาลโพนพิสัย,ACTIVE
TTMT,9404312,ขี้ผึ้งไพลผสมสารสกัดกัญชา,PH balm Plus (โรงพยาบาลโพนพิสัย),ขี้ผึ้ง,โรงพยาบาลโพนพิสัย,ACTIVE
TTMT,9404320,บัวบก,ยาบัวบกแคปซูล ตราทีเอฟดี,ยาแคปซูล,บริษัท ไทยเอฟดี จำกัด,ACTIVE
TTMT,9404331,สารสกัดจากฟ้าทะลายโจร,ยันฮี ฟ้าทะลายโจร,ยาเม็ด,บริษัท ยาอินไทย จำกัด,ACTIVE
TTMT,9404349,ฟ้าทะลายโจร,ยาฟ้าทะลายโจรแคปซูล 400 มก.,ยาแคปซูล,บริษัท สกายไลน์ เฮลท์แคร์ จำกัด,ACTIVE
TTMT,9404354,ฟ้าทะลายโจร,ยาแคปซูลฟ้าทะลายโจร,ยาแคปซูล,บริษัท สกายไลน์ เฮลท์แคร์ จำกัด,ACTIVE
TTMT,9404365,ฟ้าทะลายโจร,ฟ้าทะลายโจรแคปซูล,ยาแคปซูล,บริษัท สกายไลน์ เฮลท์แคร์ จำกัด,ACTIVE
TTMT,9404377,สารสกัดจากฟ้าทะลายโจร,ยาแคปซูลฟ้าทะลายโจรสกัด,ยาแคปซูล,บริษัท สกายไลน์ เฮลท์แคร์ จำกัด,ACTIVE
TTMT,9404383,พญายอ,ยาครีมพญายอ ตราอภัยภูเบศร,ครีม,มูลนิธิ โรงพยาบาลเจ้าพระยาอภัยภูเบศร,ACTIVE
TTMT,9404396,น้ำมันไพล,น้ำมันไพล (โรงพยาบาลนาดี),ยาเข้าน้ำมัน,โรงพยาบาลนาดี,ACTIVE
TTMT,9404401,ดมสมุนไพร ตราวังหลัง,ยาดมสมุนไพร ตราวังหลัง,ยาดม,บริษัท โรงงานเภสัชอุตสาหกรรม เจเอสพี (ประเทศไทย) จำกัด (มหาชน),ACTIVE
TTMT,9404417,อมผสมมะแว้งรสบ๊วย ตราวังหลัง ,ยาอมผสมมะแว้งรสบ๊วย ตราวังหลัง ,ยาเม็ด,บริษัท โรงงานเภสัชอุตสาหกรรม เจเอสพี (ประเทศไทย) จำกัด (มหาชน),ACTIVE
TTMT,9404429,ไพล (พรอมโตะครีม) ,ยาพรอมโตะครีม,ครีม,บริษัท หมอยาไทย 101 จำกัด,ACTIVE
TTMT,9404438,สตรีหลังคลอด,ยาสตรีหลังคลอด,ยาต้ม,โรงพยาบาลราชบุรี,ACTIVE
TTMT,9404440,ผสมโคคลาน สูตรตำรับที่ 2,ยาผสมโคคลาน สูตรตำรับที่ 2,ยาต้ม,โรงพยาบาลราชบุรี,ACTIVE
TTMT,9404455,ผสมโคคลาน สูตรตำรับที่ 3,ยาผสมโคคลาน สูตรตำรับที่ 3,ยาต้ม,โรงพยาบาลราชบุรี,ACTIVE
TTMT,9404464,อบไอน้ำสมุนไพรสำหรับหลังคลอด,ยาอบไอน้ำสมุนไพรสำหรับหลังคลอด,ยาต้ม,โรงพยาบาลราชบุรี,ACTIVE
TTMT,9404472,อบไอน้ำสมุนไพรสำหรับภูมิแพ้,ยาอบไอน้ำสมุนไพรสำหรับภูมิแพ้,ยาต้ม,โรงพยาบาลราชบุรี,ACTIVE
TTMT,9404486,อบไอน้ำสมุนไพรสำหรับรักษาอาการปวดเมื่อย,ยาอบไอน้ำสำหรับรักษาอาการปวดเมื่อย,ยาต้ม,โรงพยาบาลราชบุรี,ACTIVE
TTMT,9404493,สุม (รมไอน้ำสมุนไพร),ยาสุม (รมไอน้ำสมุนไพร),ยาต้ม,โรงพยาบาลราชบุรี,ACTIVE
TTMT,9404504,สมุนไพรสำหรับนั่งถ่าน,ยาสมุนไพรสำหรับนั่งถ่าน,ยาผง,โรงพยาบาลราชบุรี,ACTIVE
TTMT,9404515,พญายอ (บักส์ครีม),ยาบักส์ ครีม,ครีม,บริษัท หมอยาไทย 101 จำกัด,ACTIVE
TTMT,9404527,แก้ลมแก้เส้น,ยาแก้ลมแก้เส้น,ยาแคปซูล,มูลนิธิ โรงพยาบาลเจ้าพระยาอภัยภูเบศร,ACTIVE
TTMT,9404536,ยาประคบ,ยาประคบสมุนไพร,ยาประคบ,เทศบาลเมืองหนองคาย,ACTIVE
TTMT,9404543,ขี้ผึ้งไพล สูตรตำรับที่ 1,ยาขึ้ผึ้งไพล,ขี้ผึ้ง,เทศบาลเมืองหนองคาย,ACTIVE
TTMT,9404558,บัวบก,ยาบัวบก ชนิดแคปซูล,ยาแคปซูล,บริษัท ฉมา แอ็สเซ็ท จำกัด,ACTIVE
TTMT,9404562,มะระขี้นก,ยามะระขี้นก ชนิดแคปซูล,ยาแคปซูล,บริษัท ฉมา แอ็สเซ็ท จำกัด,ACTIVE
TTMT,9404570,ขมิ้นชัน,ยาขมิ้นชัน ชนิดแคปซูล,ยาแคปซูล,บริษัท ฉมา แอ็สเซ็ท จำกัด,ACTIVE
TTMT,9404589,หญ้าปักกิ่ง,ยาหญ้าปักกิ่ง ชนิดแคปซูล,ยาแคปซูล,บริษัท ฉมา แอ็สเซ็ท จำกัด,ACTIVE
TTMT,9404591,ฟ้าทะลายโจร,ยาฟ้าทะลายโจร ชนิดแคปซูล,ยาแคปซูล,บริษัท ฉมา แอ็สเซ็ท จำกัด,ACTIVE
TTMT,9404602,ฟ้าทะลายโจร,ยาฟ้าทะลายโจร ชนิดแคปซูล,ยาแคปซูล,บริษัท ฉมา แอ็สเซ็ท จำกัด,ACTIVE
TTMT,9404618,ขิง,ยาแคปซูลขิง,ยาแคปซูล,บริษัท ฉมา แอ็สเซ็ท จำกัด,ACTIVE
TTMT,9404625,ขิง,ยาขิง ชนิดผง,ยาชง,บริษัท ฉมา แอ็สเซ็ท จำกัด,ACTIVE
TTMT,9404639,ฟ้าทะลายโจร,ยาแคปซูลฟ้าทะลายโจร ตรานาคญา,ยาแคปซูล,ห้างหุ้นส่วนจำกัด พี แอนด์ เอิร์น (1995),ACTIVE
TTMT,9404641,ขมิ้นชัน,ยาขมิ้นชันแคปซูล 500 มก. ,ยาแคปซูล,บริษัท สกายไลน์ เฮลท์แคร์ จำกัด,ACTIVE
TTMT,9404656,ขมิ้นชัน,ยาขมิ้นชัน แคปซูล   ,ยาแคปซูล,บริษัท สกายไลน์ เฮลท์แคร์ จำกัด,ACTIVE
TTMT,9404660,ขมิ้นชัน,ยาขมิ้นชัน แคปซูล 300 มก.,ยาแคปซูล,บริษัท สกายไลน์ เฮลท์แคร์ จำกัด,ACTIVE
TTMT,9404673,ขมิ้นชัน,ขมิ้นชันแคปซูล   ,ยาแคปซูล,บริษัท สกายไลน์ เฮลท์แคร์ จำกัด,ACTIVE
TTMT,9404687,มะขามแขก,ยามะขามแขกแคปซูล 400 มก.,ยาแคปซูล,บริษัท สกายไลน์ เฮลท์แคร์ จำกัด,ACTIVE
TTMT,9404694,มะขามแขก,ยาเซนน่า แคปซูล,ยาแคปซูล,บริษัท สกายไลน์ เฮลท์แคร์ จำกัด,ACTIVE
TTMT,9404706,มะขามแขก,ยามะขามแขกแคปซูล,ยาแคปซูล,บริษัท สกายไลน์ เฮลท์แคร์ จำกัด,ACTIVE
TTMT,9404710,ฟ้าทะลายโจร,ฟ้าทะลายโจร,ยาแคปซูล,โรงพยาบาลโพนพิสัย,ACTIVE
TTMT,9404723,เบญจกูล / พิกัดเบญจกูล,ยาแคปซูลเบญจกูล ,ยาแคปซูล,บริษัท ฉมา แอ็สเซ็ท จำกัด,ACTIVE
TTMT,9404734,ตรีผลา / พิกัดตรีผลา ,ยาแคปซูลตรีผลา,ยาแคปซูล,บริษัท ฉมา แอ็สเซ็ท จำกัด,ACTIVE
TTMT,9404747,ห้าราก / แก้ไข้ห้าราก / แก้วห้าดวง / เบญจโลกวิเชียร ,ยาแคปซูลเบญจโลกวิเชียร,ยาแคปซูล,บริษัท ฉมา แอ็สเซ็ท จำกัด,ACTIVE
TTMT,9404752,ประสะจันทน์แดง ,ยาประสะจันทน์แดง ชนิดแคปซูล,ยาแคปซูล,บริษัท ฉมา แอ็สเซ็ท จำกัด,ACTIVE
TTMT,9404768,น้ำมันผสมไพล,ยาน้ำมันผสมไพล,ยาเข้าน้ำมัน,บริษัท ฉมา แอ็สเซ็ท จำกัด,ACTIVE
TTMT,9404775,ขี้ผึ้ง กลิ่นน้ำมันตะไคร้หอม,ยาขี้ผึ้ง กลิ่นน้ำมันตะไคร้หอม,ขี้ผึ้ง,บริษัท ฉมา แอ็สเซ็ท จำกัด,ACTIVE
TTMT,9404781,ไพล (อโรติกา คูล สเปรย์),อโรติกา คูล สเปรย์ ,ยาเข้าน้ำมัน,บริษัท บางกอกแล็ป แอนด์ คอสเมติค จำกัด,ACTIVE
TTMT,9404799,ทิงเจอร์ขมิ้นชัน,ทิงเจอร์ขมิ้นชัน,ทิงเจอร์,โรงพยาบาลศรีเชียงใหม่,ACTIVE
TTMT,9404809,สุมสมุนไพร (รพ.ศรีเชียงใหม่),ยาสุมสมุนไพร,ยาต้ม,โรงพยาบาลศรีเชียงใหม่,ACTIVE
TTMT,9404813,น้ำมันไพล,น้ำมันไพล,ยาเข้าน้ำมัน,โรงพยาบาลกาบัง,ACTIVE
TTMT,9404821,มะขามแขก,ยาชงสมุนไพร มะขามแขก ตรากิฟฟารีน,ยาชง,บริษัท สกายไลน์ เฮลท์แคร์ จำกัด,ACTIVE
TTMT,9404832,สารสกัดจากฟ้าทะลายโจร,แอนดร็อกซิล  ตราเคเอ็มพี,ยาแคปซูล,บริษัท แก้วมังกรเภสัช จำกัด,ACTIVE
TTMT,9404845,สารสกัดจากฟ้าทะลายโจร,ฟ้าทะลายโจรสกัดแคปซูล ตราทิปโก้,ยาแคปซูล,บริษัท แก้วมังกรเภสัช จำกัด,ACTIVE
TTMT,9404850,ขมิ้นชัน,ขมิ้นชันแคปซูล  ตรา ทิปโก้,ยาแคปซูล,บริษัท แก้วมังกรเภสัช จำกัด,ACTIVE
TTMT,9404866,หม่องไพล/บาล์มไพล/ไพลบาล์ม / ขี้ผึ้งไพล,ยาหม่องไพล,ขี้ผึ้ง,โรงพยาบาลโพทะเล,ACTIVE
TTMT,9404878,พอกเข่า (รพ.แวงน้อย),ยาพอกเข่า,ยาพอก,โรงพยาบาลแวงน้อย,ACTIVE
TTMT,9404884,บำรุงน้ำนม (รพ.แวงน้อย),ยาบำรุงน้ำนม,ยาต้ม,โรงพยาบาลแวงน้อย,ACTIVE
TTMT,9404897,ทาแก้โรคผิวหนัง (รพ.แวงน้อย),ยาทาแก้โรคผิวหนัง,เจล,โรงพยาบาลแวงน้อย,ACTIVE
TTMT,9404907,ดม 2 แวง,ยาดม 2 แวง,ยาน้ำ,โรงพยาบาลแวงน้อย,ACTIVE
TTMT,9404911,แก้นอนไม่หลับ/ยาแก้ไข้ผอมเหลือง,ยาแก้นอนไม่หลับ ชนิดแคปซูล,ยาแคปซูล,บริษัท ผลิตภัณฑ์สมุนไพรไทย จำกัด,ACTIVE
TTMT,9404924,แก้นอนไม่หลับ/ยาแก้ไข้ผอมเหลือง,ยาแก้นอนไม่หลับ,ยาผง,บริษัท ผลิตภัณฑ์สมุนไพรไทย จำกัด,ACTIVE
TTMT,9404930,ทาริดสีดวงทวารหนักและโรคผิวหนัง,ยาทาริดสีดวงทวารหนักและแก้โรคผิวหนังผื่นคัน,ยาเข้าน้ำมัน,บริษัท ผลิตภัณฑ์สมุนไพรไทย จำกัด,ACTIVE
TTMT,9404948,เถาวัลย์เปรียงสกัด ตรากิฟฟารีน,ยาแคปซูลเถาวัลย์เปรียงสกัด ตรากิฟฟารีน,ยาแคปซูล,บริษัท สกายไลน์ เฮลท์แคร์ จำกัด,ACTIVE
TTMT,9404953,สตรีว่านชักมดลูก,ยาสตรีว่านชักมดลูก,ยาแคปซูล,บริษัท สกายไลน์ เฮลท์แคร์ จำกัด,ACTIVE
TTMT,9404969,กวาวเครือแดง ตรากิฟฟารีน,ยาแคปซูล กวาวเครือแดง ตรากิฟฟารีน,ยาแคปซูล,บริษัท สกายไลน์ เฮลท์แคร์ จำกัด,ACTIVE
TTMT,9404976,กวาวเครือขาว ตรากิฟฟารีน,ยาแคปซูลกวาวเครือขาวตรากิฟฟารีน,ยาแคปซูล,บริษัท สกายไลน์ เฮลท์แคร์ จำกัด,ACTIVE
TTMT,9404982,ดมสมุนไพร ตรากิฟฟารีน,ยาดมสมุนไพร ตรากิฟฟารีน,ยาน้ำ,บริษัท สกายไลน์ เฮลท์แคร์ จำกัด,ACTIVE
TTMT,9404995,หม่องสมุนไพร กิฟฟารีน,ยาหม่องสมุนไพร กิฟฟารีน,ขี้ผึ้ง,บริษัท สกายไลน์ เฮลท์แคร์ จำกัด,ACTIVE
TTMT,9405002,หอมแก้ลมวิงเวียน,ยาหอมแก้ลมวิงเวียน ชนิงผง,ยาผง,บริษัท เจริญสุขเภสัช (เจริญสุขกรุ๊ป),ACTIVE
TTMT,9405018,แก้ไอผสมฟ้าทะลายโจร ตราแอนดร็อกซิล,ยาแก้ไอ ตราแอนดร็อกซิล,ยาน้ำ,บริษัท แก้วมังกรเภสัช จำกัด,ACTIVE
TTMT,9405025,แคปซูลผสมเปล้าน้อย,ยาแคปซูลผสมเปล้าน้อย ตราทิปโก้,ยาแคปซูล,บริษัท แก้วมังกรเภสัช จำกัด,ACTIVE
TTMT,9405039,ห้าราก / แก้ไข้ห้าราก / แก้วห้าดวง / เบญจโลกวิเชียร ,ยาห้าราก แคปซูล,ยาแคปซูล,บริษัท แก้วมังกรเภสัช จำกัด,ACTIVE
TTMT,9405041,เบญจกูล / พิกัดเบญจกูล,ยาเบญจกูล แคปซูล,ยาแคปซูล,บริษัท แก้วมังกรเภสัช จำกัด,ACTIVE
TTMT,9405056,แก้ไอผสมมะขามป้อมกลิ่นส้ม ตราวังหลัง,ยาแก้ไอผสมมะขามป้อมกลิ่นส้ม ตราวังหลัง,ยาน้ำ,บริษัท พนาพัฒน์ เฮลท์แคร์ จำกัด,ACTIVE
TTMT,9405060,น้ำแก้ไอผสมมะขามป้อมคิดส์,ยาน้ำแก้ไอผสมมะขามป้อมคิดส์ ตราไทรทอง,ยาน้ำ,บริษัท ซีโนฟาร์ม(ไทย) จำกัด,ACTIVE
TTMT,9405073,ขมิ้นชัน,ยาขมิ้นชันแคปซูล ตราสิงโต,ยาแคปซูล,บริษัท แสงสว่างตราค้างคาว จำกัด,ACTIVE
TTMT,9405087,เถาวัลย์เปรียง,"ยา
เถาวัลย์เปรียง ",ยาแคปซูล,โรงพยาบาลหนองเสือ,ACTIVE
TTMT,9405094,หญ้าหนวดแมว,ยาชงหญ้าหนวดแมว,ยาชง,โรงพยาบาลหนองเสือ,ACTIVE
TTMT,9405104,รางจืด,ยารางจืด,ยาแคปซูล,โรงพยาบาลหนองเสือ,ACTIVE
TTMT,9405115,ฟ้าทะลายโจร,ยาฟ้าทะลายโจร,ยาแคปซูล,โรงพยาบาลหนองเสือ,ACTIVE
TTMT,9405127,ชุมเห็ดเทศ,ยาชุมเห็ดเทศ,ยาแคปซูล,โรงพยาบาลหนองเสือ,ACTIVE
TTMT,9405136,มะขามแขก,ยามะขามแขก,ยาแคปซูล,โรงพยาบาลหนองเสือ,ACTIVE
TTMT,9405143,บัวบก,ยาบัวบก,ยาแคปซูล,โรงพยาบาลหนองเสือ,ACTIVE
TTMT,9405158,น้ำมันไพล,น้ำมันสมุนไพร,ยาเข้าน้ำมัน,โรงพยาบาลวาริชภูมิ,ACTIVE
TTMT,9405162,กระชายขาว,กระชายขาว แคปซูล,ยาแคปซูล,โรงพยาบาลตระการพืชผล,ACTIVE
TTMT,9405170,สารสกัดจากฟ้าทะลายโจร,ยาแคปซูลสารสกัดฟ้าทะลายโจร,ยาแคปซูล,โรงพยาบาลสมเด็จพระยุพราชสายบุรี,ACTIVE
TTMT,9405189,สารสกัดจากฟ้าทะลายโจร,ยาแคปซูลฟ้าทะลายโจรสกัด ตรา แอนโดรมูน 60  ,ยาแคปซูล,บริษัท สเปเชียลตี้ อินโนเวชั่น จำกัด,ACTIVE
TTMT,9405191,สารสกัดจากฟ้าทะลายโจร,ยาแคปซูลฟ้าทะลายโจรสกัด ตรา มาดามไทเฮิร์บ 60  ,ยาแคปซูล,บริษัท สเปเชียลตี้ อินโนเวชั่น จำกัด,ACTIVE
TTMT,9405209,กล้วย,ยากล้วยชนิดแคปซูล,ยาแคปซูล,โรงพยาบาลเรณูนคร,ACTIVE
TTMT,9405213,ยาประคบ,ลูกประคบสด,ยาประคบ,โรงพยาบาลเขาย้อย,ACTIVE
TTMT,9405221,ขี้ผึ้งไพล สูตรตำรับที่ 1,ยาหม่องไพล,ขี้ผึ้ง,โรงพยาบาลเขาย้อย,ACTIVE
TTMT,9405232,พิมเสนน้ำ (รพ.เขาย้อย),พิมเสนน้ำ,ยาน้ำ,โรงพยาบาลเขาย้อย,ACTIVE
TTMT,9405245,ศุขไสยาศน์,ศุขไสยาศน์ แคปซูล,ยาแคปซูล,โรงพยาบาลบางกระทุ่ม,ACTIVE
TTMT,9405250,ทำลายพระสุเมรุ,ทำลายพระสุเมรุ,ยาแคปซูล,โรงพยาบาลบางกระทุ่ม,ACTIVE
TTMT,9405266,แก้ลมแก้เส้น,ยาแก้ลมแก้เส้น,ยาแคปซูล,โรงพยาบาลบางกระทุ่ม,ACTIVE
TTMT,9405278,ศุขไสยาศน์,ศุขไสยาศน์,ยาแคปซูล,โรงพยาบาลพิชัย,ACTIVE
TTMT,9405284,ทำลายพระสุเมรุ,ทำลายพระสุเมรุ,ยาแคปซูล,โรงพยาบาลพิชัย,ACTIVE
TTMT,9405297,ผสมเพชรสังฆาต สูตรตำรับที่ 2,ยาผสมเพชรสังฆาต สูตรที่ 2,ยาแคปซูล,โรงพยาบาลหนองเสือ,ACTIVE
TTMT,9405307,ธรณีสันฑะฆาต,ยาธรณีสันฑะฆาต ,ยาแคปซูล,โรงพยาบาลหนองเสือ,ACTIVE
TTMT,9405311,จันทน์ลีลา,ยาจันทน์ลีลา,ยาแคปซูล,โรงพยาบาลหนองเสือ,ACTIVE
TTMT,9405324,ประสะไพล,ยาประสะไพล,ยาแคปซูล,โรงพยาบาลหนองเสือ,ACTIVE
TTMT,9405330,หอมเทพจิตร,ยาหอมเทพจิตร,ยาแคปซูล,โรงพยาบาลหนองเสือ,ACTIVE
TTMT,9405348,ห้าราก / แก้ไข้ห้าราก / แก้วห้าดวง / เบญจโลกวิเชียร ,ยาห้าราก,ยาแคปซูล,โรงพยาบาลหนองเสือ,ACTIVE
TTMT,9405353,อำมฤควาที,ยาอำมฤควาที,ยาแคปซูล,โรงพยาบาลหนองเสือ,ACTIVE
TTMT,9405369,ประสะมะแว้ง,ยาประสะมะแว้ง,ยาแคปซูล,โรงพยาบาลหนองเสือ,ACTIVE
TTMT,9405376,ไฟประลัยกัลป์,ยาไฟประลัยกัลป์,ยาแคปซูล,โรงพยาบาลหนองเสือ,ACTIVE
TTMT,9405382,เหลืองปิดสมุทร,ยาเหลืองปิดสมุทร,ยาแคปซูล,โรงพยาบาลหนองเสือ,ACTIVE
TTMT,9405395,ธาตุบรรจบ ,ยาธาตุบรรจบ,ยาแคปซูล,โรงพยาบาลหนองเสือ,ACTIVE
TTMT,9405400,เขียวหอม,ยาเขียวหอม,ยาแคปซูล,โรงพยาบาลหนองเสือ,ACTIVE
TTMT,9405416,หอมทิพโอสถ,ยาหอมทิพโอสถ,ยาแคปซูล,โรงพยาบาลหนองเสือ,ACTIVE
TTMT,9405428,ไฟห้ากอง ,ยาไฟห้ากอง,ยาแคปซูล,โรงพยาบาลหนองเสือ,ACTIVE
TTMT,9405437,หอมนวโกฐ,ยาหอมนวโกฐ,ยาแคปซูล,โรงพยาบาลหนองเสือ,ACTIVE
TTMT,9405444,หอมอินทจักร,ยาหอมอินทจักร์,ยาแคปซูล,โรงพยาบาลหนองเสือ,ACTIVE
TTMT,9405459,สหัศธารา,ยาสหัศธารา,ยาแคปซูล,โรงพยาบาลหนองเสือ,ACTIVE
TTMT,9405463,เบญจกูล / พิกัดเบญจกูล,ยาเบญจกูล,ยาแคปซูล,โรงพยาบาลหนองเสือ,ACTIVE
TTMT,9405471,ตรีผลา / พิกัดตรีผลา ,ยาตรีผลา,ยาแคปซูล,โรงพยาบาลหนองเสือ,ACTIVE
TTMT,9405485,ปราบชมพูทวีป,ยาปราบชมพูทวีป,ยาแคปซูล,โรงพยาบาลหนองเสือ,ACTIVE
TTMT,9405492,เลือดงาม,ยาเลือดงาม,ยาแคปซูล,โรงพยาบาลหนองเสือ,ACTIVE
TTMT,9405503,ถ่ายดีเกลือฝรั่ง ,ยาถ่ายดีเกลือฝรั่ง,ยาแคปซูล,โรงพยาบาลหนองเสือ,ACTIVE
TTMT,9405519,ประสะกะเพรา,ยาประสะกะเพรา,ยาแคปซูล,โรงพยาบาลหนองเสือ,ACTIVE
TTMT,9405526,ประสะจันทน์แดง ,ยาประสะจันทน์แดง,ยาแคปซูล,โรงพยาบาลหนองเสือ,ACTIVE
TTMT,9405535,มหาจักรใหญ่,ยามหาจักรใหญ่,ยาแคปซูล,โรงพยาบาลหนองเสือ,ACTIVE
TTMT,9405542,บำรุงโลหิต,ยาบำรุงโลหิต,ยาแคปซูล,โรงพยาบาลหนองเสือ,ACTIVE
TTMT,9405557,ประสะเจตพังคี,ยาประสะเจตพังคี,ยาแคปซูล,โรงพยาบาลหนองเสือ,ACTIVE
TTMT,9405561,ประสะเปราะใหญ่,ยาประสะเปราะใหญ่,ยาแคปซูล,โรงพยาบาลหนองเสือ,ACTIVE
TTMT,9405574,ประสะกานพลู,ยาประสะกานพลู,ยาแคปซูล,โรงพยาบาลหนองเสือ,ACTIVE
TTMT,9405588,มันทธาตุ,ยามันทธาตุ,ยาแคปซูล,โรงพยาบาลหนองเสือ,ACTIVE
TTMT,9405590,ผสมเพชรสังฆาต สูตรตำรับที่ 1,ยาผสมเพชรสังฆาต สูตรที่ 1,ยาแคปซูล,โรงพยาบาลหนองเสือ,ACTIVE
TTMT,9405601,สเปรย์พ่นคอฟ้าทะลายโจร,สเปรย์พ่นคอฟ้าทะลายโจร (ANDRO SPRAY),ยาน้ำ,โรงพยาบาลเจ้าพระยาอภัยภูเบศร,ACTIVE
TTMT,9405617,ขี้ผึ้งกัญชา ขมิ้นชัน,ขี้ผึ้งกัญชา ขมิ้นชัน (Cannabis leaf and Tumeric extract oinment),ขี้ผึ้ง,โรงพยาบาลเจ้าพระยาอภัยภูเบศร,ACTIVE
TTMT,9405629,ระย่อมลมสูง,ยาแคปซูลระย่อมลมสูง,ยาแคปซูล,โรงพยาบาลเจ้าพระยาอภัยภูเบศร,ACTIVE
TTMT,9405638,ขี้ผึ้งไพล สูตรตำรับที่ 1,ขี้ผึ้งไพล,ขี้ผึ้ง,โรงพยาบาลวาริชภูมิ,ACTIVE
TTMT,9405640,พอกสมุนไพร (รพ.วาริชภูมิ),ยาพอกสมุนไพร,ยาพอก,โรงพยาบาลวาริชภูมิ,ACTIVE
TTMT,9405655,สเปรย์ตะไคร้หอม (รพ.ตระการพืชผล),สเปรย์ตะไคร้หอม,ยาน้ำ,โรงพยาบาลตระการพืชผล,ACTIVE
TTMT,9405664,เจลลูกประคบ,เจลลูกประคบ,เจล,โรงพยาบาลหนองฉาง,ACTIVE
TTMT,9405672,ดองเหล้าตราพญานาค,ยาดองเหล้าตราพญานาค,ยาน้ำ,บริษัท ขายยาเพ็ญภาค จำกัด,ACTIVE
TTMT,9405686,ศุขไสยาศน์,ยาศุขไสยาศน์ชนิดแคปซูล,ยาแคปซูล,โรงพยาบาลเรณูนคร,ACTIVE
TTMT,9405693,แก้ลมแก้เส้น,ยาแก้ลมแก้เส้นชนิดแคปซูล,ยาแคปซูล,โรงพยาบาลเรณูนคร,ACTIVE
TTMT,9405705,น้ำมันไพล,น้ำมันไพล,ยาเข้าน้ำมัน,โรงพยาบาลสมเด็จพระยุพราชจอมบึง,ACTIVE
TTMT,9405714,สารสกัดจากฟ้าทะลายโจร,แอนดร็อกซิล 60,ยาแคปซูล,บริษัท แก้วมังกรเภสัช จำกัด,ACTIVE
TTMT,9405722,ทองพันชั่ง,จัมปาศรีทองพันชั่งแคปซูล,ยาแคปซูล,โรงพยาบาลมหาสารคาม,ACTIVE
TTMT,9405733,มะตูม,จัมปาศรีชากำลังดี,ยาชง,โรงพยาบาลมหาสารคาม,ACTIVE
TTMT,9405746,แก้ลมอัมพฤกษ์ (กองพัฒนายาแผนไทยและสมุนไพร),แก้ลมอัมพฤกษ์,ยาแคปซูล,กองพัฒนายาแผนไทยและสมุนไพร กรมการแพทย์แผนไทยและการแพทย์ทางเลือก,ACTIVE
TTMT,9405751,แก้เหนื่อยหอบด้วยเสมหะ,แก้เหนื่อยหอบด้วยเสมหะ,ยาแคปซูล,กองพัฒนายาแผนไทยและสมุนไพร กรมการแพทย์แผนไทยและการแพทย์ทางเลือก,ACTIVE
TTMT,9405767,แก้กล่อนปัตคาต,แก้กล่อนปัตคาต,ยาแคปซูล,กองพัฒนายาแผนไทยและสมุนไพร กรมการแพทย์แผนไทยและการแพทย์ทางเลือก,ACTIVE
TTMT,9405779,แก้ลมพรรดึก,แก้ลมพรรดึก,ยาแคปซูล,กองพัฒนายาแผนไทยและสมุนไพร กรมการแพทย์แผนไทยและการแพทย์ทางเลือก,ACTIVE
TTMT,9405780,แก้กล่อน แก้ลม,แก้กล่อน แก้ลม,ยาแคปซูล,กองพัฒนายาแผนไทยและสมุนไพร กรมการแพทย์แผนไทยและการแพทย์ทางเลือก,ACTIVE
TTMT,9405798,เขียวมหาสัมฤทธิ์,เขียวมหาสัมฤทธิ์,ยาแคปซูล,กองพัฒนายาแผนไทยและสมุนไพร กรมการแพทย์แผนไทยและการแพทย์ทางเลือก,ACTIVE
TTMT,9405808,ผลเตโช,ผลเตโช,ยาแคปซูล,กองพัฒนายาแผนไทยและสมุนไพร กรมการแพทย์แผนไทยและการแพทย์ทางเลือก,ACTIVE
TTMT,9405812,ราง-แอล,ยาราง-แอล,ยาเม็ด,บริษัท ขาวละออเภสัช จำกัด,ACTIVE
TTMT,9405820,ธรณีสันฑะฆาต,ยาธรณีสันฑะฆาต,ยาแคปซูล,บริษัท ขาวละออเภสัช จำกัด,ACTIVE
TTMT,9405831,แคปซูลผสมเปล้าน้อย (ขาวละออ),ยาแคปซูลผสมเปล้าน้อย,ยาแคปซูล,บริษัท ขาวละออเภสัช จำกัด,ACTIVE
TTMT,9405849,เจล ขาวละออ,ยาเจล ขาวละออ,เจล,บริษัท ขาวละออเภสัช จำกัด,ACTIVE
TTMT,9405854,น้ำมันกัญชา,NCH OIL,ยาเข้าน้ำมัน,โรงพยาบาลหนองฉาง,ACTIVE
TTMT,9405865,หม่องกัญชา,Nongchang Balm,ยาเข้าน้ำมัน,โรงพยาบาลหนองฉาง,ACTIVE
TTMT,9405877,น้ำมันกระดูกไก่ดำ (รพ.สมเด็จยุพราชจอมบึง),น้ำมันกระดูกไก่ดำ,ยาเข้าน้ำมัน,โรงพยาบาลสมเด็จพระยุพราชจอมบึง,ACTIVE
TTMT,9405883,ยาประคบ,ลูกประคบสมุนไพรสด,ยาประคบ,โรงพยาบาลสมเด็จพระยุพราชจอมบึง,ACTIVE
TTMT,9405896,หม่องไพล/บาล์มไพล/ไพลบาล์ม / ขี้ผึ้งไพล,ยาหม่องไพล,ขี้ผึ้ง,โรงพยาบาลสมเด็จพระยุพราชจอมบึง,ACTIVE
TTMT,9405906,น้ำมันไพล ผสมใบกัญชา สูตรร้อน ,น้ำมันไพล ผสมใบกัญชา สูตรร้อน,ยาเข้าน้ำมัน,สำนักงานสาธารณสุขจังหวัดสมุทรปราการ,ACTIVE
TTMT,9405910,น้ำมันไพล ผสมใบกัญชา สูตรเย็น ,น้ำมันไพล ผสมใบกัญชา สูตรเย็น ,ยาเข้าน้ำมัน,สำนักงานสาธารณสุขจังหวัดสมุทรปราการ,ACTIVE
TTMT,9405923,หม่อง ผสมใบกัญชา,ยาหม่อง สูตรผ่อนคลาย,ขี้ผึ้ง,สำนักงานสาธารณสุขจังหวัดสมุทรปราการ,ACTIVE
TTMT,9405934,น้ำมันมหาจักร  สูตรกัญชา,น้ำมันมหาจักร สูตรกัญชา,ยาเข้าน้ำมัน,สำนักงานสาธารณสุขจังหวัดสมุทรปราการ,ACTIVE
TTMT,9405947,ไนน์ เฮิร์บ กรีน บาล์ม ฟอร์ รีลีฟ อิชชิ่ง ,ไนน์ เฮิร์บ กรีน บาล์ม ฟอร์ รีลีฟ อิชชิ่ง ,ขี้ผึ้ง,บริษัท สเปเชียลตี้ อินโนเวชั่น จำกัด,ACTIVE
TTMT,9405952,ธาตุบรรจบ ,ยาธาตุบรรจบ,ยาแคปซูล,บริษัท ธนัทเฮิร์บ พาณิชย์ จำกัด,ACTIVE
TTMT,9405968,ปราบชมพูทวีป,ยาปราบชมพูทวีป,ยาแคปซูล,บริษัท ธนัทเฮิร์บ พาณิชย์ จำกัด,ACTIVE
TTMT,9405975,มันทธาตุ,ยามันทธาตุ,ยาแคปซูล,บริษัท ธนัทเฮิร์บ พาณิชย์ จำกัด,ACTIVE
TTMT,9405981,สหัศธารา,ยาสหัศธารา,ยาแคปซูล,บริษัท ธนัทเฮิร์บ พาณิชย์ จำกัด,ACTIVE
TTMT,9405999,ห้าราก / แก้ไข้ห้าราก / แก้วห้าดวง / เบญจโลกวิเชียร ,ยาห้าราก,ยาแคปซูล,บริษัท ธนัทเฮิร์บ พาณิชย์ จำกัด,ACTIVE
TTMT,9406001,จันทน์ลีลา,ยาจันทน์ลีลา,ยาแคปซูล,บริษัท ธนัทเฮิร์บ พาณิชย์ จำกัด,ACTIVE
TTMT,9406017,ประสะจันทน์แดง ,ยาประสะจันทน์แดง,ยาแคปซูล,บริษัท ธนัทเฮิร์บ พาณิชย์ จำกัด,ACTIVE
TTMT,9406029,หอมนวโกฐ,ยาหอมนวโกฐ,ยาผง,บริษัท ธนัทเฮิร์บ พาณิชย์ จำกัด,ACTIVE
TTMT,9406038,ตรีผลา / พิกัดตรีผลา ,ยาตรีผลา,ยาแคปซูล,บริษัท ธนัทเฮิร์บ พาณิชย์ จำกัด,ACTIVE
TTMT,9406040,ศุขไสยาศน์,ยาศุขไสยาตน์,ยาแคปซูล,บริษัท ธนัทเฮิร์บ พาณิชย์ จำกัด,ACTIVE
TTMT,9406055,แก้ลมแก้เส้น,ยาแก้ลมแก้เส้น,ยาแคปซูล,บริษัท ธนัทเฮิร์บ พาณิชย์ จำกัด,ACTIVE
TTMT,9406064,ครีมแก้ปวด,ครีมแก้ปวด Phenalgesic Cream,ครีม,โรงพยาบาลเพ็ญ,ACTIVE
TTMT,9406072,สเปรย์แก้ปวด,สเปรย์แก้ปวด Phenalgesic Spray,ยาน้ำ,โรงพยาบาลเพ็ญ,ACTIVE
TTMT,9406086,ครีมทาผดแก้ผดผื่น,ครีมทาผดแก้ผดผื่น Herbaderm Cream,ครีม,โรงพยาบาลเพ็ญ,ACTIVE
TTMT,9406093,สเปรย์แก้ผดผื่น,สเปรย์แก้ผดผื่น Herbaderm Spray,ยาน้ำ,โรงพยาบาลเพ็ญ,ACTIVE
TTMT,9406103,บำรุงมือ , ครีมบำรุงมือ Hand cream,ครีม,โรงพยาบาลเพ็ญ,ACTIVE
TTMT,9406119,ขี้ผึ้งตราพระอินทร์,ยาขี้ผึ้งตราพระอินทร์,ขี้ผึ้ง,บริษัท หมอยาไทย 101 จำกัด,ACTIVE
TTMT,9406126,น้ำมันเหลือง ตราแม่เกษร,ยาน้ำมันเหลือง ตราแม่เกษร,ยาเข้าน้ำมัน,บริษัท หมอยาไทย 101 จำกัด,ACTIVE
TTMT,9406135,ตำรับสมุนไพรสำหรับผู้หญิง,จัมปาศรี ประทุมงาม แคปซูล,ยาแคปซูล,โรงพยาบาลมหาสารคาม,ACTIVE
TTMT,9406142,ตำรับยาวัยทอง,จัมปาศรีนารีสุขใจ สูตร 2,ยาแคปซูล,โรงพยาบาลมหาสารคาม,ACTIVE
TTMT,9406157,ตำรับสมุนไพรสำหรับผู้ชาย สูตร ยาผสมกระชาย,จัมปาศรี ชาตรีสดชื่น แคปซูล,ยาแคปซูล,โรงพยาบาลมหาสารคาม,ACTIVE
TTMT,9406161,ตำรับสมุนไพรสำหรับผู้ชาย สูตรกระชายดำ,จัมปาศรี ชาตรีแข็งแรง แคปซูล,ยาแคปซูล,โรงพยาบาลมหาสารคาม,ACTIVE
TTMT,9406174,ตำรับยารักษาแผลในกระเพาะอาหาร,จัมปาศรีปริณามัคคีจร,ยาแคปซูล,โรงพยาบาลมหาสารคาม,ACTIVE
TTMT,9406188,ตำรับยาเบาหวาน,จัมปาศรีมธุรสิ้น,ยาแคปซูล,โรงพยาบาลมหาสารคาม,ACTIVE
TTMT,9406190,ตำรับยาลดความดันโลหิต,จัมปาศรีหทัยวาตะ,ยาแคปซูล,โรงพยาบาลมหาสารคาม,ACTIVE
TTMT,9406208,ตำรับยาสรรพต้อ,จัมปาศรีเนตรสว่างแคปซูล,ยาแคปซูล,โรงพยาบาลมหาสารคาม,ACTIVE
TTMT,9406212,ตำรับวิเศษโลหิต,จัมปาศรีนารีงาม,ยาผง,โรงพยาบาลมหาสารคาม,ACTIVE
TTMT,9406220,ตำรับยาจันทน์จุฬา,จัมปาศรีนารีสุขใจ สูตร 1,ยาผง,โรงพยาบาลมหาสารคาม,ACTIVE
TTMT,9406231,ชาผสมกระเจี๊ยบ,จัมปาศรีชาเมโทดี,ยาชง,โรงพยาบาลมหาสารคาม,ACTIVE
TTMT,9406249,ชาผสมหญ้าดอกขาว,จัมปาศรีชาปัปผาสังดี,ยาชง,โรงพยาบาลมหาสารคาม,ACTIVE
TTMT,9406254,ชาขิงผสมกระชาย,จัมปาศรีชาวาตะดี,ยาชง,โรงพยาบาลมหาสารคาม,ACTIVE
TTMT,9406265,ชาบรรเทาลมปะกัง สูตร ดอกคำฝอย,จัมปาศรีชาลมปะกัง สูตร ดอกคำฝอย,ยาชง,โรงพยาบาลมหาสารคาม,ACTIVE
TTMT,9406277,ชาลดกรดไหลย้อน,จัมปาศรีชาเตโชดี,ยาชง,โรงพยาบาลมหาสารคาม,ACTIVE
TTMT,9406283,ชาบำรุงโลหิต,จัมปาศรีชาโลหิตดี,ยาชง,โรงพยาบาลมหาสารคาม,ACTIVE
TTMT,9406296,ชากระตุ้นการไหลเวียนโลหิต,จัมปาศรีชาอาโปดี,ยาชง,โรงพยาบาลมหาสารคาม,ACTIVE
TTMT,9406306,ชาบรรเทาลมปะกัง สูตร ดอกกระเจี๊ยบ,จัมปาศรีชาลมปะกัง สูตร ดอกกระเจี๊ยบ,ยาชง,โรงพยาบาลมหาสารคาม,ACTIVE
TTMT,9406310,ชาแก้นอนไม่หลับ,จัมปาศรีชานอนดี,ยาชง,โรงพยาบาลมหาสารคาม,ACTIVE
TTMT,9406323,ตำรับยาบำรุงสายตา,จัมปาศรีตำรับยาต้มเนตรสว่าง,ยาต้ม,โรงพยาบาลมหาสารคาม,ACTIVE
TTMT,9406334,ตำรับมหาพิกัดตรีผลา,จัมปาศรีตำรับมหาพิกัด,ยาต้ม,โรงพยาบาลมหาสารคาม,ACTIVE
TTMT,9406347,รางจืด,ยารางจืดชนิดแคปซูล PH HERB,ยาแคปซูล,โรงพยาบาลโพนพิสัย,ACTIVE
TTMT,9406352,บาล์มไพลสด,บาล์มไพลสด RB Herb,ขี้ผึ้ง,โรงพยาบาลราชบุรี,ACTIVE
TTMT,9406368,หม่องเสลดพังพอน,หม่องเสลดพังพอน RB Herb,ขี้ผึ้ง,โรงพยาบาลราชบุรี,ACTIVE
TTMT,9406375,สเปรย์ป(ล)อดโปร่ง,สเปรย์ป(ล)อดโปร่ง RB Herb,ยาน้ำแขวนตะกอน,โรงพยาบาลราชบุรี,ACTIVE
TTMT,9406381,ผสมโคคลาน สูตรตำรับที่ 2,ยาผสมโคคลาน,ยาแคปซูล,กองพัฒนายาแผนไทยและสมุนไพร กรมการแพทย์แผนไทยและการแพทย์ทางเลือก,ACTIVE
TTMT,9406399,พอกสูตร 1,ยาพอกสูตร 1,ยาพอก,โรงพยาบาลเขาย้อย,ACTIVE
TTMT,9406404,สเปรย์พ่นคอจากสารสกัดฟ้าทะลายโจร,ANDRO SPRAY,ยาน้ำ,โรงพยาบาลเจ้าพระยาอภัยภูเบศร,ACTIVE
TTMT,9406415,ขี้ผึ้งกัญชา ขมิ้นชัน,ขี้ผึ้งกัญชา ขมิ้นชัน (Cannabis leaf and Tumeric extract oinment),ขี้ผึ้ง,โรงพยาบาลเจ้าพระยาอภัยภูเบศร,ACTIVE
TTMT,9406427,ยาประคบ,ลูกประคบสมุนไพร,ยาประคบ,โรงพยาบาลปทุมรัตต์,ACTIVE
TTMT,9406436,พอกเข่า (รพ.ปทุมรัตต์),ยาพอกเข่า,ยาพอก,โรงพยาบาลปทุมรัตต์,ACTIVE
TTMT,9406443,น้ำมันมหาจักร์,น้ำมันมหาจักร,ยาเข้าน้ำมัน,โรงพยาบาลปทุมรัตต์,ACTIVE
TTMT,9406458,อบไอน้ำสมุนไพร,ยาอบไอน้ำสมุนไพร,ยาต้ม,โรงพยาบาลปทุมรัตต์,ACTIVE
TTMT,9406462,น้ำมันเหลือง (รพ.ปทุมรัตต์),น้ำมันเหลือง,ยาเข้าน้ำมัน,โรงพยาบาลปทุมรัตต์,ACTIVE
TTMT,9406470,ทิพย์สำราญ,ยาทิพย์สำราญ ,ยาชง,โรงพยาบาลปทุมรัตต์,ACTIVE
TTMT,9406489,แช่เท้า (รพ.ปทุมรัตต์),ยาแช่เท้า,ยาแช่,โรงพยาบาลปทุมรัตต์,ACTIVE
TTMT,9406491,ขี้ผึ้งแก้คันผสมใบกัญชา,ขี้ผึ้งกัญคัน,ขี้ผึ้ง,โรงพยาบาลเสนา,ACTIVE
TTMT,9406502,น้ำมันไพล (รพ.เสนา),น้ำมันไพล,ยาเข้าน้ำมัน,โรงพยาบาลเสนา,ACTIVE
TTMT,9406518,เขียวหอม,สายบุรีเฮิร์บ,ยาแคปซูล,โรงพยาบาลสมเด็จพระยุพราชสายบุรี,ACTIVE
TTMT,9406525,จันทน์ลีลา,สายบุรีเฮิร์บ,ยาแคปซูล,โรงพยาบาลสมเด็จพระยุพราชสายบุรี,ACTIVE
TTMT,9406539,ธาตุบรรจบ ,สายบุรีเฮิร์บ,ยาแคปซูล,โรงพยาบาลสมเด็จพระยุพราชสายบุรี,ACTIVE
TTMT,9406541,เบญจกูล / พิกัดเบญจกูล,สายบุรีเฮิร์บ,ยาแคปซูล,โรงพยาบาลสมเด็จพระยุพราชสายบุรี,ACTIVE
TTMT,9406556,หอมนวโกฐ,สายบุรีเฮิร์บ,ยาแคปซูล,โรงพยาบาลสมเด็จพระยุพราชสายบุรี,ACTIVE
TTMT,9406560,พิมเสนน้ำ (รพ.สมเด็จพระยุพราชสายบุรี),พิมเสนน้ำ,ยาน้ำ,โรงพยาบาลสมเด็จพระยุพราชสายบุรี,ACTIVE
TTMT,9406573,ยาประคบ,ลูกประคบแห้ง,ยาประคบ,โรงพยาบาลหนองฉาง,ACTIVE
TTMT,9406594,หม่องไพล/บาล์มไพล/ไพลบาล์ม / ขี้ผึ้งไพล,ยาหม่องไพล บางบ่อ,ขี้ผึ้ง,โรงพยาบาลบางบ่อ,ACTIVE
TTMT,9406600,ยาพอกสมุนไพรลดปวด สูตรเจล,ยาพอกสมุนไพรลดปวด สูตรเจล บางบ่อ,เจล,โรงพยาบาลบางบ่อ,ACTIVE
TTMT,9406616,ลูกประคบสมุนไพร บางบ่อ,ลูกประคบสมุนไพร บางบ่อ,ยาประคบ,โรงพยาบาลบางบ่อ,ACTIVE
TTMT,9406628,น้ำมันไพล ผสมใบกัญชา สูตรเย็น ,ยาน้ำมันไพล ผสมใบกัญชา สูตรเย็น บางบ่อ,ยาเข้าน้ำมัน,โรงพยาบาลบางบ่อ,ACTIVE
TTMT,9406637,น้ำมันไพล ผสมใบกัญชา สูตรร้อน ,ยาน้ำมันไพล ผสมใบกัญชา สูตรร้อน บางบ่อ,ยาเข้าน้ำมัน,โรงพยาบาลบางบ่อ,ACTIVE
TTMT,9406644,แผ่นพอกสมุนไพร สูตรเย็น,แผ่นพอกสมุนไพร สูตรเย็น บางบ่อ,ยาพอก,โรงพยาบาลบางบ่อ,ACTIVE
TTMT,9406659,น้ำมันไพล,น้ำมันไพล,ยาเข้าน้ำมัน,โรงพยาบาลเนินสง่า,ACTIVE
TTMT,9406663,ยาประคบ,ยาประคบ,ยาประคบ,โรงพยาบาลเนินสง่า,ACTIVE
TTMT,9406671,ขี้ผึ้งไพล สูตรตำรับที่ 1,ยาหม่องไพล,ขี้ผึ้ง,โรงพยาบาลเนินสง่า,ACTIVE
TTMT,9406685,หม่องงาดำ,น้ำมันงาดำ,ยาเข้าน้ำมัน,โรงพยาบาลสมเด็จพระยุพราชจอมบึง,ACTIVE
TTMT,9406692,หม่องไพล/บาล์มไพล/ไพลบาล์ม / ขี้ผึ้งไพล,ขี้ผึ้งคนกล้า,ขี้ผึ้ง,โรงพยาบาลคำตากล้า,ACTIVE
TTMT,9406709,น้ำมันไพล,น้ำมันไพลคนกล้า,ยาเข้าน้ำมัน,โรงพยาบาลคำตากล้า,ACTIVE
TTMT,9406713,ยาประคบ,ลูกประคบคนกล้า,ยาประคบ,โรงพยาบาลคำตากล้า,ACTIVE
TTMT,9406721,ต้มหลังคลอด,ยาต้มหลังคลอด,ยาต้ม,โรงพยาบาลคำตากล้า,ACTIVE
TTMT,9406732,พอกสมุนไพร (รพ.คำตากล้า),ยาพอกคนกล้า,ยาพอก,โรงพยาบาลคำตากล้า,ACTIVE
TTMT,9406745,กัญชา,ซีบาแนค ทีเอชซี แคนนาบิส ออยล์,ยาเข้าน้ำมัน,องค์การเภสัชกรรม,ACTIVE
TTMT,9406750,กัญชา,ซีบาแนค ซีบีดี แคนนาบิส ออยล์,ยาเข้าน้ำมัน,องค์การเภสัชกรรม,ACTIVE
TTMT,9406766,น้ำมันสารสกัดกัญชาที่มี delta-9-tetrahydrocannabinol (THC) จำนวน 2 ความแรง ได้แก่ ไม่เกิน 0.5 มิลลิกรัม/หยด และไม่เกิน 3 มิลลิกรัม/หยด,ซีบาแนค ทีเอชซี ฟอร์ท แคนนาบิส ออยล์,ยาเข้าน้ำมัน,องค์การเภสัชกรรม,ACTIVE
TTMT,9406778,ฟ้าทะลายโจร,ยาฟ้าทะลายโจรชนิดเม็ด,ยาเม็ด,บริษัท แสงสว่างตราค้างคาว จำกัด,ACTIVE
TTMT,9406784,พญายอ,กลีเซอรีนพญายอ,สารละลายสำหรับป้ายปาก,มูลนิธิ โรงพยาบาลเจ้าพระยาอภัยภูเบศร,ACTIVE
TTMT,9406797,มะระขี้นก,ยาแคปซูลมะระขี้นก ตราไทรทอง,ยาแคปซูล,บริษัท ซีโนฟาร์ม(ไทย) จำกัด,ACTIVE
TTMT,9406807,ฟ้าทะลายโจร,ฟ้าทะลายโจร,ยาแคปซูล,โรงพยาบาลพิชัย,ACTIVE
TTMT,9406811,ไพล,ยาไพล,ครีม,โรงพยาบาลพิชัย,ACTIVE
TTMT,9406824,เถาวัลย์เปรียง,เถาวัลย์เปรียง,ยาแคปซูล,โรงพยาบาลพิชัย,ACTIVE
TTMT,9406830,ขมิ้นชัน,ขมิ้นชันชนิดแคปซูล,ยาแคปซูล,โรงพยาบาลดอนตูม,ACTIVE
TTMT,9406848,เถาวัลย์เปรียง,เถาวัลย์เปรียงชนิดแคปซูล,ยาแคปซูล,โรงพยาบาลดอนตูม,ACTIVE
TTMT,9406853,ไพล,ครีมไพล,ครีม,โรงพยาบาลพระอาจารย์ฝั้นอาจาโร,ACTIVE
TTMT,9406869,ฝาง,ยาชงฝางเสน,ยาชง,โรงพยาบาลจัตุรัส,ACTIVE
TTMT,9406876,ขมิ้นชัน,ชมิ้นชันชนิดแคปซูล,ยาแคปซูล,โรงพยาบาลอินทร์บุรี,ACTIVE
TTMT,9406882,ฟ้าทะลายโจร,ยาฟ้าทะลายโจรแคปซูล,ยาแคปซูล,โรงพยาบาลกาบเชิง,ACTIVE
TTMT,9406895,ขมิ้นชัน,ยาขมิ้นชันแคปซูล,ยาแคปซูล,โรงพยาบาลกาบเชิง,ACTIVE
TTMT,9406905,ขมิ้นชัน,ยาขมิ้นชันแคปซูล,ยาแคปซูล,โรงพยาบาลกาบเชิง,ACTIVE
TTMT,9406914,เถาวัลย์เปรียง,ยาเถาวัลย์เปรียงแคปซูล,ยาแคปซูล,โรงพยาบาลกาบเชิง,ACTIVE
TTMT,9406922,เถาวัลย์เปรียง,ยาเถาวัลย์เปรียงแคปซูล,ยาแคปซูล,โรงพยาบาลกาบเชิง,ACTIVE
TTMT,9406933,ทิงเจอร์ทองพันชั่ง,ทิงเจอร์ทองพันชั่ง,ทิงเจอร์,โรงพยาบาลกาบเชิง,ACTIVE
TTMT,9406946,ทิงเจอร์พลู,ทิงเจอร์พลู,ทิงเจอร์,โรงพยาบาลกาบเชิง,ACTIVE
TTMT,9406951,ไพล,น้ำมันไพล,ยาเข้าน้ำมัน,โรงพยาบาลกาบเชิง,ACTIVE
TTMT,9406967,หญ้าดอกขาว,ชาชงหญ้าดอกขาว,ยาชง,โรงพยาบาลกาบเชิง,ACTIVE
TTMT,9406998,ชุมเห็ดเทศ,ชาชงชุมเห็ดเทศ โรงพยาบาลพนา,ยาชง,โรงพยาบาลพนา,ACTIVE
TTMT,9407005,หญ้าดอกขาว,ชาชงหญ้าดอกขาว โรงพยาบาลพนา,ยาชง,โรงพยาบาลพนา,ACTIVE
TTMT,9407014,ไพล,ครีมไพล,ครีม,โรงพยาบาลดอนตูม,ACTIVE
TTMT,9407022,ขมิ้นชัน,ยาขมิ้นชันแคปซูล ตราสมุนไพรวังน้ำเย็น,ยาแคปซูล,บริษัท เจริญสุขเภสัช (เจริญสุขกรุ๊ป),ACTIVE
TTMT,9407033,ฟ้าทะลายโจร,ฟ้าทะลายโจรแคปซูล,ยาแคปซูล,โรงพยาบาลป่าบอน,ACTIVE
TTMT,9407046,เถาวัลย์เปรียง,เถาวัลย์เปรียงแคปซูล,ยาแคปซูล,โรงพยาบาลป่าบอน,ACTIVE
TTMT,9407051,น้ำมันสารสกัดกัญชาที่มี delta-9-tetrahydrocannabinol (THC) และ cannabidiol (CBD) ในอัตราส่วน 1:1,ซีบาแนค ทีเอชซี : ซีบีดี (1:1) แคนนาบิสออยล์,ยาเข้าน้ำมัน,องค์การเภสัชกรรม,ACTIVE
TTMT,9407079,หม่องกัญชา (รพ.สมเด็จพระยุพราชเด่นชัย),ยาหม่องกัญชา,ขี้ผึ้ง,โรงพยาบาลสมเด็จพระยุพราชเด่นชัย,ACTIVE
TTMT,9407080,แก้ไอผสมมะขามป้อม สูตรตำรับที่ 2,ยาแก้ไอมะขามป้อมสูตรที่2,ยาน้ำ,โรงพยาบาลสมเด็จพระยุพราชเด่นชัย,ACTIVE
TTMT,9407098,วินต้าเพล็ก เจล,วินต้าเพล็ก เจล ตราไทรทอง,เจล,บริษัท ซีโนฟาร์ม(ไทย) จำกัด,ACTIVE
TTMT,9407108,ยาประคบสมุนไพร,ยาประคบสูตรตำรับที่ 2 (รพ.เลย),ยาประคบ,โรงพยาบาลเลย,ACTIVE
TTMT,9407112,ยาประคบสมุนไพร,ยาประคบสูตรตำรับที่ 2 (รพ.เอราวัณ),ยาประคบ,โรงพยาบาลเอราวัณ,ACTIVE
TTMT,9407120,น้ำมันนวด,น้ำมันนวดตราลังกาสุกะ,ยาเข้าน้ำมัน,โรงพยาบาลจะแนะ,ACTIVE
TTMT,9407149,ประสะไพล,ประสะไพล แคปซูล,ยาแคปซูล,โรงพยาบาลจะแนะ,ACTIVE
TTMT,9407154,ปลูกไฟธาตุ,ปลูกไฟธาตุ แคปซูล,ยาแคปซูล,โรงพยาบาลจะแนะ,ACTIVE
TTMT,9407165,ยาประคบ,ลูกประคบสด,ยาประคบ,โรงพยาบาลหนองฉาง,ACTIVE
TTMT,9407177,แก้ไอผสมมะขามป้อม สูตรตำรับที่ 2,ยาแก้ไอผสมมะขามป้อม,ยาน้ำ,โรงพยาบาลพิชัย,ACTIVE
TTMT,9407183,สหัศธารา,สหัศธารา,ยาแคปซูล,โรงพยาบาลพิชัย,ACTIVE
TTMT,9407196,ยาประคบ (ผสมกัญชา),ยาประคบผสมกัญชา (โรงพยาบาลพิชัย),ยาประคบ,โรงพยาบาลพิชัย,ACTIVE
TTMT,9407203,ยาประคบ,ลูกประคบสมุนไพร,ยาประคบ,โรงพยาบาลดอนตูม,ACTIVE
TTMT,9407219,อบสมุนไพร (รพ.ดอนตูม),ยาอบสมุนไพร,ยาต้ม,โรงพยาบาลดอนตูม,ACTIVE
TTMT,9407226,ธาตุอบเชย ,ยาธาตุอบเชย,ยาน้ำ,โรงพยาบาลพระอาจารย์ฝั้นอาจาโร,ACTIVE
TTMT,9407235,แก้ไอผสมมะขามป้อม สูตรตำรับที่ 2,ยาแก้ไอมะขามป้อม,ยาน้ำ,โรงพยาบาลพระอาจารย์ฝั้นอาจาโร,ACTIVE
TTMT,9407242,ประสะมะแว้ง,ยาประสะมะแว้ง,ยาลูกกลอน,โรงพยาบาลพระอาจารย์ฝั้นอาจาโร,ACTIVE
TTMT,9407257,ปลูกไฟธาตุ,ยาปลูกไฟธาตุ,ยาแคปซูล,โรงพยาบาลจัตุรัส,ACTIVE
TTMT,9407261,ขี้ผึ้งไพล สูตรตำรับที่ 2,ยาขี้ผึ้งไพล,ขี้ผึ้ง,โรงพยาบาลจัตุรัส,ACTIVE
TTMT,9407274,เม็ดอมอดบุหรี่หญ้าดอกขาว,ยาเม็ดอมอดบุหรี่หญ้าดอกขาว (สูตรตำรับโรงพยาบาลจัตุรัส),ยาลูกกลอน,โรงพยาบาลจัตุรัส,ACTIVE
TTMT,9407288,ผสมเพชรสังฆาต สูตรตำรับที่ 2,เพชรสังฆาต สูตร 2 ชนิดแคปซูล,ยาแคปซูล,โรงพยาบาลอินทร์บุรี,ACTIVE
TTMT,9407290,ประสะมะแว้ง,ประสะมะแว้งชนิดลูกกลอน,ยาลูกกลอน,โรงพยาบาลอินทร์บุรี,ACTIVE
TTMT,9407300,ขี้ผึ้งไพล สูตรตำรับที่ 2,ยาทาขี้ผึ้งไพล สูตรตำรับที่ 2,ขี้ผึ้ง,โรงพยาบาลอินทร์บุรี,ACTIVE
TTMT,9407316,ยาประคบ,ลูกประคบสมุนไพรสด,ยาประคบ,โรงพยาบาลอินทร์บุรี,ACTIVE
TTMT,9407328,จันทน์ลีลา,ยาจันทน์ลีลาแคปซูล,ยาแคปซูล,โรงพยาบาลกาบเชิง,ACTIVE
TTMT,9407337,ตรีพิกัด,ยาบำรุงธาตุแคปซูล,ยาแคปซูล,โรงพยาบาลกาบเชิง,ACTIVE
TTMT,9407344,ธรณีสันฑะฆาต,ยาธรณีสันฑะฆาตแคปซูล,ยาแคปซูล,โรงพยาบาลกาบเชิง,ACTIVE
TTMT,9407359,ธาตุบรรจบ ,ยาธาตุบรรจบแคปซูล,ยาแคปซูล,โรงพยาบาลกาบเชิง,ACTIVE
TTMT,9407363,สหัศธารา,ยาสหัศธาราแคปซูล,ยาแคปซูล,โรงพยาบาลกาบเชิง,ACTIVE
TTMT,9407371,ห้าราก / แก้ไข้ห้าราก / แก้วห้าดวง / เบญจโลกวิเชียร ,ยาห้ารากแคปซูล,ยาแคปซูล,โรงพยาบาลกาบเชิง,ACTIVE
TTMT,9407385,ประสะมะแว้ง,ยาอมประสะมะแว้ง,ยาลูกกลอน,โรงพยาบาลกาบเชิง,ACTIVE
TTMT,9407392,ธาตุอบเชย ,ยาธาตุอบเชย,ยาน้ำ,โรงพยาบาลกาบเชิง,ACTIVE
TTMT,9407407,ริดสีดวงทวาร,ยาริดสีดวงทวารแคปซูล,ยาแคปซูล,โรงพยาบาลกาบเชิง,ACTIVE
TTMT,9407411,ริดสีดวงทวาร,ยาริดสีดวงทวารแคปซูล,ยาแคปซูล,โรงพยาบาลกาบเชิง,ACTIVE
TTMT,9407424,หอมเทพจิตร,ยาหอมเทพจิตร,ยาผง,โรงพยาบาลหนองเสือ,ACTIVE
TTMT,9407430,แก้ไอผสมมะขามป้อม สูตรตำรับที่ 1,ยาแก้ไอมะขามป้อม โรงพยาบาลพนา,ยาน้ำ,โรงพยาบาลพนา,ACTIVE
TTMT,9407448,ธาตุอบเชย ,ยาธาตุอบเชย โรงพยาบาลพนา,ยาน้ำ,โรงพยาบาลพนา,ACTIVE
TTMT,9407453,ยาประคบ,ลูกประคบสมุนไพร โรงพยาบาลพนา,ยาประคบ,โรงพยาบาลพนา,ACTIVE
TTMT,9407469,หม่องเสลดพังพอน/เสลดพังพอนบาล์ม/หม่องพญายอ/ขี้ผึ้งพญายอ/ขี้ผึ้งเสลดพังพอน,ยาหม่องพญายอ โรงพยาบาลพนา,ขี้ผึ้ง,โรงพยาบาลพนา,ACTIVE
TTMT,9407476,ประสะมะแว้ง,ยาอมประสะมะแว้ง โรงพยาบาลพนา,ยาลูกกลอน,โรงพยาบาลพนา,ACTIVE
TTMT,9407482,แก้ไอสมุนไพร สูตร มะขามป้อม,ยาแก้ไอจัมปาศรี สูตรมะขามป้อม,ยาน้ำ,โรงพยาบาลมหาสารคาม,ACTIVE
TTMT,9407495,แก้ไอสมุนไพร สูตร ดั้งเดิม,ยาแก้ไอจัมปาศรี สูตรดั้งเดิม,ยาน้ำ,โรงพยาบาลมหาสารคาม,ACTIVE
TTMT,9407509,สมุนไพร สูตร เสริมภูมิคุ้มกัน,ตำรับยาน้ำมหาพิกัดตรีผลา,ยาน้ำ,โรงพยาบาลมหาสารคาม,ACTIVE
TTMT,9407513,สมุนไพร สูตร ผสมวุ้นว่านหางจระเข้,จัมปาศรีจระเข้รัญจวน,ยาน้ำ,โรงพยาบาลมหาสารคาม,ACTIVE
TTMT,9407521,เม็ดอมกัญชา,จัมปาศรี ยาเม็ดอมกัญชา,ยาเม็ด,โรงพยาบาลมหาสารคาม,ACTIVE
TTMT,9407532,เม็ดอมกระท่อม,จัมปาศรี ยาเม็ดอมใบกระท่อม,ยาเม็ด,โรงพยาบาลมหาสารคาม,ACTIVE
TTMT,9407545,สมุนไพร สูตร เพิ่มความสดชื่น,จัมปาศรี Fresh & Active drinks,ยาน้ำ,โรงพยาบาลมหาสารคาม,ACTIVE
TTMT,9407550,ผสมสมุนไพร สูตร ล้างสารพิษ,จัมปาศรี Detox,ยาน้ำ,โรงพยาบาลมหาสารคาม,ACTIVE
TTMT,9407566,ผงสมุนไพรผสมกัญชา,จัมปาศรี ผงสมุนไพร,ยาผง,โรงพยาบาลมหาสารคาม,ACTIVE
TTMT,9407578,สเปรย์หญ้าดอกขาว (โรงพยาบาลมหาสารคาม),จัมปาศรีหญ้าสเปรย์ดอกขาว,ยาน้ำ,โรงพยาบาลมหาสารคาม,ACTIVE
TTMT,9407584,ผสมพญายอ,จัมปาศรียาป้ายปากพญายอ,สารละลายสำหรับป้ายปาก,โรงพยาบาลมหาสารคาม,ACTIVE
TTMT,9407597,ครีมผสมพญายอ,จัมปาศรีครีมผสมพญายอ,ครีม,โรงพยาบาลมหาสารคาม,ACTIVE
TTMT,9407606,ครีมทองพันชั่ง,จัมปาศรี ทองพันชั่งครีม,ครีม,โรงพยาบาลมหาสารคาม,ACTIVE
TTMT,9407610,ทิงเจอร์ผสมทองพันชั่ง,จัมปาศรี ทองพันชั่งทิงเจอร์มิกซ์,ทิงเจอร์,โรงพยาบาลมหาสารคาม,ACTIVE
TTMT,9407623,ทิงเจอร์ผสมพลู,จัมปาศรี พลูทิงเจอร์มิกซ์,ทิงเจอร์,โรงพยาบาลมหาสารคาม,ACTIVE
TTMT,9407634,ผสมเปลือกมังคุด,จัมปาศรี เฮิร์บตาดีนมิกซ์,ยาน้ำ,โรงพยาบาลมหาสารคาม,ACTIVE
TTMT,9407647,เจลพริกผสมไพล,จัมปาศรี พริกกาซิน เจล พลัส,เจล,โรงพยาบาลมหาสารคาม,ACTIVE
TTMT,9407652,ครีมกัญชา,จัมปาศรี แคนนาบิสครีม,ครีม,โรงพยาบาลมหาสารคาม,ACTIVE
TTMT,9407668,หม่องกัญชา (โรงพยาบาลมหาสารคาม),จัมปาศรี ยาหม่องกัญชรักษ์,ขี้ผึ้ง,โรงพยาบาลมหาสารคาม,ACTIVE
TTMT,9407675,เจลสระผม สูตร ทองพันชั่ง,จัมปาศรี เจลสระผม สูตร ทองพันชั่ง,เจล,โรงพยาบาลมหาสารคาม,ACTIVE
TTMT,9407681,เจลสระผม สูตร น้อยหน่า,จัมปาศรี เจลสระผม สูตรเมล็ดน้อยหน่า,เจล,โรงพยาบาลมหาสารคาม,ACTIVE
TTMT,9407699,เจลสระผม สูตร พญายอ,จัมปาศรี เจลสระผม สูตรพญายอ,เจล,โรงพยาบาลมหาสารคาม,ACTIVE
TTMT,9407702,สมุนไพรรักษาเกศาพิการ,จัมปาศรีเกศาพิการ,ครีม,โรงพยาบาลมหาสารคาม,ACTIVE
TTMT,9407718,เจลสระผม สูตร อัญชัน,จัมปาศรี เจลสระผม สูตร อัญชัน,เจล,โรงพยาบาลมหาสารคาม,ACTIVE
TTMT,9407725,เจลสระผม สูตร ใบกาว,จัมปาศรี เจลสระผม สูตร ใบกาว,เจล,โรงพยาบาลมหาสารคาม,ACTIVE
TTMT,9407739,สมุนไพรเพิ่มการงอกของเส้นผม,จัมปาศรีเกศาเจริญ,ยาน้ำ,โรงพยาบาลมหาสารคาม,ACTIVE
TTMT,9407741,น้ำยารักษาแผลในปาก,จัมปาศรีน้ำเปลือกข่อย,ยาน้ำ,โรงพยาบาลมหาสารคาม,ACTIVE
TTMT,9407756,เจลสมุนไพร สูตร ใบสะเดา,จัมปาศรีเจลใบสะเดา,เจล,โรงพยาบาลมหาสารคาม,ACTIVE
TTMT,9407760,สมุนไพร สูตร อัญชัน,จัมปาศรียาอัญชัน,ยาน้ำ,โรงพยาบาลมหาสารคาม,ACTIVE
TTMT,9407773,จัมปาศรีสารสกัดชะเอมเทศ,จัมปาศรีสารสกัดชะเอมเทศ,ยาน้ำ,โรงพยาบาลมหาสารคาม,ACTIVE
TTMT,9407787,จัมปาศรีสารสกัดดอกลีลาวดี,จัมปาศรีสารสกัดดอกลีลาวดี,ยาน้ำ,โรงพยาบาลมหาสารคาม,ACTIVE
TTMT,9407794,เจลสมุนไพร สูตร เปลือกมังคุด,จัมปาศรีเจลเปลือกมังคุด,เจล,โรงพยาบาลมหาสารคาม,ACTIVE
TTMT,9407804,ผงสมุนไพร สูตร ผสมฟ้าทะลายโจร,จัมปาศรีผงฟ้ามิกซ์,ยาผง,โรงพยาบาลมหาสารคาม,ACTIVE
TTMT,9407815,ผงสมุนไพร สูตร ผสมมะหาด,จัมปาศรีผงมะหาดมิกซ์,ยาผง,โรงพยาบาลมหาสารคาม,ACTIVE
TTMT,9407827,ผงสมุนไพร สูตร ผสมทานาคา,จัมปาศรีผงทานาคามิกซ์,ยาผง,โรงพยาบาลมหาสารคาม,ACTIVE
TTMT,9407836,ผงสมุนไพร สูตร ผสมขมิ้นชัน,จัมปาศรีผงเคอร์มินมิกซ์,ยาผง,โรงพยาบาลมหาสารคาม,ACTIVE
TTMT,9407843,เจลว่านหางจระเข้ผสมสารสกัดจากเปลือกมังคุด,จัมปาศรีเจลว่านหางจระเข้มิกซ์,เจล,โรงพยาบาลมหาสารคาม,ACTIVE
TTMT,9407858,ขี้ผึ้งสมุนไพร สูตร ดั้งเดิม,จัมปาศรีสีผึ้ง สูตร ดั้งเดิม,ขี้ผึ้ง,โรงพยาบาลมหาสารคาม,ACTIVE
TTMT,9407862,ขี้ผึ้งสมุนไพร สูตร กระเจี๊ยบ 3%,จัมปาศรีสีผึ้ง สูตร กระเจี๊ยบ 3%,ขี้ผึ้ง,โรงพยาบาลมหาสารคาม,ACTIVE
TTMT,9407870,ขี้ผึ้งสมุนไพร สูตร กระเจี๊ยบ 2.5%,จัมปาศรีสีผึ้ง สูตร กระเจี๊ยบ 2.5%,ขี้ผึ้ง,โรงพยาบาลมหาสารคาม,ACTIVE
TTMT,9407889,ขี้ผึ้งสมุนไพร สูตร กระเจี๊ยบ 2%,จัมปาศรีสีผึ้ง สูตร กระเจี๊ยบ 2%,ขี้ผึ้ง,โรงพยาบาลมหาสารคาม,ACTIVE
TTMT,9407891,ขี้ผึ้งสมุนไพร สูตร กระเจี๊ยบ 1.5%,จัมปาศรีสีผึ้ง สูตร กระเจี๊ยบ 1.5%,ขี้ผึ้ง,โรงพยาบาลมหาสารคาม,ACTIVE
TTMT,9407901,ขี้ผึ้งสมุนไพร สูตร กระเจี๊ยบ 1%,จัมปาศรีสีผึ้ง สูตร กระเจี๊ยบ 1%,ขี้ผึ้ง,โรงพยาบาลมหาสารคาม,ACTIVE
TTMT,9407917,ครีมดอกลีลาวดี,จัมปาศรีครีมดอกลีลาวดี,ครีม,โรงพยาบาลมหาสารคาม,ACTIVE
TTMT,9407929,เจลดอกลีลาวดี,จัมปาศรีเจลดอกลีลาวดี,เจล,โรงพยาบาลมหาสารคาม,ACTIVE
TTMT,9407938,ครีมทามือลีลาวดี,จัมปาศรีครีมทามือลีลาวดี,ครีม,โรงพยาบาลมหาสารคาม,ACTIVE
TTMT,9407940,โลชั่นลีลาวดี,จัมปาศรีโลชั่นลีลาวดี,โลชั่น,โรงพยาบาลมหาสารคาม,ACTIVE
TTMT,9407955,ผงสมุนไพร สูตร ผสมดอกลีลาวดี,จัมปาศรีผงดอกลีลาวดีมิกซ์,ยาผง,โรงพยาบาลมหาสารคาม,ACTIVE
TTMT,9407964,ผงสมุนไพร สูตร ดอกลีลาวดี,จัมปาศรีผงดอกลีลาวดี,ยาผง,โรงพยาบาลมหาสารคาม,ACTIVE
TTMT,9407972,ครีมทาส้นเท้า ผสมสารสกัดจากลีลาวดี,จัมปาศรีครีมทาส้นเท้าลีลาวดี,ครีม,โรงพยาบาลมหาสารคาม,ACTIVE
TTMT,9407986,ยาแท่ง สูตร หนอนตายหยาก,จัมปาศรียาแท่งหนอนตายหยาก,ยาแท่ง,โรงพยาบาลมหาสารคาม,ACTIVE
TTMT,9407993,ยาแท่ง สูตร ทองพันชั่ง,จัมปาศรียาแท่งทองพันชั่ง,ยาแท่ง,โรงพยาบาลมหาสารคาม,ACTIVE
TTMT,9408000,ยาแท่ง สูตร ใบกัญชา,จัมปาศรี ยาแท่งใบกัญชา,ยาแท่ง,โรงพยาบาลมหาสารคาม,ACTIVE
TTMT,9408016,โลชั่นขมิ้นชัน,จัมปาศรีเคอร์มินโลชั่น,โลชั่น,โรงพยาบาลมหาสารคาม,ACTIVE
TTMT,9408028,โลชั่นทองพันชั่ง,จัมปาศรีทองพันชั่งโลชั่น,โลชั่น,โรงพยาบาลมหาสารคาม,ACTIVE
TTMT,9408037,โลชั่นใบบัวบก,จัมปาศรีใบบัวบกโลชั่น,โลชั่น,โรงพยาบาลมหาสารคาม,ACTIVE
TTMT,9408044,เจลกระเจี๊ยบ,จัมปาศรีเจลกระเจี๊ยบ,เจล,โรงพยาบาลมหาสารคาม,ACTIVE
TTMT,9408059,พอกเข่าสูตรตำรับไพล,ยาพอกเข่าสูตรตำรับไพล,ยาพอก,กองพัฒนายาแผนไทยและสมุนไพร กรมการแพทย์แผนไทยและการแพทย์ทางเลือก,ACTIVE
TTMT,9408063,ฟ้าทะลายโจร,ยาฟ้าทะลายโจรแคปซูล,ยาแคปซูล,โรงพยาบาลห้วยยอด,ACTIVE
TTMT,9408071,ขมิ้นชัน,บรรเทาอาการแน่น จุกเสียด ท้องอืด ท้องเฟ้อ,ยาแคปซูล,โรงพยาบาลห้วยยอด,ACTIVE
TTMT,9408085,เถาวัลย์เปรียง,ยาเถาวัลย์เปรียงแคปซูล,ยาแคปซูล,โรงพยาบาลห้วยยอด,ACTIVE
TTMT,9408092,ฟ้าทะลายโจร,ฟ้าทะลายโจร,ยาแคปซูล,โรงพยาบาลบางกระทุ่ม,ACTIVE
TTMT,9408102,เถาวัลย์เปรียง,เถาวัลย์เปรียง,ยาแคปซูล,โรงพยาบาลบางกระทุ่ม,ACTIVE
TTMT,9408118,ฟ้าทะลายโจร,ฟ้าทะลายโจร 500 บริษัทเกร๊ทเตอร์ฟาร์ม่า,ยาแคปซูล,บริษัท เกร๊ทเตอร์ฟาร์ม่า จำกัด,ACTIVE
TTMT,9408125,ไพล,ยาไพล,ครีม,โรงพยาบาลลานสัก,ACTIVE
TTMT,9408139,ฟ้าทะลายโจร,ยาฟ้าทะลายโจร,ยาแคปซูล,บริษัท เทพรักษา สมุนไพรไทย จำกัด,ACTIVE
TTMT,9408141,มะระขี้นก,ยามะระขี้นก,ยาแคปซูล,บริษัท เทพรักษา สมุนไพรไทย จำกัด,ACTIVE
TTMT,9408156,ขมิ้นชัน,ยาขมิ้นชัน,ยาแคปซูล,บริษัท เทพรักษา สมุนไพรไทย จำกัด,ACTIVE
TTMT,9408160,กระเจี๊ยบแดง,ยากระเจี๊ยบแดง,ยาผง,บริษัท เจริญสุขเภสัช (เจริญสุขกรุ๊ป),ACTIVE
TTMT,9408173,กล้วย,ยากล้วย ชนิดผง,ยาผง,บริษัท เจริญสุขเภสัช (เจริญสุขกรุ๊ป),ACTIVE
TTMT,9408187,กล้วย,ยากล้วย ชนิดผง,ยาผง,บริษัท เจริญสุขเภสัช (เจริญสุขกรุ๊ป),ACTIVE
TTMT,9408194,บัวบก,ยาบัวบก ชนิดแคปซูล,ยาแคปซูล,บริษัท เจริญสุขเภสัช (เจริญสุขกรุ๊ป),ACTIVE
TTMT,9408207,ฟ้าทะลายโจร,ยาฟ้าทะลายโจรชนิดแคปซูล,ยาแคปซูล,บริษัท เจริญสุขเภสัช (เจริญสุขกรุ๊ป),ACTIVE
TTMT,9408211,แก้ไอผสมมะขามป้อม สูตรตำรับที่ 1,ยาแก้ไอผสมมะขามป้อม,ยาน้ำ,โรงพยาบาลโพนพิสัย,ACTIVE
TTMT,9408224,ธาตุอบเชย ,ยาธาตุอบเชย,ยาน้ำ,โรงพยาบาลโพนพิสัย,ACTIVE
TTMT,9408230,เบญจกูล / พิกัดเบญจกูล,ยาเบญจกูล ชนิดผง เวชพงศ์โอสถ,ยาผง,บริษัท แสงสว่างตราค้างคาว จำกัด,ACTIVE
TTMT,9408248,เบญจกูล / พิกัดเบญจกูล,ยาเบญจกูล ชนิดผง เวชพงศ์โอสถ,ยาผง,บริษัท แสงสว่างตราค้างคาว จำกัด,ACTIVE
TTMT,9408253,ปลูกไฟธาตุ,ยาปลูกไฟธาตุ ชนิดผง เวชพงศ์โอสถ,ยาผง,บริษัท แสงสว่างตราค้างคาว จำกัด,ACTIVE
TTMT,9408269,ห้าราก / แก้ไข้ห้าราก / แก้วห้าดวง / เบญจโลกวิเชียร ,ยาห้าราก ชนิดผง เวชพงศ์โอสถ,ยาผง,บริษัท แสงสว่างตราค้างคาว จำกัด,ACTIVE
TTMT,9408276,ห้าราก / แก้ไข้ห้าราก / แก้วห้าดวง / เบญจโลกวิเชียร ,ยาห้าราก ชนิดผง เวชพงศ์โอสถ,ยาผง,บริษัท แสงสว่างตราค้างคาว จำกัด,ACTIVE
TTMT,9408282,ศุขไสยาศน์,ยาศุขไสยาศน์ ตราไทรทอง,ยาแคปซูล,บริษัท ซีโนฟาร์ม(ไทย) จำกัด,ACTIVE
TTMT,9408295,แก้ลมแก้เส้น,ยาแก้ลมแก้เส้น ตราไทรทอง,ยาแคปซูล,บริษัท ซีโนฟาร์ม(ไทย) จำกัด,ACTIVE
TTMT,9408305,แก้ไอผสมมะขามป้อม สูตรตำรับที่ 2,ยาน้ำแก้ไอผสมมะขามป้อม,ยาน้ำ,โรงพยาบาลห้วยยอด,ACTIVE
TTMT,9408314,ยาประคบ,ยาประคบสมุนไพรแห้ง,ยาประคบ,โรงพยาบาลห้วยยอด,ACTIVE
TTMT,9408322,ธาตุอบเชย (โรงพยาบาลห้วยยอด),ยาธาตุอบเชย,ยาน้ำ,โรงพยาบาลห้วยยอด,ACTIVE
TTMT,9408333,สหัศธารา,สหัศธาราแคปซูล,ยาแคปซูล,โรงพยาบาลห้วยยอด,ACTIVE
TTMT,9408346,สหัศธารา,ลูกกลอนสหัศธารา,ยาลูกกลอน,โรงพยาบาลห้วยยอด,ACTIVE
TTMT,9408351,ปราบชมพูทวีป,ยาปราบชมพูทวีป,ยาแคปซูล,โรงพยาบาลบางกระทุ่ม,ACTIVE
TTMT,9408367,ยาประคบ,ยาประคบ,ยาประคบ,โรงพยาบาลบางกระทุ่ม,ACTIVE
TTMT,9408379,ธาตุอบเชย ,ยาธาตุอบเชย,ยาน้ำ,โรงพยาบาลบางกระทุ่ม,ACTIVE
TTMT,9408380,ต้มแก้ปวดเมื่อย สูตรอภัยภูเบศร,ยาต้มแก้ปวดเมื่อย,ยาต้ม,โรงพยาบาลเจ้าพระยาอภัยภูเบศร,ACTIVE
TTMT,9408398,ต้มบำรุงน้ำนม สูตรอภัยภูเบศร,ยาต้มบำรุงน้ำนม,ยาต้ม,โรงพยาบาลเจ้าพระยาอภัยภูเบศร,ACTIVE
TTMT,9408403,พอกเข่าไพรวนารี,ยาสมุนไพรพอกเข่าไพรวนารี,ยาผง,โรงพยาบาลนิคมคำสร้อย,ACTIVE
TTMT,9408419,ทับหม้อเกลือไพรวนารี,ยาสมุนไพรทับหม้อเกลือ ไพรวนารี,ยาผง,โรงพยาบาลนิคมคำสร้อย,ACTIVE
TTMT,9408426,ธาตุอบเชย ,ยาน้ำธาตุอบเชย สูตร 2 (ปราศจากการบูร),ยาน้ำ,โรงพยาบาลนิคมคำสร้อย,ACTIVE
TTMT,9408435,หอมเทพจิตร,ยาหอมเทพจิตร ไพรวนารี,ยาผง,โรงพยาบาลนิคมคำสร้อย,ACTIVE
TTMT,9408442,พิมเสน ไพรวนารี,ยาดมพิมเสนน้ำ ไพรวนารี,ยาน้ำ,โรงพยาบาลนิคมคำสร้อย,ACTIVE
TTMT,9408457,พิมเสน ไพรวนารี,ยาดมพิมเสนน้ำชุปสำลี ไพรวนารี,ยาน้ำ,โรงพยาบาลนิคมคำสร้อย,ACTIVE
TTMT,9408461,ประสะมะแว้ง,ยาอมแก้ไอ ตราไพรวนารี,ยาลูกกลอน,โรงพยาบาลนิคมคำสร้อย,ACTIVE
TTMT,9408474,น้ำมันตงกัตอาลี(รากปลาไหลเผือก),น้ำมันตงกัตอาลี(รากปลาไหลเผือก),ยาเข้าน้ำมัน,โรงพยาบาลส่งเสริมสุขภาพตำบลพร่อน  บ้านโคกมะม่วง ,ACTIVE
TTMT,9408488,ยาประคบ,ยาประคบ (แห้ง),ยาประคบ,โรงพยาบาลลานสัก,ACTIVE
TTMT,9408490,ยาประคบ,ยาประคบ (สด),ยาประคบ,โรงพยาบาลลานสัก,ACTIVE
TTMT,9408501,แก้ไอผสมมะขามป้อม สูตรตำรับที่ 1,ยาแก้ไอมะขามป้อม (สูตร 1),ยาน้ำ,โรงพยาบาลลานสัก,ACTIVE
TTMT,9408517,แก้ไอผสมมะขามป้อม สูตรตำรับที่ 2,ยาแก้ไอมะขามป้อม (สูตร 2),ยาน้ำ,โรงพยาบาลลานสัก,ACTIVE
TTMT,9408529,อำมฤควาที,ยาอำมฤควาที,ยาผง,บริษัท เทพรักษา สมุนไพรไทย จำกัด,ACTIVE
TTMT,9408538,อำมฤควาที,ยาอำมฤควาที,ยาผง,บริษัท เทพรักษา สมุนไพรไทย จำกัด,ACTIVE
TTMT,9408540,จันทน์ลีลา,ยาจันทลีลา ชนิดแคปซูล,ยาแคปซูล,บริษัท เทพรักษา สมุนไพรไทย จำกัด,ACTIVE
TTMT,9408555,ธาตุบรรจบ ,ยาธาตุบรรจบ ชนิดแคปซูล,ยาแคปซูล,บริษัท เทพรักษา สมุนไพรไทย จำกัด,ACTIVE
TTMT,9408564,ประสะไพล,ยาประสะไพล ชนิดแคปซูล,ยาแคปซูล,บริษัท เทพรักษา สมุนไพรไทย จำกัด,ACTIVE
TTMT,9408572,แก้ไข้ผสมฟ้าทะลายโจร,ยาแก้ไข้ผสมฟ้าทะลายโจร,ยาแคปซูล,บริษัท เทพรักษา สมุนไพรไทย จำกัด,ACTIVE
TTMT,9408586,ยาถ่าย เทพรักษา,ยาถ่าย,ยาแคปซูล,บริษัท เทพรักษา สมุนไพรไทย จำกัด,ACTIVE
TTMT,9408593,แก้ท้องอืด ท้องเฟ้อ,ยาแก้ท้องอืด ท้องเฟ้อ บจก.เทพรักษา สมุนไพรไทย,ยาแคปซูล,บริษัท เทพรักษา สมุนไพรไทย จำกัด,ACTIVE
TTMT,9408604,กษัยเส้น เทพรักษา,ยากษัยเส้น,ยาแคปซูล,บริษัท เทพรักษา สมุนไพรไทย จำกัด,ACTIVE
TTMT,9408615,ผสมเพชรสังฆาต,ยาผสมเพชรสังฆาต,ยาแคปซูล,บริษัท เทพรักษา สมุนไพรไทย จำกัด,ACTIVE
TTMT,9408627,แก้ท้องเสีย เทพรักษา,ยาแก้ท้องเสีย,ยาแคปซูล,บริษัท เทพรักษา สมุนไพรไทย จำกัด,ACTIVE
TTMT,9408636,ผื่นคัน ฟาราเทน,ยาฟาราเทน,ยาแคปซูล,บริษัท เทพรักษา สมุนไพรไทย จำกัด,ACTIVE
TTMT,9408643,ยาประคบ,ยาประคบ,ยาประคบ,บริษัท เจริญสุขเภสัช (เจริญสุขกรุ๊ป),ACTIVE
TTMT,9408658,ยาประคบ,ยาประคบ,ยาประคบ,บริษัท เจริญสุขเภสัช (เจริญสุขกรุ๊ป),ACTIVE
TTMT,9408662,ยาประคบ,ยาประคบ,ยาประคบ,บริษัท เจริญสุขเภสัช (เจริญสุขกรุ๊ป),ACTIVE
TTMT,9408670,ยาประคบ,ลูกประคบแห้ง,ยาประคบ,โรงพยาบาลจะแนะ,ACTIVE
TTMT,9408689,ผสมเพชรสังฆาต สูตรตำรับที่ 1,ยาเพชรสังฆาตแคปซูล,ยาแคปซูล,โรงพยาบาลจะแนะ,ACTIVE
TTMT,9408691,ยาประคบ,ลูกประคบแห้ง,ยาประคบ,โรงพยาบาลหนองฉาง,ACTIVE
TTMT,9408708,ยาประคบ,ลูกประคบไพลสวรรค์,ยาประคบ,โรงพยาบาลคอนสวรรค์,ACTIVE
TTMT,9408712,ฟ้าทะลายโจร,ยาฟ้าทะลายโจร,ยาแคปซูล,โรงพยาบาลป่าซาง,ACTIVE
TTMT,9408720,มะขามแขก,ยามะขามแขก,ยาแคปซูล,โรงพยาบาลป่าซาง,ACTIVE
TTMT,9408731,ไพล,ยาครีมไพล,ครีม,โรงพยาบาลป่าซาง,ACTIVE
TTMT,9408749,หญ้าดอกขาว,ยาชงหญ้าดอกขาว,ยาชง,บริษัท ลิ้มเซ่งฮึง จำกัด,ACTIVE
TTMT,9408754,ขมิ้นชัน,ยาขมิ้นชัน,ยาแคปซูล,บริษัท ลิ้มเซ่งฮึง จำกัด,ACTIVE
TTMT,9408765,มะขามแขก,ยาแคปซูลมะขามแขก ตราศิลาทอง,ยาแคปซูล,บริษัท ลิ้มเซ่งฮึง จำกัด,ACTIVE
TTMT,9408777,ขมิ้นชัน,ยาขมิ้นชันชนิดแคปซูล,ยาแคปซูล,บริษัท ลิ้มเซ่งฮึง จำกัด,ACTIVE
TTMT,9408783,ขมิ้นชัน,ยาแคปซูลขมิ้นชัน ตราไทรทอง,ยาแคปซูล,บริษัท ซีโนฟาร์ม(ไทย) จำกัด,ACTIVE
TTMT,9408796,ไพล,ครีมไพล,ครีม,โรงพยาบาลสมเด็จพระยุพราชสายบุรี,ACTIVE
TTMT,9408806,น้ำมันไพล,น้ำมันไพล,ยาเข้าน้ำมัน,โรงพยาบาลสมเด็จพระยุพราชสายบุรี,ACTIVE
TTMT,9408810,บำรุงธาตุ อุทัยประสิทธิ์,ยาบำรุงธาตุ ตราลูกอิน,ยาแคปซูล,บริษัท อุทัยประสิทธิ์ จำกัด,ACTIVE
TTMT,9408823,กระเทียม สูตรอุทัยประสิทธิ์ ,ยาแคปซูลกระเทียม,ยาแคปซูล,บริษัท อุทัยประสิทธิ์ จำกัด,ACTIVE
TTMT,9408834,หอมนวโกฐ,ยาหอมนวโกฐ,ยาผง,โรงพยาบาลป่าซาง,ACTIVE
TTMT,9408847,ผสมเพชรสังฆาต สูตรตำรับที่ 1,ยาผสมเพชรสังฆาต สูตรที่ 1,ยาแคปซูล,โรงพยาบาลป่าซาง,ACTIVE
TTMT,9408852,พอกเข่าผสมน้ำมันไพล,ยาพอกเข่าผสมน้ำมันไพล,ยาพอก,โรงพยาบาลป่าซาง,ACTIVE
TTMT,9408868,ยาประคบ,ยาประคบสมุนไพร,ยาประคบ,โรงพยาบาลพนมดงรัก เฉลิมพระเกียรติ 80 พรรษา,ACTIVE
TTMT,9408875,น้ำมันผสมสมุนไพร ตราศิลาทอง,น้ำมันผสมสมุนไพร ตราศิลาทอง,ยาเข้าน้ำมัน,บริษัท ลิ้มเซ่งฮึง จำกัด,ACTIVE
TTMT,9408881,หวัด แพ้อากาศ วี.วิคลี่,ยาวี.วิคลี่,ขี้ผึ้ง,บริษัท ลิ้มเซ่งฮึง จำกัด,ACTIVE
TTMT,9408899,ละลายเสมหะ ตราศิลาทอง,ยาละลายเสมหะ ตราศิลาทอง,ยาผง,บริษัท ลิ้มเซ่งฮึง จำกัด,ACTIVE
TTMT,9408909,ประสะกะเพรา,ยาประสะกะเพรา ตราศิลาทอง,ยาผง,บริษัท ลิ้มเซ่งฮึง จำกัด,ACTIVE
TTMT,9408913,ผงขับปัสสาวะ ตราศิลาทอง,ยาผงขับปัสสาวะ ตราศิลาทอง,ยาผง,บริษัท ลิ้มเซ่งฮึง จำกัด,ACTIVE
TTMT,9408921,หอมทิพโอสถ,ยาหอมทิพโอสถ,ยาผง,บริษัท ลิ้มเซ่งฮึง จำกัด,ACTIVE
TTMT,9408932,หม่องสมุนไพร / หม่อง / หม่องแก้ปวด,ยาหม่องสมุนไพร,ขี้ผึ้ง,บริษัท ลิ้มเซ่งฮึง จำกัด,ACTIVE
TTMT,9408945,พิมเสนน้ำ สูตร 2,พิมเสนน้ำ สูตร 2,ยาน้ำ,บริษัท ลิ้มเซ่งฮึง จำกัด,ACTIVE
TTMT,9408950,ผสมเถาเอ็นอ่อน,ยาผสมเถาเอ็นอ่อน,ยาแคปซูล,บริษัท ลิ้มเซ่งฮึง จำกัด,ACTIVE
TTMT,9408966,ตำรับระบาย ศิลาทอง,ยาแคปซูลระบาย เบอร์ 45 ตราศิลาทอง,ยาแคปซูล,บริษัท ลิ้มเซ่งฮึง จำกัด,ACTIVE
TTMT,9408978,ริซซี่ ศิลาทอง,ยาริซซี่ ตราศิลาทอง,ยาแคปซูล,บริษัท ลิ้มเซ่งฮึง จำกัด,ACTIVE
TTMT,9408984,ตำรับระบาย,ยาแคปซูลระบาย,ยาแคปซูล,บริษัท ลิ้มเซ่งฮึง จำกัด,ACTIVE
TTMT,9408997,ตำรับระบาย ศิลาทอง,ยาเม็ดระบาย เบอร์ 41 ตราศิลาทอง,ยาลูกกลอน,บริษัท ลิ้มเซ่งฮึง จำกัด,ACTIVE
TTMT,9409008,ครีมบรรเทาอาการปวดเมื่อย,ครีมบรรเทาอาการปวดเมื่อย,ครีม,บริษัท ลิ้มเซ่งฮึง จำกัด,ACTIVE
TTMT,9409012,เจลบรรเทาอาการปวดเมื่อย ศิลาทอง,เจลบรรเทาอาการปวดเมื่อย ตราศิลาทอง,เจล,บริษัท ลิ้มเซ่งฮึง จำกัด,ACTIVE
TTMT,9409020,ตำรับระบาย,ยาเม็ดระบาย เบอร์ 43 ตราศิลาทอง,ยาลูกกลอน,บริษัท ลิ้มเซ่งฮึง จำกัด,ACTIVE
TTMT,9409031,บำรุงธาตุผสมกระชาย,ยาบำรุงธาตุผสมกระชาย ตราศิลาทอง,ยาแคปซูล,บริษัท ลิ้มเซ่งฮึง จำกัด,ACTIVE
TTMT,9409049,ลูกกลอนผสมเปล้าน้อย,ยาเม็ดลูกกลอนผสมเปล้าน้อย,ยาลูกกลอน,บริษัท ลิ้มเซ่งฮึง จำกัด,ACTIVE
TTMT,9409054,แก้ไข้ แก้ร้อนใน,ยาแคปซูลแก้ไข้ แก้ร้อนใน,ยาแคปซูล,บริษัท ลิ้มเซ่งฮึง จำกัด,ACTIVE
TTMT,9409065,เเคปซูลผสมผิวมะกรูด,ยาเเคปซูลผสมผิวมะกรูด,ยาแคปซูล,บริษัท ลิ้มเซ่งฮึง จำกัด,ACTIVE
TTMT,9409077,แคปซูลผสมเปล้าน้อย (ลิ้มเซ่งฮึง),ยาแคปซูลผสมเปล้าน้อย,ยาแคปซูล,บริษัท ลิ้มเซ่งฮึง จำกัด,ACTIVE
TTMT,9409083,ถ่ายดีเกลือฝรั่ง ,ยาถ่ายดีเกลือฝรั่ง ชนิดแคปซูล ตราศิลาทอง,ยาแคปซูล,บริษัท ลิ้มเซ่งฮึง จำกัด,ACTIVE
TTMT,9409096,ประสะฟ้าทะลายโจร,ยาประสะฟ้าทะลายโจร,ยาแคปซูล,บริษัท ลิ้มเซ่งฮึง จำกัด,ACTIVE
TTMT,9409106,เขียวหอม,ยาแคปซูลเขียวหอม ตราศิลาทอง,ยาแคปซูล,บริษัท ลิ้มเซ่งฮึง จำกัด,ACTIVE
TTMT,9409110,ลดไข้ แก้ร้อนใน ศิลาทอง,ยาลดไข้ แก้ร้อนใน เบอร์ 53 ตราศิลาทอง,ยาแคปซูล,บริษัท ลิ้มเซ่งฮึง จำกัด,ACTIVE
TTMT,9409123,เอชจีวี ศิลาทอง,ยาเอชจีวี ตราศิลาทอง,ยาลูกกลอน,บริษัท ลิ้มเซ่งฮึง จำกัด,ACTIVE
TTMT,9409134,เหลืองปิดสมุทร,ยาเหลืองปิดสมุทร ชนิดแคปซูล,ยาแคปซูล,บริษัท ลิ้มเซ่งฮึง จำกัด,ACTIVE
TTMT,9409147,แคปซูลผสมกระชาย,ยาแคปซูลผสมกระชาย,ยาแคปซูล,บริษัท ลิ้มเซ่งฮึง จำกัด,ACTIVE
TTMT,9409152,แก้ไข้ แก้ร้อนใน,ยาแก้ไข้,ยาลูกกลอน,บริษัท ลิ้มเซ่งฮึง จำกัด,ACTIVE
TTMT,9409168,ยาประคบ,ลูกประคบสมุนไพร,ยาประคบ,โรงพยาบาลปากท่อ,ACTIVE
TTMT,9409175,น้ำมันกัญชา สูตรภายนอก,น้ำมันกัญชา สูตรภายนอก (รพ.บางจาก),ยาเข้าน้ำมัน,โรงพยาบาลบางจาก,ACTIVE
TTMT,9409181,นวดน้ำมันกัญ,นวดน้ำมันกัญ (รพ.บางจาก),ยาเข้าน้ำมัน,โรงพยาบาลบางจาก,ACTIVE
TTMT,9409199,ธาตุอบเชย ,ยาน้ำธาตุอบเชย,ยาน้ำ,โรงพยาบาลเจ้าพระยาอภัยภูเบศร,ACTIVE
TTMT,9409201,ครีม CBD 1%,ครีม CBD 1% อภัยภูเบศร,ครีม,โรงพยาบาลเจ้าพระยาอภัยภูเบศร,ACTIVE
TTMT,9409217,สหัศธารา,ยาสหัศธารา ชนิดผง เวชพงศ์โอสถ,ยาผง,บริษัท แสงสว่างตราค้างคาว จำกัด,ACTIVE
TTMT,9409229,สหัศธารา,ยาสหัศธารา ชนิดผง เวชพงศ์โอสถ,ยาผง,บริษัท แสงสว่างตราค้างคาว จำกัด,ACTIVE
TTMT,9409238,หอมสราญจิต,ยาหอมสราญจิต เวชพงศ์โอสถ,ยาผง,บริษัท แสงสว่างตราค้างคาว จำกัด,ACTIVE
TTMT,9409240,หอมสราญจิต,ยาหอมสราญจิต เวชพงศ์โอสถ,ยาผง,บริษัท แสงสว่างตราค้างคาว จำกัด,ACTIVE
TTMT,9409255,หอมสราญจิต,ยาหอมสราญจิต เวชพงศ์โอสถ,ยาผง,บริษัท แสงสว่างตราค้างคาว จำกัด,ACTIVE
TTMT,9409264,หอมสราญจิต,ยาหอมสราญจิต เวชพงศ์โอสถ,ยาผง,บริษัท แสงสว่างตราค้างคาว จำกัด,ACTIVE
TTMT,9409272,หอมสราญจิต,ยาหอมสราญจิต เวชพงศ์โอสถ,ยาผง,บริษัท แสงสว่างตราค้างคาว จำกัด,ACTIVE
TTMT,9409286,หอมสราญจิต,ยาหอมสราญจิต เวชพงศ์โอสถ,ยาผง,บริษัท แสงสว่างตราค้างคาว จำกัด,ACTIVE
TTMT,9409293,หอมสราญจิต,ยาหอมสราญจิต เวชพงศ์โอสถ,ยาผง,บริษัท แสงสว่างตราค้างคาว จำกัด,ACTIVE
TTMT,9409303,หอมสราญจิต,ยาหอมสราญจิต เวชพงศ์โอสถ,ยาผง,บริษัท แสงสว่างตราค้างคาว จำกัด,ACTIVE
TTMT,9409319,ระบายชนิดน้ำผสมเนื้อในฝักคูน,ยาระบายชนิดน้ำผสมเนื้อในฝักคูน,ยาน้ำ,มูลนิธิ โรงพยาบาลเจ้าพระยาอภัยภูเบศร,ACTIVE
TTMT,9409326,สเปรย์สมุนไพรหญ้าดอกขาว,สเปรย์สมุนไพรหญ้าดอกขาว,ยาน้ำแขวนตะกอน,โรงพยาบาลนายูง,ACTIVE
TTMT,9409335,พอก (รพ.คอนสวรรค์),ยาพอกเย็น,ยาพอก,โรงพยาบาลคอนสวรรค์,ACTIVE
TTMT,9409342,ยาประคบ,ลูกประคบสด,ยาประคบ,โรงพยาบาลสมเด็จพระยุพราชสายบุรี,ACTIVE
TTMT,9409357,ยาประคบ,ลูกประคบแห้ง,ยาประคบ,โรงพยาบาลสมเด็จพระยุพราชสายบุรี,ACTIVE
TTMT,9409361,ไพล,ไพลครีม,ครีม,โรงพยาบาลพนัสนิคม,ACTIVE
TTMT,9409374,เถาวัลย์เปรียง,เถาวัลย์เปรียง แคปซูล,ยาแคปซูล,โรงพยาบาลพนัสนิคม,ACTIVE
TTMT,9409388,ฟ้าทะลายโจร,ฟ้าทะลายโจร แคปซูล,ยาแคปซูล,โรงพยาบาลพนัสนิคม,ACTIVE
TTMT,9409390,ขมิ้นชัน,ขมิ้นชันแคปซูล,ยาแคปซูล,โรงพยาบาลสูงเนิน,ACTIVE
TTMT,9409405,ฟ้าทะลายโจร,ฟ้าทะลายโจรแคปซูล,ยาแคปซูล,โรงพยาบาลสูงเนิน,ACTIVE
TTMT,9409414,มะระขี้นก,มะระขี้นกแคปซูล,ยาแคปซูล,โรงพยาบาลสูงเนิน,ACTIVE
TTMT,9409433,หญ้าดอกขาว,หญ้าดอกขาวชาชง,ยาชง,โรงพยาบาลสูงเนิน,ACTIVE
TTMT,9409446,ขมิ้นชัน,ขมิ้นชันลูกกลอน,ยาลูกกลอน,โรงพยาบาลสูงเนิน,ACTIVE
TTMT,9409451,ขมิ้นชัน,ยาขมิ้นชัน ชนิดแคปซูล,ยาแคปซูล,บริษัท โรงงานเภสัชอุตสาหกรรม เจเอสพี (ประเทศไทย) จำกัด (มหาชน),ACTIVE
TTMT,9409467,กัญชา,ยาครีมซีบีดีเคเอ็มเอช,ครีม,โรงพยาบาลคูเมือง,ACTIVE
TTMT,9409479,กัญชา,ยาแชมพูซีบีดีเคเอ็มเอช,อื่นๆ,โรงพยาบาลคูเมือง,ACTIVE
TTMT,9409480,ประสะมะแว้ง,ยาประสะมะแว้ง,ยาลูกกลอน,โรงพยาบาลพนัสนิคม,ACTIVE
TTMT,9409498,ประสะมะแว้ง,ยาประสะมะแว้ง,ยาเม็ด,โรงพยาบาลพนัสนิคม,ACTIVE
TTMT,9409507,ยาประคบ,ยาประคบ,ยาประคบ,โรงพยาบาลพนัสนิคม,ACTIVE
TTMT,9409511,ยาประคบ,ยาประคบ,ยาประคบ,โรงพยาบาลพนัสนิคม,ACTIVE
TTMT,9409524,ยาประคบสมุนไพร,ลูกประคบสมุนไพร ,ยาประคบ,โรงพยาบาลวาริชภูมิ,ACTIVE
TTMT,9409530,ต้มประสานน้ำนม,ยาต้มประสานน้ำนม,ยาต้ม,โรงพยาบาลวาริชภูมิ,ACTIVE
TTMT,9409548,สีฟันสมุนไพร,ยาสีฟันสมุนไพร,ยาผง,โรงพยาบาลสูงเนิน,ACTIVE
TTMT,9409553,มันทธาตุ,ยามันทธาตุ,ยาแคปซูล,บริษัท โรงงานเภสัชอุตสาหกรรม เจเอสพี (ประเทศไทย) จำกัด (มหาชน),ACTIVE
TTMT,9409569,ตรีผลา / พิกัดตรีผลา ,ยาตรีผลา แคปซูล,ยาแคปซูล,บริษัท โรงงานเภสัชอุตสาหกรรม เจเอสพี (ประเทศไทย) จำกัด (มหาชน),ACTIVE
TTMT,9409576,ยาประคบ,ลูกประคบสมุนไพรสดบ้านบัว,ยาประคบ,วิสาหกิจชุมชนบัวบูชา,ACTIVE
TTMT,9409582,ยาประคบ,ลูกประคบสมุนไพรสดบ้านบัว,ยาประคบ,วิสาหกิจชุมชนบัวบูชา,ACTIVE
TTMT,9409595,ยาประคบ,ลูกประคบสมุนไพรสดบ้านบัว,ยาประคบ,วิสาหกิจชุมชนบัวบูชา,ACTIVE
TTMT,9409609,ประสะมะแว้ง,ยาอมประสะมะแว้ง โรงพยาบาลพนา,ยาลูกกลอน,โรงพยาบาลพนา,ACTIVE
TTMT,9409613,เสน่ห์ข้าวสุก,ยาเสน่ห์ข้าวสุก โรงพยาบาลพนา,ยาแคปซูล,โรงพยาบาลพนา,ACTIVE
TTMT,9409621,ยาดมสมุนไพร,ยาดมสมุนไพร โรงพยาบาลพนา,ยาดม,โรงพยาบาลพนา,ACTIVE
TTMT,9409632,สมุนไพรแช่มือ เท้า,สมุนไพรแช่มือ เท้า ลดอาการชา,ยาแช่,โรงพยาบาลอุตรดิตถ์,ACTIVE
TTMT,9409645,พอกเย็นดับพิษร้อน,สมุนไพรพอกเย็นดับพิษร้อน บรรเทาอาการคัน,ยาพอก,โรงพยาบาลอุตรดิตถ์,ACTIVE
TTMT,9409650,พอกเข่าโรคจับโปงเข่าน้ำ,ยาพอกเข่าสูตรโรคลมจับโปงน้ำ,ยาพอก,โรงพยาบาลอุตรดิตถ์,ACTIVE
TTMT,9409666,พอกเข่าโรคจับโปงเข่าแห้ง,ยาพอกเข่าสูตรโรคลมจับโปงแห้ง,ยาพอก,โรงพยาบาลอุตรดิตถ์,ACTIVE
TTMT,9409678,ห้าราก / แก้ไข้ห้าราก / แก้วห้าดวง / เบญจโลกวิเชียร ,ยาเบญจโลกวิเชียร ชนิดแคปซูล เวชพงศ์โอสถ,ยาแคปซูล,บริษัท แสงสว่างตราค้างคาว จำกัด,ACTIVE
TTMT,9409684,ศุขไสยาศน์,ยาศุขไสยาศน์ ตราทีเอฟดี,ยาแคปซูล,บริษัท ไทยเอฟดี จำกัด,ACTIVE
TTMT,9409697,แก้ลมแก้เส้น,ยาแก้ลมแก้เส้น ตราทีเอฟดี,ยาแคปซูล,บริษัท ไทยเอฟดี จำกัด,ACTIVE
TTMT,9409700,หอมเทพเกษร ตราหินทอง เบอร์ 99,ยาหอมเทพเกษร ตราหินทอง เบอร์ 99,ยาผง,บริษัท ลิ้มเซ่งฮึง จำกัด,ACTIVE
TTMT,9409716,หอมเทพเกษร ตราหินทอง เบอร์ 99,ยาหอมเทพเกษร ตราหินทอง เบอร์ 99,ยาผง,บริษัท ลิ้มเซ่งฮึง จำกัด,ACTIVE
TTMT,9409728,ประสะจันทน์แดง ,ยาประสะจันทน์แดง แคปซูล,ยาแคปซูล,บริษัท โรงงานเภสัชอุตสาหกรรม เจเอสพี (ประเทศไทย) จำกัด (มหาชน),ACTIVE
TTMT,9409737,ฟ้าทะลายโจร,ยาแคปซูลฟ้าทะลายโจร ตราไทรทอง,ยาแคปซูล,บริษัท ซีโนฟาร์ม(ไทย) จำกัด,ACTIVE
TTMT,9409744,มะระขี้นก,ยามะระขี้นก ชนิดแคปซูล เวชพงศ์โอสถ,ยาแคปซูล,บริษัท แสงสว่างตราค้างคาว จำกัด,ACTIVE
TTMT,9409759,เห็ดหลินจือ/เห็ดขอนไม้,TENSHUI BRAND LINGZHI SPORE CAPSULE,ยาแคปซูล,บริษัท มิลลิเมด จำกัด,ACTIVE
TTMT,9409763,ฟ้าทะลายโจร,ยาแคปซูลฟ้าทะลายโจร,ยาแคปซูล,บริษัท มิลลิเมด จำกัด,ACTIVE
TTMT,9409771,ฟ้าทะลายโจร,ยาแคปซูลฟ้าทะลายโจร 500 มิลลิกรัม,ยาแคปซูล,โรงพยาบาลอุดรธานี,ACTIVE
TTMT,9409785,ขมิ้นชัน,ยาแคปซูลขมิ้นชัน 500 มิลลิกรัม,ยาแคปซูล,โรงพยาบาลอุดรธานี,ACTIVE
TTMT,9409792,สารสกัดจากฟ้าทะลายโจร,ฟ้าทะลายโจรสกัด แอนโดร 20 ตราขาวละออ,ยาแคปซูล,บริษัท ขาวละออเภสัช จำกัด,ACTIVE
TTMT,9409802,รางจืด,ยาชงรางจืด,ยาชง,บริษัท เจริญสุขเภสัช (เจริญสุขกรุ๊ป),ACTIVE
TTMT,9409818,ขมิ้นชัน,ขมิ้นชันแคปซูล,ยาแคปซูล,โรงพยาบาลเจ้าคุณไพบูลย์พนมทวน,ACTIVE
TTMT,9409825,ฟ้าทะลายโจร,ฟ้าทะลายโจรแคปซูล,ยาแคปซูล,โรงพยาบาลเจ้าคุณไพบูลย์พนมทวน,ACTIVE
TTMT,9409839,ฟ้าทะลายโจร,ฟ้าทะลายโจรแคปซูล,ยาแคปซูล,โรงพยาบาลเจ้าคุณไพบูลย์พนมทวน,ACTIVE
TTMT,9409841,เถาวัลย์เปรียง,เถาวัลย์เปรียงแคปซูล,ยาแคปซูล,โรงพยาบาลเจ้าคุณไพบูลย์พนมทวน,ACTIVE
TTMT,9409856,เถาวัลย์เปรียง,เถาวัลย์เปรียงแคปซูล,ยาแคปซูล,โรงพยาบาลเจ้าคุณไพบูลย์พนมทวน,ACTIVE
TTMT,9409860,มะขามแขก,มะขามแขกแคปซูล,ยาแคปซูล,โรงพยาบาลเจ้าคุณไพบูลย์พนมทวน,ACTIVE
TTMT,9409873,ฟ้าทะลายโจร,ฟ้าทะลายโจรแคปซูล,ยาแคปซูล,โรงพยาบาลตระการพืชผล,ACTIVE
TTMT,9409887,ขมิ้นชัน,ขมิ้นชันแคปซูล,ยาแคปซูล,โรงพยาบาลตระการพืชผล,ACTIVE
TTMT,9409894,เถาวัลย์เปรียง,เถาวัลย์เปรียงแคปซูล,ยาแคปซูล,โรงพยาบาลตระการพืชผล,ACTIVE
TTMT,9409904,บอระเพ็ด,บอระเพ็ดแคปซูล,ยาแคปซูล,โรงพยาบาลตระการพืชผล,ACTIVE
TTMT,9409915,สมานแผลขมิ้นชัน,ก๊อซสมานแผลขมิ้นชัน,อื่นๆ,โรงพยาบาลสมเด็จพระยุพราชเด่นชัย,ACTIVE
TTMT,9409927,อำมฤควาที,ยาอำมฤควาที ชนิดผง ตราทีเอฟดี,ยาผง,บริษัท ไทยเอฟดี จำกัด,ACTIVE
TTMT,9409936,อำมฤควาที,ยาอำมฤควาที ชนิดผง ตราทีเอฟดี,ยาผง,บริษัท ไทยเอฟดี จำกัด,ACTIVE
TTMT,9409943,อำมฤควาที,ยาอำมฤควาที ชนิดผง ตราทีเอฟดี,ยาผง,บริษัท ไทยเอฟดี จำกัด,ACTIVE
TTMT,9409958,ตรีผลา / พิกัดตรีผลา ,ยาแคปซูลตรีผลา 500 มิลลิกรัม ตราทีเอฟดี,ยาแคปซูล,บริษัท ไทยเอฟดี จำกัด,ACTIVE
TTMT,9409962,ปราบชมพูทวีป,ยาปราบชมพูทวีปชนิดแคปซูล 500 มิลลิกรัม ตราทีเอฟดี,ยาแคปซูล,บริษัท ไทยเอฟดี จำกัด,ACTIVE
TTMT,9409970,ประสะเจตพังคี,ยาแคปซูลประสะเจตพังคี ตราทีเอฟดี,ยาแคปซูล,บริษัท ไทยเอฟดี จำกัด,ACTIVE
TTMT,9409989,แก้นอนไม่หลับ/ยาแก้ไข้ผอมเหลือง,ยาแก้นอนไม่หลับ ตราทีเอฟดี,ยาแคปซูล,บริษัท ไทยเอฟดี จำกัด,ACTIVE
TTMT,9409991,แก้องคชาติตาย,ยาแก้องคชาติตาย,ยาแคปซูล,กองพัฒนายาแผนไทยและสมุนไพร กรมการแพทย์แผนไทยและการแพทย์ทางเลือก,ACTIVE
TTMT,9410003,น้ำมันกัญชาลุงดำ เกาะเต่า สูตร 1 ,ยาน้ำมันกัญชาลุงดำ เกาะเต่า สูตร 1 ,ยาเข้าน้ำมัน,กองพัฒนายาแผนไทยและสมุนไพร กรมการแพทย์แผนไทยและการแพทย์ทางเลือก,ACTIVE
TTMT,9410019,น้ำมันกัญชาลุงดำ เกาะเต่า สูตร 2,ยาน้ำมันกัญชาลุงดำ เกาะเต่า สูตร 2,ยาเข้าน้ำมัน,กองพัฒนายาแผนไทยและสมุนไพร กรมการแพทย์แผนไทยและการแพทย์ทางเลือก,ACTIVE
TTMT,9410026,น้ำมันกัญชาลุงดำ เกาะเต่า สูตรทาภายนอก,ยาน้ำมันกัญชาลุงดำ เกาะเต่า สูตรทาภายนอก,ยาเข้าน้ำมัน,กองพัฒนายาแผนไทยและสมุนไพร กรมการแพทย์แผนไทยและการแพทย์ทางเลือก,ACTIVE
TTMT,9410035,น้ำมันสีเขียว ตรา ไอ-เฮิร์บ,ยาน้ำมันสีเขียว ตรา ไอ-เฮิร์บ,ยาน้ำ,บริษัท มิลลิเมด จำกัด,ACTIVE
TTMT,9410042,น้ำแก้ไอ ตรา ไอ-เฮิร์บ เอชอาร์,ยาน้ำแก้ไอ ตรา ไอ-เฮิร์บ เอชอาร์,ยาน้ำ,บริษัท มิลลิเมด จำกัด,ACTIVE
TTMT,9410057,บำรุงร่างกาย เครื่องหมายการค้า ตรา เนตรนาคราช,ยาบำรุงร่างกาย เครื่องหมายการค้า ตรา เนตรนาคราช,ยาน้ำ,บริษัท มิลลิเมด จำกัด,ACTIVE
TTMT,9410074,ยาประคบสมุนไพร,ยาประคบสมุนไพร รพ.ภูเรือ,ยาประคบ,โรงพยาบาลภูเรือ,ACTIVE
TTMT,9410088,หอมอินทจักร,ยาหอมอินทจักร 15 กรัม,ยาผง,โรงพยาบาลอุดรธานี,ACTIVE
TTMT,9410090,เหลืองปิดสมุทร,ยาแคปซูลเหลืองปิดสมุทร 500 มิลลิกรัม,ยาแคปซูล,โรงพยาบาลอุดรธานี,ACTIVE
TTMT,9410100,เลือดงาม,ยาแคปซูลเลือดงาม 450 มิลลิกรัม,ยาแคปซูล,โรงพยาบาลอุดรธานี,ACTIVE
TTMT,9410116,แก้ไอผสมมะขามป้อม สูตรตำรับที่ 2,ยาแก้ไอมะขามป้อม 120 มิลลิลิตร,ยาน้ำ,โรงพยาบาลอุดรธานี,ACTIVE
TTMT,9410128,ยาประคบ,ลูกประคบ 200 กรัม,ยาประคบ,โรงพยาบาลอุดรธานี,ACTIVE
TTMT,9410137,สตรีหลังคลอด,ยาต้มสตรีหลังคลอด ตราธงทอง,ยาต้ม,ห้างธงทองโอสถ,ACTIVE
TTMT,9410144,ศุขไสยาศน์,ยาศุขไสยาศน์ชนิดแคปซูล ตราธงทอง,ยาแคปซูล,ห้างธงทองโอสถ,ACTIVE
TTMT,9410159,แก้ลมแก้เส้น,ยาแก้ลมแก้เส้นชนิดแคปซูล ตราธงทอง,ยาแคปซูล,ห้างธงทองโอสถ,ACTIVE
TTMT,9410163,ยาประคบ,ยาประคบกาฬตรี,ยาประคบ,สำนักงานสาธารณสุขจังหวัดบึงกาฬ,ACTIVE
TTMT,9410171,ต้มอบไอน้ำสมุนไพร,ยาต้มอบไอน้ำสมุไพร,ยาต้ม,สำนักงานสาธารณสุขจังหวัดบึงกาฬ,ACTIVE
TTMT,9410185,ต้มทับหม้อเกลือ,ยาทับหม้อเกลือ,ยาต้ม,สำนักงานสาธารณสุขจังหวัดบึงกาฬ,ACTIVE
TTMT,9410192,ขี้ผึ้งไพล สูตรตำรับที่ 1,ยาไพล,ขี้ผึ้ง,สำนักงานสาธารณสุขจังหวัดบึงกาฬ,ACTIVE
TTMT,9410205,น้ำมันกัญชา,น้ำมันกัญชาสูตร อ.เดชา,ยาเข้าน้ำมัน,สำนักงานสาธารณสุขจังหวัดบึงกาฬ,ACTIVE
TTMT,9410214,อโรติกา วอร์ม ครีม,อโรติกา วอร์ม ครีม,ครีม,บริษัท บางกอกแล็ป แอนด์ คอสเมติค จำกัด,ACTIVE
TTMT,9410222,ยาประคบ,ยาประคบสมุนไพรสด,ยาประคบ,โรงพยาบาลหนองเสือ,ACTIVE
TTMT,9410233,ยาประคบ,ยาประคบสมุนไพรแห้ง,ยาประคบ,โรงพยาบาลหนองเสือ,ACTIVE
TTMT,9410246,ธาตุอบเชย ,ยาธาตุอบเชย,ยาน้ำ,โรงพยาบาลเจ้าคุณไพบูลย์พนมทวน,ACTIVE
TTMT,9410251,ยาประคบ,ลูกประคบ,ยาประคบ,โรงพยาบาลเจ้าคุณไพบูลย์พนมทวน,ACTIVE
TTMT,9410279,น้ำมันภูพร้าว,น้ำมันภูพร้าว (สูตรตำรับวัดภูพร้าว),ยาเข้าน้ำมัน,โรงพยาบาลตระการพืชผล,ACTIVE
TTMT,9410280,พรายพร่างพระธมณี,พรายพร่างพระธมณี (สูตรตำรับวัดภูพร้าว),ยาชง,โรงพยาบาลตระการพืชผล,ACTIVE
TTMT,9410298,น้ำมันไพล,น้ำมันไพล,ยาเข้าน้ำมัน,โรงพยาบาลส่งเสริมสุขภาพตำบลเมืองการุ้ง,ACTIVE
TTMT,9410308,ฟ้าทะลายโจร,ยาฟ้าทะลายโจร,ยาแคปซูล,โรงพยาบาลจัตุรัส,ACTIVE
TTMT,9410312,มะขามแขก,ยามะขามแขก,ยาแคปซูล,โรงพยาบาลจัตุรัส,ACTIVE
TTMT,9410320,มะขามแขก,ยามะขามแขก,ยาแคปซูล,โรงพยาบาลจัตุรัส,ACTIVE
TTMT,9410331,มะขามแขก,ยามะขามแขก,ยาแคปซูล,โรงพยาบาลจัตุรัส,ACTIVE
TTMT,9410349,ไพล,ยาครีมไพล,ครีม,โรงพยาบาลจัตุรัส,ACTIVE
TTMT,9410354,ขิง,ยาขิง,ยาแคปซูล,โรงพยาบาลจัตุรัส,ACTIVE
TTMT,9410365,ขิง,ยาขิง,ยาแคปซูล,โรงพยาบาลจัตุรัส,ACTIVE
TTMT,9410377,เถาวัลย์เปรียง,ยาเถาวัลย์เปรียง,ยาแคปซูล,โรงพยาบาลจัตุรัส,ACTIVE
TTMT,9410383,เถาวัลย์เปรียง,ยาเถาวัลย์เปรียง,ยาแคปซูล,โรงพยาบาลจัตุรัส,ACTIVE
TTMT,9410396,เถาวัลย์เปรียง,ยาเถาวัลย์เปรียง,ยาแคปซูล,โรงพยาบาลจัตุรัส,ACTIVE
TTMT,9410401,รางจืด,ยารางจืด,ยาแคปซูล,โรงพยาบาลจัตุรัส,ACTIVE
TTMT,9410417,รางจืด,ยารางจืด,ยาแคปซูล,โรงพยาบาลจัตุรัส,ACTIVE
TTMT,9410429,รางจืด,ยารางจืด,ยาแคปซูล,โรงพยาบาลจัตุรัส,ACTIVE
TTMT,9410438,มะระขี้นก,ยามะระขี้นก,ยาแคปซูล,โรงพยาบาลจัตุรัส,ACTIVE
TTMT,9410440,มะระขี้นก,ยามะระขี้นก,ยาแคปซูล,โรงพยาบาลจัตุรัส,ACTIVE
TTMT,9410455,ขมิ้นชัน,ขมิ้นชัน,ยาแคปซูล,โรงพยาบาลจัตุรัส,ACTIVE
TTMT,9410464,พญายอ,พญายอโลชั่น,โลชั่น,สำนักอนามัยกรุงเทพมหานคร,ACTIVE
TTMT,9410472,พญายอ,พญายอครีม,ครีม,สำนักอนามัยกรุงเทพมหานคร,ACTIVE
TTMT,9410486,เถาวัลย์เปรียง,จีพีโอ เถาวัลย์เปรียง แคปซูล,ยาแคปซูล,องค์การเภสัชกรรม,ACTIVE
TTMT,9410493,ไพล,PH BALM,ครีม,โรงพยาบาลโพนพิสัย,ACTIVE
TTMT,9410504,ทองพันชั่ง,ทิงเจอร์ทองพันชั่ง,ทิงเจอร์,โรงพยาบาลเพ็ญ,ACTIVE
TTMT,9410515,น้ำมันไพล,ยาน้ำมันไพลเมืองสรวง,ยาเข้าน้ำมัน,โรงพยาบาลเมืองสรวง,ACTIVE
TTMT,9410527,เถาวัลย์เปรียง,เถาวัลย์เปรียง,ยาแคปซูล,โรงพยาบาลอู่ทอง,ACTIVE
TTMT,9410536,ว่านพระฉิม,เจลว่านพระฉิม,เจล,โรงพยาบาลอู่ทอง,ACTIVE
TTMT,9410543,หม่องไพล/บาล์มไพล/ไพลบาล์ม / ขี้ผึ้งไพล,ยาหม่องไพล,ขี้ผึ้ง,โรงพยาบาลเชียงขวัญ,ACTIVE
TTMT,9410558,ยาดมสมุนไพร,ยาดมโบราณ,ยาดม,โรงพยาบาลเชียงขวัญ,ACTIVE
TTMT,9410562,แช่เท้าสมุนไพร,ชาแช่เท้า,ยาแช่,โรงพยาบาลเชียงขวัญ,ACTIVE
TTMT,9410570,พอกสำหรับโรคสะเก็ดเงิน,ยาพอกสำหรับโรคสะเก็ดเงิน,ยาพอก,กองพัฒนายาแผนไทยและสมุนไพร กรมการแพทย์แผนไทยและการแพทย์ทางเลือก,ACTIVE
TTMT,9410589,โลชั่นสำหรับโรคสะเก็ดเงิน,โลชั่นสำหรับโรคสะเก็ดเงิน,โลชั่น,กองพัฒนายาแผนไทยและสมุนไพร กรมการแพทย์แผนไทยและการแพทย์ทางเลือก,ACTIVE
TTMT,9410591,ลดความอยากอาหาร,ยาลดความอยากอาหาร,ยาแคปซูล,กองพัฒนายาแผนไทยและสมุนไพร กรมการแพทย์แผนไทยและการแพทย์ทางเลือก,ACTIVE
TTMT,9410602,ยาประคบ,ยาประคบ,ยาประคบ,โรงพยาบาลส่งเสริมสุขภาพตำบลเมืองการุ้ง,ACTIVE
TTMT,9410618,ตรีผลา / พิกัดตรีผลา ,ยาตรีผลา,ยาแคปซูล,โรงพยาบาลจัตุรัส,ACTIVE
TTMT,9410625,ตรีผลา / พิกัดตรีผลา ,ยาตรีผลา,ยาแคปซูล,โรงพยาบาลจัตุรัส,ACTIVE
TTMT,9410639,เบญจกูล / พิกัดเบญจกูล,ยาเบญจกูล,ยาแคปซูล,โรงพยาบาลจัตุรัส,ACTIVE
TTMT,9410641,เบญจกูล / พิกัดเบญจกูล,ยาเบญจกูล,ยาแคปซูล,โรงพยาบาลจัตุรัส,ACTIVE
TTMT,9410656,ปราบชมพูทวีป,ยาปราบชมพูทวีป,ยาแคปซูล,โรงพยาบาลจัตุรัส,ACTIVE
TTMT,9410660,ปราบชมพูทวีป,ยาปราบชมพูทวีป,ยาแคปซูล,โรงพยาบาลจัตุรัส,ACTIVE
TTMT,9410673,บำรุงโลหิต,ยาบำรุงโลหิต,ยาแคปซูล,โรงพยาบาลจัตุรัส,ACTIVE
TTMT,9410687,บำรุงโลหิต,ยาบำรุงโลหิต,ยาแคปซูล,โรงพยาบาลจัตุรัส,ACTIVE
TTMT,9410694,สหัศธารา,ยาสหัศธารา,ยาแคปซูล,โรงพยาบาลจัตุรัส,ACTIVE
TTMT,9410706,สหัศธารา,ยาสหัศธารา,ยาแคปซูล,โรงพยาบาลจัตุรัส,ACTIVE
TTMT,9410710,ธาตุบรรจบ ,ยาธาตุบรรจบ,ยาแคปซูล,โรงพยาบาลจัตุรัส,ACTIVE
TTMT,9410723,ธาตุบรรจบ ,ยาธาตุบรรจบ,ยาแคปซูล,โรงพยาบาลจัตุรัส,ACTIVE
TTMT,9410734,ธรณีสันฑะฆาต,ยาธรณีสันฑะฆาต,ยาแคปซูล,โรงพยาบาลจัตุรัส,ACTIVE
TTMT,9410747,ธรณีสันฑะฆาต,ยาธรณีสันฑะฆาต,ยาแคปซูล,โรงพยาบาลจัตุรัส,ACTIVE
TTMT,9410752,เหลืองปิดสมุทร,ยาเหลืองปิดสมุทร,ยาแคปซูล,โรงพยาบาลจัตุรัส,ACTIVE
TTMT,9410768,เหลืองปิดสมุทร,ยาเหลืองปิดสมุทร,ยาแคปซูล,โรงพยาบาลจัตุรัส,ACTIVE
TTMT,9410775,ผสมเพชรสังฆาต สูตรตำรับที่ 2,ยาเพชรสังฆาต,ยาแคปซูล,โรงพยาบาลจัตุรัส,ACTIVE
TTMT,9410781,ผสมเพชรสังฆาต สูตรตำรับที่ 2,ยาเพชรสังฆาต,ยาแคปซูล,โรงพยาบาลจัตุรัส,ACTIVE
TTMT,9410799,ยาประคบ,ลูกประคบสมุนไพร ,ยาประคบ,โรงพยาบาลจัตุรัส,ACTIVE
TTMT,9410809,บาล์มกัญชง,WONDER BALM,ขี้ผึ้ง,โรงพยาบาลโพนพิสัย,ACTIVE
TTMT,9410813,ครีมไพล,เพ็ญฮอตครีม,ครีม,โรงพยาบาลเพ็ญ,ACTIVE
TTMT,9410821,เจลบรรเทาอาการบวมแดงร้อน,เพ็ญคูลเจล,เจล,โรงพยาบาลเพ็ญ,ACTIVE
TTMT,9410832,ประดง (โรพยาบาลระยอง),ยาโรคประดง โรงพยาบาลระยอง,ยาต้ม,โรงพยาบาลระยอง,ACTIVE
TTMT,9410845,วัยทอง (โรงพยาบาลระยอง),ตำรับยาวัยทอง โรงพยาบาลระยอง,ยาต้ม,โรงพยาบาลระยอง,ACTIVE
TTMT,9410850,ธาตุอบเชย ,ยาธาตุอบเชยพลทิพย์,ยาน้ำ,โรงพยาบาลพล,ACTIVE
TTMT,9410866,แก้ไอผสมมะขามป้อม สูตรตำรับที่ 2,ยาน้ำแก้ไอพลทิพย์ สูตรมะขามป้อม,ยาน้ำ,โรงพยาบาลพล,ACTIVE
TTMT,9410878,ยาประคบ,ยาประคบสมุนไพร Herbal ball,ยาประคบ,สำนักงานสาธารณสุขจังหวัดเลย,ACTIVE
TTMT,9410884,ยาประคบ,ยาประคบสมุนไพรเมืองสรวง,ยาประคบ,โรงพยาบาลเมืองสรวง,ACTIVE
TTMT,9410897,พอกเข่าเมืองสรวง,ยาพอกเข่าเมืองสรวง,ยาพอก,โรงพยาบาลเมืองสรวง,ACTIVE
TTMT,9410907,หม่องไพล/บาล์มไพล/ไพลบาล์ม / ขี้ผึ้งไพล,ยาหม่องไพลเมืองสรวง,ขี้ผึ้ง,โรงพยาบาลเมืองสรวง,ACTIVE
TTMT,9410911,อบสมุนไพรเมืองสรวง,ยาอบสมุนไพรเมืองสรวง,ยาต้ม,โรงพยาบาลเมืองสรวง,ACTIVE
TTMT,9410924,แช่ยาสมุนไพร,ยาแช่เท้าเมืองสรวง,ยาแช่,โรงพยาบาลเมืองสรวง,ACTIVE
TTMT,9410930,สหัศธารา,สหัสธารา,ยาแคปซูล,โรงพยาบาลอู่ทอง,ACTIVE
TTMT,9410948,ธาตุอบเชย ,ยาธาตุอบเชย,ยาน้ำ,โรงพยาบาลอู่ทอง,ACTIVE
TTMT,9410953,แก้ไอผสมมะขามป้อม สูตรตำรับที่ 2,ยาแก้ไอมะขามป้อม,ยาน้ำ,โรงพยาบาลอู่ทอง,ACTIVE
TTMT,9410969,แก้ลมแก้เส้น,ยาแก้ลมแก้เส้น,ยาแคปซูล,โรงพยาบาลอู่ทอง,ACTIVE
TTMT,9410976,ศุขไสยาศน์,ยาศุขไสยาศน์,ยาแคปซูล,โรงพยาบาลอู่ทอง,ACTIVE
TTMT,9410982,ทำลายพระสุเมรุ,ยาทำลายพระสุเมรุ,ยาแคปซูล,โรงพยาบาลอู่ทอง,ACTIVE
TTMT,9410995,ตรีผลา / พิกัดตรีผลา ,ยาตรีผลา,ยาแคปซูล,โรงพยาบาลอู่ทอง,ACTIVE
TTMT,9411004,ขิง,ยาขิง รพ.คูเมือง,ยาแคปซูล,โรงพยาบาลคูเมือง,ACTIVE
TTMT,9411015,เถาวัลย์เปรียง,ยาเถาวัลย์เปรียง รพ.คูเมือง,ยาแคปซูล,โรงพยาบาลคูเมือง,ACTIVE
TTMT,9411027,เถาวัลย์เปรียง,ยาเถาวัลย์เปรียง รพ.คูเมือง,ยาแคปซูล,โรงพยาบาลคูเมือง,ACTIVE
TTMT,9411036,ฟ้าทะลายโจร,ยาฟ้าทะลายโจร รพ.คูเมือง,ยาแคปซูล,โรงพยาบาลคูเมือง,ACTIVE
TTMT,9411043,ฟ้าทะลายโจร,ยาฟ้าทะลายโจร รพ.คูเมือง,ยาแคปซูล,โรงพยาบาลคูเมือง,ACTIVE
TTMT,9411058,รางจืด,ยารางจืด รพ.คูเมือง,ยาแคปซูล,โรงพยาบาลคูเมือง,ACTIVE
TTMT,9411062,หญ้าดอกขาว,ยาชาชงหญ้าดอกขาว รพ.คูเมือง,ยาชง,โรงพยาบาลคูเมือง,ACTIVE
TTMT,9411070,ไพล,ยาไพล รพ.คูเมือง,ครีม,โรงพยาบาลคูเมือง,ACTIVE
TTMT,9411089,ขมิ้นชัน,ยาเม็ดขมิ้นชัน ,ยาเม็ด,บริษัท ขาวละออเภสัช จำกัด,ACTIVE
TTMT,9411091,ประสะมะแว้ง,ยาประสะมะแว้งชนิดลูกกลอน,ยาลูกกลอน,โรงพยาบาลเรณูนคร,ACTIVE
TTMT,9411101,อบสมุนไพร (โรงพยาบาลเรณูนคร),ยาอบสมุนไพร,ยาต้ม,โรงพยาบาลเรณูนคร,ACTIVE
TTMT,9411117,ต้มบำรุงน้ำนม (โรงพยาบาลเรณูนคร),ยาต้มบำรุงน้ำนม,ยาต้ม,โรงพยาบาลเรณูนคร,ACTIVE
TTMT,9411129,ชาชงกระเจี๊ยบแดง,ชาชงกระเจี๊ยบแดงชนิดซอง,ยาชง,โรงพยาบาลเรณูนคร,ACTIVE
TTMT,9411138,ยาประคบ,ลูกประคบสมุนไพรสด,ยาประคบ,วิสาหกิจชุมชนบัวบูชา,ACTIVE
TTMT,9411140,ยาประคบ,ลูกประคบสด,ยาประคบ,โรงพยาบาลบ้านแหลม,ACTIVE
TTMT,9411155,หม่องไพล/บาล์มไพล/ไพลบาล์ม / ขี้ผึ้งไพล,ยาหม่องไพล,ขี้ผึ้ง,โรงพยาบาลบ้านแหลม,ACTIVE
TTMT,9411164,พิมเสนน้ำ (บ้านแหลม),พิมเสนน้ำ,ยาดม,โรงพยาบาลบ้านแหลม,ACTIVE
TTMT,9411172,พอกเย็น สูตร1,ยาพอกเย็น สูตร1,ยาพอก,โรงพยาบาลบ้านแหลม,ACTIVE
TTMT,9411186,พอกร้อน สูตร1,ยาพอกร้อน สูตร1,ยาพอก,โรงพยาบาลบ้านแหลม,ACTIVE
TTMT,9411193,ลูกประคบสมุนไพร ชนิดแห้ง,ยาตั้ง,ยาประคบ,โรงพยาบาลเพ็ญ,ACTIVE
TTMT,9411206,ขี้ผึ้งทาริดสีดวงทวารหนักและโรคผิวหนัง,ยาขี้ผึ้งทาริดสีดวงทวารหนักและโรคผิวหนัง รพ.คูเมือง,ขี้ผึ้ง,โรงพยาบาลคูเมือง,ACTIVE
TTMT,9411210,จันทน์ลีลา,ยาจันทน์ลีลา รพ.คูเมือง,ยาแคปซูล,โรงพยาบาลคูเมือง,ACTIVE
TTMT,9411223,ตรีผลา / พิกัดตรีผลา ,ยาตรีผลา รพ.คูเมือง,ยาแคปซูล,โรงพยาบาลคูเมือง,ACTIVE
TTMT,9411234,ธาตุบรรจบ ,ยาธาตุบรรจบ รพ.คูเมือง,ยาแคปซูล,โรงพยาบาลคูเมือง,ACTIVE
TTMT,9411247,เบญจกูล / พิกัดเบญจกูล,ยาเบญจกูล รพ.คูเมือง,ยาแคปซูล,โรงพยาบาลคูเมือง,ACTIVE
TTMT,9411252,ประสะไพล,ยาประสะไพล รพ.คูเมือง,ยาแคปซูล,โรงพยาบาลคูเมือง,ACTIVE
TTMT,9411268,ปราบชมพูทวีป,ยาปราบชมพูทวีป รพ.คูเมือง,ยาแคปซูล,โรงพยาบาลคูเมือง,ACTIVE
TTMT,9411275,ผสมเพชรสังฆาต สูตรตำรับที่ 1,ยาผสมเพชรสังฆาต รพ.คูเมือง,ยาแคปซูล,โรงพยาบาลคูเมือง,ACTIVE
TTMT,9411281,เลือดงาม,ยาเลือดงาม รพ.คูเมือง,ยาแคปซูล,โรงพยาบาลคูเมือง,ACTIVE
TTMT,9411299,สหัศธารา,ยาสหัศธารา รพ.คูเมือง,ยาแคปซูล,โรงพยาบาลคูเมือง,ACTIVE
TTMT,9411309,ห้าราก / แก้ไข้ห้าราก / แก้วห้าดวง / เบญจโลกวิเชียร ,ยาห้าราก รพ.คูเมือง,ยาแคปซูล,โรงพยาบาลคูเมือง,ACTIVE
TTMT,9411313,ทาริดสีดวงทวารหนักและโรคผิวหนัง,ยาทาริดสีดวงทวารหนักและโรคผิวหนังผื่นคัน ตราธงทอง,ยาเข้าน้ำมัน,ห้างธงทองโอสถ,ACTIVE
TTMT,9411321,แก้โรคจิต,ยาแก้โรคจิตชนิดแคปซูล ตราธงทอง,ยาแคปซูล,ห้างธงทองโอสถ,ACTIVE
TTMT,9411332,แก้นอนไม่หลับ/ยาแก้ไข้ผอมเหลือง,ยาแก้นอนไม่หลับ ชนิดแคปซูล ตราธงทอง,ยาแคปซูล,ห้างธงทองโอสถ,ACTIVE
TTMT,9411345,ผงเป่าคอ ตราหินทอง ชนิดผง,ยาผงเป่าคอ ตราหินทอง ชนิดผง,ยาผง,บริษัท ลิ้มเซ่งฮึง จำกัด,ACTIVE
TTMT,9411350,เขียว เบอร์ 15,ยาเขียว เบอร์15,ยาผง,บริษัท ลิ้มเซ่งฮึง จำกัด,ACTIVE
TTMT,9411366,เม็ดผสมเบญจกูล,ยาเม็ดผสมเบญจกูล,ยาลูกกลอน,บริษัท ลิ้มเซ่งฮึง จำกัด,ACTIVE
TTMT,9411378,ห้าราก / แก้ไข้ห้าราก / แก้วห้าดวง / เบญจโลกวิเชียร ,ยาห้าราก ตราศิลาทอง,ยาแคปซูล,บริษัท ลิ้มเซ่งฮึง จำกัด,ACTIVE
TTMT,9411384,อมผสมมะแว้งเครือ ตราศิลาทอง,ยาอมผสมมะแว้งเครือ ตราศิลาทอง,ยาลูกกลอน,บริษัท ลิ้มเซ่งฮึง จำกัด,ACTIVE
TTMT,9411397,ดมผสมส้มมือ ตราศิลาทอง,ยาดมผสมส้มมือ ตราศิลาทอง,ยาดม,บริษัท ลิ้มเซ่งฮึง จำกัด,ACTIVE
TTMT,9411402,พิมเสนน้ำ ลิ้มเซ่งฮึง,พิมเสนน้ำ,ยาดม,บริษัท ลิ้มเซ่งฮึง จำกัด,ACTIVE
TTMT,9411418,น้ำมันทาแผลไฟไหม้ น้ำร้อนลวก,น้ำมันทาแผลไฟไหม้ น้ำร้อนลวก,ยาเข้าน้ำมัน,บริษัท ลิ้มเซ่งฮึง จำกัด,ACTIVE
TTMT,9411425,ยาประคบ โรงพยาบาลวังจันทร์,ยาประคบ 200 กรัม,ยาประคบ,โรงพยาบาลวังจันทร์,ACTIVE
TTMT,9411439,พอกเข่า สูตรเย็น (โรงพยาบาลไชโย),ยาพอกเข่า สูตรเย็น,ยาพอก,โรงพยาบาลไชโย,ACTIVE
TTMT,9411441,น้ำมันไพล,น้ำมันไพล,ยาเข้าน้ำมัน,โรงพยาบาลไชโย,ACTIVE
TTMT,9411456,ขี้ผึ้งสมุนไพร (โรงพยาบาลไชโย),ยาขี้ผึ้งสมุนไพร,ขี้ผึ้ง,โรงพยาบาลไชโย,ACTIVE
TTMT,9411460,ยาประคบ,ยาลูกประคบ,ยาประคบ,โรงพยาบาลสมเด็จพระยุพราชยะหา,ACTIVE
TTMT,9411473,น้ำมันเขียวผสมกัญชา,น้ำมันเขียวผสมกัญชา,ยาเข้าน้ำมัน,โรงพยาบาลพิชัย,ACTIVE
TTMT,9411487,หม่องกัญชา (โรงพยาบาลพิชัย),ยาหม่องกัญชา,ขี้ผึ้ง,โรงพยาบาลพิชัย,ACTIVE
TTMT,9411494,ทิงเจอร์พญายอ,สเปรย์พญายอ,ทิงเจอร์,โรงพยาบาลเสนา,ACTIVE
TTMT,9411500,ยาดมสมุนไพร,ดมเพลิน,ยาดม,โรงพยาบาลเสนา,ACTIVE
TTMT,9411516,แผ่นสมุนไพร,แผ่นสมุนไพร สูตรโรงพยาบาลเสนา,ยาพอก,โรงพยาบาลเสนา,ACTIVE
TTMT,9411528,หม่องสติ๊ก,หม่องสติ๊ก,ขี้ผึ้ง,โรงพยาบาลเสนา,ACTIVE
TTMT,9411537,ไพล,น้ำมันไพล,ยาเข้าน้ำมัน,โรงพยาบาลส่งเสริมสุขภาพตำบลหนองยาง,ACTIVE
TTMT,9411544,ฟ้าทะลายโจร,ฟ้าทะลายโจรชนิดแคปซูล,ยาแคปซูล,โรงพยาบาลดอนตูม,ACTIVE
TTMT,9411559,กัญชา,ยาแคปซูลซีบีดี โรงพยาบาลคูเมือง,ยาแคปซูล,โรงพยาบาลคูเมือง,ACTIVE
TTMT,9411563,กัญชา,ยาแคปซูลซีบีดี เอ็นอี  โรงพยาบาลคูเมือง,ยาแคปซูล,โรงพยาบาลคูเมือง,ACTIVE
TTMT,9411571,น้ำมันไพล,น้ำมันไพล,ยาเข้าน้ำมัน,โรงพยาบาลร้อยเอ็ด,ACTIVE
TTMT,9411585,น้ำมันไพล,น้ำมันไพล,ยาเข้าน้ำมัน,โรงพยาบาลบ่อเกลือ,ACTIVE
TTMT,9411592,ฟ้าทะลายโจร,ยาฟ้าทะลายโจร ตราพาราไดม์,ยาแคปซูล,บริษัท ซีเค เนเชอรัล เฮิร์บ จำกัด,ACTIVE
TTMT,9411603,ยาประคบสมุนไพร,ลูกประคบสมุนไพร สันติสุข,ยาประคบ,โรงพยาบาลสันติสุข,ACTIVE
TTMT,9411619,อบสมุนไพร,ยาอบสมุนไพร,ยาต้ม,โรงพยาบาลสันติสุข,ACTIVE
TTMT,9411626,ยาประคบ,ยาประคบสมุนไพรสด,ยาประคบ,โรงพยาบาลส่งเสริมสุขภาพตำบลหนองยาง,ACTIVE
TTMT,9411635,ยาประคบสมุนไพร,ลูกประคบสมุนไพร บ้านศรีจันทร์,ยาประคบ,โรงพยาบาลส่งเสริมสุขภาพตำบลบ้านศรีจันทร์  ตำบลบ้านเขือง,ACTIVE
TTMT,9411642,หอมเทพจิตร,ยาหอมเทพจิตร,ยาแคปซูล,โรงพยาบาลดอนตูม,ACTIVE
TTMT,9411657,หอมเทพจิตร,ยาหอมเทพจิตร,ยาแคปซูล,โรงพยาบาลดอนตูม,ACTIVE
TTMT,9411661,หอมเทพจิตร,ยาหอมเทพจิตร,ยาผง,โรงพยาบาลดอนตูม,ACTIVE
TTMT,9411674,หอมอินทจักร,ยาหอมอินทจักร,ยาแคปซูล,โรงพยาบาลดอนตูม,ACTIVE
TTMT,9411688,หอมอินทจักร,ยาหอมอินทจักร,ยาแคปซูล,โรงพยาบาลดอนตูม,ACTIVE
TTMT,9411690,หอมอินทจักร,ยาหอมอินทจักร,ยาผง,โรงพยาบาลดอนตูม,ACTIVE
TTMT,9411707,สหัศธารา,ยาสหัศธารา,ยาแคปซูล,โรงพยาบาลดอนตูม,ACTIVE
TTMT,9411711,หม่องไพล/บาล์มไพล/ไพลบาล์ม / ขี้ผึ้งไพล,ขี้ผึ้งไพล,ขี้ผึ้ง,โรงพยาบาลร้อยเอ็ด,ACTIVE
TTMT,9411724,น้ำมันไพลผสมยาพอกเข่าสมุนไพร,น้ำมันไพลผสมยาพอกเข่าสมุนไพร,ยาเข้าน้ำมัน,โรงพยาบาลร้อยเอ็ด,ACTIVE
TTMT,9411730,ผงทับหม้อเกลือ,ยาทับหม้อเกลือ,ยาผง,โรงพยาบาลร้อยเอ็ด,ACTIVE
TTMT,9411748,แช่เท้าสมุนไพร,ยาแช่เท้าเบาหวาน,ยาผง,โรงพยาบาลร้อยเอ็ด,ACTIVE
TTMT,9411753,ดมสมุนไพร,ยาดมสมุนไพร,ยาดม,โรงพยาบาลร้อยเอ็ด,ACTIVE
TTMT,9411769,ครีมทาแผล,ยาทาแผล,ครีม,โรงพยาบาลร้อยเอ็ด,ACTIVE
TTMT,9411776,น้ำตรีผลา,ยาน้ำตรีผลา,ยาน้ำ,โรงพยาบาลร้อยเอ็ด,ACTIVE
TTMT,9411782,ธาตุอบเชย ,ยาธาตุอบเชย,ยาน้ำ,โรงพยาบาลร้อยเอ็ด,ACTIVE
TTMT,9411795,หม่องไพล/บาล์มไพล/ไพลบาล์ม / ขี้ผึ้งไพล,ขี้ผึ้งไพล,ขี้ผึ้ง,โรงพยาบาลบ่อเกลือ,ACTIVE
TTMT,9411805,ยาประคบสมุนไพร,ลูกประคบสมุนไพร,ยาประคบ,โรงพยาบาลบ่อเกลือ,ACTIVE
TTMT,9411814,อบสมุนไพร,ยาอบสมุไพร,ยาต้ม,โรงพยาบาลบ่อเกลือ,ACTIVE
TTMT,9411822,พอกสมุนไพรแก้ปวด 2,ยาพอกสมุนไพรสูตรร้อน,ยาพอก,โรงพยาบาลหลวงพ่อเปิ่น,ACTIVE
TTMT,9411833,แช่มือ แช่เท้าสมุนไพร,ยาแช่มือ แช่เท้า,ยาแช่,โรงพยาบาลหลวงพ่อเปิ่น,ACTIVE
TTMT,9411846,สมุนไพรเผา (รพ.หลวงพ่อเปิ่น),ยาเผา,อื่นๆ,โรงพยาบาลหลวงพ่อเปิ่น,ACTIVE
TTMT,9411851,รมยา สุมยา,ยารม/ยาสุม,ยาต้ม,โรงพยาบาลหลวงพ่อเปิ่น,ACTIVE
TTMT,9411867,สมุนไพรอบตัว,ยาอบสมุนไพร,ยาต้ม,โรงพยาบาลหลวงพ่อเปิ่น,ACTIVE
TTMT,9411879,ยาประคบ,ยาประคบสมุนไพรสด,ยาประคบ,โรงพยาบาลหนองเสือ,ACTIVE
TTMT,9411880,สตรีหลังคลอด,กันทรลักษ์ เฮิท์บ,ยาต้ม,โรงพยาบาลกันทรลักษ์,ACTIVE
TTMT,9411898,พญายอ,กลีเซอรีนเสลดพังพอน,สารละลายสำหรับป้ายปาก,โรงพยาบาลวังน้ำเย็น,ACTIVE
TTMT,9411908,ไพล,น้ำมันไพล,ยาเข้าน้ำมัน,โรงพยาบาลตากใบ,ACTIVE
TTMT,9411912,มะขามแขก,ยามะขามแขกชนิดแคปซูล,ยาแคปซูล,โรงพยาบาลโพธาราม,ACTIVE
TTMT,9411920,ขมิ้นชัน,ยาขมิ้นชันชนิดแคปซูล,ยาแคปซูล,โรงพยาบาลโพธาราม,ACTIVE
TTMT,9411931,ฟ้าทะลายโจร,ยาฟ้าทะลายโจรชนิดแคปซูล,ยาแคปซูล,โรงพยาบาลโพธาราม,ACTIVE
TTMT,9411949,ขิง,ชาชงขิง ชนิดผง,ยาชง,โรงพยาบาลโพธาราม,ACTIVE
TTMT,9411954,ไพล,น้ำมันไพล นาโก เฮิร์บ,ยาเข้าน้ำมัน,โรงพยาบาลส่งเสริมสุขภาพตำบลนาโก,ACTIVE
TTMT,9411965,รางจืด,ยาชงรางจืด นาโก เฮิร์บ,ยาชง,โรงพยาบาลส่งเสริมสุขภาพตำบลนาโก,ACTIVE
TTMT,9411977,มะขามแขก,ยาชงมะขามแขก,ยาชง,บริษัท สเปเชียลตี้ อินโนเวชั่น จำกัด,ACTIVE
TTMT,9411983,ขิง,ยาขิง ชนิดแคปซูล,ยาแคปซูล,บริษัท สเปเชียลตี้ อินโนเวชั่น จำกัด,ACTIVE
TTMT,9411996,ขิง,ยาขิง ชนิดแคปซูล,ยาแคปซูล,บริษัท สเปเชียลตี้ อินโนเวชั่น จำกัด,ACTIVE
TTMT,9412006,สารสกัดจากฟ้าทะลายโจร,ยาแคปซูลฟ้าทะลายโจรสกัด,ยาแคปซูล,บริษัท สเปเชียลตี้ อินโนเวชั่น จำกัด,ACTIVE
TTMT,9412010,สารสกัดจากฟ้าทะลายโจร,ยาแคปซูลฟ้าทะลายโจรสกัด ตรา แฮลท์แลนด์,ยาแคปซูล,บริษัท สเปเชียลตี้ อินโนเวชั่น จำกัด,ACTIVE
TTMT,9412023,กัญชา,ชาจากใบกัญชา ตรา คานาแล็ก,ยาชง,บริษัท สเปเชียลตี้ อินโนเวชั่น จำกัด,ACTIVE
TTMT,9412034,กัญชา,ชาจากใบกัญชา ตรา มาดามไทเฮิร์บ,ยาชง,บริษัท สเปเชียลตี้ อินโนเวชั่น จำกัด,ACTIVE
TTMT,9412047,กัญชา,ชาจากใบกัญชา,ยาชง,บริษัท สเปเชียลตี้ อินโนเวชั่น จำกัด,ACTIVE
TTMT,9412052,กัญชา,ชาจากใบกัญชา 100%,ยาชง,บริษัท สเปเชียลตี้ อินโนเวชั่น จำกัด,ACTIVE
TTMT,9412068,เห็ดกระถินพิมาน,ยาแคปซูลเห็ดกรถินพิมานสกัด ตรา เอ็มเฮิร์บ,ยาแคปซูล,บริษัท สเปเชียลตี้ อินโนเวชั่น จำกัด,ACTIVE
TTMT,9412075,ไพล,เพ็ญไพลครีม,ครีม,โรงพยาบาลเพ็ญ,ACTIVE
TTMT,9412081,ผสมเพชรสังฆาต สูตรตำรับที่ 2,ยาผสมเพชรสังฆาต สูตรที่ 2,ยาแคปซูล,โรงพยาบาลวังน้ำเย็น,ACTIVE
TTMT,9412099,แก้ไอผสมมะขามป้อม (บ.วิริยมัย),ยาแก้ไอผสมมะขามป้อม ตราวังหลัง,ยาน้ำ,บริษัท วิริยมัย(2448) จำกัด,ACTIVE
TTMT,9412109,น้ำมันกัญชาลุงดำ เกาะเต่า สูตร 1 ,ยาน้ำมันกัญชา ลุงดำเกาะเต่า สูตร 1 ,ยาเข้าน้ำมัน,โรงพยาบาลท่าฉาง,ACTIVE
TTMT,9412113,น้ำมันกัญชาลุงดำ เกาะเต่า สูตร 2,ยาน้ำมันกัญชา ลุงดำเกาะเต่า สูตร 2,ยาแคปซูล,โรงพยาบาลท่าฉาง,ACTIVE
TTMT,9412121,น้ำมันกัญชาลุงดำ เกาะเต่า สูตรทาภายนอก,น้ำมันกัญชา ลุงดำเกาะเต่า สูตร 3,ยาเข้าน้ำมัน,โรงพยาบาลท่าฉาง,ACTIVE
TTMT,9412132,ตำรับสำราญนิทรา,DTAM SAMRANNITTHRA ตำรับยาสำราญนิทรา กรมการแพทย์แผนไทยและการแพทย์ทางเลือก,ยาแคปซูล,กองพัฒนายาแผนไทยและสมุนไพร กรมการแพทย์แผนไทยและการแพทย์ทางเลือก,ACTIVE
TTMT,9412145,ตำรับสิทธิจร,DTAM SITTHIJORN ตำรับยาสิทธิจร กรมการแพทย์แผนไทยและการแพทย์ทางเลือก,ยาแคปซูล,กองพัฒนายาแผนไทยและสมุนไพร กรมการแพทย์แผนไทยและการแพทย์ทางเลือก,ACTIVE
TTMT,9412150,ตำรับพระศรีรัตนไตร,DTAM PHRASRIRATTANATRAI ตำรับยาพระศรีรัตนไตร ชนิดแคปซูล กรมการแพทย์แผนไทยและการแพทย์ทางเลือก,ยาแคปซูล,กองพัฒนายาแผนไทยและสมุนไพร กรมการแพทย์แผนไทยและการแพทย์ทางเลือก,ACTIVE
TTMT,9412166,แก้กล่อน แก้ลม,DTAM KAEKLON KAELOM ตำรับยาแก้กล่อน แก้ลม กรมการแพทย์แผนไทยและการแพทย์ทางเลือก,ยาแคปซูล,กองพัฒนายาแผนไทยและสมุนไพร กรมการแพทย์แผนไทยและการแพทย์ทางเลือก,ACTIVE
TTMT,9412178,ตำรับแก้ลมสิตะมัคคะวาโย,DTAM LOMSITHAMAKKAWAYO ตำรับยาแก้ลมสิตะมัคคะวาโย กรมการแพทย์แผนไทยและการแพทย์ทางเลือก,ยาแคปซูล,กองพัฒนายาแผนไทยและสมุนไพร กรมการแพทย์แผนไทยและการแพทย์ทางเลือก,ACTIVE
TTMT,9412184,แก้กล่อนปัตคาต,DTAM KAEKLONPATTHAKAT ตำรับยาแก้กล่อนปัตคาต กรมการแพทย์แผนไทยและการแพทย์ทางเลือก,ยาแคปซูล,กองพัฒนายาแผนไทยและสมุนไพร กรมการแพทย์แผนไทยและการแพทย์ทางเลือก,ACTIVE
TTMT,9412197,ตำรับแก้เชื่อมฝีดาษ,DTAM MITRADERMA CREAM (ดีแทม ไมทราเดอทา ครีม) ยาพัฒนาจากตำรับยาแก้เชื่อมฝีดาษ กรมการแพทย์แผนไทยและการแพทย์ทางเลือก,ครีม,กองพัฒนายาแผนไทยและสมุนไพร กรมการแพทย์แผนไทยและการแพทย์ทางเลือก,ACTIVE
TTMT,9412204,ทาริดสีดวงทวารหนักและโรคผิวหนัง,DTAM HEMADERM CREAM (ดีแทม ฮีมาเดิร์ม ครีม) ตำรับยาทาริดสีดวงทวารหนักและโรคผิวหนัง กรมการแพทย์แผนไทยและการแพทย์ทางเลือก,ครีม,กองพัฒนายาแผนไทยและสมุนไพร กรมการแพทย์แผนไทยและการแพทย์ทางเลือก,ACTIVE
TTMT,9412215,ศุขไสยาศน์,DTAM SUKKHASAIYADENTERIC COATED TABLETS ตำรับยาศุขไสยาศนน์ ชนิดเม็ดเคลือบออกฤทธิ์ที่ลำไส้ กรมการแพทย์แผนไทยและการแพทย์ทางเลือก,ยาเม็ด,กองพัฒนายาแผนไทยและสมุนไพร กรมการแพทย์แผนไทยและการแพทย์ทางเลือก,ACTIVE
TTMT,9412227,ตำรับทำให้อดฝิ่น,DTAM HERM REDUCTION EFFERVESCENT TABLETS (ดีแทม ฮาม รีดักชัน ชนิดเม็ดฟู่) พัฒนามาจากตำรับยาทำให้อดฝิ่น กรมการแพทย์แผนไทยและการแพทย์ทางเลือก,ยาเม็ด,กองพัฒนายาแผนไทยและสมุนไพร กรมการแพทย์แผนไทยและการแพทย์ทางเลือก,ACTIVE
TTMT,9412236,ทับหม้อเกลือ,ญาครูยาทับ,ยาประคบ,โรงพยาบาลเพ็ญ,ACTIVE
TTMT,9412243,ผงละลายบ้วนปาก,ญาครูออรัลเฮิร์ป,ยาผง,โรงพยาบาลเพ็ญ,ACTIVE
TTMT,9412258,สเปร์ยกระดูกไก่ดำ,เพ็ญสเปร์ยกระดูกไก่ดำ,ยาน้ำ,โรงพยาบาลเพ็ญ,ACTIVE
TTMT,9412262,ตรีเกสรมาศ /พิกัดเกสรมาศ,เพ็ญตรีเกสรมาศ,ยาชง,โรงพยาบาลเพ็ญ,ACTIVE
TTMT,9412270,ตรีผลา / พิกัดตรีผลา ,เพ็ญตรีผลา,ยาชง,โรงพยาบาลเพ็ญ,ACTIVE
TTMT,9412289,ผสมโคคลาน สูตรตำรับที่ 1 ,เพ็ญผสมโคคลาน,ยาชง,โรงพยาบาลเพ็ญ,ACTIVE
TTMT,9412291,หอมนวโกฐ,ยาหอมนวโกฐ,ยาแคปซูล,โรงพยาบาลดอนตูม,ACTIVE
TTMT,9412301,หอมนวโกฐ,ยาหอมนวโกฐ,ยาแคปซูล,โรงพยาบาลดอนตูม,ACTIVE
TTMT,9412317,หอมนวโกฐ,ยาหอมนวโกฐ,ยาผง,โรงพยาบาลดอนตูม,ACTIVE
TTMT,9412329,แก้ร้อนใน ชนิดแคปซูล,ยาแก้ร้อนใน ชนิดแคปซูล,ยาแคปซูล,บริษัท เทพรักษา สมุนไพรไทย จำกัด,ACTIVE
TTMT,9412338,น้ำบรรเทาอาการฝีแผล,ยาน้ำบรรเทาอาการฝีแผล,ยาน้ำ,บริษัท เทพรักษา สมุนไพรไทย จำกัด,ACTIVE
TTMT,9412340,สเปรย์กระดูกไก่ดำ,ยาสเปรย์กระดูกไก่ดำ,ยาน้ำ,โรงพยาบาลพระอาจารย์ฝั้นอาจาโร,ACTIVE
TTMT,9412355,แก้องคชาติตาย,ยาแก้องคชาติตาย แคปซูล,ยาแคปซูล,โรงพยาบาลพระอาจารย์ฝั้นอาจาโร,ACTIVE
TTMT,9412364,หอมเทพรำจวญ,ยาหอมเทพรำจวญ แคปซูล,ยาแคปซูล,โรงพยาบาลพระอาจารย์ฝั้นอาจาโร,ACTIVE
TTMT,9412372,สเปรย์พ่นคอฟ้าทะลายโจร (รพ.พระอาจารย์ฝั้น อาจาโร),สเปรย์พ่นคอฟ้าทะลายโจร,ยาน้ำ,โรงพยาบาลพระอาจารย์ฝั้นอาจาโร,ACTIVE
TTMT,9412386,น้ำมันว่านสมุนไพร,ยาน้ำมันว่านสมุนไพร,ยาเข้าน้ำมัน,ศูนย์การแพทย์ธรรมศาสตร์คูคต,ACTIVE
TTMT,9412393,พอกสูตร 1 (ศูนย์การแพทย์ธรรมศาสตร์คูคต),ยาพอกสูตร 1,ยาผง,ศูนย์การแพทย์ธรรมศาสตร์คูคต,ACTIVE
TTMT,9412408,พอกสูตร 2 (ศูนย์การแพทย์ธรรมศาสตร์คูคต),ยาพอกสูตร 2,ยาผง,ศูนย์การแพทย์ธรรมศาสตร์คูคต,ACTIVE
TTMT,9412412,พอกสูตร 3 (ศูนย์การแพทย์ธรรมศาสตร์คูคต),ยาพอกสูตร 2,ยาผง,ศูนย์การแพทย์ธรรมศาสตร์คูคต,ACTIVE
TTMT,9412420,หม่องไพล/บาล์มไพล/ไพลบาล์ม / ขี้ผึ้งไพล,ยาหม่องไพล,ขี้ผึ้ง,ศูนย์การแพทย์ธรรมศาสตร์คูคต,ACTIVE
TTMT,9412431,ยาดมสมุนไพร,ยาดมสมุนไพร,ยาดม,ศูนย์การแพทย์ธรรมศาสตร์คูคต,ACTIVE
TTMT,9412449,ผงปถวี,ผงปถวี,ยาผง,ศูนย์การแพทย์ธรรมศาสตร์คูคต,ACTIVE
TTMT,9412454,ชงขิง,ยาชงขิง,ยาชง,ศูนย์การแพทย์ธรรมศาสตร์คูคต,ACTIVE
TTMT,9412465,ชงคำฝอย,ยาชงคำฝอย,ยาชง,ศูนย์การแพทย์ธรรมศาสตร์คูคต,ACTIVE
TTMT,9412477,ชงมะตูม,ยาชงมะตูม,ยาชง,ศูนย์การแพทย์ธรรมศาสตร์คูคต,ACTIVE
TTMT,9412483,ชงฝาง,ยาชงฝาง,ยาชง,ศูนย์การแพทย์ธรรมศาสตร์คูคต,ACTIVE
TTMT,9412496,แก้นอนไม่หลับ/ยาแก้ไข้ผอมเหลือง,ยาแก้นอนไม่หลับ ตราไทรทอง,ยาแคปซูล,บริษัท ซีโนฟาร์ม(ไทย) จำกัด,ACTIVE
TTMT,9412505,ขี้ผึ้งไพล สูตรตำรับที่ 1,ขี้ผึ้งไพล สูตรตำรับที่ 1,ขี้ผึ้ง,โรงพยาบาลตากใบ,ACTIVE
TTMT,9412514,ดมสมุนไพร,ยาดมสมุนไพร,ยาดม,โรงพยาบาลตากใบ,ACTIVE
TTMT,9412522,ยาประคบ,ลูกประคบสมุนไพร,ยาประคบ,โรงพยาบาลบางปะกง,ACTIVE
TTMT,9412533,น้ำมันเขียวผสมกัญชา,น้ำมันเขียวผสมกัญชา,ยาเข้าน้ำมัน,โรงพยาบาลบางกระทุ่ม,ACTIVE
TTMT,9412546,ชงใบหม่อน,ยาชงใบหม่อนพลัส,ยาชง,โรงพยาบาลบางกระทุ่ม,ACTIVE
TTMT,9412551,ยาประคบ,ลูกประคบสมุนไพร นาโก เฮิร์บ,ยาประคบ,โรงพยาบาลส่งเสริมสุขภาพตำบลนาโก,ACTIVE
TTMT,9412567,อบสมุนไพร,ยาอบสมุนไพร นาโก เฮิร์บ,ยาต้ม,โรงพยาบาลส่งเสริมสุขภาพตำบลนาโก,ACTIVE
TTMT,9412579,หม่องไพล/บาล์มไพล/ไพลบาล์ม / ขี้ผึ้งไพล,ยาหม่องไพล นาโก เฮิร์บ,ขี้ผึ้ง,โรงพยาบาลส่งเสริมสุขภาพตำบลนาโก,ACTIVE
TTMT,9412580,ประสะไพล,ยาประสะไพลชนิดแคปซูล,ยาแคปซูล,บริษัท สเปเชียลตี้ อินโนเวชั่น จำกัด,ACTIVE
TTMT,9412598,ปราบชมพูทวีป,ยาปราบชมพูทวีป ชนิดแคปซูล 500 มก.,ยาแคปซูล,บริษัท สเปเชียลตี้ อินโนเวชั่น จำกัด,ACTIVE
TTMT,9412607,ศุขไสยาศน์,ยาศุขไสยาศน์ ชนิดแคปซูล ตรามาดามไทเฮิร์บ,ยาแคปซูล,บริษัท สเปเชียลตี้ อินโนเวชั่น จำกัด,ACTIVE
TTMT,9412611,แคปซูลผสมจตุผลาธิกะ,ยาแคปซูลผสมจตุผลาธิกะ,ยาแคปซูล,บริษัท สเปเชียลตี้ อินโนเวชั่น จำกัด,ACTIVE
TTMT,9412624,ตรีผลา / พิกัดตรีผลา ,ยาตรีผลาแคปซูล ตราเฮิร์บเฮิร์บ,ยาแคปซูล,บริษัท สเปเชียลตี้ อินโนเวชั่น จำกัด,ACTIVE
TTMT,9412630,คาวิแอน,คาวิแอน,ยาแคปซูล,บริษัท สเปเชียลตี้ อินโนเวชั่น จำกัด,ACTIVE
TTMT,9412648,ตรีผลา / พิกัดตรีผลา ,ยาตรีผลา แคปซูล,ยาแคปซูล,บริษัท สเปเชียลตี้ อินโนเวชั่น จำกัด,ACTIVE
TTMT,9412653,ฟ้าทะลายโจร,ยาฟ้าทะลายโจร ชนิดแคปซูล,ยาแคปซูล,บริษัท ทิพย์เกสร เฮิร์บ แอนด์ เฮลท์ จำกัด ,ACTIVE
TTMT,9412669,ฟ้าทะลายโจร,ฟ้าทะลายโจร แคปซูล,ยาแคปซูล,โรงพยาบาลสุวรรณภูมิ,ACTIVE
TTMT,9412676,ขมิ้นชัน,ขมิ้นชัน แคปซูล,ยาแคปซูล,โรงพยาบาลสุวรรณภูมิ,ACTIVE
TTMT,9412682,เถาวัลย์เปรียง,เถาวัลย์เปรียงแคปซูล,ยาแคปซูล,โรงพยาบาลสุวรรณภูมิ,ACTIVE
TTMT,9412695,รางจืด,ชาชงรางจืด,ยาชง,โรงพยาบาลสุวรรณภูมิ,ACTIVE
TTMT,9412703,น้ำมันไพล,น้ำมันไพล,ยาเข้าน้ำมัน,โรงพยาบาลส่งเสริมสุขภาพตำบลบ้านโป่งมอญ ,ACTIVE
TTMT,9412719,ขิง,ยาชงขิง,ยาชง,โรงพยาบาลส่งเสริมสุขภาพตำบลบ้านโป่งมอญ ,ACTIVE
TTMT,9412726,ฟ้าทะลายโจร,ฟ้าทะลายโจร,ยาแคปซูล,โรงพยาบาลเขาคิชฌกูฏ,ACTIVE
TTMT,9412735,เถาวัลย์เปรียง,เถาวัลย์เปรียง,ยาแคปซูล,โรงพยาบาลเขาคิชฌกูฏ,ACTIVE
TTMT,9412742,มะขามแขก,มะขามแขก,ยาแคปซูล,โรงพยาบาลเขาคิชฌกูฏ,ACTIVE
TTMT,9412757,มะระขี้นก,มะระขี้นก,ยาแคปซูล,โรงพยาบาลเขาคิชฌกูฏ,ACTIVE
TTMT,9412761,ขิง,ขิง,ยาแคปซูล,โรงพยาบาลเขาคิชฌกูฏ,ACTIVE
TTMT,9412774,ขิง,ชาชงขิง,ยาชง,โรงพยาบาลเขาคิชฌกูฏ,ACTIVE
TTMT,9412790,มะระขี้นก,ยามะระขี้นก ชนิดแคปซูล,ยาแคปซูล,บริษัท ผลิตภัณฑ์สมุนไพรไทย จำกัด,ACTIVE
TTMT,9412800,มะระขี้นก,มะระขี้นกแคปซูล,ยาแคปซูล,โรงพยาบาลทับคล้อ,ACTIVE
TTMT,9412816,มะขามแขก,มะขามแขกแคปซูล,ยาแคปซูล,โรงพยาบาลทับคล้อ,ACTIVE
TTMT,9412828,ขิง,ยาชงขิง,ยาชง,โรงพยาบาลพนา,ACTIVE
TTMT,9412837,รางจืด,ยาชงรางจืด โรงพยาบาลพนา,ยาชง,โรงพยาบาลพนา,ACTIVE
TTMT,9412844,หญ้าหนวดแมว,ยาชงหญ้าหนวดแมว โรงพยาบาลพนา,ยาชง,โรงพยาบาลพนา,ACTIVE
TTMT,9412859,หญ้าดอกขาว,ยาชงหญ้าดอกขาว โรงพยาบาลพนา,ยาชง,โรงพยาบาลพนา,ACTIVE
TTMT,9412863,กระเจี๊ยบแดง,ยาชงกระเจี๊ยบ โรงพยาบาลพนา,ยาชง,โรงพยาบาลพนา,ACTIVE
TTMT,9412871,ชุมเห็ดเทศ,ยาชงชุมเห็ดเทศ โรงพยาบาลพนา,ยาชง,โรงพยาบาลพนา,ACTIVE
TTMT,9412885,ไพล,ครีมไพล โรงพยาบาลพนา,ครีม,โรงพยาบาลพนา,ACTIVE
TTMT,9412892,บัวบก,ยาบัวบก ชนิดแคปซูล,ยาแคปซูล,โรงพยาบาลมหาวิทยาลัยแม่ฟ้าหลวง,ACTIVE
TTMT,9412902,ขิง,ยาขิง ชนิดแคปซูล,ยาแคปซูล,โรงพยาบาลมหาวิทยาลัยแม่ฟ้าหลวง,ACTIVE
TTMT,9412918,ชุมเห็ดเทศ,ยาชงชุมเห็ดเทศ,ยาชง,โรงพยาบาลมหาวิทยาลัยแม่ฟ้าหลวง,ACTIVE
TTMT,9412925,น้ำมันไพล,น้ำมันไพล,ยาเข้าน้ำมัน,โรงพยาบาลผาขาว,ACTIVE
TTMT,9412939,ข่า,ทิงเจอร์ข่า,ทิงเจอร์,โรงพยาบาลผาขาว,ACTIVE
TTMT,9412941,ไพล,ครีมนวดไพล,ครีม,โรงพยาบาลหนองฉาง,ACTIVE
TTMT,9412956,สารสกัดจากเถาวัลย์เปรียง,จีพีโอ เถาวัลย์เปรียง แคปซูล (200 มิลลิกรัม),ยาแคปซูล,องค์การเภสัชกรรม,ACTIVE
TTMT,9412960,ขมิ้นชัน,ยาขมิ้นชัน ชนิดแคปซูล,ยาแคปซูล,บริษัท ทิพย์เกสร เฮิร์บ แอนด์ เฮลท์ จำกัด ,ACTIVE
TTMT,9412973,สหัศธารา,สหัสธารา แคปซูล,ยาแคปซูล,โรงพยาบาลสุวรรณภูมิ,ACTIVE
TTMT,9412987,ยาประคบ,ลูกประคบ,ยาประคบ,โรงพยาบาลสุวรรณภูมิ,ACTIVE
TTMT,9412994,แก้ลมโลกนี,แก้ลมโลกนีแคปซูล,ยาแคปซูล,โรงพยาบาลสุวรรณภูมิ,ACTIVE
TTMT,9413001,ยาประคบ,ยาประคบ,ยาประคบ,โรงพยาบาลส่งเสริมสุขภาพตำบลบ้านโป่งมอญ ,ACTIVE
TTMT,9413017,ฮีโมเร็กซ์,ฮีโมเร็กซ์,ยาแคปซูล,โรงงานฟาร์มแคร์ฟาร์มาซูติคอล คณะเภสัชศาสตร์ มหาวิทยาลัยมหาสารคาม,ACTIVE
TTMT,9413029,มธุรเมหะ (มหาวิทยาลัยมหาสารคาม),ยามธุระเมหะ,ยาแคปซูล,โรงงานฟาร์มแคร์ฟาร์มาซูติคอล คณะเภสัชศาสตร์ มหาวิทยาลัยมหาสารคาม,ACTIVE
TTMT,9413038,ระบายแสงสว่างตราค้างคาว,ยาระบายแสงสว่างตราค้างคาว,ยาน้ำ,บริษัท แสงสว่างตราค้างคาว จำกัด,ACTIVE
TTMT,9413040,ริดสีดวงมหากาฬ (ตำรับในระบบทางเดินอาหารส่วนกลางและส่วนปลาย),ยาริดสีดวงมหากาฬ ชนิดผง เวชพงศ์โอสถ ,ยาผง,บริษัท แสงสว่างตราค้างคาว จำกัด,ACTIVE
TTMT,9413055,ริดสีดวงมหากาฬ (ตำรับในระบบทางเดินอาหารส่วนกลางและส่วนปลาย),ยาริดสีดวงมหากาฬ ชนิดผง เวชพงศ์โอสถ ,ยาผง,บริษัท แสงสว่างตราค้างคาว จำกัด,ACTIVE
TTMT,9413064,เบญจกูล / พิกัดเบญจกูล,ยาเบญจกูล ชนิดแคปซูล เวชพงศ์โอสถ,ยาแคปซูล,บริษัท แสงสว่างตราค้างคาว จำกัด,ACTIVE
TTMT,9413072,มหานิลแท่งทอง,ยามหานิลแท่งทอง ชนิดแคปซูล เวชพงศ์โอสถ,ยาแคปซูล,บริษัท แสงสว่างตราค้างคาว จำกัด,ACTIVE
TTMT,9413086,บำรุงโลหิต,ยาบำรุงโลหิต ชนิดแคปซูล เวชพงศ์โอสถ,ยาแคปซูล,บริษัท แสงสว่างตราค้างคาว จำกัด,ACTIVE
TTMT,9413093,เวชพงศ์ เบอร์ 4,ยาเวชพงศ์เบอร์ 4 ชนิดลูกกลอน,ยาลูกกลอน,บริษัท แสงสว่างตราค้างคาว จำกัด,ACTIVE
TTMT,9413103,เวชพงศ์ เบอร์ 4,ยาเวชพงศ์เบอร์ 4 ชนิดผง,ยาผง,บริษัท แสงสว่างตราค้างคาว จำกัด,ACTIVE
TTMT,9413119,เวชพงศ์ เบอร์ 4,ยาเวชพงศ์เบอร์ 4 ชนิดผง,ยาผง,บริษัท แสงสว่างตราค้างคาว จำกัด,ACTIVE
TTMT,9413126,น้ำมัน,น้ำมันตราดอกไม้แดง,ยาเข้าน้ำมัน,บริษัท แสงสว่างตราค้างคาว จำกัด,ACTIVE
TTMT,9413135,ยาประคบ,ยาประคบ ชนิดสมุนไพรแห้ง,ยาประคบ,บริษัท ขาวละออเภสัช จำกัด,ACTIVE
TTMT,9413142,ศุขไสยาศน์,ยาศุขไสยาศน์ ชนิดแคปซูล,ยาแคปซูล,บริษัท ขาวละออเภสัช จำกัด,ACTIVE
TTMT,9413157,ดมสมุนไพร,ยาดมสมุนไพรคิชวิง,ยาดม,โรงพยาบาลเขาคิชฌกูฏ,ACTIVE
TTMT,9413161,ตรีผลา / พิกัดตรีผลา ,ตรีผลา,ยาแคปซูล,โรงพยาบาลเขาคิชฌกูฏ,ACTIVE
TTMT,9413174,ธรณีสันฑะฆาต,ธรณีสันฑะฆาต,ยาแคปซูล,โรงพยาบาลเขาคิชฌกูฏ,ACTIVE
TTMT,9413188,ธาตุบรรจบ ,ธาตุบรรจบ,ยาแคปซูล,โรงพยาบาลเขาคิชฌกูฏ,ACTIVE
TTMT,9413190,บำรุงโลหิต,บำรุงโลหิต,ยาแคปซูล,โรงพยาบาลเขาคิชฌกูฏ,ACTIVE
TTMT,9413208,เบญจกูล / พิกัดเบญจกูล,เบญจกูล,ยาแคปซูล,โรงพยาบาลเขาคิชฌกูฏ,ACTIVE
TTMT,9413212,ปราบชมพูทวีป,ปราบชมพูทวีป,ยาแคปซูล,โรงพยาบาลเขาคิชฌกูฏ,ACTIVE
TTMT,9413220,เลือดงาม,เลือดงาม,ยาแคปซูล,โรงพยาบาลเขาคิชฌกูฏ,ACTIVE
TTMT,9413231,สหัศธารา,สหัศธารา,ยาแคปซูล,โรงพยาบาลเขาคิชฌกูฏ,ACTIVE
TTMT,9413249,เหลืองปิดสมุทร,เหลืองปิดสมุทร,ยาแคปซูล,โรงพยาบาลเขาคิชฌกูฏ,ACTIVE
TTMT,9413254,ห้าราก / แก้ไข้ห้าราก / แก้วห้าดวง / เบญจโลกวิเชียร ,ห้าราก,ยาแคปซูล,โรงพยาบาลเขาคิชฌกูฏ,ACTIVE
TTMT,9413265,เขียวหอม,เขียวหอม,ยาผง,โรงพยาบาลเขาคิชฌกูฏ,ACTIVE
TTMT,9413277,หอมเทพจิตร,หอมเทพจิตร,ยาผง,โรงพยาบาลเขาคิชฌกูฏ,ACTIVE
TTMT,9413283,หอมนวโกฐ,หอมนวโกฐ,ยาผง,โรงพยาบาลเขาคิชฌกูฏ,ACTIVE
TTMT,9413296,ประสะจันทน์แดง ,ประสะจันทน์แดง ,ยาแคปซูล,โรงพยาบาลเขาคิชฌกูฏ,ACTIVE
TTMT,9413306,แก้ไอผสมมะขามป้อม สูตรตำรับที่ 2,ยาแก้ไอผสมมะขามป้อม สูตรตำรับที่ 2,ยาน้ำ,โรงพยาบาลเขาคิชฌกูฏ,ACTIVE
TTMT,9413310,ธาตุอบเชย ,ยาธาตุอบเชย ,ยาน้ำ,โรงพยาบาลเขาคิชฌกูฏ,ACTIVE
TTMT,9413334,แก้ไอผสมมะขามป้อม สูตรตำรับที่ 1,ยาแก้ไอผสมมะขามป้อม ตราไฟโตแคร์,ยาน้ำ,บริษัท ผลิตภัณฑ์สมุนไพรไทย จำกัด,ACTIVE
TTMT,9413347,สมุนไพรแช่เท้า (รพ.ศรีเชียงใหม่),สมุนไพรแช่เท้า,ยาแช่,โรงพยาบาลศรีเชียงใหม่,ACTIVE
TTMT,9413352,แก้ไอผสมมะขามป้อม สูตรตำรับที่ 2,ยาน้ำแก้ไอมะขามป้อม,ยาน้ำแขวนตะกอน,โรงพยาบาลทับคล้อ,ACTIVE
TTMT,9413368,ยาประคบ,ยาประคบสมุนไพรแห้ง,ยาประคบ,โรงพยาบาลทับคล้อ,ACTIVE
TTMT,9413375,พิมเสนน้ำ,พิมเสนน้ำ กลิ่นส้ม,ยาดม,โรงพยาบาลทับคล้อ,ACTIVE
TTMT,9413381,อบสมุนไพร,ชุดอบสมุนไพร,ยาต้ม,โรงพยาบาลทับคล้อ,ACTIVE
TTMT,9413399,ยาดมสมุนไพร,ยาดมสมุนไพร,ยาดม,โรงพยาบาลทับคล้อ,ACTIVE
TTMT,9413404,ยาประคบ,ยาประคบสมุนไพร,ยาประคบ,โรงพยาบาลส่งเสริมสุขภาพตำบลบ้านสงาว,ACTIVE
TTMT,9413415,ตรีผลา / พิกัดตรีผลา ,โรงพยาบาลพนา,ยาชง,โรงพยาบาลพนา,ACTIVE
TTMT,9413427,บำรุงน้ำนม (รพ.พนา),โรงพยาบาลพนา,ยาชง,โรงพยาบาลพนา,ACTIVE
TTMT,9413436,แก้ไอมะขามป้อม สูตรพนาพรรณ,โรงพยาบาลพนา,ยาน้ำ,โรงพยาบาลพนา,ACTIVE
TTMT,9413443,แก้ไอมะขามป้อม สูตรพนาพรรณ 2,โรงพยาบาลพนา,ยาน้ำ,โรงพยาบาลพนา,ACTIVE
TTMT,9413458,จิตรารมณ์,ยาหอมจิตรารมณ์แคปซูล,ยาแคปซูล,โรงพยาบาลพนา,ACTIVE
TTMT,9413470,หม่องกัญชา (โรงพยาบาลระโนด),ยาหม่องกัญชา,ขี้ผึ้ง,โรงพยาบาลระโนด,ACTIVE
TTMT,9413489,แช่เท้า,ยาแช่เท้า,ยาแช่,โรงพยาบาลระโนด,ACTIVE
TTMT,9413491,ยาพอกเข่า,ยาพอกเข่า,ยาพอก,โรงพยาบาลระโนด,ACTIVE
TTMT,9413502,ตรีผลา / พิกัดตรีผลา ,ยาตรีผลา,ยาน้ำ,โรงพยาบาลระโนด,ACTIVE
TTMT,9413518,ประสะน้ำนม,น้ำสายใยรัก,ยาน้ำ,โรงพยาบาลระโนด,ACTIVE
TTMT,9413525,แก้คัน (โรงพยาบาลระโนด),ทิงเจอร์แก้คันทองพันชั่ง,ทิงเจอร์,โรงพยาบาลระโนด,ACTIVE
TTMT,9413539,กำจัดเหา,ยากำจัดเหา,ทิงเจอร์,โรงพยาบาลระโนด,ACTIVE
TTMT,9413556,ประสะไพล,ยาประสะไพล ชนิดแคปซูล,ยาแคปซูล,โรงพยาบาลมหาวิทยาลัยแม่ฟ้าหลวง,ACTIVE
TTMT,9413560,น้ำมันบรรเทาอาการคัดจมูกเนื่องจากหวัด,ยาน้ำมันบรรเทาอาการคัดจมูกเนื่องจากหวัด สูตร 3,ยาเข้าน้ำมัน,โรงพยาบาลมหาวิทยาลัยแม่ฟ้าหลวง,ACTIVE
TTMT,9413573,น้ำมันบรรเทาอาการปวดเมื่อยตามร่างกาย,ยาน้ำมันบรรเทาอาการปวดเมื่อยตามร่างกาย สูตร 9,ยาเข้าน้ำมัน,โรงพยาบาลมหาวิทยาลัยแม่ฟ้าหลวง,ACTIVE
TTMT,9413587,จันทน์ลีลา,ยาจันทลีลา ชนิดแคปซูล,ยาแคปซูล,โรงพยาบาลมหาวิทยาลัยแม่ฟ้าหลวง,ACTIVE
TTMT,9413594,ปราบชมพูทวีป,ยาปราบชมพูทวีป ชนิดแคปซูล,ยาแคปซูล,โรงพยาบาลมหาวิทยาลัยแม่ฟ้าหลวง,ACTIVE
TTMT,9413600,ล้างพิษทิพย์โอสถ,ล้างพิษทิพย์โอสถ,ยาต้ม,โรงพยาบาลเสนางคนิคม,ACTIVE
TTMT,9413616,ยาประคบ,ยาประคบ,ยาประคบ,โรงพยาบาลผาขาว,ACTIVE
TTMT,9413628,ปลูกไฟธาตุ,ปลูกไฟธาตุ,ยาต้ม,โรงพยาบาลผาขาว,ACTIVE
TTMT,9413637,ผสมโคคลาน สูตรตำรับที่ 1 ,ยาผสมโคคลาน,ยาต้ม,โรงพยาบาลผาขาว,ACTIVE
TTMT,9413644,สตรีหลังคลอด,ยาสตรีหลังคลอด,ยาต้ม,โรงพยาบาลผาขาว,ACTIVE
TTMT,9413659,อบสมุนไพร,ยาอบสมุนไพร,ยาต้ม,โรงพยาบาลผาขาว,ACTIVE
TTMT,9413663,พอกเข่า,ยาพอกเข่า,ยาผง,โรงพยาบาลพระพุทธบาท,ACTIVE
TTMT,9413671,สเปร์ยกระดูกไก่ดำ,กระดูกไก่ดำสเปรย์,ยาน้ำ,โรงพยาบาลพระพุทธบาท,ACTIVE
TTMT,9413685,น้ำมันผสมขิง,ยาน้ำมันผสมขิง,ยาเข้าน้ำมัน,โรงพยาบาลพระพุทธบาท,ACTIVE
TTMT,9413692,น้ำมันกระดูกไก่ดำ,น้ำมันกระดูกไก่ดำ,ยาเข้าน้ำมัน,โรงพยาบาลพระพุทธบาท,ACTIVE
TTMT,9413709,หม่องไพล/บาล์มไพล/ไพลบาล์ม / ขี้ผึ้งไพล,ยาหม่องสมุนไพร,ขี้ผึ้ง,โรงพยาบาลพระพุทธบาท,ACTIVE
TTMT,9413713,สเปร์ยกระดูกไก่ดำ,ยาสเปรย์กระดูกไก่ดำ,ยาน้ำ,โรงพยาบาลโพธิ์ตาก,ACTIVE
TTMT,9413721,อบสมุนไพร,ยาอบสมุนไพร,ยาต้ม,โรงพยาบาลโพธิ์ตาก,ACTIVE
TTMT,9413732,น้ำมันกัญชาผสมไพล,น้ำมันกัญ-ไพล,ยาเข้าน้ำมัน,สำนักงานสาธารณสุขจังหวัดลำปาง,ACTIVE
TTMT,9413745,สมุนไพรพอกเข่า,ยาสมุนไพรพอกเข่า สูตร Lampang Model,ยาผง,สำนักงานสาธารณสุขจังหวัดลำปาง,ACTIVE
TTMT,9413750,สมุนไพรพอกหน้า,5 สหาย พอกหน้า ชะลอวัย,ยาผง,สำนักงานสาธารณสุขจังหวัดลำปาง,ACTIVE
TTMT,9413766,ยาประคบ,ยาประคบสมุนไพรสด,ยาประคบ,โรงพยาบาลท่าตะเกียบ,ACTIVE
TTMT,9413778,พอกสมุนไพรบุญมี (สูตรหมอพื้นบ้าน),ยาพอกสมุนไพรบุญมี (สูตรหมอพื้นบ้าน),ยาพอก,โรงพยาบาลท่าตะเกียบ,ACTIVE
TTMT,9413784,พอกสมุนไพร 5 พยัคฆ์,ยาพอก 5 พยัคฆ์,ยาดอง,โรงพยาบาลท่าตะโก,ACTIVE
TTMT,9413797,พอกแก้กษัยเส้นกำเริบ,ยาแก้กษัยเส้นกำเริบ,ยาผง,โรงพยาบาลท่าตะโก,ACTIVE
TTMT,9413807,น้ำมันสมุนไพรเบญจพฤกษ์,น้ำมันเบญจพฤกษ์,ยาเข้าน้ำมัน,โรงพยาบาลท่าตะโก,ACTIVE
TTMT,9413811,เนียมหูเสือ,เจลเนียมหูเสือ,เจล,โรงพยาบาลท่าตะโก,ACTIVE
TTMT,9413824,ยาประคบ,ยาประคบ โรงพยาบาลท่าตะโก,ยาประคบ,โรงพยาบาลท่าตะโก,ACTIVE
TTMT,9413830,เม็ดอมอดบุหรี่หญ้าดอกขาว,หญ้าดอกขาว,ยาลูกกลอน,โรงพยาบาลพิชัย,ACTIVE
TTMT,9413848,ประสระน้ำนม ตราพารา สูตร 2,ยาประสะน้ำนม ตราพารา สูตร 2,ยาเม็ด,บริษัท พาราฟาร์มาซูติคอล จำกัด,ACTIVE
TTMT,9413853,สตรีบัวแก้ว ตราพารา สูตร 2,ยาสตรีบัวแก้ว ตราพารา,ยาน้ำ,บริษัท พาราฟาร์มาซูติคอล จำกัด,ACTIVE
TTMT,9413869,สารสกัดสมุนไพรรวม 8 ชนิด,จีพีโอ ไฟโทเพล็กซ์ แคปซูล,ยาแคปซูล,องค์การเภสัชกรรม,ACTIVE
TTMT,9413876,พอกเข่า สูตร 1 (โรงพยาบาลพล),ยาพอกเข่าสูตร 1,ยาพอก,โรงพยาบาลพล,ACTIVE
TTMT,9413882,พอกเข่าสูตร 2 (โรงพยาบาลพล),ยาพอกเข่าสูตร 2,ยาพอก,โรงพยาบาลพล,ACTIVE
TTMT,9413895,พิมเสนน้ำ,พิมเสนน้ำ พลทิพย์,ยาน้ำ,โรงพยาบาลพล,ACTIVE
TTMT,9413905,ต้มแก้โรคผิวหนัง,ยาต้มแก้โรคผิวหนัง,ยาต้ม,โรงพยาบาลพล,ACTIVE
TTMT,9413914,บำรุงน้ำนม (รพ.พล),ยาบำรุงน้ำนม,ยาต้ม,โรงพยาบาลพล,ACTIVE
TTMT,9413922,บำรุงธาตุ (โรงพยาบาลพล),ยาบำรุงธาตุ,ยาต้ม,โรงพยาบาลพล,ACTIVE
TTMT,9413933,ดมสมุนไพร,ยาดมพลยุทธ์,ยาดม,โรงพยาบาลพล,ACTIVE
TTMT,9413946,ธรณีสันฑะฆาต,ยาธรณีสันฑะฆาต,ยาแคปซูล,บริษัท ทิพย์เกสร เฮิร์บ แอนด์ เฮลท์ จำกัด ,ACTIVE
TTMT,9413951,ถ่ายดีเกลือฝรั่ง ,ยาถ่าย ตราทิพย์เกสร,ยาแคปซูล,บริษัท ทิพย์เกสร เฮิร์บ แอนด์ เฮลท์ จำกัด ,ACTIVE
TTMT,9413967,เบญจกูล / พิกัดเบญจกูล,ยาเบญจกูล,ยาแคปซูล,บริษัท ทิพย์เกสร เฮิร์บ แอนด์ เฮลท์ จำกัด ,ACTIVE
TTMT,9413979,กษัยเส้น (ทิพย์เกสร เฮิร์บ แอนด์ เฮลท์),ยากษัยเส้น,ยาแคปซูล,บริษัท ทิพย์เกสร เฮิร์บ แอนด์ เฮลท์ จำกัด ,ACTIVE
TTMT,9413980,บำรุงโลหิต,ยาบำรุงโลหิต,ยาแคปซูล,บริษัท ทิพย์เกสร เฮิร์บ แอนด์ เฮลท์ จำกัด ,ACTIVE
TTMT,9413998,ตรีผลา / พิกัดตรีผลา ,ยาตรีผลา,ยาแคปซูล,บริษัท ทิพย์เกสร เฮิร์บ แอนด์ เฮลท์ จำกัด ,ACTIVE
TTMT,9414007,ปราบชมพูทวีป,ยาปราบชมพูทวีป,ยาแคปซูล,บริษัท ทิพย์เกสร เฮิร์บ แอนด์ เฮลท์ จำกัด ,ACTIVE
TTMT,9414011,ประสะเจตพังคี,ยาประสะเจตพังคี,ยาแคปซูล,บริษัท ทิพย์เกสร เฮิร์บ แอนด์ เฮลท์ จำกัด ,ACTIVE
TTMT,9414024,ประสะไพล,ยาประสะไพลชนิดแคปซูล,ยาแคปซูล,บริษัท ทิพย์เกสร เฮิร์บ แอนด์ เฮลท์ จำกัด ,ACTIVE
TTMT,9414030,วิสัมพญาใหญ่,ยาแคปซูลวิสัมพยาใหญ่ ตราทีเอฟดี,ยาแคปซูล,บริษัท ไทยเอฟดี จำกัด,ACTIVE
TTMT,9414048,แก้โรคจิต,ยาแก้โรคจิต ตราทีเอฟดี,ยาแคปซูล,บริษัท ไทยเอฟดี จำกัด,ACTIVE
TTMT,9414053,ทำลายพระสุเมรุ,ยาทำลายพระสุเมรุ ตรามีเอฟดี,ยาแคปซูล,บริษัท ไทยเอฟดี จำกัด,ACTIVE
TTMT,9414069,สารสกัดขมิ้นชัน,แอนติออกซ์ ANTIOX,ยาแคปซูล,องค์การเภสัชกรรม,ACTIVE
TTMT,9414076,เถาวัลย์เปรียง,ยาเถาวัลย์เปรียงแคปซูล ,ยาแคปซูล,โรงพยาบาลกุดชุม,ACTIVE
TTMT,9414082,น้ำมันไพล,ยาน้ำมันไพล,ยาเข้าน้ำมัน,โรงพยาบาลห้วยคต,ACTIVE
TTMT,9414095,ไพล,ยาไพล,ครีม,โรงพยาบาลห้วยคต,ACTIVE
TTMT,9414105,ขิง,ขิงผง,ยาชง,โรงพยาบาลห้วยคต,ACTIVE
TTMT,9414114,กระเจี๊ยบแดง,กระเจี๊ยบแดง,ยาชง,โรงพยาบาลห้วยคต,ACTIVE
TTMT,9414122,มังคุด/เปลือกมังคุด,ยาเปลือกมังคุด,ยาน้ำ,โรงพยาบาลห้วยคต,ACTIVE
TTMT,9414133,พลู,ทิงเจอร์พลู,ทิงเจอร์,โรงพยาบาลห้วยคต,ACTIVE
TTMT,9414146,ไพล,ครีมไพล,ครีม,โรงพยาบาลทับคล้อ,ACTIVE
TTMT,9414151,ฟ้าทะลายโจร,ฟ้าทะลายโจรลูกกลอน,ยาลูกกลอน,โรงพยาบาลสูงเนิน,ACTIVE
TTMT,9414167,รางจืด,รางจืดชาชง,ยาชง,โรงพยาบาลสูงเนิน,ACTIVE
TTMT,9414179,สารสกัดแครนเบอรี่,เอลลูร่า แคปซูล,ยาแคปซูล,บริษัท หาญไทยฟาร์มา (2508) จำกัด,ACTIVE
TTMT,9414180,ขมิ้นชัน,ขมิ้นชันแคปซูล 500,ยาแคปซูล,บริษัท ผลิตภัณฑ์สมุนไพรไทย จำกัด,ACTIVE
TTMT,9414198,บาล์มสมุนไพร,ซีบาแนค บาล์ม,ขี้ผึ้ง,องค์การเภสัชกรรม,ACTIVE
TTMT,9414200,ยาประคบ,ลูกประคบ,ยาประคบ,โรงพยาบาลกุดชุม,ACTIVE
TTMT,9414216,ประสะมะแว้ง,ยาอมแก้ไอประสะมะแว้ง,ยาลูกกลอน,โรงพยาบาลกุดชุม,ACTIVE
TTMT,9414228,ธาตุอบเชย ,ยาธาตุอบเชย ,ยาน้ำ,โรงพยาบาลกุดชุม,ACTIVE
TTMT,9414237,หม่องสมุนไพร,ยาหม่องสมุนไพล,ขี้ผึ้ง,โรงพยาบาลทับคล้อ,ACTIVE
TTMT,9414244,สเปรย์เบญจสมุนไพร,สเปรย์เบญจสมุนไพร,ทิงเจอร์,โรงพยาบาลทับคล้อ,ACTIVE
TTMT,9414259,สเปรย์อโรม่า,สเปรย์อโรม่า,ยาเข้าน้ำมัน,โรงพยาบาลทับคล้อ,ACTIVE
TTMT,9414263,ครีมไพล,ยาหม่องเจลไพล,ครีม,โรงพยาบาลทับคล้อ,ACTIVE
TTMT,9414271,สเปรย์แก้ไอ,สเปรย์แก้ไอ ตราตะขาบ 5 ตัว,ยาน้ำ,บริษัท สเปเชียลตี้ อินโนเวชั่น จำกัด,ACTIVE
TTMT,9414285,พอกเข่าสมุนไพร,ยาพอกเข่า สูตรโรงพยาบาลสะเดา,ยาพอก,โรงพยาบาลสะเดา,ACTIVE
TTMT,9414292,สเปร์ยกระดูกไก่ดำ,ยาสเปรย์กระดูกไก่ดำ,ยาน้ำ,โรงพยาบาลห้วยคต,ACTIVE
TTMT,9414302,พิมเสนน้ำ,ยาพิมเสนน้ำ,ยาน้ำ,โรงพยาบาลห้วยคต,ACTIVE
TTMT,9414318,ขี้ผึ้งไพล สูตรตำรับที่ 1, ยาขี้ผึ้งไพลสูตรตำรับที่ 1,ขี้ผึ้ง,โรงพยาบาลห้วยคต,ACTIVE
TTMT,9414339,พอกเย็น (รพ.ห้วยคต),ยาพอกเย็น,ยาผง,โรงพยาบาลห้วยคต,ACTIVE
TTMT,9414341,ธาตุอบเชย ,ยาธาตุอบเชย,ยาน้ำ,โรงพยาบาลห้วยคต,ACTIVE
TTMT,9414356,ยาประคบ,ยาประคบ(แห้ง),ยาประคบ,โรงพยาบาลห้วยคต,ACTIVE
TTMT,9414360,ยาประคบ,ยาประคบ(สด),ยาประคบ,โรงพยาบาลห้วยคต,ACTIVE
TTMT,9414373,อบสมุนไพร,ยาอบสมุนไพร,ยาต้ม,โรงพยาบาลห้วยคต,ACTIVE
TTMT,9414387,เบญจกูล / พิกัดเบญจกูล,ยาเบญจกูล,ยาผง,โรงพยาบาลห้วยคต,ACTIVE
TTMT,9414394,เบญจกูล / พิกัดเบญจกูล,ยาเบญจกูล,ยาแคปซูล,โรงพยาบาลห้วยคต,ACTIVE
TTMT,9414409,สตรีหลังคลอด,ยาสตรีหลังคลอด,ยาต้ม,โรงพยาบาลห้วยคต,ACTIVE
TTMT,9414413,ผสมโคคลาน สูตรตำรับที่ 3,ยาผสมโคคลานสูตรตำรับที่ 3,ยาต้ม,โรงพยาบาลห้วยคต,ACTIVE
TTMT,9414421,เหลืองปิดสมุทร,ยาเหลืองปิดสมุทร ชนิดแคปซูล,ยาแคปซูล,บริษัท แก้วมังกรเภสัช จำกัด,ACTIVE
TTMT,9414432,ธาตุอบเชย ,ยาธาตุอบเชย  ตราเคเอ็มพี,ยาน้ำ,บริษัท แก้วมังกรเภสัช จำกัด,ACTIVE
TTMT,9414445,ธาตุอบเชย ,ยาธาตุอบเชย,ยาน้ำ,บริษัท แก้วมังกรเภสัช จำกัด,ACTIVE
TTMT,9414450,ริดสีดวงมหากาฬ (ตำรับในระบบทางเดินอาหารส่วนกลางและส่วนปลาย),ยาบรรเทารีดสีดวงทวาร  ตราอายุรเวทศิริราช,ยาลูกกลอน,สถานการแพทย์แผนไทยประยุกต์ คณะแพทยศาสตร์ศิริราชพยาบาล มหาวิทยาลัยมหิดล,ACTIVE
TTMT,9414466,ลูกประคบสมุนไพร for mom,ลูกประคบสมุนไพร for mom ตราอายุรเวทศิริราช,ยาประคบ,สถานการแพทย์แผนไทยประยุกต์ คณะแพทยศาสตร์ศิริราชพยาบาล มหาวิทยาลัยมหิดล,ACTIVE
TTMT,9414478,ลูกประคบสมุนไพร soft,ลูกประคบสมุนไพร soft ตราอายุรเวทศิริราช,ยาประคบ,สถานการแพทย์แผนไทยประยุกต์ คณะแพทยศาสตร์ศิริราชพยาบาล มหาวิทยาลัยมหิดล,ACTIVE
TTMT,9414484,อมตราโยคี,ยาอมตราโยคี,ยาเม็ด,บริษัท ศิริบัญชา จำกัด,ACTIVE
TTMT,9414497,อมผสมมะขามป้อม ตราแสงดาว,ยาอมผสมมะขามป้อม ตราแสงดาว,ยาเม็ด,บริษัท ศิริบัญชา จำกัด,ACTIVE
TTMT,9414506,พอกเย็น (รพ.สะบ้าย้อย),ยาพอกสูตรเย็น,ยาน้ำ,โรงพยาบาลสะบ้าย้อย,ACTIVE
TTMT,9414510,พอกร้อน (รพ.สะบ้าย้อย),ยาพอกสูตรร้อน,ยาเข้าน้ำมัน,โรงพยาบาลสะบ้าย้อย,ACTIVE
TTMT,9414523,แก้น้ำกัดเท้า,ยาแก้น้ำกัดเท้า,ทิงเจอร์,โรงพยาบาลสะบ้าย้อย,ACTIVE
TTMT,9414534,หม่องไพล/บาล์มไพล/ไพลบาล์ม / ขี้ผึ้งไพล,ยา Saba Halebor (ยาหม่อง),ขี้ผึ้ง,โรงพยาบาลสะบ้าย้อย,ACTIVE
TTMT,9414547,ชาชงกระตุ้นน้ำนม,ชาชงกระตุ้นน้ำนมสูตรน้ำนมราชสีห์และนมนาง,ยาชง,โรงพยาบาลสอง,ACTIVE
TTMT,9414552,บำรุงน้ำนม (รพ.ควนเนียง),ยาบำรุงน้ำนม,ยาน้ำ,โรงพยาบาลควนเนียง,ACTIVE
TTMT,9414568,พอกเข่า (รพ.ควนเนียง),ยาพอกเข่า,ยาพอก,โรงพยาบาลควนเนียง,ACTIVE
TTMT,9414575,สหัศธารา,ยาสหัศธารา ชนิดแคปซูล,ยาแคปซูล,บริษัท เจริญสุขเภสัช (เจริญสุขกรุ๊ป),ACTIVE
TTMT,9414581,กษัยเส้น,กษัยเส้นลูกกลอน,ยาลูกกลอน,โรงพยาบาลสูงเนิน,ACTIVE
TTMT,9414599,ยาประคบ,ลูกประคบ,ยาประคบ,โรงพยาบาลสูงเนิน,ACTIVE
TTMT,9414608,สหัศธารา,สหัศธาราแคปซูล,ยาแคปซูล,โรงพยาบาลสูงเนิน,ACTIVE
TTMT,9414612,หอมนวโกฐ,หอมนวโกฐ,ยาผง,โรงพยาบาลสูงเนิน,ACTIVE
TTMT,9414620,สมุนไพรอบตัว,ชุดอบไอน้ำ,ยาต้ม,โรงพยาบาลสูงเนิน,ACTIVE
TTMT,9414631,อมสมุนไพร (รพ.สูงเนิน),ยาอมสมุนไพร,ยาลูกกลอน,โรงพยาบาลสูงเนิน,ACTIVE
TTMT,9414649,ศุขไสยาศน์,ยาศุขไสยาศน์,ยาแคปซูล,โรงพยาบาลบ้านตาก,ACTIVE
TTMT,9414654,แก้ลมแก้เส้น,แก้ลมแก้เส้น ยาแผนไทย,ยาแคปซูล,โรงพยาบาลบ้านตาก,ACTIVE
TTMT,9414665,บาล์มกัญไพล,บาล์มกัญไพล RB Herb,ขี้ผึ้ง,โรงพยาบาลราชบุรี,ACTIVE
TTMT,9414677,ยาประคบ,ยาประคบสมุนไพรสด,ยาประคบ,โรงพยาบาลบางแพ,ACTIVE
TTMT,9414683,สบู่กัญชา,สบู่กัญชา Amber Soap,อื่นๆ,โรงพยาบาลหนองฉาง,ACTIVE
TTMT,9414696,น้ำมันสมุนไพรเหลืองไพรมรกต,น้ำมันสมุนไพรเหลืองไพรมรกต,ยาเข้าน้ำมัน,โรงพยาบาลส่งเสริมสุขภาพตำบลบ้านเขาล้อ,ACTIVE
TTMT,9414704,หม่องสมุนไพร / หม่อง / หม่องแก้ปวด,ยาหม่องพฤกษากษัยเส้น,ขี้ผึ้ง,โรงพยาบาลส่งเสริมสุขภาพตำบลบ้านเขาล้อ,ACTIVE
TTMT,9414715,ยาประคบ,ยาประคบ โรงพยาบาลส่งเสริมสุขภาพตำบลบ้านเขาล้อ,ยาประคบ,โรงพยาบาลส่งเสริมสุขภาพตำบลบ้านเขาล้อ,ACTIVE
TTMT,9414727,น้ำมันยาสมุนไพรสุมอโรม่า,น้ำมันยาสุมอโรม่า,ยาเข้าน้ำมัน,โรงพยาบาลส่งเสริมสุขภาพตำบลบ้านเขาล้อ,ACTIVE
TTMT,9414736,ดมสมุนไพร,ยาดมหอมจันทร์,ยาดม,โรงพยาบาลส่งเสริมสุขภาพตำบลบ้านเขาล้อ,ACTIVE
TTMT,9414743,พอกสมุนไพรไพรพฤกษ์,ยาพอกไพรพฤกษ์,ยาดอง,โรงพยาบาลส่งเสริมสุขภาพตำบลบ้านเขาล้อ,ACTIVE
TTMT,9414758,น้ำมันไพลผสมใบกัญชา,เพลินไพล,ยาเข้าน้ำมัน,โรงพยาบาลโซ่พิสัย,ACTIVE
TTMT,9414762,หม่องไพล/บาล์มไพล/ไพลบาล์ม / ขี้ผึ้งไพล,ขี้ผึ้งไพล,ขี้ผึ้ง,โรงพยาบาลโซ่พิสัย,ACTIVE
TTMT,9414770,ครีมไพลกัญชา,ครีมไพลกัญชา,ครีม,โรงพยาบาลเพชรบูรณ์,ACTIVE
TTMT,9414789,ครีมกัญชาบาตู,ครีมกัญชาบาตู,ครีม,โรงพยาบาลเพชรบูรณ์,ACTIVE
TTMT,9414791,สเปรย์กระดูกไก่ดำ,สเปรย์กระดูกไก่ดำ,ยาน้ำ,โรงพยาบาลเสนา,ACTIVE
TTMT,9414801,เขียวหอม,สายบุรีเฮิร์บ,ยาแคปซูล,โรงพยาบาลสมเด็จพระยุพราชสายบุรี,ACTIVE
TTMT,9414817,จันทน์ลีลา,สายบุรีเฮิร์บ,ยาแคปซูล,โรงพยาบาลสมเด็จพระยุพราชสายบุรี,ACTIVE
TTMT,9414829,ธาตุบรรจบ ,สายบุรีเฮิร์บ,ยาแคปซูล,โรงพยาบาลสมเด็จพระยุพราชสายบุรี,ACTIVE
TTMT,9414838,เบญจกูล / พิกัดเบญจกูล,สายบุรีเฮิร์บ,ยาแคปซูล,โรงพยาบาลสมเด็จพระยุพราชสายบุรี,ACTIVE
TTMT,9414840,ธรณีสันฑะฆาต,สายบุรีเฮิร์บ,ยาแคปซูล,โรงพยาบาลสมเด็จพระยุพราชสายบุรี,ACTIVE
TTMT,9414855,หอมนวโกฐ,สายบุรีเฮิร์บ,ยาแคปซูล,โรงพยาบาลสมเด็จพระยุพราชสายบุรี,ACTIVE
TTMT,9414864,ผสมเพชรสังฆาต สูตรตำรับที่ 2,ยาผสมเพชรสังฆาตแคปซูล,ยาแคปซูล,บริษัท ผลิตภัณฑ์สมุนไพรไทย จำกัด,ACTIVE
TTMT,9414872,รางจืด,ยารางจืด,ยาแคปซูล,โรงพยาบาลจะแนะ,ACTIVE
TTMT,9414886,กล้วย,กล้วยผง,ยาผง,โรงพยาบาลดอนตูม,ACTIVE
TTMT,9414893,ไพล,ครีมไพล โรงพยาบาลพนา,ครีม,โรงพยาบาลพนา,ACTIVE
TTMT,9414903,ข่า,ทิงเจอร์ข่า,ทิงเจอร์,โรงพยาบาลสว่างอารมณ์,ACTIVE
TTMT,9414919,ขิง,ขิงแคปซูล,ยาแคปซูล,โรงพยาบาลพระอาจารย์ฝั้นอาจาโร,ACTIVE
TTMT,9414926,บัวบก,บัวบกแคปซูล,ยาแคปซูล,โรงพยาบาลพระอาจารย์ฝั้นอาจาโร,ACTIVE
TTMT,9414935,มะขามแขก,มะขามแขกแคปซูล,ยาแคปซูล,โรงพยาบาลพระอาจารย์ฝั้นอาจาโร,ACTIVE
TTMT,9414942,ว่านหางจระเข้,เจลว่านหางจระเข้,เจล,โรงพยาบาลพระอาจารย์ฝั้นอาจาโร,ACTIVE
TTMT,9414957,พญายอ,ขี้ผึ้งพญายอ,ขี้ผึ้ง,โรงพยาบาลพระอาจารย์ฝั้นอาจาโร,ACTIVE
TTMT,9414961,มะขามแขก,ยาแคปซูลมะขามแขก ตราสตาริน่า,ยาแคปซูล,บริษัท สเปเชียลตี้ อินโนเวชั่น จำกัด,ACTIVE
TTMT,9414974,ขิง,ยาชงขิง,ยาชง,บริษัท สเปเชียลตี้ อินโนเวชั่น จำกัด,ACTIVE
TTMT,9414988,ตำรับคลายเครียด,ตำรับยาคลายเครียด,ยาต้ม,โรงพยาบาลการแพทย์แผนไทยและการแพทย์ผสมผสาน,ACTIVE
TTMT,9414990,ตำรับบำรุงเลือด,ตำรับยาบำรุงเลือด,ยาต้ม,โรงพยาบาลการแพทย์แผนไทยและการแพทย์ผสมผสาน,ACTIVE
TTMT,9415008,ตำรับปรับสมดุลไต,ตำรับยาปรับสมดุลไต,ยาต้ม,โรงพยาบาลการแพทย์แผนไทยและการแพทย์ผสมผสาน,ACTIVE
TTMT,9415012,ตำรับปรับเลือดลม,ตำรับยาปรับเลือดลม,ยาต้ม,โรงพยาบาลการแพทย์แผนไทยและการแพทย์ผสมผสาน,ACTIVE
TTMT,9415020,ตำรับช่วยย่อย,ตำรับยาช่วยย่อย,ยาต้ม,โรงพยาบาลการแพทย์แผนไทยและการแพทย์ผสมผสาน,ACTIVE
TTMT,9415031,ตำรับบำรุงระบบย่อยอาหาร,ตำรับบำรุงระบบย่อยอาหาร,ยาต้ม,โรงพยาบาลการแพทย์แผนไทยและการแพทย์ผสมผสาน,ACTIVE
TTMT,9415049,แก้ไอพื้นบ้านอีสาน,ยาแก้ไอพื้นบ้านอีสาน,ยาน้ำ,ห้างหุ้นส่วนจำกัด ไร่ อรุณพร,ACTIVE
TTMT,9415054,ยาประคบ,ยาประคบ ชนิดสมุนไพรแห้ง ตราไร่อรุณพร,ยาประคบ,ห้างหุ้นส่วนจำกัด ไร่ อรุณพร,ACTIVE
TTMT,9415065,น้ำมันบรรเทาอาการปวดเมื่อยตามร่างกาย,ยาน้ำมันบรรเทาอาการปวดเมื่อยตามร่างกาย สูตร 14 ตรา อรุณพร ไทย เฮิร์บ,ยาเข้าน้ำมัน,ห้างหุ้นส่วนจำกัด ไร่ อรุณพร,ACTIVE
TTMT,9415077,หม่อง บรรเทาอาการปวดเมื่อยตามร่างกาย สูตร 4,ยาหม่อง บรรเทาอาการปวดเมื่อยตามร่างการ สูตร 4 ตรา อรุณพร ไทย เฮิร์บ,ขี้ผึ้ง,ห้างหุ้นส่วนจำกัด ไร่ อรุณพร,ACTIVE
TTMT,9415083,หอมเทพจิตร,ยาหอมเทพจิตร ชนิดน้ำ,ยาน้ำ,กองพัฒนายาแผนไทยและสมุนไพร กรมการแพทย์แผนไทยและการแพทย์ทางเลือก,ACTIVE
TTMT,9415096,สเปรย์กระดูกไก่ดำ,มัสคูล สเปรย์,ยาน้ำ,มูลนิธิ โรงพยาบาลเจ้าพระยาอภัยภูเบศร,ACTIVE
TTMT,9415106,แผ่นพอกสมุนไพรลดปวด,แผ่นยาพอกสมุนไพรลดปวด,ยาพอก,โรงพยาบาลสมเด็จพระยุพราชท่าบ่อ,ACTIVE
TTMT,9415110,สหัศธารา,ยาสหัศธารา,ยาแคปซูล,โรงพยาบาลจะแนะ,ACTIVE
TTMT,9415123,พอกสมุนไพร สูตร 1 (รพ.เนินสง่า),แผ่นพอกสมุนไพร,ยาพอก,โรงพยาบาลเนินสง่า,ACTIVE
TTMT,9415134,พอกสมุนไพร สูตร 2 (รพ.เนินสง่า),ยาพอกดูดพิษ,ยาพอก,โรงพยาบาลเนินสง่า,ACTIVE
TTMT,9415147,แช่มือ แช่เท้า,ยาแช่มือ แช่เท้าสมุนไพร,ยาแช่,โรงพยาบาลเนินสง่า,ACTIVE
TTMT,9415152,ทาพระเส้น,ยาทาพระเส้น,ยาน้ำ,กองพัฒนายาแผนไทยและสมุนไพร กรมการแพทย์แผนไทยและการแพทย์ทางเลือก,ACTIVE
TTMT,9415168,หอมนวโกฐ,ยาหอมนวโกฐ ชนิดน้ำ,ยาน้ำ,กองพัฒนายาแผนไทยและสมุนไพร กรมการแพทย์แผนไทยและการแพทย์ทางเลือก,ACTIVE
TTMT,9415175,ธรณีสันฑะฆาต,ยาธรณีสันฑะฆาต,ยาแคปซูล,บริษัท กรุงเทพทิพโอสถ จำกัด,ACTIVE
TTMT,9415181,ห้าราก / แก้ไข้ห้าราก / แก้วห้าดวง / เบญจโลกวิเชียร ,ยาห้าราก,ยาแคปซูล,บริษัท กรุงเทพทิพโอสถ จำกัด,ACTIVE
TTMT,9415199,ตรีผลา / พิกัดตรีผลา ,ยาตรีผลาแคปซูล,ยาแคปซูล,บริษัท กรุงเทพทิพโอสถ จำกัด,ACTIVE
TTMT,9415201,น้ำมันกัญชา,ยาน้ำมันกัญชา ธัญญาสุตรา,ยาเข้าน้ำมัน,บริษัท ธัญญา สุตรา จำกัด,ACTIVE
TTMT,9415217,ศุขไสยาศน์,ยาศุขไสยาศน์ ชนิดแคปซูล,ยาแคปซูล,บริษัท ธัญญา สุตรา จำกัด,ACTIVE
TTMT,9415229,แก้ไอผสมมะขามป้อม (บริษัท แก้วมังกรเภสัช จำกัด),คอร์คอฟ,ยาน้ำ,บริษัท แก้วมังกรเภสัช จำกัด,ACTIVE
TTMT,9415238,แก้ไอผสมมะขามป้อม (บริษัท แก้วมังกรเภสัช จำกัด),คอร์ซิล,ยาน้ำ,บริษัท แก้วมังกรเภสัช จำกัด,ACTIVE
TTMT,9415240,แก้ไอผสมมะขามป้อม (บริษัท แก้วมังกรเภสัช จำกัด),ยาแก้ไอผสมมะขามป้อม,ยาน้ำ,บริษัท แก้วมังกรเภสัช จำกัด,ACTIVE
TTMT,9415255,ขี้ผึ้งแก้กลากเกลื้อน (บริษัท แก้วมังกรเภสัช จำกัด),เคพี88,ขี้ผึ้ง,บริษัท แก้วมังกรเภสัช จำกัด,ACTIVE
TTMT,9415264,หอมทิพโอสถ,ยาหอมทิพโอสถ,ยาแคปซูล,โรงพยาบาลดอนตูม,ACTIVE
TTMT,9415272,หอมทิพโอสถ,ยาหอมทิพโอสถ,ยาแคปซูล,โรงพยาบาลดอนตูม,ACTIVE
TTMT,9415286,หอมทิพโอสถ,ยาหอมทิพโอสถ,ยาผง,โรงพยาบาลดอนตูม,ACTIVE
TTMT,9415293,น้ำมันมหาจักร์,น้ำมันมหาจักร,ยาเข้าน้ำมัน,โรงพยาบาลพระนารายณ์มหาราช,ACTIVE
TTMT,9415303,น้ำมันกระดูกไก่ดำ,น้ำมันกระดูกไก่ดำ,ยาเข้าน้ำมัน,โรงพยาบาลสว่างอารมณ์,ACTIVE
TTMT,9415319,น้ำมันเถาเอ็นอ่อน,น้ำมันเถาเอ็นอ่อน,ยาเข้าน้ำมัน,โรงพยาบาลสว่างอารมณ์,ACTIVE
TTMT,9415326,หม่องเถาเอ็นอ่อน/บาล์มเถาเอ็นอ่อน/เถาเอ็นอ่อนบาล์ม/ขี้ผึ้งเถาเอ็นอ่อน,ยาหม่องเถาเอ็นอ่อน,ขี้ผึ้ง,โรงพยาบาลสว่างอารมณ์,ACTIVE
TTMT,9415335,ระบายฝักคูณ,ยาระบายฝักคูณ,ยาน้ำ,โรงพยาบาลสว่างอารมณ์,ACTIVE
TTMT,9415342,สมุนไพรอบตัว,สมุนไพรอบตัว,ยาต้ม,โรงพยาบาลสว่างอารมณ์,ACTIVE
TTMT,9415357,น้ำมันใส่แผล,น้ำมันเขียวพระอินทร์,ยาเข้าน้ำมัน,โรงพยาบาลสว่างอารมณ์,ACTIVE
TTMT,9415361,สมุนไพรเลิกบุหรี่,สเปรย์ยาม่านพระอินทร์,ยาน้ำ,โรงพยาบาลสว่างอารมณ์,ACTIVE
TTMT,9415374,พอกสมุนไพรร้อน,ผงวิเศษตาแปะยิ้มแป้น สูตร 1,ยาผง,โรงพยาบาลสว่างอารมณ์,ACTIVE
TTMT,9415388,พอกสมุนไพรเย็น,ผงวิเศษตาแปะยิ้มแป้น สูตร 2,ยาผง,โรงพยาบาลสว่างอารมณ์,ACTIVE
TTMT,9415390,แช่สมุนไพร้อน,ยาแช่สมุนไพร สูตร 1,ยาผง,โรงพยาบาลสว่างอารมณ์,ACTIVE
TTMT,9415405,แช่สมุนไพรเย็น,ยาแช่สมุนไพร สูตร 2,ยาผง,โรงพยาบาลสว่างอารมณ์,ACTIVE
TTMT,9415414,สุมกระหม่อม,ยาสุมสมุนไพร สูตร 1,ยาต้ม,โรงพยาบาลสว่างอารมณ์,ACTIVE
TTMT,9415422,สุมสมุนไพรรมไอน้ำ,ยาสุมสมุนไพร สูตร 2,ยาต้ม,โรงพยาบาลสว่างอารมณ์,ACTIVE
TTMT,9415433,ทาพระเส้น,ยาทาพระเส้น,ยาน้ำ,โรงพยาบาลสว่างอารมณ์,ACTIVE
TTMT,9415446,ขี้ผึ้งกัญชา ขมิ้นชัน,ขี้ผึ้งขมิ้นกัญ,ขี้ผึ้ง,โรงพยาบาลสว่างอารมณ์,ACTIVE
TTMT,9415451,น้ำมันกัญชาผสมไพล,น้ำมันกัญไพล,ยาเข้าน้ำมัน,โรงพยาบาลสว่างอารมณ์,ACTIVE
TTMT,9415467,ดมสมุนไพร,ยาดมสมุนไพร,ยาดม,โรงพยาบาลสว่างอารมณ์,ACTIVE
TTMT,9415479,อาบสมุนไพร (รพ.สว่างอารมณ์),ยาอาบสมนไพร,ยาต้ม,โรงพยาบาลสว่างอารมณ์,ACTIVE
TTMT,9415480,พิมเสนน้ำ,พิมเสนน้ำ,ยาน้ำ,โรงพยาบาลสว่างอารมณ์,ACTIVE
TTMT,9415498,น้ำมันเสลดพังพอน,น้ำมันเสลดพังพอน,ยาเข้าน้ำมัน,โรงพยาบาลสว่างอารมณ์,ACTIVE
TTMT,9415507,ผสมเพชรสังฆาต สูตรตำรับที่ 2,ยาผสมเพชรสังฆาตสูตรที่ 2,ยาแคปซูล,โรงพยาบาลพระอาจารย์ฝั้นอาจาโร,ACTIVE
TTMT,9415511,ทิพย์ตะโจ,น้ำมันทิพย์ตะโจ,ยาเข้าน้ำมัน,โรงพยาบาลสิรินธร จังหวัดขอนแก่น,ACTIVE
TTMT,9415524,ทิพย์ตะโจ,ครีมทิพย์ตะโจ,ครีม,โรงพยาบาลสิรินธร จังหวัดขอนแก่น,ACTIVE
TTMT,9415530,ทิพย์ตะโจ,ขี้ผึ้งทิพย์ตะโจ,ขี้ผึ้ง,โรงพยาบาลสิรินธร จังหวัดขอนแก่น,ACTIVE
TTMT,9415548,ทาพระเส้น,ยาทาพระเส้น,ยาน้ำ,โรงพยาบาลสวนผึ้ง,ACTIVE
TTMT,9415553,พอกเข่า,ยาพอกแก้ปวดเข่า,ยาผง,โรงพยาบาลนาดี,ACTIVE
TTMT,9415569,หม่องไพล/บาล์มไพล/ไพลบาล์ม / ขี้ผึ้งไพล,ยาหม่องผสมไพล สูตร 2 ตราสมุนไพรวังพรม,ขี้ผึ้ง,สมุนไพรวังพรม,ACTIVE
TTMT,9415576,น้ำมันเหลืองไพล,ยาน้ำมันเหลืองผสมไพล ตรา สมุนไพรวังพรม,ยาเข้าน้ำมัน,สมุนไพรวังพรม,ACTIVE
TTMT,9415582,ประสะมะแว้ง,ยาเม็ดประสะมะแว้ง ตราสิงโต,ยาเม็ด,บริษัท แสงสว่างตราค้างคาว จำกัด,ACTIVE
TTMT,9415595,หม่องน้ำ ตราเสือดาว,ยาหม่องน้ำ ตราเสือดาว,ยาน้ำ,บริษัท แสงสว่างตราค้างคาว จำกัด,ACTIVE
TTMT,9415609,ดมสมุนไพร,ยาดมสมุนไพร ตราสิงโต,ยาดม,บริษัท แสงสว่างตราค้างคาว จำกัด,ACTIVE
TTMT,9415613,ดมสมุนไพร,ยาดมสมุนไพร ตราสิงโต,ยาดม,บริษัท แสงสว่างตราค้างคาว จำกัด,ACTIVE
TTMT,9415621,ดมสมุนไพร,ยาดมสมุนไพร ตราสิงโต,ยาดม,บริษัท แสงสว่างตราค้างคาว จำกัด,ACTIVE
TTMT,9415632,ธาตุบรรจบ ,ยาธาตุบรรจบ แคปซูล,ยาแคปซูล,บริษัท สเปเชียลตี้ อินโนเวชั่น จำกัด,ACTIVE
TTMT,9415645,สหัศธารา,ยาแคปซูลสหัศธารา,ยาแคปซูล,บริษัท สเปเชียลตี้ อินโนเวชั่น จำกัด,ACTIVE
TTMT,9415650,จันทน์ลีลา,ยาจันทลีลา ชนิดแคปซูล,ยาแคปซูล,บริษัท สเปเชียลตี้ อินโนเวชั่น จำกัด,ACTIVE
TTMT,9415666,ห้าราก / แก้ไข้ห้าราก / แก้วห้าดวง / เบญจโลกวิเชียร ,ยาห้าราก ชนิดแคปซูล 500 มก.,ยาแคปซูล,บริษัท สเปเชียลตี้ อินโนเวชั่น จำกัด,ACTIVE
TTMT,9415678,ธรณีสันฑะฆาต,ยาธรณีสันฑะฆาต ชนิดแคปซูล,ยาแคปซูล,บริษัท สเปเชียลตี้ อินโนเวชั่น จำกัด,ACTIVE
TTMT,9415684,หม่องสมุนไพร / หม่อง / หม่องแก้ปวด,ยาหม่องสมุนไพรผสมพญายอ ตรา จิน หลง หวัง,ขี้ผึ้ง,บริษัท สเปเชียลตี้ อินโนเวชั่น จำกัด,ACTIVE
TTMT,9415697,ศุขไสยาศน์,ยาศุขไสยาศน์ ชนิดแคปซูล ตรามาดามไทเฮิร์บ,ยาแคปซูล,บริษัท สเปเชียลตี้ อินโนเวชั่น จำกัด,ACTIVE
TTMT,9415700,น้ำมันบรรเทาอาการปวดเมื่อยตามร่างกายสูตร 2,ยาน้ำมันบรรเทาอาการปวดเมื่อยตามร่างกายสูตร 2,ยาเข้าน้ำมัน,บริษัท สเปเชียลตี้ อินโนเวชั่น จำกัด,ACTIVE
TTMT,9415716,น้ำมันบรรเทาอาการคัดจมูกเนื่องจากหวัดสูตร 2,ยาน้ำมันบรรเทาอาการคัดจมูกเนื่องจากหวัดสูตร 2,ยาเข้าน้ำมัน,บริษัท สเปเชียลตี้ อินโนเวชั่น จำกัด,ACTIVE
TTMT,9415728,น้ำมันบรรเทาอาการแมลงกัดต่อย สูตร 1,ยาน้ำมันบรรเทาอาการแมลงกัดต่อย สูตร 1,ยาเข้าน้ำมัน,บริษัท สเปเชียลตี้ อินโนเวชั่น จำกัด,ACTIVE
TTMT,9415737,หม่อง บรรเทาอาการปวดเมื่อยตามร่างกายสูตร 1,ยาหม่อง บรรเทาอาการปวดเมื่อยตามร่างกายสูตร 1,ขี้ผึ้ง,บริษัท สเปเชียลตี้ อินโนเวชั่น จำกัด,ACTIVE
TTMT,9415744,ขี้ผึ้งบรรเทาอาการปวดเมื่อย,เดอ แนร์ รีลีฟ สติก,ขี้ผึ้ง,บริษัท สเปเชียลตี้ อินโนเวชั่น จำกัด,ACTIVE
TTMT,9415759,น้ำมันสมุนไพรบรรเทาอาการปวดเมื่อย,ยาน้ำมันสมุนไพรเวลจิสิค ชนิดสเปรย์,ยาเข้าน้ำมัน,บริษัท สเปเชียลตี้ อินโนเวชั่น จำกัด,ACTIVE
TTMT,9415763,หม่องสมุนไพร / หม่อง / หม่องแก้ปวด,ยาหม่องเขียว  ตรา เอ็ม เฮิร์บ เฮอร์บัล,ขี้ผึ้ง,บริษัท สเปเชียลตี้ อินโนเวชั่น จำกัด,ACTIVE
TTMT,9415771,แก้ลม,ยาแก้ลม ตราทิพย์เกสร,ยาผง,บริษัท ทิพย์เกสร เฮิร์บ แอนด์ เฮลท์ จำกัด ,ACTIVE
TTMT,9415785,หอมผสมชะมดเช็ด,ยาหอมผสมชะมดเช็ด,ยาผง,บริษัท ทิพย์เกสร เฮิร์บ แอนด์ เฮลท์ จำกัด ,ACTIVE
TTMT,9415792,ครีมสมุนไพร,ยาครีมสมุนไพร,ครีม,บริษัท ทิพย์เกสร เฮิร์บ แอนด์ เฮลท์ จำกัด ,ACTIVE
TTMT,9415802,น้ำมันสมุนไพร ทิพย์เกสร เฮิร์บ แอนด์ เฮลท์,ยาน้ำมันสมุนไพร,ยาเข้าน้ำมัน,บริษัท ทิพย์เกสร เฮิร์บ แอนด์ เฮลท์ จำกัด ,ACTIVE
TTMT,9415818,หอมอินทจักร,ยาหอมอินทจักร์,ยาผง,บริษัท ทิพย์เกสร เฮิร์บ แอนด์ เฮลท์ จำกัด ,ACTIVE
TTMT,9415825,หอมทิพโอสถ,ยาทิพโอสถ,ยาผง,บริษัท ทิพย์เกสร เฮิร์บ แอนด์ เฮลท์ จำกัด ,ACTIVE
TTMT,9415839,มะระขี้นก,ยามะระขี้นก ชนิดแคปซูล,ยาแคปซูล,บริษัท ขาวละออเภสัช จำกัด,ACTIVE
TTMT,9415841,มะรุม/ผักอีสุม,มะรุม ชนิดแคปซูล,ยาแคปซูล,บริษัท ขาวละออเภสัช จำกัด,ACTIVE
TTMT,9415856,ขิง,ขิงแคปซูล,ยาแคปซูล,โรงพยาบาลตระการพืชผล,ACTIVE
TTMT,9415860,มะขามแขก,มะขามแขกแคปซูล,ยาแคปซูล,โรงพยาบาลตระการพืชผล,ACTIVE
TTMT,9415873,ฟ้าทะลายโจร,ยาฟ้าทะลายโจรแคปซูล ตราสมุนไพรวังน้ำเย็น,ยาแคปซูล,บริษัท เจริญสุขเภสัช (เจริญสุขกรุ๊ป),ACTIVE
TTMT,9415887,น้ำมันไพล,น้ำมันไพล,ยาเข้าน้ำมัน,โรงพยาบาลสมเด็จพระยุพราชเด่นชัย,ACTIVE
TTMT,9415894,มะขามแขก,ยาระบายมะขามแขกชนิดแคปซูล PH HERB,ยาแคปซูล,โรงพยาบาลโพนพิสัย,ACTIVE
TTMT,9415904,ทิงเจอร์ทองพันชั่ง,ทิงเจอร์ทองพันชั่ง PH HERB,ทิงเจอร์,โรงพยาบาลโพนพิสัย,ACTIVE
TTMT,9415915,พญายอ,ทิงเจอร์พญายอ PH HERB,ทิงเจอร์,โรงพยาบาลโพนพิสัย,ACTIVE
TTMT,9415927,พลู,ทิงเจอร์พลู,ทิงเจอร์,โรงพยาบาลสตูล,ACTIVE
TTMT,9415936,ฟ้าทะลายโจร,ยาแคปซูลฟ้าทะลายโจร ตราสิงโต,ยาแคปซูล,บริษัท แสงสว่างตราค้างคาว จำกัด,ACTIVE
TTMT,9415943,ไพล,ยาครีมผสมไพล,ครีม,บริษัท สเปเชียลตี้ อินโนเวชั่น จำกัด,ACTIVE
TTMT,9415958,ไพล,ยาไพล,ครีม,โรงพยาบาลส่งเสริมสุขภาพตำบลระบำ,ACTIVE
TTMT,9415962,ดมสมุนไพร,ยาดมสมุนไพร ตราช้าง,ยาดม,บริษัท ขาวละออเภสัช จำกัด,ACTIVE
TTMT,9415970,ขี้ผึ้งไพล สูตรตำรับที่ 1,ขี้ผึ้งผสมไพล สูตร 1 ตราทีเอฟดี,ขี้ผึ้ง,บริษัท ไทยเอฟดี จำกัด,ACTIVE
TTMT,9415989,ประสะกะเพรา,ยาประสะกะเพรา ทีเอฟดี,ยาผง,บริษัท ไทยเอฟดี จำกัด,ACTIVE
TTMT,9415991,ครีมไพล,ออสโต้ ครีม,ครีม,บริษัท เดอะ พอสสิเบิ้ล จำกัด,ACTIVE
TTMT,9416009,ครีมไพล,ซิงจิเมด ครีม,ครีม,บริษัท เดอะ พอสสิเบิ้ล จำกัด,ACTIVE
TTMT,9416013,ผสมเพชรสังฆาต สูตรตำรับที่ 1,ริดสีดวงทวารแคปซูล สูตร 1,ยาแคปซูล,โรงพยาบาลตระการพืชผล,ACTIVE
TTMT,9416021,ผสมเพชรสังฆาต สูตรตำรับที่ 2,ริดสีดวงทวารแคปซูล สูตร 2,ยาแคปซูล,โรงพยาบาลตระการพืชผล,ACTIVE
TTMT,9416032,สหัศธารา,สหัศธาราแคปซูล,ยาแคปซูล,โรงพยาบาลตระการพืชผล,ACTIVE
TTMT,9416045,ตรีผลา / พิกัดตรีผลา ,ตรีผลาแคปซูล,ยาแคปซูล,โรงพยาบาลตระการพืชผล,ACTIVE
TTMT,9416050,แคปซูลสมุนไพรผสมรากสามสิบ,ยาแคปซูลสมุนไพรผสมรากสามสิบ,ยาแคปซูล,บริษัท ปริณทิพย์สมุนไพร จำกัด,ACTIVE
TTMT,9416066,แคปซูลผสมกระเทียม,ยาแคปซูลผสมกระเทียม,ยาแคปซูล,บริษัท ปริณทิพย์สมุนไพร จำกัด,ACTIVE
TTMT,9416078,แคปซูลใบหนุมานประสานกาย,ยาแคปซูลใบหนุมานประสานกาย,ยาแคปซูล,บริษัท ปริณทิพย์สมุนไพร จำกัด,ACTIVE
TTMT,9416084,วิสัมพญาใหญ่,ยาวิสัมพยาใหญ่ ชนิดแคปซูล,ยาแคปซูล,บริษัท เจริญสุขเภสัช (เจริญสุขกรุ๊ป),ACTIVE
TTMT,9416097,ถ่ายดีเกลือฝรั่ง ,ยาถ่ายดีเกลือฝรั่ง ชนิดแคปซูล,ยาแคปซูล,บริษัท เจริญสุขเภสัช (เจริญสุขกรุ๊ป),ACTIVE
TTMT,9416107,มหานิลแท่งทอง,ยามหานิลแท่งทอง ชนิดแคปซูล,ยาแคปซูล,บริษัท เจริญสุขเภสัช (เจริญสุขกรุ๊ป),ACTIVE
TTMT,9416111,มหาจักรใหญ่,ยามหาจักรใหญ่ ชนิดแคปซูล,ยาแคปซูล,บริษัท เจริญสุขเภสัช (เจริญสุขกรุ๊ป),ACTIVE
TTMT,9416124,ประสะเปราะใหญ่,ยาประสะเปราะใหญ่ ชนิดแคปซูล,ยาแคปซูล,บริษัท เจริญสุขเภสัช (เจริญสุขกรุ๊ป),ACTIVE
TTMT,9416130,น้ำมันไพล,น้ำมันไพล,ยาเข้าน้ำมัน,โรงพยาบาลมหาวิทยาลัยแม่ฟ้าหลวง,ACTIVE
TTMT,9416148,หม่องไพล/บาล์มไพล/ไพลบาล์ม / ขี้ผึ้งไพล,ขี้ผึ้งไพล,ขี้ผึ้ง,โรงพยาบาลมหาวิทยาลัยแม่ฟ้าหลวง,ACTIVE
TTMT,9416153,หม่องเสลดพังพอน/เสลดพังพอนบาล์ม/หม่องพญายอ/ขี้ผึ้งพญายอ/ขี้ผึ้งเสลดพังพอน,ขี้ผึ้งเสลดพังพอน,ขี้ผึ้ง,โรงพยาบาลมหาวิทยาลัยแม่ฟ้าหลวง,ACTIVE
TTMT,9416169,ชุดอบสมุนไพร,ยาอบสมุนไพร,ยาผง,โรงพยาบาลมหาวิทยาลัยแม่ฟ้าหลวง,ACTIVE
TTMT,9416176,พิมเสนน้ำ,พิมเสนน้ำ,ยาเข้าน้ำมัน,โรงพยาบาลมหาวิทยาลัยแม่ฟ้าหลวง,ACTIVE
TTMT,9416182,หอมนวโกฐ,ยาหอมนวโกฐ,ยาเม็ด,โรงพยาบาลมหาวิทยาลัยแม่ฟ้าหลวง,ACTIVE
TTMT,9416195,ตรีผลา / พิกัดตรีผลา ,ชาชงตรีผลา,ยาชง,โรงพยาบาลมหาวิทยาลัยแม่ฟ้าหลวง,ACTIVE
TTMT,9416202,ประสะมะแว้ง,ยาอมประสะมะแว้ง,ยาเม็ด,โรงพยาบาลสมเด็จพระยุพราชเด่นชัย,ACTIVE
TTMT,9416218,สหัศธารา,ยาสหัศธารา,ยาแคปซูล,โรงพยาบาลจัตุรัส,ACTIVE
TTMT,9416225,ผสมเพชรสังฆาต สูตรตำรับที่ 2,ยาเพชรสังฆาต,ยาแคปซูล,โรงพยาบาลจัตุรัส,ACTIVE
TTMT,9416239,ประสะไพล,ยาประสะไพล,ยาแคปซูล,โรงพยาบาลจัตุรัส,ACTIVE
TTMT,9416241,ยาดมสมุนไพร,ยาดมสมุนไพร PH HERB,ยาดม,โรงพยาบาลโพนพิสัย,ACTIVE
TTMT,9416256,น้ำยาบ้วนปากสารสกัดมังคุด,น้ำยาบ้วนปากสารสกัดมังคุด PH HERB,ยาน้ำ,โรงพยาบาลโพนพิสัย,ACTIVE
TTMT,9416260,แก้ไอผสมกานพลู,ยาแก้ไอผสมกานพลู PH HERB,ยาเม็ด,โรงพยาบาลโพนพิสัย,ACTIVE
TTMT,9416273,ตรีผลา / พิกัดตรีผลา ,ยาตรีผลา PH HERB,ยาเม็ด,โรงพยาบาลโพนพิสัย,ACTIVE
TTMT,9416287,ทาริดสีดวงทวารหนักและโรคผิวหนัง,ยาทาขมิ้นชันและกัญชา,ยาเข้าน้ำมัน,โรงพยาบาลโพนพิสัย,ACTIVE
TTMT,9416294,ยาประคบ,ยาประคบสมุนไพรแห้ง,ยาประคบ,โรงพยาบาลหนองเสือ,ACTIVE
TTMT,9416304,ตำรับรักษาสะเก็ดเงิน ,ตำรับยารักษาสะเก็ดเงิน (อาบ) รพ.คูเมือง,ยาต้ม,โรงพยาบาลคูเมือง,ACTIVE
TTMT,9416315,ตำรับรักษาสะเก็ดเงินสูตร 1,ตำรับยารักษาสะเก็ดเงินสูตร 1 (รับประทาน) รพ.คูเมือง,ยาต้ม,โรงพยาบาลคูเมือง,ACTIVE
TTMT,9416327,ตำรับยารักษาสะเก็ดเงินสูตร 2 ,ตำรับยารักษาสะเก็ดเงินสูตร 2 (รับประทาน) รพ.คูเมือง,ยาต้ม,โรงพยาบาลคูเมือง,ACTIVE
TTMT,9416336,ตำรับประสะน้ำนม,ตำรับประสะน้ำนม รพ.คูเมือง,ยาต้ม,โรงพยาบาลคูเมือง,ACTIVE
TTMT,9416343,ตำรับลดอาการปวดศีรษะ,ตำรับลดอาการปวดศีรษะ/ช่วยการนอนหลับ คูเมือง,ยาต้ม,โรงพยาบาลคูเมือง,ACTIVE
TTMT,9416358,พอกเข่าสมุนไพร,สมุนไพรพอกเข่าสูตร 1 จับโปงเข่าแห้ง,ยาผง,โรงพยาบาลขามสะแกแสง,ACTIVE
TTMT,9416362,พอกเข่าโรคจับโปงเข่าน้ำ,สมุนไพรพอกเข่าสูตร 2 จับโปงเข่าน้ำ,ยาผง,โรงพยาบาลขามสะแกแสง,ACTIVE
TTMT,9416370,ขี้ผึ้งไพล สูตรตำรับที่ 1,ยาขี้ผึ้งไพล สูตรตำรับที่ 1 ขนาด 10 กรัม,ขี้ผึ้ง,โรงพยาบาลพระอาจารย์ฝั้นอาจาโร,ACTIVE
TTMT,9416389,ขี้ผึ้งไพล สูตรตำรับที่ 1,ยาขี้ผึ้งไพล สูตรตำรับที่ 1 ขนาด 30 กรัม,ขี้ผึ้ง,โรงพยาบาลพระอาจารย์ฝั้นอาจาโร,ACTIVE
TTMT,9416391,แผ่นแปะสมุนไพร,แผ่นเตยหอมลดไข้ ลดปวด,ยาประคบ,โรงพยาบาลสตูล,ACTIVE
TTMT,9416406,สุมสมุนไพร,บรรเทาอาการหวัด คัดจมูก ภูมิแพ้ ไอ จาม,ยาต้ม,โรงพยาบาลสตูล,ACTIVE
TTMT,9416410,น้ำอมลดบุหรี่,ยาน้ำสมุนไพรใบมินท์,ยาน้ำ,โรงพยาบาลสตูล,ACTIVE
TTMT,9416423,แช่มือ แช่เท้า,บรรเทาอาการชาปลายมือปลายเท้า,ยาต้ม,โรงพยาบาลสตูล,ACTIVE
TTMT,9416434,กุมาร,ยากุมาร แสงสว่างตราค้างคาว,ยาน้ำ,บริษัท แสงสว่างตราค้างคาว จำกัด,ACTIVE
TTMT,9416447,ชงหญ้าปักกิ่ง,ยาชงหญ้าปักกิ่ง ตรา เฮอร์เบอรี่,ยาผง,บริษัท สเปเชียลตี้ อินโนเวชั่น จำกัด,ACTIVE
TTMT,9416452,เจลผสมพริก,แคปซิน มัสซิโลน เจล,เจล,บริษัท สเปเชียลตี้ อินโนเวชั่น จำกัด,ACTIVE
TTMT,9416468,พิมเสนน้ำ,น้ำมันเหลือง ตรา เอ็ม เฮิร์บ เฮอร์บัล ,ยาน้ำ,บริษัท สเปเชียลตี้ อินโนเวชั่น จำกัด,ACTIVE
TTMT,9416475,สมุนไพรแก้น้ำเหลืองเสีย,ยาแคปซูลสมุนไพร ตรา เอ็ม เฮิร์บ เฮอร์บัล,ยาแคปซูล,บริษัท สเปเชียลตี้ อินโนเวชั่น จำกัด,ACTIVE
TTMT,9416481,สมุนไพรแก้น้ำเหลืองเสีย,ยาแคปซูลสมุนไพร ตรา เอ็ม เฮิร์บ เฮอร์บัล,ยาแคปซูล,บริษัท สเปเชียลตี้ อินโนเวชั่น จำกัด,ACTIVE
TTMT,9416499,เจลผสมพริก,ยาเจลผสมพริก ตรากอริลล่า,เจล,บริษัท สเปเชียลตี้ อินโนเวชั่น จำกัด,ACTIVE
TTMT,9416508,น้ำมันเสลดพังพอน,ยาน้ำมันเขียว,ยาเข้าน้ำมัน,ศูนย์การแพทย์ธรรมศาสตร์คูคต,ACTIVE
TTMT,9416512,ชงฝาง,ยาชงฝางใบเตย,ยาชง,ศูนย์การแพทย์ธรรมศาสตร์คูคต,ACTIVE
TTMT,9416520,ชงสมุนไพร สูตร 1 (ศูนย์การแพทย์ธรรมศาสตร์คูคต),ยาชงสมุนไพร สูตร Balance,ยาชง,ศูนย์การแพทย์ธรรมศาสตร์คูคต,ACTIVE
TTMT,9416531,ชงสมุนไพร สูตร 2 (ศูนย์การแพทย์ธรรมศาสตร์คูคต),ยาชงสมุนไพร สูตร Clam,ยาชง,ศูนย์การแพทย์ธรรมศาสตร์คูคต,ACTIVE
TTMT,9416549,ชงสมุนไพร สูตร 3  (ศูนย์การแพทย์ธรรมศาสตร์คูคต),ยาชงสมุนไพร สูตร Passion,ยาชง,ศูนย์การแพทย์ธรรมศาสตร์คูคต,ACTIVE
TTMT,9416554,ดมส้มโอ,ยาดมสมุนไพรสูตรธรรมศาสตร์,ยาดม,ศูนย์การแพทย์ธรรมศาสตร์คูคต,ACTIVE
TTMT,9416565,หม่องไพล/บาล์มไพล/ไพลบาล์ม / ขี้ผึ้งไพล,ยาหม่องไพล,ขี้ผึ้ง,ศูนย์การแพทย์ธรรมศาสตร์คูคต,ACTIVE
TTMT,9416577,น้ำมันไพล,น้ำมันไพล,ยาเข้าน้ำมัน,ศูนย์การแพทย์ธรรมศาสตร์คูคต,ACTIVE
TTMT,9416583,ยาประคบ,ลูกประคบสมุนไพร สูตรธรรมศาสตร์,ยาประคบ,ศูนย์การแพทย์ธรรมศาสตร์คูคต,ACTIVE
TTMT,9416596,พิมเสนน้ำ,ยาพิมเสนน้ำ,ยาดม,ศูนย์การแพทย์ธรรมศาสตร์คูคต,ACTIVE
TTMT,9416605,น้ำมันว่านสมุนไพร,ยาน้ำมันว่านPlus,ยาเข้าน้ำมัน,ศูนย์การแพทย์ธรรมศาสตร์คูคต,ACTIVE
TTMT,9416614,น้ำมันไพลผสมใบกัญชา,น้ำมันนวดผสมกัญชา,ยาเข้าน้ำมัน,โรงพยาบาลทุ่งหว้า,ACTIVE
TTMT,9416622,ยาประคบ,ยาประคบ(แห้ง),ยาประคบ,โรงพยาบาลส่งเสริมสุขภาพตำบลระบำ,ACTIVE
TTMT,9416633,มะระขี้นก,ยามะระขี้นก,ยาแคปซูล,โรงพยาบาลจัตุรัส,ACTIVE
TTMT,9416646,ตะไคร้,ยาชงตะไคร้,ยาชง,ศูนย์การแพทย์ธรรมศาสตร์คูคต,ACTIVE
TTMT,9416651,ขิง,ยาชงขิง,ยาชง,ศูนย์การแพทย์ธรรมศาสตร์คูคต,ACTIVE
TTMT,9416667,ใบเตย,ยาชงใบเตย,ยาชง,ศูนย์การแพทย์ธรรมศาสตร์คูคต,ACTIVE
TTMT,9416679,ชาเขียว,ยาชงชาเขียว,ยาชง,ศูนย์การแพทย์ธรรมศาสตร์คูคต,ACTIVE
TTMT,9416680,หญ้าดอกขาว,ยาชงหญ้าดอกขาว,ยาชง,ศูนย์การแพทย์ธรรมศาสตร์คูคต,ACTIVE
TTMT,9416698,ไพล,ครีมไพล,ครีม,โรงพยาบาลเจ้าคุณไพบูลย์พนมทวน,ACTIVE
TTMT,9416701,สารสกัดจากฟ้าทะลายโจร,ยาแคปซูลสารสกัดฟ้าทะลายโจร,ยาแคปซูล,โรงงานเภสัชกรรมทหารศูนย์การอุตสาหกรรมป้องกันประเทศและพลังงานทหาร,ACTIVE
TTMT,9416717,ทิงเจอร์ทองพันชั่ง,ทิงเจอร์ทองพันชั่ง,ทิงเจอร์,โรงพยาบาลลาดบัวหลวง,ACTIVE
TTMT,9416729,ทองพันชั่ง,ขี้ผึ้งสารสกัดทองพันชั่ง,ขี้ผึ้ง,โรงพยาบาลลาดบัวหลวง,ACTIVE
TTMT,9416738,เถาวัลย์เปรียง,ยาเถาวัลย์เปรียงแคปซูล,ยาแคปซูล,โรงพยาบาลห้วยเกิ้ง,ACTIVE
TTMT,9416740,ขิง,ยาขิง,ยาแคปซูล,โรงพยาบาลห้วยเกิ้ง,ACTIVE
TTMT,9416755,กล้วย,ยากล้วยชนิดผง,ยาผง,โรงพยาบาลห้วยเกิ้ง,ACTIVE
TTMT,9416764,กระเจี๊ยบแดง,ยาชงกระเจี๊ยบแดง,ยาชง,โรงพยาบาลห้วยเกิ้ง,ACTIVE
TTMT,9416772,หญ้าดอกขาว,ยาชงหญ้าดอกขาว,ยาชง,โรงพยาบาลห้วยเกิ้ง,ACTIVE
TTMT,9416786,ขิง,ยาชงขิง,ยาชง,โรงพยาบาลส่งเสริมสุขภาพตำบลนาโก,ACTIVE
TTMT,9416793,กระเจี๊ยบแดง,ยาชงกระเจี๊ยบแดง,ยาชง,โรงพยาบาลส่งเสริมสุขภาพตำบลนาโก,ACTIVE
TTMT,9416803,หญ้าดอกขาว,ยาชงหญ้าดอกขาว,ยาชง,โรงพยาบาลส่งเสริมสุขภาพตำบลนาโก,ACTIVE
TTMT,9416819,หญ้าหนวดแมว,ยาชงหญ้าหนวดแมว,ยาชง,โรงพยาบาลส่งเสริมสุขภาพตำบลนาโก,ACTIVE
TTMT,9416826,ทิงเจอร์ข่า,ทิงเจอร์ข่า,ทิงเจอร์,โรงพยาบาลส่งเสริมสุขภาพตำบลนาโก,ACTIVE
TTMT,9416835,ทิงเจอร์ทองพันชั่ง,ทิงเจอร์ทองพันชั่ง,ทิงเจอร์,โรงพยาบาลส่งเสริมสุขภาพตำบลนาโก,ACTIVE
TTMT,9416842,รางจืด,ยารางจืด ชนิดแคปซูล,ยาแคปซูล,บริษัท ขาวละออเภสัช จำกัด,ACTIVE
TTMT,9416857,กระเทียม,กระเทียม ชนิดแคปซูล,ยาแคปซูล,บริษัท ขาวละออเภสัช จำกัด,ACTIVE
TTMT,9416861,ทิงเจอร์ข่า,สเปรย์ทิงเจอร์ข่า,ทิงเจอร์,โรงพยาบาลบางคล้า,ACTIVE
TTMT,9416874,ทิงเจอร์ทองพันชั่ง,ยาทิงเจอร์ทองพันชั่ง,ทิงเจอร์,โรงพยาบาลบางคล้า,ACTIVE
TTMT,9416888,มะลิ,บาล์มมะลิ,ขี้ผึ้ง,โรงพยาบาลบางคล้า,ACTIVE
TTMT,9416890,กัญชา,ชาจากใบกัญชา ตรานาบิซ,ยาชง,ห้างธงทองโอสถ,ACTIVE
TTMT,9416900,กระเทียม,แคปซูลกระเทียม,ยาแคปซูล,กองพัฒนายาแผนไทยและสมุนไพร กรมการแพทย์แผนไทยและการแพทย์ทางเลือก,ACTIVE
TTMT,9416916,กล้วย,ยากล้วย ชนิดน้ำแขวนตะกอน,ยาน้ำ,กองพัฒนายาแผนไทยและสมุนไพร กรมการแพทย์แผนไทยและการแพทย์ทางเลือก,ACTIVE
TTMT,9416928,น้ำมันไพล,น้ำมันไพล,ยาเข้าน้ำมัน,โรงพยาบาลเบญจลักษ์เฉลิมพระเกียรติ 80 พรรษา,ACTIVE
TTMT,9416937,รางจืด,ชาชงรางจืด,ยาชง,โรงพยาบาลเบญจลักษ์เฉลิมพระเกียรติ 80 พรรษา,ACTIVE
TTMT,9416944,ขิง,ชาชงขิง,ยาชง,โรงพยาบาลเบญจลักษ์เฉลิมพระเกียรติ 80 พรรษา,ACTIVE
TTMT,9416959,กระเจี๊ยบแดง,ชาชงกระเจี๊ยบแดง,ยาชง,โรงพยาบาลเบญจลักษ์เฉลิมพระเกียรติ 80 พรรษา,ACTIVE
TTMT,9416963,คำฝอย,ชาชงคำฝอย,ยาชง,โรงพยาบาลเบญจลักษ์เฉลิมพระเกียรติ 80 พรรษา,ACTIVE
TTMT,9416971,ชุมเห็ดเทศ,ชาชงชุมเห็ดเทศ,ยาชง,โรงพยาบาลเบญจลักษ์เฉลิมพระเกียรติ 80 พรรษา,ACTIVE
TTMT,9416985,หญ้าดอกขาว,ชาชงหญ้าดอกขาว,ยาชง,โรงพยาบาลเบญจลักษ์เฉลิมพระเกียรติ 80 พรรษา,ACTIVE
TTMT,9416992,ไพล,ครีมไพล,ครีม,โรงพยาบาลเบญจลักษ์เฉลิมพระเกียรติ 80 พรรษา,ACTIVE
TTMT,9417000,มะขามแขก,ยามะขามแขก ชนิดแคปซูล,ยาแคปซูล,บริษัท ฉมา แอ็สเซ็ท จำกัด,ACTIVE
TTMT,9417016,มะระขี้นก,ยาแคปซูลมะระขี้นก ,ยาแคปซูล,บริษัท สกายไลน์ เฮลท์แคร์ จำกัด,ACTIVE
TTMT,9417028,สารสกัดจากฟ้าทะลายโจร,ยาแคปซูลฟ้าทะลายโจรสกัด ตรากิฟฟารีน,ยาแคปซูล,บริษัท สกายไลน์ เฮลท์แคร์ จำกัด,ACTIVE
TTMT,9417037,ผสมเพชรสังฆาต สูตรตำรับที่ 2,ยาผสมเพชรสังฆาตแคปซูล,ยาแคปซูล,โรงพยาบาลห้วยเกิ้ง,ACTIVE
TTMT,9417044,แก้ไอผสมมะขามป้อม สูตรตำรับที่ 1,ยาแก้ไอผสมมะขามป้อม,ยาน้ำ,โรงพยาบาลห้วยเกิ้ง,ACTIVE
TTMT,9417059,ธาตุอบเชย ,ยาธาตุอบเชย,ยาน้ำ,โรงพยาบาลห้วยเกิ้ง,ACTIVE
TTMT,9417063,แคปซูลเถาเอ็นอ่อน,ยาเถาเอ็นอ่อน,ยาแคปซูล,โรงพยาบาลห้วยเกิ้ง,ACTIVE
TTMT,9417071,เหลืองปิดสมุทร,ยาเหลืองปิดสมุทรแคปซูล,ยาแคปซูล,โรงพยาบาลห้วยเกิ้ง,ACTIVE
TTMT,9417085,แก้ลมแก้เส้น,ยาแก้ลมแก้เส้น ชนิดแคปซูล,ยาแคปซูล,บริษัท ขาวละออเภสัช จำกัด,ACTIVE
TTMT,9417092,พอกสมุนไพร สูตร 1 (รพ.สต.นาโก),ยาพอกสมุนไพร (สูตร 1),ยาพอก,โรงพยาบาลส่งเสริมสุขภาพตำบลนาโก,ACTIVE
TTMT,9417102,พอกสมุนไพร สูตร 2 (รพ.สต.นาโก),ยาพอกสมุนไพร (สูตร 2),ยาพอก,โรงพยาบาลส่งเสริมสุขภาพตำบลนาโก,ACTIVE
TTMT,9417118,ยาประคบ,ยาประคบ (แห้ง) ,ยาประคบ,โรงพยาบาลส่งเสริมสุขภาพตำบลบ้านซับป่าพลู ตำบลป่าอ้อ,ACTIVE
TTMT,9417125,ยาประคบ,ยาประคบ (สด),ยาประคบ,โรงพยาบาลส่งเสริมสุขภาพตำบลบ้านซับป่าพลู ตำบลป่าอ้อ,ACTIVE
TTMT,9417139,พอกสมุนไพร (รพ.เก้าเลี้ยว),ยาพอกนพเก้า,ยาดอง,โรงพยาบาลเก้าเลี้ยว,ACTIVE
TTMT,9417141,ขี้ผึ้งไพล สูตรตำรับที่ 1,ยาหม่องไพลคลายเส้น,ขี้ผึ้ง,โรงพยาบาลเก้าเลี้ยว,ACTIVE
TTMT,9417156,ดมสมุนไพร,ยาดมอารมณ์ดี,ยาดม,โรงพยาบาลเก้าเลี้ยว,ACTIVE
TTMT,9417160,ยาประคบ,ยาประคบสมุนไพรแห้ง,ยาประคบ,โรงพยาบาลบางคล้า,ACTIVE
TTMT,9417173,ขี้ผึ้งไพล สูตรตำรับที่ 1,ขี้ผึ้งไพล สูตรตำรับที่ 1,ขี้ผึ้ง,โรงพยาบาลบางคล้า,ACTIVE
TTMT,9417187,หอมเทพจิตร,ยาหอมเทพจิตร ชนิดผง ตราธงทอง,ยาผง,ห้างธงทองโอสถ,ACTIVE
TTMT,9417194,หอมเทพจิตร,ยาหอมเทพจิตร ชนิดผง ตราธงทอง,ยาผง,ห้างธงทองโอสถ,ACTIVE
TTMT,9417207,ขี้ผึ้งไพล สูตรตำรับที่ 1,ยาขี้ผึ้งไพล,ขี้ผึ้ง,โรงพยาบาลเบญจลักษ์เฉลิมพระเกียรติ 80 พรรษา,ACTIVE
TTMT,9417211,หม่องเสลดพังพอน/เสลดพังพอนบาล์ม/หม่องพญายอ/ขี้ผึ้งพญายอ/ขี้ผึ้งเสลดพังพอน,ยาหม่องพญายอ,ขี้ผึ้ง,โรงพยาบาลเบญจลักษ์เฉลิมพระเกียรติ 80 พรรษา,ACTIVE
TTMT,9417224,ไพลเจล,ไพลเจล,ยาเข้าน้ำมัน,โรงพยาบาลเบญจลักษ์เฉลิมพระเกียรติ 80 พรรษา,ACTIVE
TTMT,9417230,น้ำมันกระดูกไก่ดำ-ขัดมอญ,น้ำมันกระดูกไก่ดำ,ยาเข้าน้ำมัน,โรงพยาบาลเบญจลักษ์เฉลิมพระเกียรติ 80 พรรษา,ACTIVE
TTMT,9417248,พิมเสนน้ำ,น้ำมันหม่อง,ยาเข้าน้ำมัน,โรงพยาบาลเบญจลักษ์เฉลิมพระเกียรติ 80 พรรษา,ACTIVE
TTMT,9417253,แช่ยาสมุนไพร,ยาแช่สมุนไพร,ยาแช่,โรงพยาบาลเบญจลักษ์เฉลิมพระเกียรติ 80 พรรษา,ACTIVE
TTMT,9417269,พอกเข่าสมุนไพร,ยาพอกเข่าสมุนไพร,ยาพอก,โรงพยาบาลเบญจลักษ์เฉลิมพระเกียรติ 80 พรรษา,ACTIVE
TTMT,9417276,อบสมุนไพร,ยาอบสมุนไพร,ยาต้ม,โรงพยาบาลเบญจลักษ์เฉลิมพระเกียรติ 80 พรรษา,ACTIVE
TTMT,9417282,ยาประคบ,ลูกประคบสมุนไพร,ยาประคบ,โรงพยาบาลเบญจลักษ์เฉลิมพระเกียรติ 80 พรรษา,ACTIVE
TTMT,9417295,สเปรย์ตะไคร้หอมกันยุง,ดีมอส,ยาน้ำ,โรงพยาบาลเบญจลักษ์เฉลิมพระเกียรติ 80 พรรษา,ACTIVE
TTMT,9417305,น้ำมันหม่องหอมแดง,น้ำมันหม่องหอมแดง,ยาเข้าน้ำมัน,โรงพยาบาลเบญจลักษ์เฉลิมพระเกียรติ 80 พรรษา,ACTIVE
TTMT,9417314,แก้น้ำเหลืองเสีย,ยาแก้น้ำเหลืองเสีย,ยาต้ม,โรงพยาบาลเบญจลักษ์เฉลิมพระเกียรติ 80 พรรษา,ACTIVE
TTMT,9417322,น้ำมันมหาจักร์,น้ำมันมหาจักร,ยาเข้าน้ำมัน,โรงพยาบาลเบญจลักษ์เฉลิมพระเกียรติ 80 พรรษา,ACTIVE
TTMT,9417333,พอกสมุนไพรเข่า,ยาพอกเข่า,ยาพอก,โรงพยาบาลท่าแซะ,ACTIVE
TTMT,9417346,พอกเข่าสูตรตำรับไพล,ยาพอกเข่าสูตร 1,ยาพอก,โรงพยาบาลหนองเสือ,ACTIVE
TTMT,9417351,พอกเข่าสูตรตำรับไพล,ยาพอกเข่าสูตร 1,ยาพอก,โรงพยาบาลหนองเสือ,ACTIVE
TTMT,9417367,พอกเข่าสูตรตำรับไพล,ยาพอกเข่าสูตร 1,ยาพอก,โรงพยาบาลหนองเสือ,ACTIVE
TTMT,9417379,ยาประคบ,ยาประคบสมุนไพรสด,ยาประคบ,โรงพยาบาลหนองเสือ,ACTIVE
TTMT,9417380,ไฟประลัยกัลป์,ยาไฟประลัยกัลป์ ชนิดแคปซูล,ยาแคปซูล,บริษัท ฉมา แอ็สเซ็ท จำกัด,ACTIVE
TTMT,9417398,ปราบชมพูทวีป,ยาปราบชมพูทวีป ชนิดแคปซูล,ยาแคปซูล,บริษัท ฉมา แอ็สเซ็ท จำกัด,ACTIVE
TTMT,9417403,จันทน์ลีลา,ยาจันทลีลา ชนิดแคปซูล,ยาแคปซูล,บริษัท ฉมา แอ็สเซ็ท จำกัด,ACTIVE
TTMT,9417419,ธรณีสันฑะฆาต,ยาธรณีสันฑะฆาต ชนิดแคปซูล,ยาแคปซูล,บริษัท ฉมา แอ็สเซ็ท จำกัด,ACTIVE
TTMT,9417426,มันทธาตุ,ยามันทธาตุ ชนิดแคปซูล,ยาแคปซูล,บริษัท ฉมา แอ็สเซ็ท จำกัด,ACTIVE
TTMT,9417435,ธาตุบรรจบ ,ยาธาตุบรรจบ,ยาแคปซูล,บริษัท ฉมา แอ็สเซ็ท จำกัด,ACTIVE
TTMT,9417442,ประสะเปราะใหญ่,ยาประสะเปราะใหญ่ ชนิดแคปซูล,ยาแคปซูล,บริษัท ฉมา แอ็สเซ็ท จำกัด,ACTIVE
TTMT,9417457,เบญจกูล / พิกัดเบญจกูล,ยาเบญจกูล ชนิดแคปซูล,ยาแคปซูล,บริษัท ฉมา แอ็สเซ็ท จำกัด,ACTIVE
TTMT,9417461,ตรีผลา / พิกัดตรีผลา ,ยาตรีผลา ชนิดแคปซูล,ยาแคปซูล,บริษัท ฉมา แอ็สเซ็ท จำกัด,ACTIVE
TTMT,9417474,ประสะไพล,ยาประสะไพล ชนิดแคปซูล,ยาแคปซูล,บริษัท ฉมา แอ็สเซ็ท จำกัด,ACTIVE
TTMT,9417488,ศุขไสยาศน์,ยาศุขไสยาศน์ ชนิดแคปซูล,ยาแคปซูล,บริษัท ฉมา แอ็สเซ็ท จำกัด,ACTIVE
TTMT,9417490,สตรี (บริษัท ฉมา แอ็สเซ็ท จำกัด),ยาสตรี ชนิดแคปซูล,ยาแคปซูล,บริษัท ฉมา แอ็สเซ็ท จำกัด,ACTIVE
TTMT,9417501,บำรุงโลหิต,ยาบำรุงโลหิต ชนิดแคปซูล,ยาแคปซูล,บริษัท ฉมา แอ็สเซ็ท จำกัด,ACTIVE
TTMT,9417517,กษัยเส้น,ยากษัยเส้น ชนิดแคปซูล,ยาแคปซูล,บริษัท ฉมา แอ็สเซ็ท จำกัด,ACTIVE
TTMT,9417529,หอมเทพจิตร,ยาหอมเทพจิตร ชนิดผง,ยาผง,บริษัท ฉมา แอ็สเซ็ท จำกัด,ACTIVE
TTMT,9417538,อำมฤควาที,ยาอำมฤควาที ชนิดผง,ยาผง,บริษัท ฉมา แอ็สเซ็ท จำกัด,ACTIVE
TTMT,9417540,พิมเสนน้ำ,ยาพิมเสนน้ำกลิ่นตะไค้หอม,ยาน้ำ,บริษัท ฉมา แอ็สเซ็ท จำกัด,ACTIVE
TTMT,9417555,ขี้ผึ้งผสมน้ำมันตะไคร้หอม,Chama Herbs ยาขี้ผึ้งผสมน้ำมันตะไคร้หอม ชนิดแท่ง,ขี้ผึ้ง,บริษัท ฉมา แอ็สเซ็ท จำกัด,ACTIVE
TTMT,9417564,น้ำมันเหลือง ,Chama Herbs ยาน้ำมันเหลือง ตรา ฉมาเฮิร์บ,ยาเข้าน้ำมัน,บริษัท ฉมา แอ็สเซ็ท จำกัด,ACTIVE
TTMT,9417572,พิมเสนน้ำ,พิมเสนน้ำ ตรา  ฉมาเฮิร์บ,ยาน้ำ,บริษัท ฉมา แอ็สเซ็ท จำกัด,ACTIVE
TTMT,9417586,พิมเสนน้ำ,พิมเสนน้ำ ตรา  ชมา,ยาน้ำ,บริษัท ฉมา แอ็สเซ็ท จำกัด,ACTIVE
TTMT,9417593,น้ำมันเหลือง ,ยาน้ำมันเหลือง ตรา ชมา,ยาเข้าน้ำมัน,บริษัท ฉมา แอ็สเซ็ท จำกัด,ACTIVE
TTMT,9417604,หม่องน้ำ   ,ยาหม่องน้ำกลิ่นตะไคร้หอม ตรา ฉมาเฮิร์บ,ยาน้ำ,บริษัท ฉมา แอ็สเซ็ท จำกัด,ACTIVE
TTMT,9417615,หม่องน้ำ   ,หม่องน้ำกลิ่นตะไคร้หอม ตรา ชมา,ยาน้ำ,บริษัท ฉมา แอ็สเซ็ท จำกัด,ACTIVE
TTMT,9417627,แคปซูลผสมเพชรสังฆาต กิฟฟารีน,ยาแคปซูลผสมเพชรสังฆาต,ยาแคปซูล,บริษัท สกายไลน์ เฮลท์แคร์ จำกัด,ACTIVE
TTMT,9417636,ชงมะขามแขก,ยาชงสมุนไพรมะขามแขก กลิ่นเก๊กฮวย ตรากิฟฟารีน,ยาชง,บริษัท สกายไลน์ เฮลท์แคร์ จำกัด,ACTIVE
TTMT,9417643,พอกลดปวด (รพ.วัดญาณสังวราราม),ชุดยาพอกลดอาการปวด,ยาพอก,โรงพยาบาลวัดญาณสังวราราม,ACTIVE
TTMT,9417658,ยาพอกดูดพิษ,ยาพอกดูดพิษ,ยาผง,โรงพยาบาลพระอาจารย์ฝั้นอาจาโร,ACTIVE
TTMT,9417662,ประสะมะแว้ง,ยาประสะมะแว้ง,ยาเม็ด,โรงพยาบาลโพนพิสัย,ACTIVE
TTMT,9417670,ประสะมะแว้ง,ยาประสะมะแว้ง,ยาลูกกลอน,โรงพยาบาลโพนพิสัย,ACTIVE
TTMT,9417689,ทาพระเส้น,ยาทาพระเส้น PH HERB,ยาน้ำ,โรงพยาบาลโพนพิสัย,ACTIVE
TTMT,9417691,น้ำมันนวดสมุนไพร,น้ำมันนวดสมุนไพร PH HERB,ยาเข้าน้ำมัน,โรงพยาบาลโพนพิสัย,ACTIVE
TTMT,9417708,แช่มือ แช่เท้า,ยาแช่มือแช่เท้า PH HERB,ยาแช่,โรงพยาบาลโพนพิสัย,ACTIVE
TTMT,9417712,พอก สูตรร้อน,ยาพอก PH HERB สูตรร้อน,ยาพอก,โรงพยาบาลโพนพิสัย,ACTIVE
TTMT,9417720,พอก สูตรเย็น,ยาพอก PH HERB สูตรเย็น,ยาพอก,โรงพยาบาลโพนพิสัย,ACTIVE
TTMT,9417731,ดมสมุนไพร,ยาดมสมุนไพร PH HERB,ยาดม,โรงพยาบาลโพนพิสัย,ACTIVE
TTMT,9417749,เทียนเกล็ดหอย,เทียนเกล็ดหอย ชนิดชง,ยาชง,บริษัท ฉมา แอ็สเซ็ท จำกัด,ACTIVE
TTMT,9417754,เทียนเกล็ดหอย,เทียนเกล็ดหอย ชนิดชง,ยาชง,บริษัท ฉมา แอ็สเซ็ท จำกัด,ACTIVE
TTMT,9417765,บัวบก,ยาแคปซูลบัวบก ตราธงทอง,ยาแคปซูล,ห้างธงทองโอสถ,ACTIVE
TTMT,9417777,หนุมานประสานกาย,ชาหนุมานประสานกาย,ยาชง,โรงพยาบาลสมเด็จพระยุพราชเชียงของ,ACTIVE
TTMT,9417783,ขิง,ยาแคปซูล ขิง โพนพิสัย เฮิร์บ,ยาแคปซูล,โรงพยาบาลโพนพิสัย,ACTIVE
TTMT,9417796,ขิง,ยาชง ขิง โพนพิสัย เฮิร์บ,ยาชง,โรงพยาบาลโพนพิสัย,ACTIVE
TTMT,9417806,มะระขี้นก,ยาแคปซูล มะระขี้นก โพนพิสัย เฮิร์บ,ยาแคปซูล,โรงพยาบาลโพนพิสัย,ACTIVE
TTMT,9417810,ว่านหางจระเข้,เจลว่านหางจระเข้ โพนพิสัย เฮิร์บ,เจล,โรงพยาบาลโพนพิสัย,ACTIVE
TTMT,9417823,มังคุด/เปลือกมังคุด,ยาเปลือกมังคุด โพนพิสัย เฮิร์บ,ยาน้ำ,โรงพยาบาลโพนพิสัย,ACTIVE
TTMT,9417834,กล้วย,ยากล้วย โพนพิสัย เฮิร์บ,ยาแคปซูล,โรงพยาบาลโพนพิสัย,ACTIVE
TTMT,9417847,พริก,ยาพริก โพนพิสัย เฮิร์บ,เจล,โรงพยาบาลโพนพิสัย,ACTIVE
TTMT,9417852,พญายอ,ทิงเจอร์พญายอ นาโก เฮิร์บ ,ทิงเจอร์,โรงพยาบาลส่งเสริมสุขภาพตำบลนาโก,ACTIVE
TTMT,9417868,บัวบก,ชาชงบัวบก นาโก เฮิร์บ ,ยาชง,โรงพยาบาลส่งเสริมสุขภาพตำบลนาโก,ACTIVE
TTMT,9417875,ฝาง,ชาชงฝาง นาโก เฮิร์บ ,ยาชง,โรงพยาบาลส่งเสริมสุขภาพตำบลนาโก,ACTIVE
TTMT,9417881,ย่านางแดง,ชาชงย่านางแดง นาโก เฮิร์บ,ยาชง,โรงพยาบาลส่งเสริมสุขภาพตำบลนาโก,ACTIVE
TTMT,9417899,ฟ้าทะลายโจร,ยาฟ้าทะลายโจร โรงพยาบาลพนา,ยาแคปซูล,โรงพยาบาลพนา,ACTIVE
TTMT,9417909,พญายอ,ทิงเจอร์เสลดพังพอน,ทิงเจอร์,โรงพยาบาลส่งเสริมสุขภาพตำบลร่องจิก,ACTIVE
TTMT,9417913,น้ำมันไพล,ยาน้ำมันไพล,ยาเข้าน้ำมัน,โรงพยาบาลส่งเสริมสุขภาพตำบลบ่อทอง,ACTIVE
TTMT,9417921,พอกเข่า (รพ.คูเมือง),ตำรับยาพอกเข่า คูเมือง,ยาต้ม,โรงพยาบาลคูเมือง,ACTIVE
TTMT,9417932,แก้ปวดกล้ามเนื้อ (รพ.คูเมือง),ตำรับยาแก้ปวดกล้ามเนื้อ คูเมือง,ยาต้ม,โรงพยาบาลคูเมือง,ACTIVE
TTMT,9417945,ยาประคบ,ยาประคบ(สด),ยาประคบ,โรงพยาบาลส่งเสริมสุขภาพตำบลบ่อทอง,ACTIVE
TTMT,9417950,ยาประคบ,ยาประคบ(แห้ง),ยาประคบ,โรงพยาบาลส่งเสริมสุขภาพตำบลบ่อทอง,ACTIVE
TTMT,9417966,สมุนไพรอบตัว,สมุนไพรอบตัว,ยาต้ม,โรงพยาบาลส่งเสริมสุขภาพตำบลบ่อทอง,ACTIVE
TTMT,9417978,หม่องไพล/บาล์มไพล/ไพลบาล์ม / ขี้ผึ้งไพล,ขี้ผึ้งไพลสูตรตำรับที่๑,ขี้ผึ้ง,โรงพยาบาลส่งเสริมสุขภาพตำบลบ่อทอง,ACTIVE
TTMT,9417984,ยาดมสมุนไพร,ยาดมสมุนไพร,ยาดม,โรงพยาบาลส่งเสริมสุขภาพตำบลบ่อทอง,ACTIVE
TTMT,9417997,ทิงเจอร์พญายอ,ยาพญายอ,ทิงเจอร์,โรงพยาบาลส่งเสริมสุขภาพตำบลบ่อทอง,ACTIVE
TTMT,9418005,พิมเสนน้ำ,พิมเสนน้ำ,ยาเข้าน้ำมัน,โรงพยาบาลส่งเสริมสุขภาพตำบลบ่อทอง,ACTIVE
TTMT,9418014,พอกเข่า สูตรร้อน,ยาพอกเข่าสูตรร้อน,ยาพอก,โรงพยาบาลส่งเสริมสุขภาพตำบลบ่อทอง,ACTIVE
TTMT,9418022,พอกเข่า สูตรเย็น,ยาพอกสูตรเย็น,ยาพอก,โรงพยาบาลส่งเสริมสุขภาพตำบลบ่อทอง,ACTIVE
TTMT,9418033,ยาประคบ,ยาประคบสมุนไพร,ยาประคบ,โรงพยาบาลส่งเสริมสุขภาพตำบลบ้านจำปาดง ตำบลกุดเรือคำ,ACTIVE
TTMT,9418046,พอกสมุนไพร (รพ.พนมไพร),ยาพอกสมุนไพร สูตรพนมไพร,ยาพอก,โรงพยาบาลพนมไพร,ACTIVE
TTMT,9418051,สเปรย์กระดูกไก่ดำ,ยาสเปรย์กระดูกไก่ดำ,ยาน้ำ,เทศบาลเมืองหนองคาย,ACTIVE
TTMT,9418067,ยาประคบ,ลูกประคบสมุนไพร โคกศรี เฮิร์บ,ยาประคบ,โรงพยาบาลโคกศรีสุพรรณ,ACTIVE
TTMT,9418079,พอกเข่าสมุนไพร (รพ.โคกศรีสุพรรณ),ยาพอกเข่าสมุนไพร โคกศรี เฮิร์บ,ยาพอก,โรงพยาบาลโคกศรีสุพรรณ,ACTIVE
TTMT,9418080,ชาเบญจเกสร ,DTAM BENJAFLORA TEA ดีแทม เบญจาฟลอรา ที (สูตรเบญจเกสรและขิง) กรมการแพทย์แผนไทยและการแพทย์ทางเลือก,ยาชง,กองพัฒนายาแผนไทยและสมุนไพร กรมการแพทย์แผนไทยและการแพทย์ทางเลือก,ACTIVE
TTMT,9418098,ดมสมุนไพรไทย ,DTAM BENJA CHUENJIT INHALER ยาดมสมุนไพรไทย เบญจชื่นจิต กรมการแพทย์แผนไทยและการแพทย์ทางเลือก,ยาดม,กองพัฒนายาแผนไทยและสมุนไพร กรมการแพทย์แผนไทยและการแพทย์ทางเลือก,ACTIVE
TTMT,9418108,ดมสมุนไพรไทย ,DTAM BENJA CHUENJIT INHALER ยาดมสมุนไพรไทย เบญจชื่นจิต กรมการแพทย์แผนไทยและการแพทย์ทางเลือก,ยาดม,กองพัฒนายาแผนไทยและสมุนไพร กรมการแพทย์แผนไทยและการแพทย์ทางเลือก,ACTIVE
TTMT,9418112,การุณย์โอสถ ชนิดทรานส์เดอร์มอล แพทซ์ ,DTAM KARUN OSOT Transdermal patches ดีแทม การุณย์โอสถ ชนิดทรานส์เดอร์มอล แพทซ์ กรมการแพทย์แผนไทยและการแพทย์ทางเลือก,อื่นๆ,กองพัฒนายาแผนไทยและสมุนไพร กรมการแพทย์แผนไทยและการแพทย์ทางเลือก,ACTIVE
TTMT,9418120,ตำรับยาอดยาบ้า ชนิดเม็ดฟู่ ,DTAM HARM REDUCTION EFFERVESCENT TABLETS ดีแทม ตำรับยาอดยาบ้า ชนิดเม็ดฟู่ กรมการแพทย์แผนไทยและการแพทย์ทางเลือก,ยาเม็ด,กองพัฒนายาแผนไทยและสมุนไพร กรมการแพทย์แผนไทยและการแพทย์ทางเลือก,ACTIVE
TTMT,9418131,ยาประคบสมุนไพร,ยาประคบ สูตรตำรับที่ 1 ,ยาประคบ,โรงพยาบาลส่งเสริมสุขภาพตำบลบ้านห้วยต้า ตำบลนางพญา,ACTIVE
TTMT,9418149,พอกสมุนไพร,ยาพอกสมุนไพร สูตรจังหาร,ยาพอก,โรงพยาบาลจังหาร,ACTIVE
TTMT,9418154,สมุนไพรพอกเข่า,ยาพอกเข่า,ยาผง,โรงพยาบาลพญาเม็งราย,ACTIVE
TTMT,9418165,"สมุนไพรพอกตับ
(รพ.พญาเม็งราย)",ยาพอกตับ (สูตรเย็น),ยาผง,โรงพยาบาลพญาเม็งราย,ACTIVE
TTMT,9418177,พอกเข่าสูตรตำรับไพล,ยาพอกเข่า,ยาพอก,โรงพยาบาลธัญบุรี,ACTIVE
TTMT,9418183,ตรีผลา / พิกัดตรีผลา ,ยาตรีผลา,ยาแคปซูล,โรงพยาบาลดอนตูม,ACTIVE
TTMT,9418196,สมุนไพรอบตัว,สมุนไพรอบตัว,ยาต้ม,โรงพยาบาลสมเด็จพระยุพราชเชียงของ,ACTIVE
TTMT,9418203,ลูกประคบสมุนไพร,ลูกประคบสมุนไพร,ยาประคบ,โรงพยาบาลสมเด็จพระยุพราชเชียงของ,ACTIVE
TTMT,9418219,สมุนไพรแช่มือแช่เท้า,ยาแช่มือแช่เท้า,ยาแช่,โรงพยาบาลสมเด็จพระยุพราชเชียงของ,ACTIVE
TTMT,9418226,พอก สูตรร้อน,ยาพอกสูตรร้อน,ยาพอก,โรงพยาบาลสมเด็จพระยุพราชเชียงของ,ACTIVE
TTMT,9418235,พอก สูตรเย็น,ยาพอกสูตรเย็น,ยาพอก,โรงพยาบาลสมเด็จพระยุพราชเชียงของ,ACTIVE
TTMT,9418242,อาบแก้โรคผิวหนัง,ยาอาบแก้โรคผิวหนัง,ยาต้ม,โรงพยาบาลสมเด็จพระยุพราชเชียงของ,ACTIVE
TTMT,9418257,ต้มแก้น้ำนมน้อย,ยาต้มแก้น้ำนมน้อย,ยาต้ม,โรงพยาบาลสมเด็จพระยุพราชเชียงของ,ACTIVE
TTMT,9418261,สมุนไพรแช่มือแช่เท้า,ยาสมุนไพรแช่มือแช่เท้า,ยาแช่,โรงพยาบาลหนองฉาง,ACTIVE
TTMT,9418274,แผ่นพอกสมุนไพร,ยาแผ่นพอกสมุนไพร PH HERBAL PAD,อื่นๆ,โรงพยาบาลโพนพิสัย,ACTIVE
TTMT,9418288,หอมนวโกฐ,ยาหอมนวโกฐ โพนพิสัย เฮิร์บ,ยาแคปซูล,โรงพยาบาลโพนพิสัย,ACTIVE
TTMT,9418290,หอมเทพจิตร,หอมเทพจิตร โพนพิสัย เฮิร์บ,ยาแคปซูล,โรงพยาบาลโพนพิสัย,ACTIVE
TTMT,9418300,เหลืองปิดสมุทร,ยาเหลืองปิดสมุทร โพนพิสัย เฮิร์บ,ยาแคปซูล,โรงพยาบาลโพนพิสัย,ACTIVE
TTMT,9418316,เขียวหอม,ยาเขียวหอม โพนพิสัย เฮิร์บ,ยาแคปซูล,โรงพยาบาลโพนพิสัย,ACTIVE
TTMT,9418328,ปราบชมพูทวีป,ยาปราบชมพูทวีป โพนพิสัย เฮิร์บ,ยาแคปซูล,โรงพยาบาลโพนพิสัย,ACTIVE
TTMT,9418337,แก้ไอผสมมะขามป้อม สูตรตำรับที่ 2,แก้ไอผสมมะขามป้อม สูตรตำรับที่ 2  ,ยาน้ำ,โรงพยาบาลโพนพิสัย,ACTIVE
TTMT,9418344,ผสมเถาวัลย์เปรียง สูตรตำรับที่ ๑,ยาแคปซูลผสมเถาวัลย์เปรียงสูตร 1 โพนพิสัย เฮิร์บ,ยาแคปซูล,โรงพยาบาลโพนพิสัย,ACTIVE
TTMT,9418359,ผสมเถาวัลย์เปรียง สูตรตำรับที่ ๒,ยาแคปซูลผสมเถาวัลย์เปรียงสูตร 2 โพนพิสัย เฮิร์บ,ยาแคปซูล,โรงพยาบาลโพนพิสัย,ACTIVE
TTMT,9418363,พอกเข่าตำรับกมลา,ยาพอกเข่าตำรับกมลา,ยาพอก,โรงพยาบาลกมลาไสย,ACTIVE
TTMT,9418371,กมลาเจล ,กมลาเจล,เจล,โรงพยาบาลกมลาไสย,ACTIVE
TTMT,9418385,พอกสมุนไพร สูตร3 (รพ.สต.นาโก),ยาพอกสมุนไพร นาโก เฮิร์บ,ยาพอก,โรงพยาบาลส่งเสริมสุขภาพตำบลนาโก,ACTIVE
TTMT,9418392,หม่องเขียว (รพ.สต.นาโก),ยาหม่องเขียว นาโก เฮิร์บ,ขี้ผึ้ง,โรงพยาบาลส่งเสริมสุขภาพตำบลนาโก,ACTIVE
TTMT,9418407,แช่สมุนไพร,ยาแช่สมุนไพร นาโก เฮิร์บ,ยาแช่,โรงพยาบาลส่งเสริมสุขภาพตำบลนาโก,ACTIVE
TTMT,9418411,ทาริดสีดวงทวารหนักและโรคผิวหนัง,ครีมทาริดสีดวงทวารและโรคผิวหนัง (HS Cream),ครีม,โรงพยาบาลพนา,ACTIVE
TTMT,9418424,ทาพระเส้น,ยาทาพระเส้น โรงพยาบาลพนา,ยาพอก,โรงพยาบาลพนา,ACTIVE
TTMT,9418430,สมุนไพรประคบเท้า,สมุนไพรประคบเท้า โรงพยาบาลพนา,ยาแช่,โรงพยาบาลพนา,ACTIVE
TTMT,9418448,ยาประคบ,ยาประคบสมุนไพร (Herbal Ball),ยาประคบ,โรงพยาบาลส่งเสริมสุขภาพตำบลร่องจิก,ACTIVE
TTMT,9418453,น้ำมันไพล,น้ำมันไพล ร่องจิก เฮอร์บ,ยาเข้าน้ำมัน,โรงพยาบาลส่งเสริมสุขภาพตำบลร่องจิก,ACTIVE
TTMT,9418469,หม่องไพล/บาล์มไพล/ไพลบาล์ม / ขี้ผึ้งไพล,ยาหม่องไพล ร่องจิก เฮอร์บ,ขี้ผึ้ง,โรงพยาบาลส่งเสริมสุขภาพตำบลร่องจิก,ACTIVE
TTMT,9418476,พอกเข่า,ยาพอกเข่า สูตรสารสกัด ร่องจิก เฮอร์บ,ทิงเจอร์,โรงพยาบาลส่งเสริมสุขภาพตำบลร่องจิก,ACTIVE
TTMT,9418482,ขี้ผึ้งไพลหอม สูตร 2 (ห้างธงทองโอสถ),ยาขี้ผึ้งไพลหอม สูตร 2 ตราธงทอง,ขี้ผึ้ง,ห้างธงทองโอสถ,ACTIVE
TTMT,9418495,ประสะมะแว้ง,ยาประสะมะแว้ง ชนิดลูกกลอน ตราธงทอง,ยาลูกกลอน,ห้างธงทองโอสถ,ACTIVE
TTMT,9418509,ลูกประคบสมุนไพร สูตร 2 (ห้างธงทองโอสถ),ลูกประคบสมุนไพร สูตร 2 ตราธงทอง,ยาประคบ,ห้างธงทองโอสถ,ACTIVE
TTMT,9418513,ลูกประคบสมุนไพร สูตร 2 (ห้างธงทองโอสถ),ลูกประคบสมุนไพร สูตร 2 ตราธงทอง,ยาประคบ,ห้างธงทองโอสถ,ACTIVE
TTMT,9418521,ดร.ออย 101 ครีม,ดร.ออย 101 ครีม,ครีม,บริษัท เดอะ พอสสิเบิ้ล จำกัด,ACTIVE
TTMT,9418532,"ขี้ผึ้งเบิร์นลี่ย์ 
",ยาขี้ผึ้งเบิร์นลี่ย์,ขี้ผึ้ง,บริษัท แสงสว่างตราค้างคาว จำกัด,ACTIVE
TTMT,9418545,"หม่องน้ำหยางจื้อหลิง
",ยาหม่องน้ำหยางจื้อหลิง,ยาน้ำ,บริษัท แสงสว่างตราค้างคาว จำกัด,ACTIVE
TTMT,9418550,อมแก้ไอประสะมะแว้ง รสมะนาว ,ยาอมแก้ไอประสะมะแว้ง ตราสิงโต รสมะนาว,ยาลูกกลอน,บริษัท แสงสว่างตราค้างคาว จำกัด,ACTIVE
TTMT,9418566,อมแก้ไอประสะมะแว้ง รสบ๊วย,ยาอมแก้ไอประสะมะแว้ง ตราสิงโต รสบ๊วย,ยาลูกกลอน,บริษัท แสงสว่างตราค้างคาว จำกัด,ACTIVE
TTMT,9418578,พอกเข่า (รพร.ยะหา),ยาพอกเข่า รพร.ยะหา,ยาพอก,โรงพยาบาลสมเด็จพระยุพราชยะหา,ACTIVE
TTMT,9418584,น้ำมันสมุนไพร (รพ.บ้านไร่),ยาน้ำมันสมุนไพร (บ้านไร่ออยล์),ยาเข้าน้ำมัน,โรงพยาบาลบ้านไร่,ACTIVE
TTMT,9418597,ดมสมุนไพร,ยาดมสมุนไพร,ยาดม,โรงพยาบาลบ้านไร่,ACTIVE
TTMT,9418606,พอกสมุนไพร สูตรร้อน ,ยาพอกสมุนไพร สูตรร้อน,ยาพอก,โรงพยาบาลบ้านไร่,ACTIVE
TTMT,9418610,พอกสมุนไพร สูตรเย็น ,ยาพอกสมุนไพร สูตรเย็น ,ยาพอก,โรงพยาบาลบ้านไร่,ACTIVE
TTMT,9418623,แผ่นยาพอกสมุนไพร ,แผ่นยาพอกสมุนไพร,ยาพอก,โรงพยาบาลบ้านไร่,ACTIVE
TTMT,9418634,แผ่นยาพอกสมุนไพร ,แผ่นยาพอกสมุนไพร,ยาพอก,โรงพยาบาลบ้านไร่,ACTIVE
TTMT,9418647,น้ำมันจตุทศเภสัช สูตร 1,น้ำมันจตุทศเภสัช สูตร 1,ยาเข้าน้ำมัน,โรงพยาบาลบ้านไร่,ACTIVE
TTMT,9418652,น้ำมันจตุทศเภสัช สูตร 2 ,น้ำมันจตุทศเภสัช สูตร 2,ยาเข้าน้ำมัน,โรงพยาบาลบ้านไร่,ACTIVE
TTMT,9418668,บาล์มเฮามีกัญซ์ ,บาล์มเฮามีกัญซ์,ขี้ผึ้ง,โรงพยาบาลบ้านไร่,ACTIVE
TTMT,9418675,สเปรย์สมุนไพรไล่ยุง ,สเปรย์สมุนไพรไล่ยุง,ยาน้ำ,โรงพยาบาลบ้านไร่,ACTIVE
TTMT,9418681,พิมเสนน้ำ,ยาพิมเสนน้ำอโรม่า,ยาน้ำ,โรงพยาบาลบ้านไร่,ACTIVE
TTMT,9418699,พอกมะแขว่น,ยาพอกมะแขว่น,ยาพอก,โรงพยาบาลสมเด็จพระยุพราชเชียงของ,ACTIVE
TTMT,9418702,ทิงเจอร์ทองพันชั่ง,ทิงเจอร์ทองพันชั่ง,ทิงเจอร์,กองพัฒนายาแผนไทยและสมุนไพร กรมการแพทย์แผนไทยและการแพทย์ทางเลือก,ACTIVE
TTMT,9418718,สารสกัดขมิ้นชัน,เคอร์มินอกซ์ ไพรวนารี,ยาแคปซูล,โรงพยาบาลนิคมคำสร้อย,ACTIVE
TTMT,9418725,บัวบก,ยาชงบัวบก ตราธงทอง,ยาชง,ห้างธงทองโอสถ,ACTIVE
TTMT,9418739,ฟ้าทะลายโจร,ยาฟ้าทะลายโจร ชนิดแคปซูล,ยาแคปซูล,คูนทองคำ,ACTIVE
TTMT,9418741,มะขามแขก,ยามะขามแขก,ยาแคปซูล,โรงพยาบาลดอนตูม,ACTIVE
TTMT,9418756,กระเทียม,กระเทียมชนิดแคปซูล ตราธงทอง,ยาแคปซูล,ห้างธงทองโอสถ,ACTIVE
TTMT,9418760,มะขามแขก,มะขามแขกแคปซูล,ยาแคปซูล,โรงพยาบาลเจ้าคุณไพบูลย์พนมทวน,ACTIVE
TTMT,9418773,มะขามแขก,มะขามแขกแคปซูล,ยาแคปซูล,โรงพยาบาลเจ้าคุณไพบูลย์พนมทวน,ACTIVE
TTMT,9418787,รางจืด,รางจืดแคปซูล,ยาแคปซูล,โรงพยาบาลเจ้าคุณไพบูลย์พนมทวน,ACTIVE
TTMT,9418794,ไพล,ไพล-วนารี ครีม,ครีม,โรงพยาบาลนิคมคำสร้อย,ACTIVE
TTMT,9418804,ยาประคบ,ลูกประคบสมุนไพร,ยาประคบ,โรงพยาบาลสวรรคโลก,ACTIVE
TTMT,9418815,ยาประคบ,ลูกประคบสมุนไพร,ยาประคบ,โรงพยาบาลบ่อเกลือ,ACTIVE
TTMT,9418827,หอมนวโกฐ,ยาหอมนวโกฐ,ยาแคปซูล,กองพัฒนายาแผนไทยและสมุนไพร กรมการแพทย์แผนไทยและการแพทย์ทางเลือก,ACTIVE
TTMT,9418836,แก้ไอผสมกานพลู,ยาอมแก้ไอผสมกานพลู,ยาเม็ด,กองพัฒนายาแผนไทยและสมุนไพร กรมการแพทย์แผนไทยและการแพทย์ทางเลือก,ACTIVE
TTMT,9418843,น้ำมันมหาจักร์,น้ำมันมหาจักร,ยาเข้าน้ำมัน,กองพัฒนายาแผนไทยและสมุนไพร กรมการแพทย์แผนไทยและการแพทย์ทางเลือก,ACTIVE
TTMT,9418858,ยาพอกดูดพิษ,ยาพอกดูดพิษ,ยาพอก,กองพัฒนายาแผนไทยและสมุนไพร กรมการแพทย์แผนไทยและการแพทย์ทางเลือก,ACTIVE
TTMT,9418862,ครีมไพล,ไพล-วนารี ครีม,ครีม,โรงพยาบาลนิคมคำสร้อย,ACTIVE
TTMT,9418870,สหัศธารา,ยาสหัศธารา        ไพรวนารี,ยาแคปซูล,โรงพยาบาลนิคมคำสร้อย,ACTIVE
TTMT,9418889,ยาดมสมุนไพร,ยาดมสมุนไพร      ไพรวนารี,ยาดม,โรงพยาบาลนิคมคำสร้อย,ACTIVE
TTMT,9418891,พนัสหอมจันทน์ (รพ.พนัสนิคม),พนัสหอมจันทน์,ยาดม,โรงพยาบาลพนัสนิคม,ACTIVE
TTMT,9418901,พนัสโอสถฉวี (รพ.พนัสนิคม),พนัสโอสถฉวี,ขี้ผึ้ง,โรงพยาบาลพนัสนิคม,ACTIVE
TTMT,9418917,น้ำมันสมุนไพรผสมกัญชา (รพ.พนัสนิคม),น้ำมันสมุนไพรผสมกัญชา,ยาเข้าน้ำมัน,โรงพยาบาลพนัสนิคม,ACTIVE
TTMT,9418929,ขี้ผึ้งสมุนไพรผสมกัญชา (รพ.พนัสนิคม),ขี้ผึ้งสมุนไพรผสมกัญชา,ขี้ผึ้ง,โรงพยาบาลพนัสนิคม,ACTIVE
TTMT,9418938,ยาประคบ,ยาประคบ (แห้ง),ยาประคบ,โรงพยาบาลส่งเสริมสุขภาพตำบลล่องตาที ตำบลลานสัก,ACTIVE
TTMT,9418940,ยาประคบ,ยาประคบ (สด),ยาประคบ,โรงพยาบาลส่งเสริมสุขภาพตำบลล่องตาที ตำบลลานสัก,ACTIVE
TTMT,9418955,ครีม CBD 2.5% อภัยภูเบศร,ครีม CBD 2.5% อภัยภูเบศร,ครีม,โรงพยาบาลเจ้าพระยาอภัยภูเบศร,ACTIVE
TTMT,9418964,ขี้ผึ้งขมิ้นชัน,ขี้ผึ้งขมิ้นชัน,ขี้ผึ้ง,โรงพยาบาลเสาไห้เฉลิมพระเกียรติ 80 พรรษา,ACTIVE
TTMT,9418972,สเปรย์หญ้าดอกขาว,สเปรย์หญ้าดอกขาว,ยาน้ำ,โรงพยาบาลเสาไห้เฉลิมพระเกียรติ 80 พรรษา,ACTIVE
TTMT,9418986,ห้าราก / แก้ไข้ห้าราก / แก้วห้าดวง / เบญจโลกวิเชียร ,ยาแคปซูลห้าราก ตราไทรทอง HA RAK CAPSULE SAI THONG BRAND,ยาแคปซูล,บริษัท ซีโนฟาร์ม(ไทย) จำกัด,ACTIVE
TTMT,9418993,หม่องสมุนไพร กิฟฟารีน,ยาหม่องสมุนไพร ,ขี้ผึ้ง,บริษัท สกายไลน์ เฮลท์แคร์ จำกัด,ACTIVE
TTMT,9419002,น้ำมันสมุนไพรบรรเทาอาการปวดเมื่อย,เฮอร์เบิล รับบิ้ง ออยล์,ยาเข้าน้ำมัน,บริษัท สกายไลน์ เฮลท์แคร์ จำกัด,ACTIVE
TTMT,9419018,ยาดมสมุนไพร,ยาดมสมุนไพร,ยาดม,บริษัท สกายไลน์ เฮลท์แคร์ จำกัด,ACTIVE
TTMT,9419025,น้ำมันไพล,ไพล เฮอร์เบิล ออยล์ บาย กิฟฟารีน,ยาเข้าน้ำมัน,บริษัท สกายไลน์ เฮลท์แคร์ จำกัด,ACTIVE
TTMT,9419039,แก้ไอ เค คอฟ (ขาวละออ),ยาแก้ไอ เค คอฟ ตราขาวละออ,ยาน้ำ,บริษัท ขาวละออเภสัช จำกัด,ACTIVE
TTMT,9419041,ธาตุอบเชย ,ยาธาตุผสมอบเชย ตราขาวละออ,ยาน้ำ,บริษัท ขาวละออเภสัช จำกัด,ACTIVE
TTMT,9419056,แก้ไอผสมมะขามป้อม สูตรตำรับที่ 2,ยาแก้ไอ ผสมมะขามป้อมสูตรตำรับที่2 ตราขาวละออ,ยาน้ำ,บริษัท ขาวละออเภสัช จำกัด,ACTIVE
TTMT,9419060,ครีมผสมไพล สูตร 2 ตราธงทอง,ยาครีมผสมไพล สูตร 2 ตราธงทอง,ครีม,ห้างธงทองโอสถ,ACTIVE
TTMT,9419073,แก้ร้อนใน หล่อฮั่งก้วย,ยาน้ำแก้ร้อนใน หล่อฮั่งก้วย,ยาน้ำ,ห้างธงทองโอสถ,ACTIVE
TTMT,9419087,แก้ท้องอืด ท้องเฟ้อ,ยาเม็ด ตราเอฟ-ตูแลนซ์ ,ยาเม็ด,ห้างธงทองโอสถ,ACTIVE
TTMT,9419094,บำรุงร่างกายผสมกระชายดำ (คูนทองคำ),ยาน้ำบำรุงร่างกายผสมกระชายดำ ตราหมอสุกิจ,ยาน้ำ,คูนทองคำ,ACTIVE
TTMT,9419104,ห้าราก / แก้ไข้ห้าราก / แก้วห้าดวง / เบญจโลกวิเชียร ,ยาห้าราก,ยาแคปซูล,คูนทองคำ,ACTIVE
TTMT,9419115,พิมเสนน้ำ,ยาน้ำมันผสมเมนทอล,ยาเข้าน้ำมัน,คูนทองคำ,ACTIVE
TTMT,9419127,หม่องไพล/บาล์มไพล/ไพลบาล์ม / ขี้ผึ้งไพล,ยาหม่องผสมไพล ตรานพคุณ,ขี้ผึ้ง,คูนทองคำ,ACTIVE
TTMT,9419136,สเปรย์แก้ปวด,ยาสเปรย์บรรเทาอาการปวดเมื่อย ตราปารวตี,ยาเข้าน้ำมัน,คูนทองคำ,ACTIVE
TTMT,9419143,แคปซูลผสมกวาวเครือแดง (คูนทองคำ),ยาแคปซูลผสมกวาวเครือแดง,ยาแคปซูล,คูนทองคำ,ACTIVE
TTMT,9419158,ยาดมสมุนไพร,ยาดมสมุนไพร,ยาดม,คูนทองคำ,ACTIVE
TTMT,9419162,ยาดมสมุนไพร,ยาดมสมุนไพร,ยาดม,คูนทองคำ,ACTIVE
TTMT,9419170,ยาดมสมุนไพร,ยาดมสมุนไพร,ยาดม,คูนทองคำ,ACTIVE
TTMT,9419189,น้ำมันไพล,ยาน้ำมันเคทีเค,ยาเข้าน้ำมัน,คูนทองคำ,ACTIVE
TTMT,9419191,น้ำผสมว่านชักมดลูก (คูนทองคำ) ,ยาน้ำผสมว่านชักมดลูก ตราหมอนฤมนต์,ยาน้ำ,คูนทองคำ,ACTIVE
TTMT,9419209,น้ำแก้ไอ (คูนทองคำ),ยาน้ำแก้ไอ ร้านคูนทองคำ,ยาน้ำ,คูนทองคำ,ACTIVE
TTMT,9419213,กษัยเส้นชนิดน้ำ (คูนทองคำ),ยากษัยเส้น ตราหมอสุกิจ,ยาน้ำ,คูนทองคำ,ACTIVE
TTMT,9419221,หลังคลอด (คูนทองคำ) ,ยาสำหรับสตรี ฟีเมลาร์,ยาแคปซูล,คูนทองคำ,ACTIVE
TTMT,9419232,แก้กลากเกลื้อน ชนิดน้ำ (คูนทองคำ) ,ยาทาแก้กลากเกลื้อน ร้านคูนทองคำ,ยาน้ำ,คูนทองคำ,ACTIVE
TTMT,9419245,แก้ท้องอืด ท้องเฟ้อ ชนิดน้ำ (คูนทองคำ),ยาธาตุ ร้านคูนทองคำ,ยาน้ำ,คูนทองคำ,ACTIVE
TTMT,9419250,เพชรสังฆาต,ยาบรรเทาอาการริดสีดวงทวารหนัก ตราหมอสุกิจ,ยาแคปซูล,คูนทองคำ,ACTIVE
TTMT,9419266,แคปซูลผสมเถาวัลย์เปรียง,ยาเดอร่า,ยาแคปซูล,บริษัท แก้วมังกรเภสัช จำกัด,ACTIVE
TTMT,9419278,ตรีผลา / พิกัดตรีผลา ,ยาตรีผลา,ยาแคปซูล,โรงพยาบาลดอนตูม,ACTIVE
TTMT,9419284,กษัยเส้น ทีเอฟดี,ยากษัยเส้น ทีเอฟดี,ยาน้ำ,บริษัท ไทยเอฟดี จำกัด,ACTIVE
TTMT,9419297,แก้ไข้ฟีเวอร์แคปซูล,ยาแก้ไข้ฟีเวอร์แคปซูล,ยาแคปซูล,บริษัท ไทยเอฟดี จำกัด,ACTIVE
TTMT,9419307,น้ำมันมหาจักร์,น้ำมันมหาจักร ทีเอฟดี,ยาเข้าน้ำมัน,บริษัท ไทยเอฟดี จำกัด,ACTIVE
TTMT,9419311,ประสะมะแว้ง,ยาประสะมะแว้ง 200 มิลลิกรัม รสบ๊วย ตราทีเอฟดี,ยาเม็ด,บริษัท ไทยเอฟดี จำกัด,ACTIVE
TTMT,9419324,มันทธาตุ,ยาแคปซูลมันทธาตุ ทีเอฟดี,ยาแคปซูล,บริษัท ไทยเอฟดี จำกัด,ACTIVE
TTMT,9419330,ยาประคบ,สมุนไพรลูกประคบ (สด),ยาประคบ,โรงพยาบาลวัดญาณสังวราราม,ACTIVE
TTMT,9419348,ทับหม้อเกลือ,ชุดสมุนไพรทับหม้อเกลือ (สด),ยาประคบ,โรงพยาบาลวัดญาณสังวราราม,ACTIVE
TTMT,9419353,สมุนไพรแช่มือแช่เท้า,ชุดสมุนไพรแช่มือ แช่เท้า (สด),ยาแช่,โรงพยาบาลวัดญาณสังวราราม,ACTIVE
TTMT,9419369,พอกตา,ชุดสมุนไพรพอกตา,ยาพอก,โรงพยาบาลวัดญาณสังวราราม,ACTIVE
TTMT,9419376,อบสมุนไพร,ชุดอบสมุนไพร (สด),ยาต้ม,โรงพยาบาลวัดญาณสังวราราม,ACTIVE
TTMT,9419382,แก้ไอผสมมะขามป้อม สูตรตำรับที่ 2,"ยาน้ำแก้ไอเด็ก 
ตราการบูร 
กลิ่นน้ำผึ้งมานูก้า",ยาน้ำแขวนตะกอน,บริษัท พนาพัฒน์ เฮลท์แคร์ จำกัด,ACTIVE
TTMT,9419395,โลชั่นสมุนไพร (รพ.บางปะหัน),"โลชันสมุนไพร Soft Pain 
(ซอฟท์ เพน)",โลชั่น,โรงพยาบาลบางปะหัน,ACTIVE
TTMT,9419400,พอกเข่าสมุนไพร,ยาพอกเข่าเจลลี่,ยาพอก,โรงพยาบาลบางปะหัน,ACTIVE
TTMT,9419416,ผสมเพชรสังฆาต สูตรตำรับที่ 1,ยาผสมเพชรสังฆาตแคปซูล,ยาแคปซูล,โรงพยาบาลเจ้าคุณไพบูลย์พนมทวน,ACTIVE
TTMT,9419428,หม่องเสลดพังพอน/เสลดพังพอนบาล์ม/หม่องพญายอ/ขี้ผึ้งพญายอ/ขี้ผึ้งเสลดพังพอน,"ขี้ผึ้งตรีมรกต
ตราวิสาหกิจชุมชน
จิตอาสาวิถีธรรม",ขี้ผึ้ง,กลุ่มวิสาหกิจชุมชนจิตอาสาวิถีธรรม,ACTIVE
TTMT,9419437,แก้นอนไม่หลับ ชนิดแคปซูล (แก้วมังกรเภสัช),ยาแก้นอนไม่หลับ ชนิดแคปซูล ตราเคเอ็มพี,ยาแคปซูล,บริษัท แก้วมังกรเภสัช จำกัด,ACTIVE
TTMT,9419444,ศุขไสยาศน์,ยาศุขไสยาศน์ ชนิดแคปซูล ตราเคเอ็มพี,ยาแคปซูล,บริษัท แก้วมังกรเภสัช จำกัด,ACTIVE
TTMT,9419459,น้ำมันสมุนไพรบรรเทาอาการปวดเมื่อย,ยาน้ำมันแก้ปวดเมื่อย,ยาเข้าน้ำมัน,บริษัท ไทยเอฟดี จำกัด,ACTIVE
TTMT,9419463,ขี้ผึ้งไพล (กรมการแพทย์แผนไทยและการแพทย์ทางเลือก),"DTAM PHLAI MASSAGE BALM STICK
ดีแทม ยาน้ำมันไพล สำหรับนวด ชนิดแท่งกรมการแพทย์แผนไทยและการแพทย์ทางเลือก",ขี้ผึ้ง,กองพัฒนายาแผนไทยและสมุนไพร กรมการแพทย์แผนไทยและการแพทย์ทางเลือก,ACTIVE
TTMT,9419471,เจลพอกเข่าดูดพิษ (กรมการแพทย์แผนไทยและการแพทย์ทางเลือก),DTAM NELIEVING GEL ดีแทม เจลพอกเข่าดูดพิษ กรมการแพทย์แผนไทยและการแพทย์ทางเลือก,เจล,กองพัฒนายาแผนไทยและสมุนไพร กรมการแพทย์แผนไทยและการแพทย์ทางเลือก,ACTIVE
TTMT,9419485,น้ำมันไพล,"DTAM PHLAI MASSAGE OIL 
น้ำมันไพล 
กรมการแพทย์แผนไทยและการแพทย์ทางเลือก",ยาเข้าน้ำมัน,กองพัฒนายาแผนไทยและสมุนไพร กรมการแพทย์แผนไทยและการแพทย์ทางเลือก,ACTIVE
TTMT,9419492,แก้อาการจากเชื้อราและโรคน้ำกัดเท้า ชนิดแท่ง (กรมการแพทย์แผนไทยและการแพทย์ทางเลือก),"DTAM LINAMIN BALM STICK ดีแทม ไลนามิน 
ชนิดแท่ง กรมการแพทย์แผนไทยและการแพทย์ทางเลือก",ยาแท่ง,กองพัฒนายาแผนไทยและสมุนไพร กรมการแพทย์แผนไทยและการแพทย์ทางเลือก,ACTIVE
TTMT,9419503,แก้อาการจากเชื้อราและโรคน้ำกัดเท้า ชนิดขี้ผึ้ง (กรมการแพทย์แผนไทยและการแพทย์ทางเลือก),DTAM BATA PITAK BALM  ดีแทม ตำรับยาบาทาพิทักษ์ ชนิดขี้ผึ้ง กรมการแพทย์แผนไทยและการแพทย์ทางเลือก,ขี้ผึ้ง,กองพัฒนายาแผนไทยและสมุนไพร กรมการแพทย์แผนไทยและการแพทย์ทางเลือก,ACTIVE
TTMT,9419519,น้ำมันกัญชา ตำรับยาภูพร้าว (กรมการแพทย์แผนไทยและการแพทย์ทางเลือก),DTAM GANJA OIL (PHUPRAO FORMULA) ดีแทมน้ำมันกัญชา (ตำรับยาภูพร้าว) กรมการแพทย์แผนไทยและการแพทย์ทางเลือก,ยาเข้าน้ำมัน,กองพัฒนายาแผนไทยและสมุนไพร กรมการแพทย์แผนไทยและการแพทย์ทางเลือก,ACTIVE
TTMT,9419526,ยาประคบ,ลูกประคบสมุนไพร,ยาประคบ,โรงพยาบาลสันติสุข,ACTIVE
TTMT,9419535,น้ำมันไพล,น้ำมันไพล,ยาเข้าน้ำมัน,โรงพยาบาลส่งเสริมสุขภาพตำบลบ้านเมี่ยง,ACTIVE
TTMT,9419542,ยาประคบ,ลูกประคบ,ยาประคบ,โรงพยาบาลส่งเสริมสุขภาพตำบลบ้านเมี่ยง,ACTIVE
TTMT,9419557,พนัสโอสถทิพย์ (รพ.พนัสนิคม),พนัสโอสถทิพย์,ขี้ผึ้ง,โรงพยาบาลพนัสนิคม,ACTIVE
TTMT,9419561,พนัสพิมเสน (รพ.พนัสนิคม),พนัสพิมเสน,ยาดม,โรงพยาบาลพนัสนิคม,ACTIVE
TTMT,9419574,สเปรย์กระดูกไก่ดำ,สเปร์ยกระดูกไก่ดำ,ยาน้ำ,โรงพยาบาลพนัสนิคม,ACTIVE
TTMT,9419588,น้ำมันไพล,ยาน้ำมันไพล,ยาเข้าน้ำมัน,โรงพยาบาลส่งเสริมสุขภาพตำบลบ่อทอง จ.พิษณุโลก,ACTIVE
TTMT,9419590,ยาประคบ,ยาประคบสมุนไพร,ยาประคบ,โรงพยาบาลส่งเสริมสุขภาพตำบลนาดี จ.เลย,ACTIVE
TTMT,9419601,เบญจกูล / พิกัดเบญจกูล,ยาธาตุเบญจกูลชนิดแคปซูล,ยาแคปซูล,บริษัท เจริญสุขเภสัช (เจริญสุขกรุ๊ป),ACTIVE
TTMT,9419617,น้ำมันไพล,น้ำมันไพล,ยาเข้าน้ำมัน,โรงพยาบาลบ่อเกลือ,ACTIVE
TTMT,9419629,หม่องไพล/บาล์มไพล/ไพลบาล์ม / ขี้ผึ้งไพล,"ยาขี้ผึ้งสูตรร้อน 
ตราวิสาหกิจชุมชน
จิตอาสาวิถีธรรม",ขี้ผึ้ง,กลุ่มวิสาหกิจชุมชนจิตอาสาวิถีธรรม,ACTIVE
TTMT,9419638,น้ำมันเหลือง,"ยาน้ำมันเหลือง 
ตราวิสาหกิจชุมชน
จิตอาสาวิถีธรรม",ยาเข้าน้ำมัน,กลุ่มวิสาหกิจชุมชนจิตอาสาวิถีธรรม,ACTIVE
TTMT,9419640,น้ำมันไพล,น้ำมันไพล,ยาเข้าน้ำมัน,โรงพยาบาลส่งเสริมสุขภาพตำบลสานตม,ACTIVE
TTMT,9419655,ยาประคบ,ลูกประคบสมุนไพร,ยาประคบ,โรงพยาบาลส่งเสริมสุขภาพตำบลสานตม,ACTIVE
TTMT,9419664,นิทราภิรมย์,นิทราภิรมย์,ยาชง,โรงพยาบาลพระพุทธบาท,ACTIVE
TTMT,9419672,มะขามแขก,ยามะขามแขก โรงพยาบาลพนา,ยาแคปซูล,โรงพยาบาลพนา,ACTIVE
TTMT,9419686,มะขามแขก,ยามะขามแขก โรงพยาบาลพนา,ยาแคปซูล,โรงพยาบาลพนา,ACTIVE
TTMT,9419693,มะขามแขก,ยามะขามแขก โรงพยาบาลพนา,ยาชง,โรงพยาบาลพนา,ACTIVE
TTMT,9419705,มะรุม/ผักอีสุม,มะรุม ชนิดแคปซูล ตราเคเอ็มพี,ยาแคปซูล,บริษัท แก้วมังกรเภสัช จำกัด,ACTIVE
TTMT,9419714,มะรุม/ผักอีสุม,มะรุม ชนิดแคปซูล ตราทเวนตี้โฟร์,ยาแคปซูล,บริษัท แก้วมังกรเภสัช จำกัด,ACTIVE
TTMT,9419722,เถาวัลย์เปรียง,ยาแคปซูลเถาวัลย์เปรียง ตราอภัยภูเบศร,ยาแคปซูล,มูลนิธิ โรงพยาบาลเจ้าพระยาอภัยภูเบศร,ACTIVE
TTMT,9419733,มะขามแขก,ยาแคปซูลมะขามแขก ตราอภัยภูเบศร,ยาแคปซูล,มูลนิธิ โรงพยาบาลเจ้าพระยาอภัยภูเบศร,ACTIVE
TTMT,9419746,ไพล,ครีมไพล,ครีม,โรงพยาบาลส่งเสริมสุขภาพตำบลบ้านจำปาดง ตำบลกุดเรือคำ,ACTIVE
TTMT,9419751,ไพล,ยาครีมผสมไพล,ครีม,บริษัท พรีราน่าเนเจอร์ จำกัด,ACTIVE
TTMT,9419767,ผสมเพชรสังฆาต สูตรตำรับที่ 2,ยาแคปซูล ยาผสมเพชรสังฆาต สูตร 2 โพนพิสัย เฮิร์บ,ยาแคปซูล,โรงพยาบาลโพนพิสัย,ACTIVE
TTMT,9419779,ทาพระเส้น,ยาทาพระเส้น โรงพยาบาลพนา,ยาน้ำ,โรงพยาบาลพนา,ACTIVE
TTMT,9419780,ทาพระเส้น,ยาทาพระเส้น โรงพยาบาลพนา,ยาเข้าน้ำมัน,โรงพยาบาลพนา,ACTIVE
TTMT,9419798,หอมเทพจิตร,ยาหอมเทพจิตร,ยาผง,โรงพยาบาลพระอาจารย์ฝั้นอาจาโร,ACTIVE
TTMT,9419808,หอมแก้ลมวิงเวียน,ยาหอมแก้ลมวิงเวียน,ยาผง,โรงพยาบาลพระอาจารย์ฝั้นอาจาโร,ACTIVE
TTMT,9419812,หอมเทพรำจวญ,ยาหอมเทพรำจวน,ยาผง,โรงพยาบาลพระอาจารย์ฝั้นอาจาโร,ACTIVE
TTMT,9419820,ยาประคบ,ยาประคบสมุนไพร,ยาประคบ,โรงพยาบาลส่งเสริมสุขภาพตำบลรัษฎา,ACTIVE
TTMT,9419831,พอกเข่าสมุนไพร,ยาพอกเข่า ,ยาพอก,โรงพยาบาลส่งเสริมสุขภาพตำบลสานตม,ACTIVE
TTMT,9419849,น้ำมันเขียว,น้ำมันเขียวตรีมรกต ตราวิสาหกิจชุมชนจิตอาสาวิถีธรรม,ยาเข้าน้ำมัน,กลุ่มวิสาหกิจชุมชนจิตอาสาวิถีธรรม,ACTIVE
TTMT,9419854,เขียวหอม,ยาเขียวหอมชนิดแคปซูล ตราธงทอง ,ยาแคปซูล,ห้างธงทองโอสถ,ACTIVE
TTMT,9419865,ทำลายพระสุเมรุ,ยาทำลายพระสุเมรุ ชนิดแคปซูล ตราธงทอง,ยาแคปซูล,ห้างธงทองโอสถ,ACTIVE
TTMT,9419877,พอกเข่า,สมุนไพร พอกเข่า,ยาพอก,โรงพยาบาลส่งเสริมสุขภาพตำบลนาดี จ.เลย,ACTIVE
TTMT,9419883,น้ำมันทาแผลเรื้อรัง,น้ำมันทาแผล,ยาน้ำ,โรงพยาบาลทุ่งฝน,ACTIVE
TTMT,9419896,น้ำมันเหลือง (รพ.ทุ่งฝน),น้ำมันเหลือง,ยาน้ำ,โรงพยาบาลทุ่งฝน,ACTIVE
TTMT,9419906,ยาประคบ,ยาลูกประคบ,ยาประคบ,โรงพยาบาลส่งเสริมสุขภาพตำบลโนนสว่าง อำเภอวังสะพุง,ACTIVE
TTMT,9419910,น้ำมันไพล,ยาน้ำมันไพล,ยาเข้าน้ำมัน,โรงพยาบาลส่งเสริมสุขภาพตำบลโนนสว่าง อำเภอวังสะพุง,ACTIVE
TTMT,9419923,อบสมุนไพร,ยาอบสมุนไพร,ยาต้ม,โรงพยาบาลส่งเสริมสุขภาพตำบลโนนสว่าง อำเภอวังสะพุง,ACTIVE
TTMT,9419934,พอกเข่าสมุนไพร (รพ.สต.โนนสว่าง),ยาพอกเข่าสมุนไพร,ยาพอก,โรงพยาบาลส่งเสริมสุขภาพตำบลโนนสว่าง อำเภอวังสะพุง,ACTIVE
TTMT,9419947,บำรุงน้ำนม (รพ.โพธิ์ตาก),"ยาบำรุงน้ำนม 
",ยาต้ม,โรงพยาบาลโพธิ์ตาก,ACTIVE
TTMT,9419952,สมุนไพรแช่มือแช่เท้า,"ยาแช่มือ - เท้า สมุนไพร 
",ยาแช่,โรงพยาบาลโพธิ์ตาก,ACTIVE
TTMT,9419968,พอกเข่า สูตรเย็น,"ยาพอกเข่าสูตรเย็น
",ยาพอก,โรงพยาบาลโพธิ์ตาก,ACTIVE
TTMT,9419975,"บำรุงเตโชธาตุ 
","ยาบำรุงเตโชธาตุ 
",ยาต้ม,โรงพยาบาลโพธิ์ตาก,ACTIVE
TTMT,9419981,"บำรุงปถวีธาตุ
","ยาบำรุงปถวีธาตุ
",ยาต้ม,โรงพยาบาลโพธิ์ตาก,ACTIVE
TTMT,9419999,"บำรุงวาโยธาตุ
","ยาบำรุงวาโยธาตุ
",ยาต้ม,โรงพยาบาลโพธิ์ตาก,ACTIVE
TTMT,9420008,"บำรุงอาโปธาตุ
","ยาบำรุงอาโปธาตุ
",ยาต้ม,โรงพยาบาลโพธิ์ตาก,ACTIVE
TTMT,9420012,บำรุงกำลัง (ชาย),ตำรับบำรุงกำลัง (ชาย),ยาต้ม,โรงพยาบาลโพธิ์ตาก,ACTIVE
TTMT,9420020,สมุนไพรเผา,ตำรับยาสมุนไพรเผา,อื่นๆ,โรงพยาบาลโพธิ์ตาก,ACTIVE
TTMT,9420031,ทาพระเส้น,ตำรับยาทาพระเส้น,ยาน้ำ,โรงพยาบาลโพธิ์ตาก,ACTIVE
TTMT,9420049,กษัยเส้น ตราพรีราน่า,ยากษัยเส้น  ตราพรีราน่า,ยาแคปซูล,บริษัท พรีราน่าเนเจอร์ จำกัด,ACTIVE
TTMT,9420054,ขับลม ตราพรีราน่า,ยาขับลม ตราพรีราน่า,ยาแคปซูล,บริษัท พรีราน่าเนเจอร์ จำกัด,ACTIVE
TTMT,9420065,เหลืองปิดสมุทร,ยาเหลืองปิดสมุทรแคปซูล,ยาแคปซูล,บริษัท พรีราน่าเนเจอร์ จำกัด,ACTIVE
TTMT,9420077,น้ำมันไพล,ยาน้ำมันไพล,ยาเข้าน้ำมัน,บริษัท พรีราน่าเนเจอร์ จำกัด,ACTIVE
TTMT,9420083,พิมเสนน้ำ,ยาพิมเสนน้ำ ตราพรีราน่า,ยาน้ำ,บริษัท พรีราน่าเนเจอร์ จำกัด,ACTIVE
TTMT,9420096,ชงสมุนไพรผสมใบมะขามแขก,ยาชงสมุนไพรผสมใบมะขามแขก ,ยาชง,บริษัท พรีราน่าเนเจอร์ จำกัด,ACTIVE
TTMT,9420106,น้ำมันเสลดพังพอน,ยาน้ำมันผสมเสลดพังพอนตัวผู้,ยาเข้าน้ำมัน,บริษัท พรีราน่าเนเจอร์ จำกัด,ACTIVE
TTMT,9420110,เขียวหอม,ยาเขียวหอม ชนิดแคปซูล,ยาแคปซูล,บริษัท พรีราน่าเนเจอร์ จำกัด,ACTIVE
TTMT,9420123,ขี้ผึ้งบรรเทาอาการฝีแผล,ยาฟีแคร์,ขี้ผึ้ง,บริษัท พรีราน่าเนเจอร์ จำกัด,ACTIVE
TTMT,9420134,ทัพยาธิคุณ,"ยาทัพยาธิคุณ 
",ยาแคปซูล,บริษัท ซาลัส ไบโอซูติคอล (ประเทศไทย) จำกัด,ACTIVE
TTMT,9420147,ทำลายพระสุเมรุ,"ยาทำลาย
พระสุเมรุ ",ยาแคปซูล,บริษัท ซาลัส ไบโอซูติคอล (ประเทศไทย) จำกัด,ACTIVE
TTMT,9420152,น้ำมันกัญชา,"น้ำมันกัญชา 
ทีเอชซี 2 มก./มล. 
",ยาน้ำ,บริษัท ซาลัส ไบโอซูติคอล (ประเทศไทย) จำกัด,ACTIVE
TTMT,9420168,สารสกัดช่อดอกกัญชง,"น้ำมัน
สารสกัดซีบีดี
ฟูลสเปกตรัม 5% 
ตรา ซาลัส",ยาน้ำ,บริษัท ซาลัส ไบโอซูติคอล (ประเทศไทย) จำกัด,ACTIVE
TTMT,9420175,สารสกัดช่อดอกกัญชง,"น้ำมัน
สารสกัดซีบีดี
ฟูลสเปกตรัม 10% 
ตรา ซาลัส",ยาน้ำ,บริษัท ซาลัส ไบโอซูติคอล (ประเทศไทย) จำกัด,ACTIVE
TTMT,9420181,สารสกัดช่อดอกกัญชง,"น้ำมัน
สารสกัดซีบีดี
ฟูลสเปกตรัม 20% 
ตรา ซาลัส",ยาน้ำ,บริษัท ซาลัส ไบโอซูติคอล (ประเทศไทย) จำกัด,ACTIVE
TTMT,9420199,สารสกัดช่อดอกกัญชง,"น้ำมัน
สารสกัดซีบีดี
ฟูลสเปกตรัม 30% 
ตรา ซาลัส",ยาน้ำ,บริษัท ซาลัส ไบโอซูติคอล (ประเทศไทย) จำกัด,ACTIVE
TTMT,9420201,สารสกัดช่อดอกกัญชง,"น้ำมัน
สารสกัดซีบีดี
ฟูลสเปกตรัม 40% 
ตรา ซาลัส",ยาน้ำ,บริษัท ซาลัส ไบโอซูติคอล (ประเทศไทย) จำกัด,ACTIVE
TTMT,9420217,พิมเสนน้ำ (บ.ซาลัส ไบโอซูติคอล),"พิมเสนน้ำ 
ตรา 
พรรณนานา",ยาเข้าน้ำมัน,บริษัท ซาลัส ไบโอซูติคอล (ประเทศไทย) จำกัด,ACTIVE
TTMT,9420229,น้ำมันนวด (บ.ซาลัส ไบโอซูติคอล),"ยาน้ำมันนวด ตรา 
พรรณนานา",ยาเข้าน้ำมัน,บริษัท ซาลัส ไบโอซูติคอล (ประเทศไทย) จำกัด,ACTIVE
TTMT,9420238,ห้าราก / แก้ไข้ห้าราก / แก้วห้าดวง / เบญจโลกวิเชียร ,ยาห้าราก ชนิดแคปซูล ตราขาวละออ,ยาแคปซูล,บริษัท ขาวละออเภสัช จำกัด,ACTIVE
TTMT,9420240,แก้ลมอัมพฤกษ์ ,ยาแก้ลมอัมพฤกษ์ ชนิดผง ตราขาวละออ,ยาผง,บริษัท ขาวละออเภสัช จำกัด,ACTIVE
TTMT,9420255,พอกสมุนไพรลดเตโช,ยาพอกลดเตโช,ยาพอก,โรงพยาบาลตาคลี,ACTIVE
TTMT,9420264,พอกเข่าสมุนไพร,ยาพอกเข่าสมุนไพร,ยาพอก,โรงพยาบาลพังโคน,ACTIVE
TTMT,9420272,ยาดมสมุนไพร,ยาดม หอมรัญจวน,ยาดม,โรงพยาบาลสะบ้าย้อย,ACTIVE
TTMT,9420286,กระจายวาโย,ยากระจายวาโย,ยาพอก,โรงพยาบาลสะบ้าย้อย,ACTIVE
TTMT,9420293,พอกเข่า,ยาพอกเข่าสูตรสะบ้า,ยาพอก,โรงพยาบาลสะบ้าย้อย,ACTIVE
TTMT,9420303,พิมเสนน้ำ,พิมเสนน้ำ กลิ่นบุหงา,ยาน้ำ,โรงพยาบาลสะบ้าย้อย,ACTIVE
TTMT,9420319,สุมสมุนไพร,ยาสุมบำรุงปัปผา,ยาต้ม,โรงพยาบาลสะบ้าย้อย,ACTIVE
TTMT,9420326,พอกตา,ยาพอกทิพย์จักษุ,ยาพอก,โรงพยาบาลสะบ้าย้อย,ACTIVE
TTMT,9420335,ยาประคบ,ลูกประคบสมุนไพร,ยาประคบ,โรงพยาบาลบ่อเกลือ,ACTIVE
TTMT,9420342,พอกสมุนไพร,พอกเข่าสมุนไพรสด สูตรธัชกร 1,ยาพอก,โรงพยาบาลส่งเสริมสุขภาพตำบลบ้านชำสมอ,ACTIVE
TTMT,9420357,น้ำมันมหาจักร์,น้ำมันมหาจักร,ยาเข้าน้ำมัน,โรงพยาบาลเพชรบูรณ์,ACTIVE
TTMT,9420361,พญายอ,ทิงเจอร์เสลดพังพอน,ทิงเจอร์,โรงพยาบาลบ้านตาก,ACTIVE
TTMT,9420374,พญายอ,กลีเซอรีนเสลดพังพอน,ยาน้ำ,โรงพยาบาลบ้านตาก,ACTIVE
TTMT,9420388,มะขามแขก,มะขามแขกแคปซูล,ยาแคปซูล,โรงพยาบาลบางกระทุ่ม,ACTIVE
TTMT,9420390,พญายอ,พญายอคาลาไมน์ ,โลชั่น,โรงพยาบาลบางกระทุ่ม,ACTIVE
TTMT,9420405,กล้วย,ยาผงกล้วย,ยาผง,โรงพยาบาลเรณูนคร,ACTIVE
TTMT,9420414,ขมิ้นชัน,ยาขมิ้นชันแคปซูล,ยาแคปซูล,โรงพยาบาลเรณูนคร,ACTIVE
TTMT,9420422,ขิง,ยาขิงแคปซูล,ยาแคปซูล,โรงพยาบาลเรณูนคร,ACTIVE
TTMT,9420433,ขิง,ชาชงขิง,ยาชง,โรงพยาบาลเรณูนคร,ACTIVE
TTMT,9420446,เถาวัลย์เปรียง,ยาเถาวัลย์เปรียงแคปซูล,ยาแคปซูล,โรงพยาบาลเรณูนคร,ACTIVE
TTMT,9420451,พญายอ,ทิงเจอร์พญายอ,ทิงเจอร์,โรงพยาบาลเรณูนคร,ACTIVE
TTMT,9420467,ฟ้าทะลายโจร,ยาฟ้าทะลายโจรแคปซูล,ยาแคปซูล,โรงพยาบาลเรณูนคร,ACTIVE
TTMT,9420479,มะขามแขก,ยามะขามแขกแคปซูล,ยาแคปซูล,โรงพยาบาลเรณูนคร,ACTIVE
TTMT,9420480,รางจืด,ยารางจืดแคปซูล,ยาแคปซูล,โรงพยาบาลเรณูนคร,ACTIVE
TTMT,9420498,รางจืด,ชาชงรางจืด,ยาชง,โรงพยาบาลเรณูนคร,ACTIVE
TTMT,9420507,หญ้าดอกขาว,ชาชงหญ้าดอกขาว,ยาชง,โรงพยาบาลเรณูนคร,ACTIVE
TTMT,9420511,หญ้าหนวดแมว,ชาชงหญ้าหนวดแมว,ยาชง,โรงพยาบาลเรณูนคร,ACTIVE
TTMT,9420524,เพชรสังฆาต,เพชรสังฆาตแคปซูล,ยาแคปซูล,โรงพยาบาลพระอาจารย์ฝั้นอาจาโร,ACTIVE
TTMT,9420530,มะระขี้นก,มะระขี้นกแคปซูล,ยาแคปซูล,โรงพยาบาลพระอาจารย์ฝั้นอาจาโร,ACTIVE
TTMT,9420548,รางจืด,รางจืดแคปซูล,ยาแคปซูล,โรงพยาบาลพระอาจารย์ฝั้นอาจาโร,ACTIVE
TTMT,9420553,ขมิ้นชัน,ขมิ้นชันแคปซูล,ยาแคปซูล,โรงพยาบาลพระอาจารย์ฝั้นอาจาโร,ACTIVE
TTMT,9420569,กล้วย,ยากล้วย,ยาผง,โรงพยาบาลพระอาจารย์ฝั้นอาจาโร,ACTIVE
TTMT,9420576,เถาวัลย์เปรียง,เถาวัลย์เปรียงแคปซูล,ยาแคปซูล,โรงพยาบาลพระอาจารย์ฝั้นอาจาโร,ACTIVE
TTMT,9420582,กระเจี๊ยบแดง,กระเจี๊ยบแดง,ยาชง,โรงพยาบาลพระอาจารย์ฝั้นอาจาโร,ACTIVE
TTMT,9420595,รางจืด,รางจืด,ยาชง,โรงพยาบาลพระอาจารย์ฝั้นอาจาโร,ACTIVE
TTMT,9420609,หญ้าดอกขาว,หญ้าดอกขาว,ยาชง,โรงพยาบาลพระอาจารย์ฝั้นอาจาโร,ACTIVE
TTMT,9420613,พญายอ,เสลดพังพอนกลีเซอรีน (พญายอ),สารละลายสำหรับป้ายปาก,โรงพยาบาลพระอาจารย์ฝั้นอาจาโร,ACTIVE
TTMT,9420621,พญายอ,เสลดพังพอนทิงเจอร์ (พญายอ),ทิงเจอร์,โรงพยาบาลพระอาจารย์ฝั้นอาจาโร,ACTIVE
TTMT,9420632,ทองพันชั่ง,ทองพันชั่งทิงเจอร์,ทิงเจอร์,โรงพยาบาลพระอาจารย์ฝั้นอาจาโร,ACTIVE
TTMT,9420645,น้ำมันไพล,น้ำมันไพล,ยาเข้าน้ำมัน,โรงพยาบาลพระอาจารย์ฝั้นอาจาโร,ACTIVE
TTMT,9420650,ฟ้าทะลายโจร,สารสกัดฟ้าทะลายโจรแคปซูล (รพ.แม่ใจ),ยาแคปซูล,โรงพยาบาลแม่ใจ,ACTIVE
TTMT,9420666,มะขามแขก,มะขามแขกแคปซูล (รพ.แม่ใจ),ยาแคปซูล,โรงพยาบาลแม่ใจ,ACTIVE
TTMT,9420678,รางจืด,รางจืดแคปซูล (รพ.แม่ใจ),ยาแคปซูล,โรงพยาบาลแม่ใจ,ACTIVE
TTMT,9420684,รางจืด,ชาชงรางจืด (รพ.แม่ใจ),ยาชง,โรงพยาบาลแม่ใจ,ACTIVE
TTMT,9420697,หญ้าดอกขาว,ชาชงหญ้าดอกขาว (รพ.แม่ใจ),ยาชง,โรงพยาบาลแม่ใจ,ACTIVE
TTMT,9420700,หญ้าหนวดแมว,หญ้าหนวดแมว (รพ.แม่ใจ),ยาชง,โรงพยาบาลแม่ใจ,ACTIVE
TTMT,9420716,พญายอ,โลชั่นเสลดพังพอน (รพ.แม่ใจ),โลชั่น,โรงพยาบาลแม่ใจ,ACTIVE
TTMT,9420728,พญายอ,ทิงเจอร์เสลดพังพอน (รพ.แม่ใจ),ทิงเจอร์,โรงพยาบาลแม่ใจ,ACTIVE
TTMT,9420737,ไพล,ยาครีมไพล (รพ.แม่ใจ),ครีม,โรงพยาบาลแม่ใจ,ACTIVE
TTMT,9420744,ขิง,ขิงแคปซูล (รพ.แม่ใจ),ยาแคปซูล,โรงพยาบาลแม่ใจ,ACTIVE
TTMT,9420759,ขิง,ชาชงขิง (รพ.แม่ใจ),ยาชง,โรงพยาบาลแม่ใจ,ACTIVE
TTMT,9420763,ชุมเห็ดเทศ,ชาชงชุมเห็ดเทศ (รพ.แม่ใจ),ยาชง,โรงพยาบาลแม่ใจ,ACTIVE
TTMT,9420771,เถาวัลย์เปรียง,เถาวัลย์เปรียงแคปซูล (รพ.แม่ใจ),ยาแคปซูล,โรงพยาบาลแม่ใจ,ACTIVE
TTMT,9420785,พญายอ,กลีเซอรีนเสลดพังพอน (รพ.แม่ใจ),สารละลายสำหรับป้ายปาก,โรงพยาบาลแม่ใจ,ACTIVE
TTMT,9420792,น้ำมันไพล,น้ำมันไพล (รพ.แม่ใจ),ยาเข้าน้ำมัน,โรงพยาบาลแม่ใจ,ACTIVE
TTMT,9420802,ยาประคบ,ยาประคบ,ยาประคบ,โรงพยาบาลเขาค้อ,ACTIVE
TTMT,9420818,ยาประคบ,ยาประคบ,ยาประคบ,โรงพยาบาลน้ำหนาว,ACTIVE
TTMT,9420825,ยาประคบ,ยาประคบ,ยาประคบ,โรงพยาบาลหนองไผ่,ACTIVE
TTMT,9420839,ยาประคบ,ยาประคบ,ยาประคบ,โรงพยาบาลสมเด็จพระยุพราชหล่มเก่า,ACTIVE
TTMT,9420841,ยาประคบ,ยาประคบ,ยาประคบ,โรงพยาบาลหล่มสัก,ACTIVE
TTMT,9420856,บำรุงร่างกาย,ยาอายุวัฒนะแคปซูล,ยาแคปซูล,โรงพยาบาลบ้านตาก,ACTIVE
TTMT,9420860,แก้ไอมะขามป้อม,ยาแก้ไอมะขามป้อม,ยาน้ำแขวนตะกอน,โรงพยาบาลบ้านตาก,ACTIVE
TTMT,9420873,หอมนวโกฐ,ยาหอมนวโกฐ,ยาผง,โรงพยาบาลบางกระทุ่ม,ACTIVE
TTMT,9420887,แก้ไอผสมมะขามป้อม สูตรตำรับที่ 2,ยาแก้ไอมะขามป้อม,ยาน้ำ,โรงพยาบาลบางกระทุ่ม,ACTIVE
TTMT,9420894,ตรีผลา / พิกัดตรีผลา ,ตรีผลาแคปซูล,ยาแคปซูล,โรงพยาบาลบางกระทุ่ม,ACTIVE
TTMT,9420904,ขี้ผึ้งไพล สูตรตำรับที่ 1,ยาหม่องไพล,ขี้ผึ้ง,โรงพยาบาลเรณูนคร,ACTIVE
TTMT,9420915,บำรุงโลหิต,บำรุงโลหิตแคปซูล,ยาแคปซูล,โรงพยาบาลเรณูนคร,ACTIVE
TTMT,9420927,ผสมเพชรสังฆาต สูตรตำรับที่ 2,เพชรสังฆาตแคปซูล,ยาแคปซูล,โรงพยาบาลเรณูนคร,ACTIVE
TTMT,9420936,ยาประคบ,ลูกประคบสมุนไพร,ยาประคบ,โรงพยาบาลเรณูนคร,ACTIVE
TTMT,9420943,สหัศธารา,สหัศธาราแคปซูล,ยาแคปซูล,โรงพยาบาลเรณูนคร,ACTIVE
TTMT,9420958,หอมทิพโอสถ,ยาหอมทิพโอสถ,ยาผง,โรงพยาบาลเรณูนคร,ACTIVE
TTMT,9420962,หอมเทพจิตร,ยาหอมเทพจิตร,ยาผง,โรงพยาบาลเรณูนคร,ACTIVE
TTMT,9420970,หอมนวโกฐ,ยาหอมนวโกฐ,ยาผง,โรงพยาบาลเรณูนคร,ACTIVE
TTMT,9420989,ไฟประลัยกัลป์,ไฟประลัยกัลป์แคปซูล,ยาแคปซูล,โรงพยาบาลพระอาจารย์ฝั้นอาจาโร,ACTIVE
TTMT,9420991,ไฟห้ากอง ,ไฟห้ากองแคปซูล ,ยาแคปซูล,โรงพยาบาลพระอาจารย์ฝั้นอาจาโร,ACTIVE
TTMT,9421007,เหลืองปิดสมุทร,เหลืองปิดสมุทรแคปซูล,ยาแคปซูล,โรงพยาบาลพระอาจารย์ฝั้นอาจาโร,ACTIVE
TTMT,9421011,ประสะมะแว้ง,ยาอมสมุนไพรประสะมะแว้ง,ยาลูกกลอน,โรงพยาบาลพระอาจารย์ฝั้นอาจาโร,ACTIVE
TTMT,9421024,เลือดงาม,เลือดงามแคปซูล,ยาแคปซูล,โรงพยาบาลพระอาจารย์ฝั้นอาจาโร,ACTIVE
TTMT,9421030,สหัศธารา,สหัศธาราแคปซูล,ยาแคปซูล,โรงพยาบาลพระอาจารย์ฝั้นอาจาโร,ACTIVE
TTMT,9421048,บำรุงโลหิต,ยาบำรุงโลหิต,ยาผง,โรงพยาบาลพระอาจารย์ฝั้นอาจาโร,ACTIVE
TTMT,9421053,เขียวหอม,เขียวหอมแคปซูล,ยาแคปซูล,โรงพยาบาลพระอาจารย์ฝั้นอาจาโร,ACTIVE
TTMT,9421069,จันทน์ลีลา,จันทลีลาแคปซูล,ยาแคปซูล,โรงพยาบาลพระอาจารย์ฝั้นอาจาโร,ACTIVE
TTMT,9421076,ตรีผลา / พิกัดตรีผลา ,ตรีผลาแคปซูล,ยาแคปซูล,โรงพยาบาลพระอาจารย์ฝั้นอาจาโร,ACTIVE
TTMT,9421082,ผสมเถาวัลย์เปรียง สูตรตำรับที่ 1,ยาผสมเถาวัลย์เปรียง สูตรตำรับที่ 1 แคปซูล,ยาแคปซูล,โรงพยาบาลพระอาจารย์ฝั้นอาจาโร,ACTIVE
TTMT,9421095,ผสมเถาวัลย์เปรียง สูตรตำรับที่ 2,ยาผสมเถาวัลย์เปรียง สูตรตำรับที่ 2 แคปซูล,ยาแคปซูล,โรงพยาบาลพระอาจารย์ฝั้นอาจาโร,ACTIVE
TTMT,9421105,ธาตุบรรจบ ,ธาตุบรรจบแคปซูล,ยาแคปซูล,โรงพยาบาลพระอาจารย์ฝั้นอาจาโร,ACTIVE
TTMT,9421114,เบญจกูล / พิกัดเบญจกูล,เบญจกูลแคปซูล,ยาแคปซูล,โรงพยาบาลพระอาจารย์ฝั้นอาจาโร,ACTIVE
TTMT,9421122,ประสะกะเพรา,ประสะกะเพราแคปซูล,ยาแคปซูล,โรงพยาบาลพระอาจารย์ฝั้นอาจาโร,ACTIVE
TTMT,9421133,ประสะจันทน์แดง ,ประสะจันทน์แดงแคปซูล,ยาแคปซูล,โรงพยาบาลพระอาจารย์ฝั้นอาจาโร,ACTIVE
TTMT,9421146,ประสะไพล,ประสะไพลแคปซูล,ยาแคปซูล,โรงพยาบาลพระอาจารย์ฝั้นอาจาโร,ACTIVE
TTMT,9421151,ธรณีสันฑะฆาต,ธรณีสันฑะฆาตแคปซูล,ยาแคปซูล,โรงพยาบาลพระอาจารย์ฝั้นอาจาโร,ACTIVE
TTMT,9421167,ปราบชมพูทวีป,ปราบชมพูทวีปแคปซูล,ยาแคปซูล,โรงพยาบาลพระอาจารย์ฝั้นอาจาโร,ACTIVE
TTMT,9421179,ปลูกไฟธาตุ,ปลูกไฟธาตุแคปซูล,ยาแคปซูล,โรงพยาบาลพระอาจารย์ฝั้นอาจาโร,ACTIVE
TTMT,9421180,แก้ลมอัมพฤกษ์ ,แก้ลมอัมพฤกษ์,ยาผง,โรงพยาบาลพระอาจารย์ฝั้นอาจาโร,ACTIVE
TTMT,9421198,หอมนวโกฐ,ยาหอมนวโกฐ,ยาผง,โรงพยาบาลพระอาจารย์ฝั้นอาจาโร,ACTIVE
TTMT,9421200,หอมอินทจักร,ยาหอมอินทจักร์,ยาผง,โรงพยาบาลพระอาจารย์ฝั้นอาจาโร,ACTIVE
TTMT,9421216,อำมฤควาที,ยาอำมฤควาที,ยาผง,โรงพยาบาลพระอาจารย์ฝั้นอาจาโร,ACTIVE
TTMT,9421228,ผสมโคคลาน สูตรตำรับที่ 2,ยาผสมโคคลานสูตรตำรับที่ 2,ยาต้ม,โรงพยาบาลพระอาจารย์ฝั้นอาจาโร,ACTIVE
TTMT,9421237,ผสมโคคลาน สูตรตำรับที่ 3,ยาผสมโคคลานสูตรตำรับที่ 3,ยาต้ม,โรงพยาบาลพระอาจารย์ฝั้นอาจาโร,ACTIVE
TTMT,9421244,สตรีหลังคลอด,สตรีหลังคลอด,ยาต้ม,โรงพยาบาลพระอาจารย์ฝั้นอาจาโร,ACTIVE
TTMT,9421259,ยาประคบ,ยาประคบ ,ยาประคบ,โรงพยาบาลพระอาจารย์ฝั้นอาจาโร,ACTIVE
TTMT,9421263,ขี้ผึ้งไพล สูตรตำรับที่ 1,ยาหม่องไพล สูตร 1 (รพ.แม่ใจ),ขี้ผึ้ง,โรงพยาบาลแม่ใจ,ACTIVE
TTMT,9421271,ขี้ผึ้งไพล สูตรตำรับที่ 2,ยาหม่องไพล สูตร 2 (รพ.แม่ใจ),ขี้ผึ้ง,โรงพยาบาลแม่ใจ,ACTIVE
TTMT,9421285,ผสมเพชรสังฆาต สูตรตำรับที่ 2,ผสมเพชรสังฆาต สูตรตำรับที่ 2 (รพ.แม่ใจ),ยาแคปซูล,โรงพยาบาลแม่ใจ,ACTIVE
TTMT,9421292,ยาประคบ,ยาประคบสมุนไพร 2 (รพ.แม่ใจ),ยาประคบ,โรงพยาบาลแม่ใจ,ACTIVE
TTMT,9421302,สหัศธารา,สหัศธาราแคปซูล (รพ.แม่ใจ),ยาแคปซูล,โรงพยาบาลแม่ใจ,ACTIVE
TTMT,9421318,หอมเทพจิตร,ยาหอมเทพจิตร (รพ.แม่ใจ),ยาผง,โรงพยาบาลแม่ใจ,ACTIVE
TTMT,9421325,หอมนวโกฐ,ยาหอมนวโกฐ (รพ.แม่ใจ),ยาผง,โรงพยาบาลแม่ใจ,ACTIVE
TTMT,9421339,ขมิ้นชัน,ยาขมิ้นชัน,ยาแคปซูล,โรงพยาบาลสอง,ACTIVE
TTMT,9421341,รางจืด,ยาชงรางจืด,ยาชง,โรงพยาบาลสอง,ACTIVE
TTMT,9421356,หญ้าดอกขาว,ยาชงหญ้าดอกขาว,ยาชง,โรงพยาบาลสอง,ACTIVE
TTMT,9421360,หญ้าหนวดแมว,ยาชงหญ้าหนวดแมว,ยาชง,โรงพยาบาลสอง,ACTIVE
TTMT,9421373,ชุมเห็ดเทศ,ยาชุมเห็ดเทศ,ยาแคปซูล,โรงพยาบาลสอง,ACTIVE
TTMT,9421387,เถาวัลย์เปรียง,ยาเถาวัลย์เปรียง,ยาแคปซูล,โรงพยาบาลสอง,ACTIVE
TTMT,9421394,บัวบก,ยาบัวบก,ยาแคปซูล,โรงพยาบาลสอง,ACTIVE
TTMT,9421409,ฟ้าทะลายโจร,ยาฟ้าทะลายโจร,ยาแคปซูล,โรงพยาบาลสอง,ACTIVE
TTMT,9421413,มะขามแขก,ยามะขามแขก,ยาแคปซูล,โรงพยาบาลสอง,ACTIVE
TTMT,9421421,มะระขี้นก,ยามะระขี้นก,ยาแคปซูล,โรงพยาบาลสอง,ACTIVE
TTMT,9421432,มะระขี้นก,ยาชาชงมะระขี้นก,ยาชง,โรงพยาบาลสอง,ACTIVE
TTMT,9421445,รางจืด,ยารางจืด,ยาแคปซูล,โรงพยาบาลสอง,ACTIVE
TTMT,9421450,หญ้าปักกิ่ง,ยาหญ้าปักกิ่ง,ยาแคปซูล,โรงพยาบาลสอง,ACTIVE
TTMT,9421466,ขิง,ยาขิง,ยาแคปซูล,โรงพยาบาลสอง,ACTIVE
TTMT,9421478,ขิง,ยาขิง,ยาชง,โรงพยาบาลสอง,ACTIVE
TTMT,9421484,พญายอ,ยากลีเซอรีนเสลดพังพอน,สารละลายสำหรับป้ายปาก,โรงพยาบาลสอง,ACTIVE
TTMT,9421497,พญายอ,ยาทิงเจอร์เสลดพังพอน,ทิงเจอร์,โรงพยาบาลสอง,ACTIVE
TTMT,9421506,ไพล,ยาครีมไพล,ครีม,โรงพยาบาลสอง,ACTIVE
TTMT,9421510,ขมิ้นชัน,ขมิ้นชันแคปซูล,ยาแคปซูล,โรงพยาบาลสังขะ,ACTIVE
TTMT,9421523,ขิง,ขิงแคปซูล,ยาแคปซูล,โรงพยาบาลสังขะ,ACTIVE
TTMT,9421534,เถาวัลย์เปรียง,เถาวัลย์เปรียงแคปซูล,ยาแคปซูล,โรงพยาบาลสังขะ,ACTIVE
TTMT,9421547,บัวบก,บัวบกแคปซูล,ยาแคปซูล,โรงพยาบาลสังขะ,ACTIVE
TTMT,9421552,พญายอ,ครีมเสลดพังพอน,ครีม,โรงพยาบาลสังขะ,ACTIVE
TTMT,9421568,พญายอ,เสลดพังพอนกลีเซอรีน,สารละลายสำหรับป้ายปาก,โรงพยาบาลสังขะ,ACTIVE
TTMT,9421575,พญายอ,โลชั่นเสลดพังพอน,โลชั่น,โรงพยาบาลสังขะ,ACTIVE
TTMT,9421581,พญายอ,ยาหม่องเสลดพังพอน,ขี้ผึ้ง,โรงพยาบาลสังขะ,ACTIVE
TTMT,9421599,น้ำมันไพล,น้ำมันไพล,ยาเข้าน้ำมัน,โรงพยาบาลสังขะ,ACTIVE
TTMT,9421608,ฟ้าทะลายโจร,ฟ้าทะลายโจรแคปซูล,ยาแคปซูล,โรงพยาบาลสังขะ,ACTIVE
TTMT,9421612,มะขามแขก,มะขามแขกแคปซูล,ยาแคปซูล,โรงพยาบาลสังขะ,ACTIVE
TTMT,9421620,รางจืด,ยาชงรางจืด,ยาชง,โรงพยาบาลสังขะ,ACTIVE
TTMT,9421631,หญ้าดอกขาว,ยาชงหญ้าดอกขาว,ยาชง,โรงพยาบาลสังขะ,ACTIVE
TTMT,9421649,กระเจี๊ยบแดง,ยาชงกระเจี๊ยบแดง PBH,ยาชง,โรงพยาบาลป่าบอน,ACTIVE
TTMT,9421654,กล้วย,ยาผงกล้วย PBH,ยาผง,โรงพยาบาลป่าบอน,ACTIVE
TTMT,9421665,ขมิ้นชัน,ขมิ้นชันแคปซูล PBH,ยาแคปซูล,โรงพยาบาลป่าบอน,ACTIVE
TTMT,9421677,ขิง,ขิงแคปซูล PBH,ยาแคปซูล,โรงพยาบาลป่าบอน,ACTIVE
TTMT,9421683,ขิง,ยาผงขิง PBH,ยาผง,โรงพยาบาลป่าบอน,ACTIVE
TTMT,9421696,ขิง,ยาชงขิง PBH,ยาชง,โรงพยาบาลป่าบอน,ACTIVE
TTMT,9421704,ชุมเห็ดเทศ,ยาผงชุมเห็ดเทศ PBH,ยาผง,โรงพยาบาลป่าบอน,ACTIVE
TTMT,9421715,ชุมเห็ดเทศ,ยาชงชุมเห็ดเทศ PBH,ยาชง,โรงพยาบาลป่าบอน,ACTIVE
TTMT,9421727,เถาวัลย์เปรียง,ยาแคปซูลเถาวัลย์เปรียง PBH,ยาแคปซูล,โรงพยาบาลป่าบอน,ACTIVE
TTMT,9421736,ทิงเจอร์ทองพันชั่ง,ทิงเจอร์ทองพันชั่ง PBH,ทิงเจอร์,โรงพยาบาลป่าบอน,ACTIVE
TTMT,9421743,ทิงเจอร์พลู,ทิงเจอร์พลู PBH,ทิงเจอร์,โรงพยาบาลป่าบอน,ACTIVE
TTMT,9421758,บัวบก,ครีมบัวบก PBH,ครีม,โรงพยาบาลป่าบอน,ACTIVE
TTMT,9421762,ไพล,ครีมไพล PBH,ครีม,โรงพยาบาลป่าบอน,ACTIVE
TTMT,9421770,น้ำมันไพล,ยาเข้าน้ำมันน้ำมันไพล PBH,ยาเข้าน้ำมัน,โรงพยาบาลป่าบอน,ACTIVE
TTMT,9421789,ฟ้าทะลายโจร,ยาแคปซูลฟ้าทะลายโจร PBH,ยาแคปซูล,โรงพยาบาลป่าบอน,ACTIVE
TTMT,9421791,มะขามแขก,ยาแคปซูลมะขามแขก 500 PBH,ยาแคปซูล,โรงพยาบาลป่าบอน,ACTIVE
TTMT,9421801,หญ้าดอกขาว,ยาชงหญ้าดอกขาว PBH,ยาชง,โรงพยาบาลป่าบอน,ACTIVE
TTMT,9421817,กล้วย,ผงกล้วยห้วยเฮิร์บ,ยาผง,โรงพยาบาลห้วยทับทัน,ACTIVE
TTMT,9421829,ขิง,ขิงห้วยเฮิร์บ,ยาแคปซูล,โรงพยาบาลห้วยทับทัน,ACTIVE
TTMT,9421838,ชุมเห็ดเทศ,ชาชงชุมเห็ดเทศห้วยเฮิร์บ,ยาชง,โรงพยาบาลห้วยทับทัน,ACTIVE
TTMT,9421840,เถาวัลย์เปรียง,เถาวัลย์เปรียงแคปซูลห้วยเฮิร์บ,ยาแคปซูล,โรงพยาบาลห้วยทับทัน,ACTIVE
TTMT,9421855,พญายอ,คาลาไมน์พญายอห้วยเฮิร์บ,โลชั่น,โรงพยาบาลห้วยทับทัน,ACTIVE
TTMT,9421864,พญายอ,ยาหม่องพญายอห้วยเฮิร์บ,ขี้ผึ้ง,โรงพยาบาลห้วยทับทัน,ACTIVE
TTMT,9421872,ไพล,ครีมไพลห้วยเฮิร์บ,ครีม,โรงพยาบาลห้วยทับทัน,ACTIVE
TTMT,9421886,น้ำมันไพล,น้ำมันไพลห้วยเฮิร์บ,ยาเข้าน้ำมัน,โรงพยาบาลห้วยทับทัน,ACTIVE
TTMT,9421893,ฟ้าทะลายโจร,ฟ้าทะลายโจรแคปซูลห้วยเฮิร์บ,ยาแคปซูล,โรงพยาบาลห้วยทับทัน,ACTIVE
TTMT,9421903,มะขามแขก,มะขามแขกแคปซูลห้วยเฮิร์บ,ยาแคปซูล,โรงพยาบาลห้วยทับทัน,ACTIVE
TTMT,9421919,มะระขี้นก,มะระขี้นกห้วยเฮิร์บ,ยาแคปซูล,โรงพยาบาลห้วยทับทัน,ACTIVE
TTMT,9421926,รางจืด,รางจืดแคปซูลห้วยเฮิร์บ,ยาแคปซูล,โรงพยาบาลห้วยทับทัน,ACTIVE
TTMT,9421935,รางจืด,ชาชงรางจืดห้วยเฮิร์บ,ยาชง,โรงพยาบาลห้วยทับทัน,ACTIVE
TTMT,9421942,หญ้าดอกขาว,ชาชงหญ้าดอกขาวห้วยเฮิร์บ,ยาชง,โรงพยาบาลห้วยทับทัน,ACTIVE
TTMT,9421957,หญ้าหนวดแมว,ชาชงหญ้าหนวดแมวห้วยเฮิร์บ,ยาชง,โรงพยาบาลห้วยทับทัน,ACTIVE
TTMT,9421961,ขมิ้นชัน, ขมิ้นชันแคปซูล,ยาแคปซูล,โรงพยาบาลบ้านตาก,ACTIVE
TTMT,9421974,ขมิ้นชัน,ขมิ้นชัน แคปซูล,ยาแคปซูล,โรงพยาบาลหนองฉาง,ACTIVE
TTMT,9421988,ขิง,ขิง แคปซูล,ยาแคปซูล,โรงพยาบาลหนองฉาง,ACTIVE
TTMT,9421990,ขิง,ยาชงสมุนไพรขิง,ยาชง,โรงพยาบาลหนองฉาง,ACTIVE
TTMT,9422000,ชุมเห็ดเทศ,ชุมเห็ดเทศ แคปซูล,ยาแคปซูล,โรงพยาบาลหนองฉาง,ACTIVE
TTMT,9422016,ชุมเห็ดเทศ,ยาชงสมุนไพรชุมเห็ดเทศ,ยาชง,โรงพยาบาลหนองฉาง,ACTIVE
TTMT,9422028,เถาวัลย์เปรียง,เถาวัลย์เปรียง แคปซูล,ยาแคปซูล,โรงพยาบาลหนองฉาง,ACTIVE
TTMT,9422037,ทิงเจอร์ทองพันชั่ง,ทิงเจอร์ทองพันชั่ง,ทิงเจอร์,โรงพยาบาลหนองฉาง,ACTIVE
TTMT,9422044,ทิงเจอร์พลู,ทิงเจอร์พลู,ทิงเจอร์,โรงพยาบาลหนองฉาง,ACTIVE
TTMT,9422059,บัวบก,บัวบก แคปซูล,ยาแคปซูล,โรงพยาบาลหนองฉาง,ACTIVE
TTMT,9422063,บัวบก,ยาชงสมุนไพรบัวบก,ยาชง,โรงพยาบาลหนองฉาง,ACTIVE
TTMT,9422071,พญายอ,พยายอกลีเซอรีน(ป้ายปาก),สารละลายสำหรับป้ายปาก,โรงพยาบาลหนองฉาง,ACTIVE
TTMT,9422085,พญายอ,ยาหม่องเสลดพังพอน,ขี้ผึ้ง,โรงพยาบาลหนองฉาง,ACTIVE
TTMT,9422092,พญายอ,น้ำมันมรกต,ทิงเจอร์,โรงพยาบาลหนองฉาง,ACTIVE
TTMT,9422102,น้ำมันไพล,น้ำมันไพล,ยาเข้าน้ำมัน,โรงพยาบาลหนองฉาง,ACTIVE
TTMT,9422118,ฟ้าทะลายโจร,ฟ้าทะลายโจร แคปซูล,ยาแคปซูล,โรงพยาบาลหนองฉาง,ACTIVE
TTMT,9422125,มะขามแขก,มะขามแขก แคปซูล,ยาแคปซูล,โรงพยาบาลหนองฉาง,ACTIVE
TTMT,9422139,มะขามแขก,ยาชงสมุนไพรมะขามแขก,ยาชง,โรงพยาบาลหนองฉาง,ACTIVE
TTMT,9422141,มะระขี้นก,มะระขี้นก แคปซูล,ยาแคปซูล,โรงพยาบาลหนองฉาง,ACTIVE
TTMT,9422156,มะระขี้นก,ยาชงสมุนไพรมะระขี้นก,ยาชง,โรงพยาบาลหนองฉาง,ACTIVE
TTMT,9422160,รางจืด,รางจืด แคปซูล,ยาแคปซูล,โรงพยาบาลหนองฉาง,ACTIVE
TTMT,9422173,รางจืด,ยาชงสมุนไพรรางจืด,ยาชง,โรงพยาบาลหนองฉาง,ACTIVE
TTMT,9422187,หญ้าดอกขาว,ยาชงสมุนไพรหญ้าดอกขาว,ยาชง,โรงพยาบาลหนองฉาง,ACTIVE
TTMT,9422194,หญ้าปักกิ่ง,หญ้าปักกิ่ง แคปซูล,ยาแคปซูล,โรงพยาบาลหนองฉาง,ACTIVE
TTMT,9422207,หญ้าปักกิ่ง,ยาชงสมุนไพรหญ้าปักกิ่ง,ยาชง,โรงพยาบาลหนองฉาง,ACTIVE
TTMT,9422211,หญ้าหนวดแมว,ยาชงสมุนไพรหญ้าหนวดแมว,ยาชง,โรงพยาบาลหนองฉาง,ACTIVE
TTMT,9422224,พญายอ,เสลดพังพอนกลีเซอรีน ,สารละลายสำหรับป้ายปาก,โรงพยาบาลวิเศษชัยชาญ,ACTIVE
TTMT,9422230,พญายอ,เสลดพังพอนทิงเจอร์,ทิงเจอร์,โรงพยาบาลวิเศษชัยชาญ,ACTIVE
TTMT,9422248,กระเจี๊ยบแดง,ยาผงสมุนไพรกระเจี๊ยบ,ยาชง,โรงพยาบาลบ้านตาก,ACTIVE
TTMT,9422253,ฟ้าทะลายโจร,ฟ้าทะลายโจร แคปซูล,ยาแคปซูล,โรงพยาบาลบ้านตาก,ACTIVE
TTMT,9422269,มะขามแขก,มะขามแขก แคปซูล,ยาแคปซูล,โรงพยาบาลบ้านตาก,ACTIVE
TTMT,9422276,รางจืด,ยาผงสมุนไพรรางจืด,ยาชง,โรงพยาบาลบ้านตาก,ACTIVE
TTMT,9422282,หญ้าดอกขาว,ยาผงสมุนไพรหญ้าดอกขาว,ยาชง,โรงพยาบาลบ้านตาก,ACTIVE
TTMT,9422295,หญ้าหนวดแมว,หญ้าหนวดแมว,ยาชง,โรงพยาบาลพนา,ACTIVE
TTMT,9422305,ขมิ้นชัน,ขมิ้นชัน,ยาแคปซูล,โรงพยาบาลพนา,ACTIVE
TTMT,9422314,ขิง,ขิง,ยาชง,โรงพยาบาลพนา,ACTIVE
TTMT,9422322,ชุมเห็ดเทศ,ชุมเห็ดเทศ,ยาชง,โรงพยาบาลพนา,ACTIVE
TTMT,9422333,พญายอ,กลีเซอรีนพญายอ,สารละลายสำหรับป้ายปาก,โรงพยาบาลพนา,ACTIVE
TTMT,9422346,พญายอ,คาลาไมน์พญายอ,โลชั่น,โรงพยาบาลพนา,ACTIVE
TTMT,9422351,พริก,เจลพริก,เจล,โรงพยาบาลพนา,ACTIVE
TTMT,9422367,น้ำมันไพล,น้ำมันไพล,ยาเข้าน้ำมัน,โรงพยาบาลพนา,ACTIVE
TTMT,9422379,ฟ้าทะลายโจร,ฟ้าทะลายโจร แคปซูล,ยาแคปซูล,โรงพยาบาลพนา,ACTIVE
TTMT,9422380,รางจืด,ชาชงรางจืด,ยาชง,โรงพยาบาลพนา,ACTIVE
TTMT,9422398,หญ้าดอกขาว,หญ้าดอกขาว,ยาชง,โรงพยาบาลพนา,ACTIVE
TTMT,9422403,ขมิ้นชัน,SAOHAI HERBAL,ยาแคปซูล,โรงพยาบาลเสาไห้เฉลิมพระเกียรติ 80 พรรษา,ACTIVE
TTMT,9422419,ขิง,SAOHAI HERBAL,ยาชง,โรงพยาบาลเสาไห้เฉลิมพระเกียรติ 80 พรรษา,ACTIVE
TTMT,9422426,ชุมเห็ดเทศ,SAOHAI HERBAL,ยาแคปซูล,โรงพยาบาลเสาไห้เฉลิมพระเกียรติ 80 พรรษา,ACTIVE
TTMT,9422435,เถาวัลย์เปรียง,SAOHAI HERBAL,ยาแคปซูล,โรงพยาบาลเสาไห้เฉลิมพระเกียรติ 80 พรรษา,ACTIVE
TTMT,9422442,บัวบก,SAOHAI HERBAL,ยาแคปซูล,โรงพยาบาลเสาไห้เฉลิมพระเกียรติ 80 พรรษา,ACTIVE
TTMT,9422457,ไพล,SAOHAI HERBAL,ครีม,โรงพยาบาลเสาไห้เฉลิมพระเกียรติ 80 พรรษา,ACTIVE
TTMT,9422461,น้ำมันไพล,SAOHAI HERBAL,ยาเข้าน้ำมัน,โรงพยาบาลเสาไห้เฉลิมพระเกียรติ 80 พรรษา,ACTIVE
TTMT,9422474,ฟ้าทะลายโจร,SAOHAI HERBAL,ยาแคปซูล,โรงพยาบาลเสาไห้เฉลิมพระเกียรติ 80 พรรษา,ACTIVE
TTMT,9422488,มะขามแขก,SAOHAI HERBAL,ยาแคปซูล,โรงพยาบาลเสาไห้เฉลิมพระเกียรติ 80 พรรษา,ACTIVE
TTMT,9422490,มะระขี้นก,SAOHAI HERBAL,ยาแคปซูล,โรงพยาบาลเสาไห้เฉลิมพระเกียรติ 80 พรรษา,ACTIVE
TTMT,9422501,รางจืด,SAOHAI HERBAL,ยาแคปซูล,โรงพยาบาลเสาไห้เฉลิมพระเกียรติ 80 พรรษา,ACTIVE
TTMT,9422517,รางจืด,SAOHAI HERBAL,ยาชง,โรงพยาบาลเสาไห้เฉลิมพระเกียรติ 80 พรรษา,ACTIVE
TTMT,9422529,หญ้าดอกขาว,SAOHAI HERBAL,ยาชง,โรงพยาบาลเสาไห้เฉลิมพระเกียรติ 80 พรรษา,ACTIVE
TTMT,9422538,หญ้าหนวดแมว,SAOHAI HERBAL,ยาชง,โรงพยาบาลเสาไห้เฉลิมพระเกียรติ 80 พรรษา,ACTIVE
TTMT,9422540,ขิง,SAOHAI HERBAL,ยาแคปซูล,โรงพยาบาลเสาไห้เฉลิมพระเกียรติ 80 พรรษา,ACTIVE
TTMT,9422555,น้ำมันไพล,ยาน้ำมันไพล,ยาเข้าน้ำมัน,โรงพยาบาลกาบเชิง,ACTIVE
TTMT,9422564,น้ำมันไพล,น้ำมันไพล PH HERB,ยาเข้าน้ำมัน,โรงพยาบาลโพนพิสัย,ACTIVE
TTMT,9422572,กล้วย,กล้วยยาผง,ยาผง,โรงพยาบาลวังจันทร์,ACTIVE
TTMT,9422586,ขิง,ขิงแคปซูล,ยาแคปซูล,โรงพยาบาลวังจันทร์,ACTIVE
TTMT,9422593,ขิง,ขิงยาชง,ยาชง,โรงพยาบาลวังจันทร์,ACTIVE
TTMT,9422604,ชุมเห็ดเทศ,ชุมเห็ดเทศยาชง,ยาชง,โรงพยาบาลวังจันทร์,ACTIVE
TTMT,9422615,เถาวัลย์เปรียง,เถาวัลย์เปรียงแคปซูล,ยาแคปซูล,โรงพยาบาลวังจันทร์,ACTIVE
TTMT,9422627,ทิงเจอร์ทองพันชั่ง,ทิงเจอร์ทองพันชั่ง,ทิงเจอร์,โรงพยาบาลวังจันทร์,ACTIVE
TTMT,9422636,ทิงเจอร์พลู,ทิงเจอร์พลู,ทิงเจอร์,โรงพยาบาลวังจันทร์,ACTIVE
TTMT,9422643,พญายอ,ทิงเจอร์พญายอ,ทิงเจอร์,โรงพยาบาลวังจันทร์,ACTIVE
TTMT,9422658,ไพล,ครีมไพล,ครีม,โรงพยาบาลวังจันทร์,ACTIVE
TTMT,9422662,ฟ้าทะลายโจร,ฟ้าทะลายโจรแคปซูล,ยาแคปซูล,โรงพยาบาลวังจันทร์,ACTIVE
TTMT,9422670,รางจืด,รางจืดยาชง,ยาชง,โรงพยาบาลวังจันทร์,ACTIVE
TTMT,9422689,หญ้าดอกขาว,หญ้าดอกขาวยาชง,ยาชง,โรงพยาบาลวังจันทร์,ACTIVE
TTMT,9422691,ขมิ้นชัน,ขมิ้นชันแคปซูล,ยาแคปซูล,โรงพยาบาลพิชัย,ACTIVE
TTMT,9422708,เถาวัลย์เปรียง,เถาวัลย์เปรียงแคปซูล,ยาแคปซูล,โรงพยาบาลพิชัย,ACTIVE
TTMT,9422712,น้ำมันไพล,น้ำมันไพล,ยาเข้าน้ำมัน,โรงพยาบาลพิชัย,ACTIVE
TTMT,9422720,ฟ้าทะลายโจร,ฟ้าทะลายโจรแคปซูล,ยาแคปซูล,โรงพยาบาลพิชัย,ACTIVE
TTMT,9422731,บัวบก,บัวบกแคปซูล,ยาแคปซูล,โรงพยาบาลอู่ทอง,ACTIVE
TTMT,9422749,ส้มแขก,ส้มแขกแคปซูล,ยาแคปซูล,โรงพยาบาลอู่ทอง,ACTIVE
TTMT,9422754,หญ้าปักกิ่ง,หญ้าปักกิ่งแคปซูล,ยาแคปซูล,โรงพยาบาลอู่ทอง,ACTIVE
TTMT,9422765,หญ้าลูกใต้ใบ,หญ้าลูกใต้ใบแคปซูล,ยาแคปซูล,โรงพยาบาลอู่ทอง,ACTIVE
TTMT,9422777,หญ้าหนวดแมว,หญ้าหนวดแมวแคปซูล,ยาแคปซูล,โรงพยาบาลอู่ทอง,ACTIVE
TTMT,9422783,กระเจี๊ยบแดง,ชาชงกระเจี๊ยบแดง,ยาชง,โรงพยาบาลอู่ทอง,ACTIVE
TTMT,9422796,ขิง,ขิงแคปซูล,ยาแคปซูล,โรงพยาบาลอู่ทอง,ACTIVE
TTMT,9422806,พญายอ,ครีมพญายอ,ครีม,โรงพยาบาลอู่ทอง,ACTIVE
TTMT,9422810,พญายอ,กลีเซอรีนพญายอ,สารละลายสำหรับป้ายปาก,โรงพยาบาลอู่ทอง,ACTIVE
TTMT,9422823,พญายอ,คาลาไมค์เสลดพังพอน,โลชั่น,โรงพยาบาลอู่ทอง,ACTIVE
TTMT,9422834,พญายอ,ยาหม่องเสลดพังพอน,ขี้ผึ้ง,โรงพยาบาลอู่ทอง,ACTIVE
TTMT,9422847,พญายอ,เสลดพังพอนทิงเจอร์,ทิงเจอร์,โรงพยาบาลอู่ทอง,ACTIVE
TTMT,9422852,น้ำมันไพล,น้ำมันไพล,ยาเข้าน้ำมัน,โรงพยาบาลอู่ทอง,ACTIVE
TTMT,9422868,มะขามแขก,มะขามแขกแคปซูล,ยาแคปซูล,โรงพยาบาลอู่ทอง,ACTIVE
TTMT,9422875,รางจืด,รางจืดแคปซูล,ยาแคปซูล,โรงพยาบาลอู่ทอง,ACTIVE
TTMT,9422881,น้ำมันไพล,น้ำมันไพล,ยาเข้าน้ำมัน,โรงพยาบาลขามสะแกแสง,ACTIVE
TTMT,9422899,กานพลู,กานพลู PBH,อื่นๆ,โรงพยาบาลป่าบอน,ACTIVE
TTMT,9422909,มะขามแขก,ยาชงมะขามแขก PBH,ยาชง,โรงพยาบาลป่าบอน,ACTIVE
TTMT,9422913,ขิง,ยาผงสมุนไพร ขิง,ยาผง,โรงพยาบาลบ้านตาก,ACTIVE
TTMT,9422921,ไพล,ครีมไพล,ครีม,โรงพยาบาลบ้านตาก,ACTIVE
TTMT,9422932,น้ำมันไพล,น้ำมันไพล,ยาเข้าน้ำมัน,โรงพยาบาลบ้านตาก,ACTIVE
TTMT,9422945,มะขามแขก,มะขามแขกแคปซูล,ยาแคปซูล,โรงพยาบาลท่าแซะ,ACTIVE
TTMT,9422950,รางจืด,รางจืดแคปซูล,ยาแคปซูล,โรงพยาบาลท่าแซะ,ACTIVE
TTMT,9422966,กล้วย,ยาผงกล้วย,ยาผง,โรงพยาบาลท่าแซะ,ACTIVE
TTMT,9422978,หญ้าหนวดแมว,ชาชงสมุนไพรหญ้าหนวดแมว,ยาชง,โรงพยาบาลท่าแซะ,ACTIVE
TTMT,9422984,คำฝอย,ชาชงสมุนไพรดอกคำฝอย ,ยาชง,โรงพยาบาลท่าแซะ,ACTIVE
TTMT,9422997,พญายอ,พญายอครีม ,ครีม,โรงพยาบาลท่าแซะ,ACTIVE
TTMT,9423005,พญายอ,ทิงเจอร์พญายอ,ทิงเจอร์,โรงพยาบาลท่าแซะ,ACTIVE
TTMT,9423014,ทิงเจอร์ทองพันชั่ง,ทิงเจอร์ทองพันชั่ง,ทิงเจอร์,โรงพยาบาลท่าแซะ,ACTIVE
TTMT,9423022,พญายอ,พญายอ,ครีม,โรงพยาบาลพนา,ACTIVE
TTMT,9423033,พญายอ,พญายอครีม,ครีม,โรงพยาบาลพนัสนิคม,ACTIVE
TTMT,9423046,พญายอ,ยาขี้ผึ้งพญายอ,ขี้ผึ้ง,โรงพยาบาลพนัสนิคม,ACTIVE
TTMT,9423051,พริก,ยาขี้ผึ้งพริก,ขี้ผึ้ง,โรงพยาบาลพนัสนิคม,ACTIVE
TTMT,9423067,พญายอ,ยาหม่องเสลดพังพอน,ขี้ผึ้ง,โรงพยาบาลสังขะ,ACTIVE
TTMT,9423079,พญายอ,ยาหม่องเสลดพังพอน,ขี้ผึ้ง,โรงพยาบาลท่าแซะ,ACTIVE
TTMT,9423080,กล้วย,ยากล้วย,ยาผง,โรงพยาบาลกุดชุม,ACTIVE
TTMT,9423098,ขิง,ยาชงขิง,ยาชง,โรงพยาบาลกุดชุม,ACTIVE
TTMT,9423108,ทิงเจอร์ทองพันชั่ง,ทิงเจอร์ทองพันชั่ง,ทิงเจอร์,โรงพยาบาลกุดชุม,ACTIVE
TTMT,9423112,ทิงเจอร์พลู,ทิงเจอร์พลู,ทิงเจอร์,โรงพยาบาลกุดชุม,ACTIVE
TTMT,9423120,มะขามแขก,มะขามแขก,ยาแคปซูล,โรงพยาบาลกุดชุม,ACTIVE
TTMT,9423131,หญ้าดอกขาว,ยาชงหญ้าดอกขาว,ยาชง,โรงพยาบาลกุดชุม,ACTIVE
TTMT,9423149,ขมิ้นชัน,ขมิ้นชัน,ยาเม็ด,โรงพยาบาลสรรคบุรี,ACTIVE
TTMT,9423154,ขิง,ขิง,ยาแคปซูล,โรงพยาบาลสรรคบุรี,ACTIVE
TTMT,9423165,ขิง,ขิง,ยาชง,โรงพยาบาลสรรคบุรี,ACTIVE
TTMT,9423177,ฟ้าทะลายโจร,ฟ้าทะลายโจร,ยาเม็ด,โรงพยาบาลสรรคบุรี,ACTIVE
TTMT,9423183,มะขามแขก,มะขามแขก,ยาแคปซูล,โรงพยาบาลสรรคบุรี,ACTIVE
TTMT,9423196,มะขามแขก,มะขามแขก,ยาชง,โรงพยาบาลสรรคบุรี,ACTIVE
TTMT,9423203,มะระขี้นก,มะระขี้นก,ยาชง,โรงพยาบาลสรรคบุรี,ACTIVE
TTMT,9423219,รางจืด,รางจืด,ยาแคปซูล,โรงพยาบาลสรรคบุรี,ACTIVE
TTMT,9423226,รางจืด,รางจืด,ยาชง,โรงพยาบาลสรรคบุรี,ACTIVE
TTMT,9423235,หญ้าดอกขาว,หญ้าดอกขาว,ยาชง,โรงพยาบาลสรรคบุรี,ACTIVE
TTMT,9423242,หญ้าหนวดแมว,หญ้าหนวดแมว,ยาชง,โรงพยาบาลสรรคบุรี,ACTIVE
TTMT,9423257,กระเจี๊ยบแดง,ยากระเจี๊ยบแดงโรงพยาบาลท่าฉาง,ยาชง,โรงพยาบาลท่าฉาง,ACTIVE
TTMT,9423261,กล้วย,ยากล้วยโรงพยาบาลท่าฉาง,ยาผง,โรงพยาบาลท่าฉาง,ACTIVE
TTMT,9423274,ขมิ้นชัน,ยาขมิ้นชันโรงพยาบาลท่าฉาง,ยาแคปซูล,โรงพยาบาลท่าฉาง,ACTIVE
TTMT,9423288,ขมิ้นชัน,ยาขมิ้นชันโรงพยาบาลท่าฉาง,ยาเม็ด,โรงพยาบาลท่าฉาง,ACTIVE
TTMT,9423290,ขิง,ยาขิงโรงพยาบาลท่าฉาง,ยาแคปซูล,โรงพยาบาลท่าฉาง,ACTIVE
TTMT,9423300,ขิง,ยาขิงโรงพยาบาลท่าฉาง,ยาผง,โรงพยาบาลท่าฉาง,ACTIVE
TTMT,9423316,ขิง,ยาขิงโรงพยาบาลท่าฉาง,ยาชง,โรงพยาบาลท่าฉาง,ACTIVE
TTMT,9423328,ชุมเห็ดเทศ,ยาชุมเห็ดเทศโรงพยาบาลท่าฉาง,ยาแคปซูล,โรงพยาบาลท่าฉาง,ACTIVE
TTMT,9423337,ชุมเห็ดเทศ,ยาชุมเห็ดเทศโรงพยาบาลท่าฉาง,ยาชง,โรงพยาบาลท่าฉาง,ACTIVE
TTMT,9423344,เถาวัลย์เปรียง,ยาเถาวัลย์เปรียงโรงพยาบาลท่าฉาง,ยาแคปซูล,โรงพยาบาลท่าฉาง,ACTIVE
TTMT,9423359,ทิงเจอร์ทองพันชั่ง,ยาทิงเจอร์ทองพันชั่งโรงพยาบาลท่าฉาง,ทิงเจอร์,โรงพยาบาลท่าฉาง,ACTIVE
TTMT,9423363,ทิงเจอร์พลู,ยาทิงเจอร์พลูโรงพยาบาลท่าฉาง,ทิงเจอร์,โรงพยาบาลท่าฉาง,ACTIVE
TTMT,9423371,บัวบก,ยาบัวบกโรงพยาบาลท่าฉาง,ครีม,โรงพยาบาลท่าฉาง,ACTIVE
TTMT,9423385,บัวบก,ยาบัวบกโรงพยาบาลท่าฉาง,ยาแคปซูล,โรงพยาบาลท่าฉาง,ACTIVE
TTMT,9423392,บัวบก,ยาบัวบกโรงพยาบาลท่าฉาง,ยาชง,โรงพยาบาลท่าฉาง,ACTIVE
TTMT,9423407,พญายอ,ยาพญายอโรงพยาบาลท่าฉาง,ครีม,โรงพยาบาลท่าฉาง,ACTIVE
TTMT,9423411,พญายอ,ยาพญายอโรงพยาบาลท่าฉาง,สารละลายสำหรับป้ายปาก,โรงพยาบาลท่าฉาง,ACTIVE
TTMT,9423424,พญายอ,ยาพญายอโรงพยาบาลท่าฉาง,โลชั่น,โรงพยาบาลท่าฉาง,ACTIVE
TTMT,9423430,พญายอ,ยาพญายอโรงพยาบาลท่าฉาง,ขี้ผึ้ง,โรงพยาบาลท่าฉาง,ACTIVE
TTMT,9423448,พญายอ,ยาพญายอโรงพยาบาลท่าฉาง,ทิงเจอร์,โรงพยาบาลท่าฉาง,ACTIVE
TTMT,9423453,พริก,ยาพริกโรงพยาบาลท่าฉาง,เจล,โรงพยาบาลท่าฉาง,ACTIVE
TTMT,9423469,พริก,ยาพริกโรงพยาบาลท่าฉาง,ครีม,โรงพยาบาลท่าฉาง,ACTIVE
TTMT,9423476,พริก,ยาพริกโรงพยาบาลท่าฉาง,ขี้ผึ้ง,โรงพยาบาลท่าฉาง,ACTIVE
TTMT,9423482,ฟ้าทะลายโจร,ยาฟ้าทะลายโจรโรงพยาบาลท่าฉาง,ยาแคปซูล,โรงพยาบาลท่าฉาง,ACTIVE
TTMT,9423495,ฟ้าทะลายโจร,ยาฟ้าทะลายโจรโรงพยาบาลท่าฉาง,ยาเม็ด,โรงพยาบาลท่าฉาง,ACTIVE
TTMT,9423509,ฟ้าทะลายโจร,ยาฟ้าทะลายโจรโรงพยาบาลท่าฉาง,ยาลูกกลอน,โรงพยาบาลท่าฉาง,ACTIVE
TTMT,9423513,มะขามแขก,ยามะขามแขกโรงพยาบาลท่าฉาง,ยาชง,โรงพยาบาลท่าฉาง,ACTIVE
TTMT,9423521,มะระขี้นก,ยามะระขี้นกโรงพยาบาลท่าฉาง,ยาชง,โรงพยาบาลท่าฉาง,ACTIVE
TTMT,9423532,มังคุด/เปลือกมังคุด,ยามังคุด/เปลือกมังคุดโรงพยาบาลท่าฉาง,ยาน้ำ,โรงพยาบาลท่าฉาง,ACTIVE
TTMT,9423545,รางจืด,ยารางจืดโรงพยาบาลท่าฉาง,ยาแคปซูล,โรงพยาบาลท่าฉาง,ACTIVE
TTMT,9423550,หญ้าดอกขาว,ยาหญ้าดอกขาวโรงพยาบาลท่าฉาง,ยาชง,โรงพยาบาลท่าฉาง,ACTIVE
TTMT,9423566,หญ้าปักกิ่ง,ยาหญ้าปักกิ่งโรงพยาบาลท่าฉาง,ยาแคปซูล,โรงพยาบาลท่าฉาง,ACTIVE
TTMT,9423578,หญ้าปักกิ่ง,ยาหญ้าปักกิ่งโรงพยาบาลท่าฉาง,ยาชง,โรงพยาบาลท่าฉาง,ACTIVE
TTMT,9423584,หญ้าหนวดแมว,ยาหญ้าหนวดแมวโรงพยาบาลท่าฉาง,ยาชง,โรงพยาบาลท่าฉาง,ACTIVE
TTMT,9423597,พญายอ,กลีเซอรีนพญายอ,สารละลายสำหรับป้ายปาก,โรงพยาบาลกุดชุม,ACTIVE
TTMT,9423606,พญายอ,ขี้ผึ้งพญายอ,ขี้ผึ้ง,โรงพยาบาลกุดชุม,ACTIVE
TTMT,9423610,น้ำมันไพล,น้ำมันไพล,ยาเข้าน้ำมัน,โรงพยาบาลกุดชุม,ACTIVE
TTMT,9423623,พญายอ,พญายอกลีเซอรีน รพ.คูเมือง,ทิงเจอร์,โรงพยาบาลคูเมือง,ACTIVE
TTMT,9423634,กล้วย,กล้วยผง,ยาผง,โรงพยาบาลตระการพืชผล,ACTIVE
TTMT,9423647,มะระขี้นก,มะระขี้นกแคปซูล,ยาแคปซูล,โรงพยาบาลตระการพืชผล,ACTIVE
TTMT,9423652,กระเจี๊ยบแดง,Hibiscus powder,ยาชง,โรงพยาบาลหนองโดน,ACTIVE
TTMT,9423668,กล้วย,Musa powder,ยาผง,โรงพยาบาลหนองโดน,ACTIVE
TTMT,9423675,ขิง,Zingiber cap.,ยาแคปซูล,โรงพยาบาลหนองโดน,ACTIVE
TTMT,9423681,ขิง,Zingiber powder.,ยาชง,โรงพยาบาลหนองโดน,ACTIVE
TTMT,9423699,ชุมเห็ดเทศ,Senna alata cap.,ยาแคปซูล,โรงพยาบาลหนองโดน,ACTIVE
TTMT,9423702,ชุมเห็ดเทศ,Senna alata powder.,ยาชง,โรงพยาบาลหนองโดน,ACTIVE
TTMT,9423718,บัวบก,Centella cream.,ครีม,โรงพยาบาลหนองโดน,ACTIVE
TTMT,9423725,บัวบก,Centella  cap.,ยาแคปซูล,โรงพยาบาลหนองโดน,ACTIVE
TTMT,9423739,ไพล,Zingibermontamun cream.,ครีม,โรงพยาบาลหนองโดน,ACTIVE
TTMT,9423741,น้ำมันไพล,Zingibermontamun  oil.,ยาเข้าน้ำมัน,โรงพยาบาลหนองโดน,ACTIVE
TTMT,9423756,มะระขี้นก,Momordica cap.,ยาแคปซูล,โรงพยาบาลหนองโดน,ACTIVE
TTMT,9423760,รางจืด,Thumbergia powder.,ยาชง,โรงพยาบาลหนองโดน,ACTIVE
TTMT,9423773,หญ้าดอกขาว,Vrnonia powder.,ยาชง,โรงพยาบาลหนองโดน,ACTIVE
TTMT,9423787,หญ้าปักกิ่ง,Murdannia powder.,ยาชง,โรงพยาบาลหนองโดน,ACTIVE
TTMT,9423794,กระเจี๊ยบแดง,ชาชงกระเจี๊ยบ,ยาชง,โรงพยาบาลเจ้าคุณไพบูลย์พนมทวน,ACTIVE
TTMT,9423804,ทิงเจอร์ทองพันชั่ง,ทิงเจอร์ทองพันชั่ง,ทิงเจอร์,โรงพยาบาลเจ้าคุณไพบูลย์พนมทวน,ACTIVE
TTMT,9423815,ทิงเจอร์พลู,ทิงเจอร์พลู,ทิงเจอร์,โรงพยาบาลเจ้าคุณไพบูลย์พนมทวน,ACTIVE
TTMT,9423827,พญายอ,ทิงเจอร์พญายอ,ทิงเจอร์,โรงพยาบาลเจ้าคุณไพบูลย์พนมทวน,ACTIVE
TTMT,9423836,น้ำมันไพล,น้ำมันไพล,ยาเข้าน้ำมัน,โรงพยาบาลเจ้าคุณไพบูลย์พนมทวน,ACTIVE
TTMT,9423843,มะระขี้นก,ยามะระขี้นก,ยาแคปซูล,โรงพยาบาลวังน้ำเย็น,ACTIVE
TTMT,9423858,กระเจี๊ยบแดง,กระเจี๊ยบแดง,ยาชง,โรงพยาบาลปะนาเระ,ACTIVE
TTMT,9423862,ขมิ้นชัน,ขมิ้นชันแคปซูล,ยาแคปซูล,โรงพยาบาลปะนาเระ,ACTIVE
TTMT,9423870,ขิง,ขิง,ยาแคปซูล,โรงพยาบาลปะนาเระ,ACTIVE
TTMT,9423889,เถาวัลย์เปรียง,เถาวัลย์เปรียง,ยาแคปซูล,โรงพยาบาลปะนาเระ,ACTIVE
TTMT,9423891,ฟ้าทะลายโจร,ฟ้าทะลายโจร,ยาแคปซูล,โรงพยาบาลปะนาเระ,ACTIVE
TTMT,9423901,มะขามแขก,มะขามแขก,ยาแคปซูล,โรงพยาบาลปะนาเระ,ACTIVE
TTMT,9423917,มะระขี้นก,มะระขี้นก,ยาแคปซูล,โรงพยาบาลปะนาเระ,ACTIVE
TTMT,9423929,รางจืด,รางจืด,ยาชง,โรงพยาบาลปะนาเระ,ACTIVE
TTMT,9423938,หญ้าดอกขาว,หญ้าดอกขาว,ยาชง,โรงพยาบาลปะนาเระ,ACTIVE
TTMT,9423940,หญ้าหนวดแมว,หญ้าหนวดแมว,ยาชง,โรงพยาบาลปะนาเระ,ACTIVE
TTMT,9423955,ฟ้าทะลายโจร,ฟ้าทะลายโจรแคปซูล,ยาแคปซูล,โรงพยาบาลสมเด็จพระยุพราชเด่นชัย,ACTIVE
TTMT,9423964,เถาวัลย์เปรียง,เถาวัลย์เปรียงแคปซูล,ยาแคปซูล,โรงพยาบาลพญาเม็งราย,ACTIVE
TTMT,9423972,มะขามแขก,ยาระบายมะขามแขก,ยาแคปซูล,โรงพยาบาลพญาเม็งราย,ACTIVE
TTMT,9423986,กระเจี๊ยบแดง,ชาชงกระเจี๊ยบ,ยาชง,โรงพยาบาลวังน้ำเย็น,ACTIVE
TTMT,9423993,รางจืด,ชาชงรางจืด,ยาชง,โรงพยาบาลวังน้ำเย็น,ACTIVE
TTMT,9424004,ฟ้าทะลายโจร,ฟ้าทะลายโจร,ยาลูกกลอน,โรงพยาบาลสะเมิง,ACTIVE
TTMT,9424015,มะขามแขก,มะขามแขก,ยาแคปซูล,โรงพยาบาลสะเมิง,ACTIVE
TTMT,9424027,มะขามแขก,มะขามแขก,ยาชง,โรงพยาบาลสะเมิง,ACTIVE
TTMT,9424036,มะระขี้นก,มะระขี้นก,ยาแคปซูล,โรงพยาบาลสะเมิง,ACTIVE
TTMT,9424043,มะระขี้นก,มะระขี้นก,ยาชง,โรงพยาบาลสะเมิง,ACTIVE
TTMT,9424058,รางจืด,รางจืด,ยาแคปซูล,โรงพยาบาลสะเมิง,ACTIVE
TTMT,9424062,รางจืด,รางจืด,ยาชง,โรงพยาบาลสะเมิง,ACTIVE
TTMT,9424070,หญ้าดอกขาว,หญ้าดอกขาว,ยาชง,โรงพยาบาลสะเมิง,ACTIVE
TTMT,9424089,หญ้าปักกิ่ง,หญ้าปักกิ่ง,ยาแคปซูล,โรงพยาบาลสะเมิง,ACTIVE
TTMT,9424091,หญ้าปักกิ่ง,หญ้าปักกิ่ง,ยาชง,โรงพยาบาลสะเมิง,ACTIVE
TTMT,9424101,กระเจี๊ยบแดง,กระเจี๊ยบแดง,ยาชง,โรงพยาบาลสะเมิง,ACTIVE
TTMT,9424117,กล้วย,กล้วย,ยาผง,โรงพยาบาลสะเมิง,ACTIVE
TTMT,9424129,ขมิ้นชัน,ขมิ้นชัน,ยาแคปซูล,โรงพยาบาลสะเมิง,ACTIVE
TTMT,9424138,ขมิ้นชัน,ขมิ้นชัน,ยาเม็ด,โรงพยาบาลสะเมิง,ACTIVE
TTMT,9424140,ขิง,ขิง,ยาแคปซูล,โรงพยาบาลสะเมิง,ACTIVE
TTMT,9424155,ขิง,ขิง,ยาผง,โรงพยาบาลสะเมิง,ACTIVE
TTMT,9424164,ขิง,ขิง,ยาชง,โรงพยาบาลสะเมิง,ACTIVE
TTMT,9424172,ชุมเห็ดเทศ,ชุมเห็ดเทศ,ยาผง,โรงพยาบาลสะเมิง,ACTIVE
TTMT,9424186,ชุมเห็ดเทศ,ชุมเห็ดเทศ,ยาแคปซูล,โรงพยาบาลสะเมิง,ACTIVE
TTMT,9424193,ชุมเห็ดเทศ,ชุมเห็ดเทศ,ยาชง,โรงพยาบาลสะเมิง,ACTIVE
TTMT,9424206,ทิงเจอร์ทองพันชั่ง,ทิงเจอร์ทองพันชั่ง,ทิงเจอร์,โรงพยาบาลสะเมิง,ACTIVE
TTMT,9424210,บัวบก,บัวบก,ยาแคปซูล,โรงพยาบาลสะเมิง,ACTIVE
TTMT,9424223,บัวบก,บัวบก,ยาชง,โรงพยาบาลสะเมิง,ACTIVE
TTMT,9424234,พญายอ,พญายอ,ทิงเจอร์,โรงพยาบาลสะเมิง,ACTIVE
TTMT,9424247,น้ำมันไพล,น้ำมันไพล,ยาเข้าน้ำมัน,โรงพยาบาลสะเมิง,ACTIVE
TTMT,9424252,ฟ้าทะลายโจร,ฟ้าทะลายโจร,ยาเม็ด,โรงพยาบาลสะเมิง,ACTIVE
TTMT,9424268,ขมิ้นชัน,ขมิ้นชันแคปซูลไพรวนารี,ยาแคปซูล,โรงพยาบาลนิคมคำสร้อย,ACTIVE
TTMT,9424275,กระเจี๊ยบแดง,กระเจี๊ยบแดงชาชงไพรวนารี,ยาชง,โรงพยาบาลนิคมคำสร้อย,ACTIVE
TTMT,9424281,ขิง,ขิงแคปซูลไพรวนารี,ยาแคปซูล,โรงพยาบาลนิคมคำสร้อย,ACTIVE
TTMT,9424299,ขิง,ขิงชาชงไพรวนารี,ยาชง,โรงพยาบาลนิคมคำสร้อย,ACTIVE
TTMT,9424309,เถาวัลย์เปรียง,เถาวัลย์เปรียงแคปซูลไพรวนารี,ยาแคปซูล,โรงพยาบาลนิคมคำสร้อย,ACTIVE
TTMT,9424313,บัวบก,บัวบกครีมไพรวนารี,ครีม,โรงพยาบาลนิคมคำสร้อย,ACTIVE
TTMT,9424321,บัวบก,บัวบกแคปซูลไพรวนารี,ยาแคปซูล,โรงพยาบาลนิคมคำสร้อย,ACTIVE
TTMT,9424332,พญายอ,พญายาขี้ผึ้งไพรวนารี,ขี้ผึ้ง,โรงพยาบาลนิคมคำสร้อย,ACTIVE
TTMT,9424345,พญายอ,พญายอทิงเจอร์ไพรวนารี,ทิงเจอร์,โรงพยาบาลนิคมคำสร้อย,ACTIVE
TTMT,9424350,พริก,ครีมพริกไพรวนารี,ครีม,โรงพยาบาลนิคมคำสร้อย,ACTIVE
TTMT,9424366,น้ำมันไพล,น้ำมันไพลไพรวนารี,ยาเข้าน้ำมัน,โรงพยาบาลนิคมคำสร้อย,ACTIVE
TTMT,9424378,ฟ้าทะลายโจร,ฟ้าทะลายโจรแคปซูลไพรวนารี,ยาแคปซูล,โรงพยาบาลนิคมคำสร้อย,ACTIVE
TTMT,9424384,มะขามแขก,มะขามแขกแคปซูลไพรวนารี,ยาแคปซูล,โรงพยาบาลนิคมคำสร้อย,ACTIVE
TTMT,9424397,มะระขี้นก,มะระขี้นกแคปซูลไพรวนารี,ยาแคปซูล,โรงพยาบาลนิคมคำสร้อย,ACTIVE
TTMT,9424402,รางจืด,รางจืดแคปซูลไพรวนารี,ยาแคปซูล,โรงพยาบาลนิคมคำสร้อย,ACTIVE
TTMT,9424418,รางจืด,รางจืดชาชงไพรวนารี,ยาชง,โรงพยาบาลนิคมคำสร้อย,ACTIVE
TTMT,9424425,หญ้าดอกขาว,หญ้าดอกขาวชาชงไพรวนารี,ยาชง,โรงพยาบาลนิคมคำสร้อย,ACTIVE
TTMT,9424439,หญ้าหนวดแมว,หญ้าหนวดแมวชาชงไพรวนารี,ยาชง,โรงพยาบาลนิคมคำสร้อย,ACTIVE
TTMT,9424441,ไพล,พลทิพย์,ครีม,โรงพยาบาลพล,ACTIVE
TTMT,9424456,น้ำมันไพล,พลทิพย์,ยาเข้าน้ำมัน,โรงพยาบาลพล,ACTIVE
TTMT,9424460,น้ำมันไพล,น้ำมันไพล รพ.คูเมือง,ยาเข้าน้ำมัน,โรงพยาบาลคูเมือง,ACTIVE
TTMT,9424473,กล้วย,ยาผงกล้วย,ยาผง,โรงพยาบาลมหาสารคาม,ACTIVE
TTMT,9424487,ขมิ้นชัน,ยาแคปซูลขมิ้นชัน,ยาแคปซูล,โรงพยาบาลมหาสารคาม,ACTIVE
TTMT,9424494,ขิง,ชาชงขิง,ยาชง,โรงพยาบาลมหาสารคาม,ACTIVE
TTMT,9424500,เถาวัลย์เปรียง,ยาแคปซูลเถาวัลย์เปรียง,ยาแคปซูล,โรงพยาบาลมหาสารคาม,ACTIVE
TTMT,9424516,ฟ้าทะลายโจร,ยาแคปซูลฟ้าทะลายโจร,ยาแคปซูล,โรงพยาบาลมหาสารคาม,ACTIVE
TTMT,9424528,มะขามแขก,ยาแคปซูลมะขามแขก,ยาแคปซูล,โรงพยาบาลมหาสารคาม,ACTIVE
TTMT,9424537,รางจืด,ชาชงรางจืด,ยาชง,โรงพยาบาลมหาสารคาม,ACTIVE
TTMT,9424544,หญ้าดอกขาว,ชาชงหญ้าดอกขาว,ยาชง,โรงพยาบาลมหาสารคาม,ACTIVE
TTMT,9424559,มะขามแขก,ยาระบายมะขามแขกชนิดแคปซูล,ยาแคปซูล,โรงพยาบาลห้วยยอด,ACTIVE
TTMT,9424563,มะระขี้นก,มะระขี้นกชนิดแคปซูล,ยาแคปซูล,โรงพยาบาลห้วยยอด,ACTIVE
TTMT,9424571,กล้วย,กล้วยชนิดแคปซูล,ยาแคปซูล,โรงพยาบาลห้วยยอด,ACTIVE
TTMT,9424585,พญายอ,ยาเสลดพังพอนกลีเซอรีน,ยาน้ำ,โรงพยาบาลห้วยยอด,ACTIVE
TTMT,9424592,รางจืด,ยารางจืดชนิดแคปซูล,ยาแคปซูล,โรงพยาบาลห้วยยอด,ACTIVE
TTMT,9424603,บอระเพ็ด,ยาบอระเพ็ดชนิดแคปซูล,ยาแคปซูล,โรงพยาบาลห้วยยอด,ACTIVE
TTMT,9424619,รางจืด,ยาชง รางจืด,ยาชง,โรงพยาบาลจัตุรัส,ACTIVE
TTMT,9424626,หญ้าดอกขาว,ยาชง หญ้าดอกขาว,ยาชง,โรงพยาบาลจัตุรัส,ACTIVE
TTMT,9424635,ขิง,ยาชง ขิง,ยาชง,โรงพยาบาลจัตุรัส,ACTIVE
TTMT,9424642,หญ้าหนวดแมว,ยาชง หญ้าหนวดแมว,ยาชง,โรงพยาบาลจัตุรัส,ACTIVE
TTMT,9424657,คำฝอย,ยาชง ดอกคำฝอย,ยาชง,โรงพยาบาลจัตุรัส,ACTIVE
TTMT,9424661,พญายอ,ยาหม่องเสลดพังพอน,ขี้ผึ้ง,โรงพยาบาลสอง,ACTIVE
TTMT,9424674,แก้ไอผสมมะขามป้อม สูตรตำรับที่ 1,ยาแก้ไอผสมมะขามป้อม สูตรตำรับที่ 1,ยาน้ำ,โรงพยาบาลสอง,ACTIVE
TTMT,9424688,หอมเทพจิตร,ยาหอมเทพจิตร,ยาแคปซูล,โรงพยาบาลสอง,ACTIVE
TTMT,9424690,หอมนวโกฐ,ยาหอมนวโกฐ,ยาแคปซูล,โรงพยาบาลสอง,ACTIVE
TTMT,9424707,ธาตุอบเชย ,ยาธาตุอบเชย ,ยาน้ำ,โรงพยาบาลสอง,ACTIVE
TTMT,9424711,เบญจกูล / พิกัดเบญจกูล,ยาเบญจกูล,ยาแคปซูล,โรงพยาบาลสอง,ACTIVE
TTMT,9424724,ประสะไพล,ยาประสะไพล ,ยาแคปซูล,โรงพยาบาลสอง,ACTIVE
TTMT,9424730,ประสะมะแว้ง,ยาประสะมะแว้ง,ยาแคปซูล,โรงพยาบาลสอง,ACTIVE
TTMT,9424748,ปราบชมพูทวีป,ยาปราบชมพูทวีป,ยาแคปซูล,โรงพยาบาลสอง,ACTIVE
TTMT,9424753,ประสะมะแว้ง,ยาผงประสะมะแว้ง,ยาผง,โรงพยาบาลสอง,ACTIVE
TTMT,9424769,ผสมเพชรสังฆาต สูตรตำรับที่ 1,ยาผสมเพชรสังฆาต สูตรตำรับที่ 1,ยาแคปซูล,โรงพยาบาลสอง,ACTIVE
TTMT,9424776,ผสมเพชรสังฆาต สูตรตำรับที่ 2,ยาผสมเพชรสังฆาต สูตรตำรับที่ 2,ยาแคปซูล,โรงพยาบาลสอง,ACTIVE
TTMT,9424782,ประสะมะแว้ง,ยาเม็ดประสะมะแว้ง,ยาเม็ด,โรงพยาบาลสอง,ACTIVE
TTMT,9424795,ประสะมะแว้ง,ยาลูกกลอนประสะมะแว้ง,ยาลูกกลอน,โรงพยาบาลสอง,ACTIVE
TTMT,9424805,ยาประคบ,ยาลูกประคบสมุนไพร,ยาประคบ,โรงพยาบาลสอง,ACTIVE
TTMT,9424814,สหัศธารา,ยาสหัศธารา,ยาแคปซูล,โรงพยาบาลสอง,ACTIVE
TTMT,9424822,ขี้ผึ้งไพล สูตรตำรับที่ 1,ยาหม่องไพล สูตรตำรับที่ 1,ขี้ผึ้ง,โรงพยาบาลสอง,ACTIVE
TTMT,9424833,หอมเทพจิตร,ยาหอมเทพจิตร,ยาผง,โรงพยาบาลสอง,ACTIVE
TTMT,9424846,แก้ลมอัมพฤกษ์ ,ยาแก้ลมอัมพฤกษ์,ยาผง,โรงพยาบาลสังขะ,ACTIVE
TTMT,9424851,แก้ไอผสมมะขามป้อม สูตรตำรับที่ 1,ยาน้ำแก้ไอมะขามป้อม สูตร 1,ยาน้ำ,โรงพยาบาลสังขะ,ACTIVE
TTMT,9424867,แก้ไอผสมมะขามป้อม สูตรตำรับที่ 2,ยาน้ำแก้ไอมะขามป้อม สูตร 2,ยาน้ำ,โรงพยาบาลสังขะ,ACTIVE
TTMT,9424879,ขี้ผึ้งไพล สูตรตำรับที่ 1,ยาหม่องไพล,ขี้ผึ้ง,โรงพยาบาลสังขะ,ACTIVE
TTMT,9424880,ขี้ผึ้งไพล สูตรตำรับที่ 2,ยาหม่องไพล,ขี้ผึ้ง,โรงพยาบาลสังขะ,ACTIVE
TTMT,9424898,จันทน์ลีลา,จันทลีลาแคปซูล,ยาแคปซูล,โรงพยาบาลสังขะ,ACTIVE
TTMT,9424908,ตรีผลา / พิกัดตรีผลา ,ตรีผลาแคปซูล,ยาแคปซูล,โรงพยาบาลสังขะ,ACTIVE
TTMT,9424912,ตรีพิกัด,ตรีพิกัดแคปซูล,ยาแคปซูล,โรงพยาบาลสังขะ,ACTIVE
TTMT,9424920,ธรณีสันฑะฆาต,ธรณีสันฑะฆาตแคปซูล,ยาแคปซูล,โรงพยาบาลสังขะ,ACTIVE
TTMT,9424931,ธาตุบรรจบ ,ธาตุบรรจบ แคปซูล,ยาแคปซูล,โรงพยาบาลสังขะ,ACTIVE
TTMT,9424949,น้ำมันไพล,น้ำมันไพล,ยาเข้าน้ำมัน,โรงพยาบาลสังขะ,ACTIVE
TTMT,9424954,บำรุงโลหิต,บำรุงโลหิตแคปซูล,ยาแคปซูล,โรงพยาบาลสังขะ,ACTIVE
TTMT,9424965,ประสะมะแว้ง,ยาอมมะแว้ง,ยาลูกกลอน,โรงพยาบาลสังขะ,ACTIVE
TTMT,9424977,ปราบชมพูทวีป,ปราบชมพูทวีปแคปซูล,ยาแคปซูล,โรงพยาบาลสังขะ,ACTIVE
TTMT,9424983,ผสมเพชรสังฆาต สูตรตำรับที่ 2,เพชรสังฆาตแคปซูล,ยาแคปซูล,โรงพยาบาลสังขะ,ACTIVE
TTMT,9424996,ยาประคบ,ยาประคบสมุนไพร,ยาประคบ,โรงพยาบาลสังขะ,ACTIVE
TTMT,9425003,เลือดงาม,เลือดงามแคปซูล,ยาแคปซูล,โรงพยาบาลสังขะ,ACTIVE
TTMT,9425019,สตรีหลังคลอด,ยาต้มหลังคลอด,ยาต้ม,โรงพยาบาลสังขะ,ACTIVE
TTMT,9425026,สหัศธารา,สหัศธาราแคปซูล,ยาแคปซูล,โรงพยาบาลสังขะ,ACTIVE
TTMT,9425035,หอมเทพจิตร,ยาหอมเทพจิตร,ยาผง,โรงพยาบาลสังขะ,ACTIVE
TTMT,9425042,หอมนวโกฐ,ยาหอมนวโกฐ,ยาผง,โรงพยาบาลสังขะ,ACTIVE
TTMT,9425057,ห้าราก / แก้ไข้ห้าราก / แก้วห้าดวง / เบญจโลกวิเชียร ,ห้ารากแคปซูล,ยาแคปซูล,โรงพยาบาลสังขะ,ACTIVE
TTMT,9425061,เหลืองปิดสมุทร,เหลืองปิดสมุทรแคปซูล,ยาแคปซูล,โรงพยาบาลสังขะ,ACTIVE
TTMT,9425074,พอกสมุนไพร,ยาพอก PBH,ยาพอก,โรงพยาบาลป่าบอน,ACTIVE
TTMT,9425088,ขี้ผึ้งไพล สูตรตำรับที่ 1,ขี้ผึ้งไพล สูตรตำรับที่ 1 PBH,ขี้ผึ้ง,โรงพยาบาลป่าบอน,ACTIVE
TTMT,9425090,ขี้ผึ้งไพล สูตรตำรับที่ 2,ขี้ผึ้งไพล  สูตรตำรับที่ 2 PBH,ขี้ผึ้ง,โรงพยาบาลป่าบอน,ACTIVE
TTMT,9425100,ผสมเพชรสังฆาต สูตรตำรับที่ 1,ยาแคปซูลผสมเพชรสังฆาต สูตรตำรับที่ 1 PBH,ยาแคปซูล,โรงพยาบาลป่าบอน,ACTIVE
TTMT,9425116,ผสมเพชรสังฆาต สูตรตำรับที่ 2,ยาแคปซูลผสมเพชรสังฆาต สูตรตำรับที่ 2 PBH,ยาแคปซูล,โรงพยาบาลป่าบอน,ACTIVE
TTMT,9425128,สมุนไพรอบตัว,ชุดอบห้วยเฮิร์บ,ยาต้ม,โรงพยาบาลห้วยทับทัน,ACTIVE
TTMT,9425137,แก้ไอผสมมะขามป้อม สูตรตำรับที่ 1,ยาน้ำแก้ไอมะขามป้อมห้วยเฮิร์บ,ยาน้ำ,โรงพยาบาลห้วยทับทัน,ACTIVE
TTMT,9425144,แก้ไอผสมมะขามป้อม สูตรตำรับที่ 2,ยาน้ำแก้ไอมะขามป้อมผสมมะนาวดองห้วยเฮิร์บ,ยาน้ำ,โรงพยาบาลห้วยทับทัน,ACTIVE
TTMT,9425159,ขี้ผึ้งไพล สูตรตำรับที่ 1,ยาหม่องไพลห้วยเฮิร์บ,ขี้ผึ้ง,โรงพยาบาลห้วยทับทัน,ACTIVE
TTMT,9425163,จันทน์ลีลา,จันทน์ลีลาห้วยเฮิร์บ,ยาแคปซูล,โรงพยาบาลห้วยทับทัน,ACTIVE
TTMT,9425171,ธรณีสันฑะฆาต,ธรณีสันฑะฆาตห้วยเฮิร์บ,ยาแคปซูล,โรงพยาบาลห้วยทับทัน,ACTIVE
TTMT,9425185,ธาตุอบเชย ,ธาตุอบเชยห้วยเฮิร์บ,ยาน้ำ,โรงพยาบาลห้วยทับทัน,ACTIVE
TTMT,9425192,ประสะไพล,ประสะไพลห้วยเฮิร์บ,ยาแคปซูล,โรงพยาบาลห้วยทับทัน,ACTIVE
TTMT,9425205,ประสะมะแว้ง,ประสะแว้งห้วยเฮิร์บ,ยาลูกกลอน,โรงพยาบาลห้วยทับทัน,ACTIVE
TTMT,9425214,ปราบชมพูทวีป,ปราบชมพูทวีปห้วยเฮิร์บ,ยาแคปซูล,โรงพยาบาลห้วยทับทัน,ACTIVE
TTMT,9425222,ผสมเพชรสังฆาต สูตรตำรับที่ 1,เพชรสังฆาตแคปซูลห้วยเฮิร์บ,ยาแคปซูล,โรงพยาบาลห้วยทับทัน,ACTIVE
TTMT,9425233,สหัศธารา,สหัศธาราห้วยเฮิร์บ,ยาแคปซูล,โรงพยาบาลห้วยทับทัน,ACTIVE
TTMT,9425246,หอมเทพจิตร,หอมเทพจิตรห้วยเฮิร์บ,ยาผง,โรงพยาบาลห้วยทับทัน,ACTIVE
TTMT,9425251,หอมนวโกฐ,หอมนวโกฐห้วยเฮิร์บ,ยาผง,โรงพยาบาลห้วยทับทัน,ACTIVE
TTMT,9425267,หอมอินทจักร,หอมอินทจักรห้วยเฮิร์บ,ยาผง,โรงพยาบาลห้วยทับทัน,ACTIVE
TTMT,9425279,ขี้ผึ้งไพล สูตรตำรับที่ 1,ยาหม่องไพล,ขี้ผึ้ง,โรงพยาบาลหนองฉาง,ACTIVE
TTMT,9425280,ผสมเพชรสังฆาต สูตรตำรับที่ 2,เพชรสังฆาต แคปซูล,ยาแคปซูล,โรงพยาบาลหนองฉาง,ACTIVE
TTMT,9425298,ยาประคบ,ลูกประคบ,ยาประคบ,โรงพยาบาลหนองฉาง,ACTIVE
TTMT,9425308,ริดสีดวงมหากาฬ (ตำรับในระบบทางเดินอาหารส่วนกลางและส่วนปลาย),ริดสีดวงทวาร แคปซูล,ยาแคปซูล,โรงพยาบาลหนองฉาง,ACTIVE
TTMT,9425312,น้ำมันไพล,น้ำมันไพล,ยาเข้าน้ำมัน,โรงพยาบาลวิเศษชัยชาญ,ACTIVE
TTMT,9425320,ยาประคบ,ลูกประคบสมุนไพร,ยาประคบ,โรงพยาบาลวิเศษชัยชาญ,ACTIVE
TTMT,9425331,หอมเทพจิตร,ยาหอมเทพจิตร,ยาผง,โรงพยาบาลกาบเชิง,ACTIVE
TTMT,9425349,หอมนวโกฐ,ยาหอมนวโกฐ,ยาผง,โรงพยาบาลกาบเชิง,ACTIVE
TTMT,9425354,เขียวหอม,ยาเขียวหอม,ยาผง,โรงพยาบาลกาบเชิง,ACTIVE
TTMT,9425365,เหลืองปิดสมุทร,แคปซูลเหลืองปิดสมุทร  ,ยาแคปซูล,โรงพยาบาลกาบเชิง,ACTIVE
TTMT,9425377,เหลืองปิดสมุทร,แคปซูลเหลืองปิดสมุทร  ,ยาแคปซูล,โรงพยาบาลกาบเชิง,ACTIVE
TTMT,9425383,ตรีพิกัด,แคปซูลบำรุงธาตุ,ยาแคปซูล,โรงพยาบาลกาบเชิง,ACTIVE
TTMT,9425396,ปราบชมพูทวีป,ยาปราบชมพูทวีป,ยาลูกกลอน,โรงพยาบาลกาบเชิง,ACTIVE
TTMT,9425401,ผสมโคคลาน สูตรตำรับที่ 2,ยาโคคลาน,ยาต้ม,โรงพยาบาลกาบเชิง,ACTIVE
TTMT,9425417,น้ำมันกาสลัก,ยาน้ำมันกาสลัก,ยาเข้าน้ำมัน,โรงพยาบาลกาบเชิง,ACTIVE
TTMT,9425429,น้ำมันเสลดพังพอน,ยาน้ำมันเสลดพังพอน,ยาเข้าน้ำมัน,โรงพยาบาลกาบเชิง,ACTIVE
TTMT,9425438,แก้ไอพื้นบ้านอีสาน,ยามองคร่อ,ยาน้ำ,โรงพยาบาลกาบเชิง,ACTIVE
TTMT,9425440,เหลืองปิดสมุทร,เหลืองปิดสมุทรแคปซูล,ยาแคปซูล,โรงพยาบาลบ้านตาก,ACTIVE
TTMT,9425455,ขี้ผึ้งไพล สูตรตำรับที่ 1,ยาหม่องไพล,ขี้ผึ้ง,โรงพยาบาลพนา,ACTIVE
TTMT,9425464,จันทน์ลีลา,จันทน์ลีลา,ยาแคปซูล,โรงพยาบาลพนา,ACTIVE
TTMT,9425472,ตรีผลา / พิกัดตรีผลา ,ชาชงตรีผลา,ยาชง,โรงพยาบาลพนา,ACTIVE
TTMT,9425486,ธาตุบรรจบ ,ธาตุบรรจบ ,ยาแคปซูล,โรงพยาบาลพนา,ACTIVE
TTMT,9425493,ประสะไพล,ประสะไพล ,ยาแคปซูล,โรงพยาบาลพนา,ACTIVE
TTMT,9425504,ปราบชมพูทวีป,ปราบชมพูทวีป,ยาแคปซูล,โรงพยาบาลพนา,ACTIVE
TTMT,9425515,ผสมเถาวัลย์เปรียง สูตรตำรับที่ 2,ผสมเถาวัลย์เปรียง สูตรตำรับที่ 2,ยาลูกกลอน,โรงพยาบาลพนา,ACTIVE
TTMT,9425527,ผสมเพชรสังฆาต สูตรตำรับที่ 2,ผสมเพชรสังฆาต สูตรตำรับที่ 2,ยาแคปซูล,โรงพยาบาลพนา,ACTIVE
TTMT,9425536,ริดสีดวงมหากาฬ (ตำรับในระบบทางเดินอาหารส่วนกลางและส่วนปลาย),ริดสีดวงมหากาฬ,ยาแคปซูล,โรงพยาบาลพนา,ACTIVE
TTMT,9425543,สหัศธารา,สหัศธารา,ยาแคปซูล,โรงพยาบาลพนา,ACTIVE
TTMT,9425558,หม่องเสลดพังพอน/เสลดพังพอนบาล์ม/หม่องพญายอ/ขี้ผึ้งพญายอ/ขี้ผึ้งเสลดพังพอน,ยาหม่องพญายอ,ขี้ผึ้ง,โรงพยาบาลพนา,ACTIVE
TTMT,9425562,ขี้ผึ้งไพล สูตรตำรับที่ 1,ขี้ผึ้งไพล PH HERB,ขี้ผึ้ง,โรงพยาบาลโพนพิสัย,ACTIVE
TTMT,9425570,พิมเสนน้ำ,พิมเสนน้ำ PH HERB,ยาเข้าน้ำมัน,โรงพยาบาลโพนพิสัย,ACTIVE
TTMT,9425589,แก้ไอผสมกานพลู,แก้ไอผสมกานพลู,ยาลูกกลอน,โรงพยาบาลวังจันทร์,ACTIVE
TTMT,9425591,จันทน์ลีลา,จันทน์ลีลาแคปซูล,ยาแคปซูล,โรงพยาบาลวังจันทร์,ACTIVE
TTMT,9425602,ตรีผลา / พิกัดตรีผลา ,ตรีผลาแคปซูล,ยาแคปซูล,โรงพยาบาลวังจันทร์,ACTIVE
TTMT,9425618,ตรีผลา / พิกัดตรีผลา ,ตรีผลายาชง,ยาชง,โรงพยาบาลวังจันทร์,ACTIVE
TTMT,9425625,ธรณีสันฑะฆาต,ธรณีสันฑะฆาตแคปซูล,ยาแคปซูล,โรงพยาบาลวังจันทร์,ACTIVE
TTMT,9425639,ธาตุบรรจบ ,ธาตุบรรจบแคปซูล,ยาแคปซูล,โรงพยาบาลวังจันทร์,ACTIVE
TTMT,9425641,เบญจกูล / พิกัดเบญจกูล,เบญจกูลแคปซูล,ยาแคปซูล,โรงพยาบาลวังจันทร์,ACTIVE
TTMT,9425656,ประสะกะเพรา,ประสะกะเพราแคปซูล,ยาแคปซูล,โรงพยาบาลวังจันทร์,ACTIVE
TTMT,9425660,ประสะกะเพรา,ประสะกะเพรายาผง,ยาผง,โรงพยาบาลวังจันทร์,ACTIVE
TTMT,9425673,ประสะไพล,ประสะไพลแคปซูล,ยาแคปซูล,โรงพยาบาลวังจันทร์,ACTIVE
TTMT,9425687,ปลูกไฟธาตุ,ปลูกไฟธาตุแคปซูล,ยาแคปซูล,โรงพยาบาลวังจันทร์,ACTIVE
TTMT,9425694,ผสมเพชรสังฆาต สูตรตำรับที่ 2,ผสมเพชรสังฆาต สูตร 2 แคปซูล,ยาแคปซูล,โรงพยาบาลวังจันทร์,ACTIVE
TTMT,9425706,สหัศธารา,สหัศธาราแคปซูล,ยาแคปซูล,โรงพยาบาลวังจันทร์,ACTIVE
TTMT,9425710,หอมบำรุงหัวใจ,หอมบำรุงหัวใจ,ยาผง,โรงพยาบาลวังจันทร์,ACTIVE
TTMT,9425723,ห้าราก / แก้ไข้ห้าราก / แก้วห้าดวง / เบญจโลกวิเชียร ,ห้ารากแคปซูล,ยาแคปซูล,โรงพยาบาลวังจันทร์,ACTIVE
TTMT,9425734,อำมฤควาที,อำมฤควาทียาผง,ยาผง,โรงพยาบาลวังจันทร์,ACTIVE
TTMT,9425747,หม่องพริก,ยาหม่องพริก,ขี้ผึ้ง,โรงพยาบาลพิชัย,ACTIVE
TTMT,9425752,น้ำมันพริก,น้ำมันพริก,ยาเข้าน้ำมัน,โรงพยาบาลพิชัย,ACTIVE
TTMT,9425768,น้ำมันพริกไพล,น้ำมันพริกไพล,ยาเข้าน้ำมัน,โรงพยาบาลพิชัย,ACTIVE
TTMT,9425775,แก้ลมอัมพฤกษ์ ,แก้ลมอัมพฤกษ์,ยาผง,โรงพยาบาลพิชัย,ACTIVE
TTMT,9425781,แก้ไอผสมมะขามป้อม สูตรตำรับที่ 1,ยาแก้ไอมะขามป้อม,ยาน้ำ,โรงพยาบาลพิชัย,ACTIVE
TTMT,9425799,ขี้ผึ้งไพล สูตรตำรับที่ 1,ยาหม่องไพล,ขี้ผึ้ง,โรงพยาบาลพิชัย,ACTIVE
TTMT,9425809,จันทน์ลีลา,จันทน์ลีลา,ยาแคปซูล,โรงพยาบาลพิชัย,ACTIVE
TTMT,9425813,ตรีผลา / พิกัดตรีผลา ,ตรีผลา,ยาชง,โรงพยาบาลพิชัย,ACTIVE
TTMT,9425821,ธรณีสันฑะฆาต,ธรณีสันฑะฆาต,ยาแคปซูล,โรงพยาบาลพิชัย,ACTIVE
TTMT,9425832,ธาตุบรรจบ ,ธาตุบรรจบ ,ยาแคปซูล,โรงพยาบาลพิชัย,ACTIVE
TTMT,9425845,บำรุงโลหิต,บำรุงโลหิต,ยาแคปซูล,โรงพยาบาลพิชัย,ACTIVE
TTMT,9425850,เบญจกูล / พิกัดเบญจกูล,เบญจกูล / พิกัดเบญจกูล,ยาแคปซูล,โรงพยาบาลพิชัย,ACTIVE
TTMT,9425866,ประสะจันทน์แดง ,ประสะจันทน์แดง ,ยาแคปซูล,โรงพยาบาลพิชัย,ACTIVE
TTMT,9425878,ประสะไพล,ประสะไพล ,ยาแคปซูล,โรงพยาบาลพิชัย,ACTIVE
TTMT,9425884,ประสะมะแว้ง,ประสะมะแว้ง,ยาเม็ด,โรงพยาบาลพิชัย,ACTIVE
TTMT,9425897,ปราบชมพูทวีป,ปราบชมพูทวีป,ยาแคปซูล,โรงพยาบาลพิชัย,ACTIVE
TTMT,9425907,ปลูกไฟธาตุ,ปลูกไฟธาตุ,ยาแคปซูล,โรงพยาบาลพิชัย,ACTIVE
TTMT,9425911,ผสมเพชรสังฆาต สูตรตำรับที่ 2,ผสมเพชรสังฆาต สูตรตำรับที่ 2,ยาแคปซูล,โรงพยาบาลพิชัย,ACTIVE
TTMT,9425924,สหัศธารา,สหัศธารา,ยาแคปซูล,โรงพยาบาลพิชัย,ACTIVE
TTMT,9425930,หอมเทพจิตร,หอมเทพจิตร,ยาผง,โรงพยาบาลพิชัย,ACTIVE
TTMT,9425948,หอมเทพจิตร,หอมเทพจิตร,ยาเม็ด,โรงพยาบาลพิชัย,ACTIVE
TTMT,9425953,ห้าราก / แก้ไข้ห้าราก / แก้วห้าดวง / เบญจโลกวิเชียร ,ห้าราก,ยาแคปซูล,โรงพยาบาลพิชัย,ACTIVE
TTMT,9425969,เหลืองปิดสมุทร,เหลืองปิดสมุทร,ยาแคปซูล,โรงพยาบาลพิชัย,ACTIVE
TTMT,9425976,ผสมเถาวัลย์เปรียง สูตรตำรับที่ 1,ผสมเถาวัลย์เปรียง,ยาแคปซูล,โรงพยาบาลพิชัย,ACTIVE
TTMT,9425982,ยาพอกเข่า,ยาผงพอกเข่า,ยาผง,โรงพยาบาลพิชัย,ACTIVE
TTMT,9425995,แก้ไอผสมกานพลู,ยาอมกานพลู,ยาลูกกลอน,โรงพยาบาลอู่ทอง,ACTIVE
TTMT,9426002,แก้ไอผสมมะขามป้อม สูตรตำรับที่ 2,แก้ไอมะขามป้อม(สูตร2),ยาน้ำ,โรงพยาบาลอู่ทอง,ACTIVE
TTMT,9426018,แก้ไอผสมมะนาวดอง,ยาอมมะนาว,ยาลูกกลอน,โรงพยาบาลอู่ทอง,ACTIVE
TTMT,9426025,เขียวหอม,เขียวหอมแคปซูล,ยาแคปซูล,โรงพยาบาลอู่ทอง,ACTIVE
TTMT,9426039,จันทน์ลีลา,จันทน์ลีลาแคปซูล,ยาแคปซูล,โรงพยาบาลอู่ทอง,ACTIVE
TTMT,9426041,ตรีผลา / พิกัดตรีผลา ,ชาชงตรีผลา ,ยาชง,โรงพยาบาลอู่ทอง,ACTIVE
TTMT,9426056,ถ่ายดีเกลือฝรั่ง ,ถ่ายดีเกลือฝรั่ง แคปซูล,ยาแคปซูล,โรงพยาบาลอู่ทอง,ACTIVE
TTMT,9426060,เทพธารา (รพ.อู่ทอง),เทพธาราแคปซูล,ยาแคปซูล,โรงพยาบาลอู่ทอง,ACTIVE
TTMT,9426073,ธาตุบรรจบ ,ธาตุบรรจบ แคปซูล,ยาแคปซูล,โรงพยาบาลอู่ทอง,ACTIVE
TTMT,9426087,บำรุงโลหิต,บำรุงโลหิตแคปซูล,ยาแคปซูล,โรงพยาบาลอู่ทอง,ACTIVE
TTMT,9426094,ประสะกะเพรา,ประสะกะเพราแคปซูล,ยาแคปซูล,โรงพยาบาลอู่ทอง,ACTIVE
TTMT,9426104,ประสะกานพลู,ประสะกานพลู แคปซูล,ยาแคปซูล,โรงพยาบาลอู่ทอง,ACTIVE
TTMT,9426115,ประสะจันทน์แดง ,ประสะจันทน์แดงแคปซูล ,ยาแคปซูล,โรงพยาบาลอู่ทอง,ACTIVE
TTMT,9426127,ประสะเจตพังคี,ประสะเจตพังคีแคปซูล,ยาแคปซูล,โรงพยาบาลอู่ทอง,ACTIVE
TTMT,9426136,ประสะเปราะใหญ่,ประสะเปราะใหญ่แคปซูล,ยาแคปซูล,โรงพยาบาลอู่ทอง,ACTIVE
TTMT,9426143,ประสะไพล,ประสะไพล แคปซูล,ยาแคปซูล,โรงพยาบาลอู่ทอง,ACTIVE
TTMT,9426158,ประสะมะแว้ง,ประสะมะแว้งแคปซูล,ยาแคปซูล,โรงพยาบาลอู่ทอง,ACTIVE
TTMT,9426162,ประสะมะแว้ง,ยาอมประสะมะแว้ง,ยาลูกกลอน,โรงพยาบาลอู่ทอง,ACTIVE
TTMT,9426170,ปราบชมพูทวีป,ปราบชมพูทวีปแคปซูล,ยาแคปซูล,โรงพยาบาลอู่ทอง,ACTIVE
TTMT,9426189,ผสมเพชรสังฆาต สูตรตำรับที่ 1,แคปซูลผสมเพชรสังฆาต สูตรตำรับที่ 1,ยาแคปซูล,โรงพยาบาลอู่ทอง,ACTIVE
TTMT,9426191,ผสมเพชรสังฆาต สูตรตำรับที่ 2,แคปซูลผสมเพชรสังฆาต สูตร2,ยาแคปซูล,โรงพยาบาลอู่ทอง,ACTIVE
TTMT,9426209,ไฟประลัยกัลป์,ไฟประลัยกัลป์แคปซูล,ยาแคปซูล,โรงพยาบาลอู่ทอง,ACTIVE
TTMT,9426213,ไฟห้ากอง ,ไฟห้ากอง แคปซูล,ยาแคปซูล,โรงพยาบาลอู่ทอง,ACTIVE
TTMT,9426221,มหาจักรใหญ่,มหาจักรใหญ่แคปซูล,ยาแคปซูล,โรงพยาบาลอู่ทอง,ACTIVE
TTMT,9426232,มหานิลแท่งทอง,มหานิลแท่งทองแคปซูล,ยาแคปซูล,โรงพยาบาลอู่ทอง,ACTIVE
TTMT,9426245,มันทธาตุ,มันทธาตุแคปซูล,ยาแคปซูล,โรงพยาบาลอู่ทอง,ACTIVE
TTMT,9426250,ริดสีดวงมหากาฬ (ตำรับในระบบทางเดินอาหารส่วนกลางและส่วนปลาย),ริดสีดวงทวารแคปซูล,ยาแคปซูล,โรงพยาบาลอู่ทอง,ACTIVE
TTMT,9426266,หอมเทพจิตร,หอมเทพจิตร,ยาผง,โรงพยาบาลอู่ทอง,ACTIVE
TTMT,9426278,หอมเทพจิตร,หอมเทพจิตรแคปซูล,ยาแคปซูล,โรงพยาบาลอู่ทอง,ACTIVE
TTMT,9426284,หอมนวโกฐ,หอมนวโกฐแคปซูล,ยาแคปซูล,โรงพยาบาลอู่ทอง,ACTIVE
TTMT,9426297,เหลืองปิดสมุทร,เหลืองปิดสมุทรแคปซูล,ยาแคปซูล,โรงพยาบาลอู่ทอง,ACTIVE
TTMT,9426307,อภัยสาลี,อภัยสาลีแคปซูล,ยาแคปซูล,โรงพยาบาลอู่ทอง,ACTIVE
TTMT,9426311,อำมฤควาที,อำมฤควาทีแคปซูล,ยาแคปซูล,โรงพยาบาลอู่ทอง,ACTIVE
TTMT,9426324,ประสะไพล,ประสะไพล ,ยาแคปซูล,โรงพยาบาลขามสะแกแสง,ACTIVE
TTMT,9426330,ประสะมะแว้ง,ประสะมะแว้ง,ยาแคปซูล,โรงพยาบาลขามสะแกแสง,ACTIVE
TTMT,9426348,หม่องพริกไพล,หม่องพริกไพล,ขี้ผึ้ง,โรงพยาบาลขามสะแกแสง,ACTIVE
TTMT,9426353,พิมเสนน้ำ,พิมเสนน้ำห้วยเฮิร์บ,ยาน้ำ,โรงพยาบาลห้วยทับทัน,ACTIVE
TTMT,9426369,น้ำมันไพลกระท่อม,น้ำมันไพลกระท่อมห้วยเฮิร์บ,ยาเข้าน้ำมัน,โรงพยาบาลห้วยทับทัน,ACTIVE
TTMT,9426376,ดมสมุนไพร,ยาดมสมุนไพรดั้งเดิมห้วยเฮิร์บ,ยาดม,โรงพยาบาลห้วยทับทัน,ACTIVE
TTMT,9426382,ดมสมุนไพร,ยาดมสมุนไพรลำดวนห้วยเฮิร์บ,ยาดม,โรงพยาบาลห้วยทับทัน,ACTIVE
TTMT,9426395,ดมสมุนไพร,ยาดมสมุนไพรสวรรค์ห้วยเฮิร์บ,ยาดม,โรงพยาบาลห้วยทับทัน,ACTIVE
TTMT,9426400,ลูกประคบกระท่อม,ลูกประคบกระท่อมห้วยเฮิร์บ,ยาประคบ,โรงพยาบาลห้วยทับทัน,ACTIVE
TTMT,9426416,ธาตุอบเชย ,ธาตุอบเชย ,ยาน้ำ,โรงพยาบาลบ้านตาก,ACTIVE
TTMT,9426428,ขี้ผึ้งไพล สูตรตำรับที่ 1,ยาหม่องไพล,ขี้ผึ้ง,โรงพยาบาลบ้านตาก,ACTIVE
TTMT,9426437,น้ำมันไพล ผสมใบกัญชา สูตรเย็น ,ยาน้ำมันไพล ผสมใบกัญชา สูตรเย็น,ยาเข้าน้ำมัน,โรงพยาบาลบ้านตาก,ACTIVE
TTMT,9426444,แก้ไอพื้นบ้านอีสาน,ยาน้ำแก้ไอ,ยาน้ำ,โรงพยาบาลสังขะ,ACTIVE
TTMT,9426459,ผสมเพชรสังฆาต สูตรตำรับที่ 2,ยาผสมเพชรสังฆาตแคปซูล,ยาแคปซูล,โรงพยาบาลท่าแซะ,ACTIVE
TTMT,9426463,อัมรินทร์แคปซูล,ยาอัมรินทร์แคปซูล,ยาแคปซูล,โรงพยาบาลท่าแซะ,ACTIVE
TTMT,9426471,สหัศธารา,สหัศธาราแคปซูล,ยาแคปซูล,โรงพยาบาลท่าแซะ,ACTIVE
TTMT,9426485,เหลืองปิดสมุทร,ยาเหลืองปิดสมุทรแคปซูล,ยาแคปซูล,โรงพยาบาลท่าแซะ,ACTIVE
TTMT,9426492,ธาตุอบเชย ,ยาธาตุอบเชย ,ยาน้ำ,โรงพยาบาลท่าแซะ,ACTIVE
TTMT,9426503,แก้ไอผสมมะขามป้อม สูตรตำรับที่ 1,ยาแก้ไอมะขามป้อม,ยาน้ำ,โรงพยาบาลท่าแซะ,ACTIVE
TTMT,9426519,ขี้ผึ้งไพล สูตรตำรับที่ 1,ยาหม่องน้ำมันไพล,ขี้ผึ้ง,โรงพยาบาลท่าแซะ,ACTIVE
TTMT,9426526,ลูกประคบสมุนไพร,ลูกประคบ,ยาประคบ,โรงพยาบาลท่าแซะ,ACTIVE
TTMT,9426535,อบสมุนไพร,ชุดสมุนไพรอบตัว ,ยาต้ม,โรงพยาบาลท่าแซะ,ACTIVE
TTMT,9426542,ประสะมะแว้ง,ยาอมมะแว้ง,ยาลูกกลอน,โรงพยาบาลท่าแซะ,ACTIVE
TTMT,9426557,แช่เท้าสมุนไพร,ยาแช่เท้า,ยาต้ม,โรงพยาบาลท่าแซะ,ACTIVE
TTMT,9426561,บำรุงน้ำนม,ยาบำรุงน้ำนม,ยาต้ม,โรงพยาบาลท่าแซะ,ACTIVE
TTMT,9426574,ธาตุอบเชย ,ธาตุอบเชย ,ยาน้ำ,โรงพยาบาลพนา,ACTIVE
TTMT,9426588,ผสมเพชรสังฆาต สูตรตำรับที่ 1,ยาผสมเพชรสังฆาตแคปซูล,ยาแคปซูล,โรงพยาบาลบางกระทุ่ม,ACTIVE
TTMT,9426590,ผสมเพชรสังฆาต สูตรตำรับที่ 2,ยาผสมเพชรสังฆาตแคปซูล,ยาแคปซูล,โรงพยาบาลบางกระทุ่ม,ACTIVE
TTMT,9426601,ขี้ผึ้งไพล สูตรตำรับที่ 1,ขี้ผึ้งไพล,ขี้ผึ้ง,โรงพยาบาลพนัสนิคม,ACTIVE
TTMT,9426617,ธาตุอบเชย ,ยาธาตุอบเชย,ยาน้ำ,โรงพยาบาลพระอาจารย์ฝั้นอาจาโร,ACTIVE
TTMT,9426629,หอมทิพโอสถ,ยาหอมทิพโอสถ,ยาผง,โรงพยาบาลพระอาจารย์ฝั้นอาจาโร,ACTIVE
TTMT,9426638,แก้ไอผสมมะนาวดอง,ยาอมแก้ไอผสมมะนาวดอง,ยาลูกกลอน,โรงพยาบาลกุดชุม,ACTIVE
TTMT,9426640,เขียวหอม,ยาเขียวหอม,ยาผง,โรงพยาบาลกุดชุม,ACTIVE
TTMT,9426655,ตรีผลา / พิกัดตรีผลา ,ยาชงตรีผลา,ยาชง,โรงพยาบาลกุดชุม,ACTIVE
TTMT,9426664,บำรุงโลหิต,ยาบำรุงโลหิต,ยาแคปซูล,โรงพยาบาลกุดชุม,ACTIVE
TTMT,9426672,ประสะไพล,ยาประสะไพล ,ยาแคปซูล,โรงพยาบาลกุดชุม,ACTIVE
TTMT,9426686,ปราบชมพูทวีป,ยาปราบชมพูทวีป,ยาแคปซูล,โรงพยาบาลกุดชุม,ACTIVE
TTMT,9426693,ผสมเถาวัลย์เปรียง สูตรตำรับที่ 2,ยาเถาวัลย์เปรียง,ยาลูกกลอน,โรงพยาบาลกุดชุม,ACTIVE
TTMT,9426705,ผสมเพชรสังฆาต สูตรตำรับที่ 1,ยาผสมเพชรสังฆาต ,ยาแคปซูล,โรงพยาบาลกุดชุม,ACTIVE
TTMT,9426714,ยาประคบ,ยาประคบสมุนไพร,ยาประคบ,โรงพยาบาลกุดชุม,ACTIVE
TTMT,9426722,หอมนวโกฐ,หอมนวโกฐ,ยาผง,โรงพยาบาลกุดชุม,ACTIVE
TTMT,9426733,ห้าราก / แก้ไข้ห้าราก / แก้วห้าดวง / เบญจโลกวิเชียร ,ยาห้าราก,ยาแคปซูล,โรงพยาบาลกุดชุม,ACTIVE
TTMT,9426746,เหลืองปิดสมุทร,ยาเหลืองปิดสมุทร,ยาแคปซูล,โรงพยาบาลกุดชุม,ACTIVE
TTMT,9426751,แก้ลมอัมพฤกษ์ ,แก้ลมอัมพฤกษ์ ,ยาผง,โรงพยาบาลสรรคบุรี,ACTIVE
TTMT,9426767,เขียวหอม,เขียวหอม,ยาผง,โรงพยาบาลสรรคบุรี,ACTIVE
TTMT,9426779,เขียวหอม,เขียวหอม,ยาเม็ด,โรงพยาบาลสรรคบุรี,ACTIVE
TTMT,9426780,จันทน์ลีลา,จันทน์ลีลา,ยาแคปซูล,โรงพยาบาลสรรคบุรี,ACTIVE
TTMT,9426798,จันทน์ลีลา,จันทน์ลีลา,ยาผง,โรงพยาบาลสรรคบุรี,ACTIVE
TTMT,9426808,จันทน์ลีลา,จันทน์ลีลา,ยาเม็ด,โรงพยาบาลสรรคบุรี,ACTIVE
TTMT,9426812,ตรีผลา / พิกัดตรีผลา ,ตรีผลา / พิกัดตรีผลา ,ยาเม็ด,โรงพยาบาลสรรคบุรี,ACTIVE
TTMT,9426820,ตรีผลา / พิกัดตรีผลา ,ตรีผลา / พิกัดตรีผลา ,ยาแคปซูล,โรงพยาบาลสรรคบุรี,ACTIVE
TTMT,9426831,ตรีผลา / พิกัดตรีผลา ,ตรีผลา / พิกัดตรีผลา ,ยาชง,โรงพยาบาลสรรคบุรี,ACTIVE
TTMT,9426849,ธรณีสันฑะฆาต,ธรณีสันฑะฆาต,ยาผง,โรงพยาบาลสรรคบุรี,ACTIVE
TTMT,9426854,ธรณีสันฑะฆาต,ธรณีสันฑะฆาต,ยาเม็ด,โรงพยาบาลสรรคบุรี,ACTIVE
TTMT,9426865,ธาตุบรรจบ ,ธาตุบรรจบ ,ยาผง,โรงพยาบาลสรรคบุรี,ACTIVE
TTMT,9426877,บำรุงโลหิต,บำรุงโลหิต,ยาแคปซูล,โรงพยาบาลสรรคบุรี,ACTIVE
TTMT,9426883,บำรุงโลหิต,บำรุงโลหิต,ยาผง,โรงพยาบาลสรรคบุรี,ACTIVE
TTMT,9426896,บำรุงโลหิต,บำรุงโลหิต,ยาเม็ด,โรงพยาบาลสรรคบุรี,ACTIVE
TTMT,9426906,เบญจกูล / พิกัดเบญจกูล,เบญจกูล / พิกัดเบญจกูล,ยาผง,โรงพยาบาลสรรคบุรี,ACTIVE
TTMT,9426910,เบญจกูล / พิกัดเบญจกูล,เบญจกูล / พิกัดเบญจกูล,ยาเม็ด,โรงพยาบาลสรรคบุรี,ACTIVE
TTMT,9426923,เบญจกูล / พิกัดเบญจกูล,เบญจกูล / พิกัดเบญจกูล,ยาชง,โรงพยาบาลสรรคบุรี,ACTIVE
TTMT,9426934,ประสะไพล,ประสะไพล ,ยาผง,โรงพยาบาลสรรคบุรี,ACTIVE
TTMT,9426947,ประสะไพล,ประสะไพล ,ยาเม็ด,โรงพยาบาลสรรคบุรี,ACTIVE
TTMT,9426952,ประสะมะแว้ง,ประสะมะแว้ง,ยาเม็ด,โรงพยาบาลสรรคบุรี,ACTIVE
TTMT,9426968,ประสะมะแว้ง,ประสะมะแว้ง,ยาแคปซูล,โรงพยาบาลสรรคบุรี,ACTIVE
TTMT,9426975,ประสะมะแว้ง,ประสะมะแว้ง,ยาผง,โรงพยาบาลสรรคบุรี,ACTIVE
TTMT,9426981,ประสะมะแว้ง,ประสะมะแว้ง,ยาลูกกลอน,โรงพยาบาลสรรคบุรี,ACTIVE
TTMT,9426999,ปราบชมพูทวีป,ปราบชมพูทวีป,ยาแคปซูล,โรงพยาบาลสรรคบุรี,ACTIVE
TTMT,9427006,ผสมโคคลาน สูตรตำรับที่ 3,ผสมโคคลาน สูตรตำรับที่ 3,ยาต้ม,โรงพยาบาลสรรคบุรี,ACTIVE
TTMT,9427010,ไฟห้ากอง ,ไฟห้ากอง ,ยาผง,โรงพยาบาลสรรคบุรี,ACTIVE
TTMT,9427023,ไฟห้ากอง ,ไฟห้ากอง ,ยาเม็ด,โรงพยาบาลสรรคบุรี,ACTIVE
TTMT,9427034,วิสัมพญาใหญ่,วิสัมพญาใหญ่,ยาผง,โรงพยาบาลสรรคบุรี,ACTIVE
TTMT,9427047,สตรีหลังคลอด,สตรีหลังคลอด,ยาต้ม,โรงพยาบาลสรรคบุรี,ACTIVE
TTMT,9427052,สหัศธารา,สหัสธารา,ยาผง,โรงพยาบาลสรรคบุรี,ACTIVE
TTMT,9427068,สหัศธารา,สหัสธารา,ยาเม็ด,โรงพยาบาลสรรคบุรี,ACTIVE
TTMT,9427075,หอมทิพโอสถ,หอมทิพโอสถ,ยาผง,โรงพยาบาลสรรคบุรี,ACTIVE
TTMT,9427081,หอมทิพโอสถ,หอมทิพโอสถ,ยาเม็ด,โรงพยาบาลสรรคบุรี,ACTIVE
TTMT,9427099,หอมเทพจิตร,หอมเทพจิตร,ยาผง,โรงพยาบาลสรรคบุรี,ACTIVE
TTMT,9427109,หอมเทพจิตร,หอมเทพจิตร,ยาเม็ด,โรงพยาบาลสรรคบุรี,ACTIVE
TTMT,9427113,หอมนวโกฐ,หอมนวโกฐ,ยาผง,โรงพยาบาลสรรคบุรี,ACTIVE
TTMT,9427121,หอมนวโกฐ,หอมนวโกฐ,ยาเม็ด,โรงพยาบาลสรรคบุรี,ACTIVE
TTMT,9427132,หอมอินทจักร,หอมอินทจักร์,ยาผง,โรงพยาบาลสรรคบุรี,ACTIVE
TTMT,9427145,หอมอินทจักร,หอมอินทจักร์,ยาเม็ด,โรงพยาบาลสรรคบุรี,ACTIVE
TTMT,9427150,ห้าราก / แก้ไข้ห้าราก / แก้วห้าดวง / เบญจโลกวิเชียร ,ห้าราก / แก้ไข้ห้าราก / แก้วห้าดวง / เบญจโลกวิเชียร ,ยาแคปซูล,โรงพยาบาลสรรคบุรี,ACTIVE
TTMT,9427166,ห้าราก / แก้ไข้ห้าราก / แก้วห้าดวง / เบญจโลกวิเชียร ,ห้าราก / แก้ไข้ห้าราก / แก้วห้าดวง / เบญจโลกวิเชียร ,ยาผง,โรงพยาบาลสรรคบุรี,ACTIVE
TTMT,9427178,ห้าราก / แก้ไข้ห้าราก / แก้วห้าดวง / เบญจโลกวิเชียร ,ห้าราก / แก้ไข้ห้าราก / แก้วห้าดวง / เบญจโลกวิเชียร ,ยาเม็ด,โรงพยาบาลสรรคบุรี,ACTIVE
TTMT,9427184,เหลืองปิดสมุทร,เหลืองปิดสมุทร,ยาแคปซูล,โรงพยาบาลสรรคบุรี,ACTIVE
TTMT,9427197,เหลืองปิดสมุทร,เหลืองปิดสมุทร,ยาผง,โรงพยาบาลสรรคบุรี,ACTIVE
TTMT,9427204,เหลืองปิดสมุทร,เหลืองปิดสมุทร,ยาเม็ด,โรงพยาบาลสรรคบุรี,ACTIVE
TTMT,9427215,อำมฤควาที,อำมฤควาที,ยาผง,โรงพยาบาลสรรคบุรี,ACTIVE
TTMT,9427227,อำมฤควาที,อำมฤควาที,ยาลูกกลอน,โรงพยาบาลสรรคบุรี,ACTIVE
TTMT,9427236,กษัยเส้น,ยากษัยเส้นโรงพยาบาลท่าฉาง,ยาลูกกลอน,โรงพยาบาลท่าฉาง,ACTIVE
TTMT,9427243,แก้ลมอัมพฤกษ์ ,ยาแก้ลมอัมพฤกษ์ โรงพยาบาลท่าฉาง,ยาผง,โรงพยาบาลท่าฉาง,ACTIVE
TTMT,9427258,แก้ไอผสมกานพลู,ยาแก้ไอผสมกานพลูโรงพยาบาลท่าฉาง,ยาลูกกลอน,โรงพยาบาลท่าฉาง,ACTIVE
TTMT,9427262,แก้ไอผสมมะขามป้อม สูตรตำรับที่ 1,ยาแก้ไอผสมมะขามป้อม สูตรตำรับที่ 1โรงพยาบาลท่าฉาง,ยาน้ำ,โรงพยาบาลท่าฉาง,ACTIVE
TTMT,9427270,แก้ไอผสมมะขามป้อม สูตรตำรับที่ 2,ยาแก้ไอผสมมะขามป้อม สูตรตำรับที่ 2โรงพยาบาลท่าฉาง,ยาน้ำ,โรงพยาบาลท่าฉาง,ACTIVE
TTMT,9427289,แก้ไอผสมมะนาวดอง,ยาแก้ไอผสมมะนาวดองโรงพยาบาลท่าฉาง,ยาลูกกลอน,โรงพยาบาลท่าฉาง,ACTIVE
TTMT,9427291,แก้ไอพื้นบ้านอีสาน,ยาแก้ไอพื้นบ้านอีสานโรงพยาบาลท่าฉาง,ยาน้ำ,โรงพยาบาลท่าฉาง,ACTIVE
TTMT,9427301,ขี้ผึ้งไพล สูตรตำรับที่ 1,ยาขี้ผึ้งไพล สูตรตำรับที่ 1โรงพยาบาลท่าฉาง,ขี้ผึ้ง,โรงพยาบาลท่าฉาง,ACTIVE
TTMT,9427317,ขี้ผึ้งไพล สูตรตำรับที่ 2,ยาขี้ผึ้งไพล  สูตรตำรับที่ 2โรงพยาบาลท่าฉาง,ขี้ผึ้ง,โรงพยาบาลท่าฉาง,ACTIVE
TTMT,9427329,เขียวหอม,ยาเขียวหอมโรงพยาบาลท่าฉาง,ยาผง,โรงพยาบาลท่าฉาง,ACTIVE
TTMT,9427338,เขียวหอม,ยาเขียวหอมโรงพยาบาลท่าฉาง,ยาเม็ด,โรงพยาบาลท่าฉาง,ACTIVE
TTMT,9427340,จันทน์ลีลา,ยาจันทน์ลีลาโรงพยาบาลท่าฉาง,ยาแคปซูล,โรงพยาบาลท่าฉาง,ACTIVE
TTMT,9427355,จันทน์ลีลา,ยาจันทน์ลีลาโรงพยาบาลท่าฉาง,ยาผง,โรงพยาบาลท่าฉาง,ACTIVE
TTMT,9427364,จันทน์ลีลา,ยาจันทน์ลีลาโรงพยาบาลท่าฉาง,ยาเม็ด,โรงพยาบาลท่าฉาง,ACTIVE
TTMT,9427372,ตรีเกสรมาศ /พิกัดเกสรมาศ,ยาตรีเกสรมาศ / พิกัดเกสรมาศโรงพยาบาลท่าฉาง,ยาชง,โรงพยาบาลท่าฉาง,ACTIVE
TTMT,9427386,ตรีผลา / พิกัดตรีผลา ,ยาตรีผลา / พิกัดตรีผลา โรงพยาบาลท่าฉาง,ยาลูกกลอน,โรงพยาบาลท่าฉาง,ACTIVE
TTMT,9427393,ตรีผลา / พิกัดตรีผลา ,ยาตรีผลา / พิกัดตรีผลา โรงพยาบาลท่าฉาง,ยาเม็ด,โรงพยาบาลท่าฉาง,ACTIVE
TTMT,9427408,ตรีผลา / พิกัดตรีผลา ,ยาตรีผลา / พิกัดตรีผลา โรงพยาบาลท่าฉาง,ยาแคปซูล,โรงพยาบาลท่าฉาง,ACTIVE
TTMT,9427412,ตรีผลา / พิกัดตรีผลา ,ยาตรีผลา / พิกัดตรีผลา โรงพยาบาลท่าฉาง,ยาชง,โรงพยาบาลท่าฉาง,ACTIVE
TTMT,9427420,ตรีพิกัด,ยาตรีพิกัดโรงพยาบาลท่าฉาง,ยาแคปซูล,โรงพยาบาลท่าฉาง,ACTIVE
TTMT,9427431,ถ่ายดีเกลือฝรั่ง ,ยาถ่ายดีเกลือฝรั่ง โรงพยาบาลท่าฉาง,ยาแคปซูล,โรงพยาบาลท่าฉาง,ACTIVE
TTMT,9427449,ถ่ายดีเกลือฝรั่ง ,ยาถ่ายดีเกลือฝรั่ง โรงพยาบาลท่าฉาง,ยาเม็ด,โรงพยาบาลท่าฉาง,ACTIVE
TTMT,9427454,ธรณีสันฑะฆาต,ยาธรณีสันฑะฆาตโรงพยาบาลท่าฉาง,ยาแคปซูล,โรงพยาบาลท่าฉาง,ACTIVE
TTMT,9427465,ธรณีสันฑะฆาต,ยาธรณีสันฑะฆาตโรงพยาบาลท่าฉาง,ยาผง,โรงพยาบาลท่าฉาง,ACTIVE
TTMT,9427477,ธรณีสันฑะฆาต,ยาธรณีสันฑะฆาตโรงพยาบาลท่าฉาง,ยาเม็ด,โรงพยาบาลท่าฉาง,ACTIVE
TTMT,9427483,ธรณีสันฑะฆาต,ยาธรณีสันฑะฆาตโรงพยาบาลท่าฉาง,ยาลูกกลอน,โรงพยาบาลท่าฉาง,ACTIVE
TTMT,9427496,ธาตุบรรจบ ,ยาธาตุบรรจบ โรงพยาบาลท่าฉาง,ยาแคปซูล,โรงพยาบาลท่าฉาง,ACTIVE
TTMT,9427505,ธาตุบรรจบ ,ยาธาตุบรรจบ โรงพยาบาลท่าฉาง,ยาผง,โรงพยาบาลท่าฉาง,ACTIVE
TTMT,9427514,ธาตุบรรจบ ,ยาธาตุบรรจบ โรงพยาบาลท่าฉาง,ยาลูกกลอน,โรงพยาบาลท่าฉาง,ACTIVE
TTMT,9427522,ธาตุอบเชย ,ยาธาตุอบเชย โรงพยาบาลท่าฉาง,ยาน้ำ,โรงพยาบาลท่าฉาง,ACTIVE
TTMT,9427533,บำรุงโลหิต,ยาบำรุงโลหิตโรงพยาบาลท่าฉาง,ยาแคปซูล,โรงพยาบาลท่าฉาง,ACTIVE
TTMT,9427546,บำรุงโลหิต,ยาบำรุงโลหิตโรงพยาบาลท่าฉาง,ยาผง,โรงพยาบาลท่าฉาง,ACTIVE
TTMT,9427551,บำรุงโลหิต,ยาบำรุงโลหิตโรงพยาบาลท่าฉาง,ยาเม็ด,โรงพยาบาลท่าฉาง,ACTIVE
TTMT,9427567,เบญจกูล / พิกัดเบญจกูล,ยาเบญจกูล / พิกัดเบญจกูลโรงพยาบาลท่าฉาง,ยาแคปซูล,โรงพยาบาลท่าฉาง,ACTIVE
TTMT,9427579,เบญจกูล / พิกัดเบญจกูล,ยาเบญจกูล / พิกัดเบญจกูลโรงพยาบาลท่าฉาง,ยาผง,โรงพยาบาลท่าฉาง,ACTIVE
TTMT,9427580,เบญจกูล / พิกัดเบญจกูล,ยาเบญจกูล / พิกัดเบญจกูลโรงพยาบาลท่าฉาง,ยาเม็ด,โรงพยาบาลท่าฉาง,ACTIVE
TTMT,9427598,เบญจกูล / พิกัดเบญจกูล,ยาเบญจกูล / พิกัดเบญจกูลโรงพยาบาลท่าฉาง,ยาลูกกลอน,โรงพยาบาลท่าฉาง,ACTIVE
TTMT,9427607,เบญจกูล / พิกัดเบญจกูล,ยาเบญจกูล / พิกัดเบญจกูลโรงพยาบาลท่าฉาง,ยาชง,โรงพยาบาลท่าฉาง,ACTIVE
TTMT,9427611,ประสะกะเพรา,ยาประสะกะเพราโรงพยาบาลท่าฉาง,ยาแคปซูล,โรงพยาบาลท่าฉาง,ACTIVE
TTMT,9427624,ประสะกะเพรา,ยาประสะกะเพราโรงพยาบาลท่าฉาง,ยาผง,โรงพยาบาลท่าฉาง,ACTIVE
TTMT,9427630,ประสะกะเพรา,ยาประสะกะเพราโรงพยาบาลท่าฉาง,ยาเม็ด,โรงพยาบาลท่าฉาง,ACTIVE
TTMT,9427648,ประสะกะเพรา,ยาประสะกะเพราโรงพยาบาลท่าฉาง,ยาลูกกลอน,โรงพยาบาลท่าฉาง,ACTIVE
TTMT,9427653,ประสะกานพลู,ยาประสะกานพลู โรงพยาบาลท่าฉาง,ยาแคปซูล,โรงพยาบาลท่าฉาง,ACTIVE
TTMT,9427669,ประสะกานพลู,ยาประสะกานพลู โรงพยาบาลท่าฉาง,ยาผง,โรงพยาบาลท่าฉาง,ACTIVE
TTMT,9427676,ประสะกานพลู,ยาประสะกานพลู โรงพยาบาลท่าฉาง,ยาเม็ด,โรงพยาบาลท่าฉาง,ACTIVE
TTMT,9427682,ประสะจันทน์แดง ,ยาประสะจันทน์แดง โรงพยาบาลท่าฉาง,ยาแคปซูล,โรงพยาบาลท่าฉาง,ACTIVE
TTMT,9427695,ประสะจันทน์แดง ,ยาประสะจันทน์แดง โรงพยาบาลท่าฉาง,ยาผง,โรงพยาบาลท่าฉาง,ACTIVE
TTMT,9427703,ประสะจันทน์แดง ,ยาประสะจันทน์แดง โรงพยาบาลท่าฉาง,ยาเม็ด,โรงพยาบาลท่าฉาง,ACTIVE
TTMT,9427719,ประสะเจตพังคี,ยาประสะเจตพังคีโรงพยาบาลท่าฉาง,ยาแคปซูล,โรงพยาบาลท่าฉาง,ACTIVE
TTMT,9427726,ประสะเจตพังคี,ยาประสะเจตพังคีโรงพยาบาลท่าฉาง,ยาผง,โรงพยาบาลท่าฉาง,ACTIVE
TTMT,9427735,ประสะเจตพังคี,ยาประสะเจตพังคีโรงพยาบาลท่าฉาง,ยาเม็ด,โรงพยาบาลท่าฉาง,ACTIVE
TTMT,9427742,ประสะเปราะใหญ่,ยาประสะเปราะใหญ่โรงพยาบาลท่าฉาง,ยาแคปซูล,โรงพยาบาลท่าฉาง,ACTIVE
TTMT,9427757,ประสะเปราะใหญ่,ยาประสะเปราะใหญ่โรงพยาบาลท่าฉาง,ยาผง,โรงพยาบาลท่าฉาง,ACTIVE
TTMT,9427761,ประสะเปราะใหญ่,ยาประสะเปราะใหญ่โรงพยาบาลท่าฉาง,ยาเม็ด,โรงพยาบาลท่าฉาง,ACTIVE
TTMT,9427774,ประสะไพล,ยาประสะไพล โรงพยาบาลท่าฉาง,ยาแคปซูล,โรงพยาบาลท่าฉาง,ACTIVE
TTMT,9427788,ประสะไพล,ยาประสะไพล โรงพยาบาลท่าฉาง,ยาผง,โรงพยาบาลท่าฉาง,ACTIVE
TTMT,9427790,ประสะไพล,ยาประสะไพล โรงพยาบาลท่าฉาง,ยาเม็ด,โรงพยาบาลท่าฉาง,ACTIVE
TTMT,9427800,ประสะไพล,ยาประสะไพล โรงพยาบาลท่าฉาง,ยาลูกกลอน,โรงพยาบาลท่าฉาง,ACTIVE
TTMT,9427816,ประสะมะแว้ง,ยาประสะมะแว้งโรงพยาบาลท่าฉาง,ยาเม็ด,โรงพยาบาลท่าฉาง,ACTIVE
TTMT,9427828,ประสะมะแว้ง,ยาประสะมะแว้งโรงพยาบาลท่าฉาง,ยาแคปซูล,โรงพยาบาลท่าฉาง,ACTIVE
TTMT,9427837,ประสะมะแว้ง,ยาประสะมะแว้งโรงพยาบาลท่าฉาง,ยาผง,โรงพยาบาลท่าฉาง,ACTIVE
TTMT,9427844,ประสะมะแว้ง,ยาประสะมะแว้งโรงพยาบาลท่าฉาง,ยาลูกกลอน,โรงพยาบาลท่าฉาง,ACTIVE
TTMT,9427859,ปราบชมพูทวีป,ยาปราบชมพูทวีปโรงพยาบาลท่าฉาง,ยาแคปซูล,โรงพยาบาลท่าฉาง,ACTIVE
TTMT,9427863,ปราบชมพูทวีป,ยาปราบชมพูทวีปโรงพยาบาลท่าฉาง,ยาลูกกลอน,โรงพยาบาลท่าฉาง,ACTIVE
TTMT,9427871,ปลูกไฟธาตุ,ยาปลูกไฟธาตุโรงพยาบาลท่าฉาง,ยาแคปซูล,โรงพยาบาลท่าฉาง,ACTIVE
TTMT,9427885,ปลูกไฟธาตุ,ยาปลูกไฟธาตุโรงพยาบาลท่าฉาง,ยาลูกกลอน,โรงพยาบาลท่าฉาง,ACTIVE
TTMT,9427892,ผสมโคคลาน สูตรตำรับที่ 1,ยาผสมโคคลาน สูตรตำรับที่ 1โรงพยาบาลท่าฉาง,ยาชง,โรงพยาบาลท่าฉาง,ACTIVE
TTMT,9427902,ผสมโคคลาน สูตรตำรับที่ 2,ยาผสมโคคลาน สูตรตำรับที่ 2โรงพยาบาลท่าฉาง,ยาต้ม,โรงพยาบาลท่าฉาง,ACTIVE
TTMT,9427918,ผสมโคคลาน สูตรตำรับที่ 3,ยาผสมโคคลาน สูตรตำรับที่ 3โรงพยาบาลท่าฉาง,ยาต้ม,โรงพยาบาลท่าฉาง,ACTIVE
TTMT,9427925,ผสมเถาวัลย์เปรียง สูตรตำรับที่ 1,ยาผสมเถาวัลย์เปรียง สูตรตำรับที่ 1โรงพยาบาลท่าฉาง,ยาลูกกลอน,โรงพยาบาลท่าฉาง,ACTIVE
TTMT,9427939,ผสมเถาวัลย์เปรียง สูตรตำรับที่ 2,ยาผสมเถาวัลย์เปรียง สูตรตำรับที่ 2โรงพยาบาลท่าฉาง,ยาลูกกลอน,โรงพยาบาลท่าฉาง,ACTIVE
TTMT,9427941,ผสมเพชรสังฆาต สูตรตำรับที่ 1,ยาผสมเพชรสังฆาต สูตรตำรับที่ 1โรงพยาบาลท่าฉาง,ยาแคปซูล,โรงพยาบาลท่าฉาง,ACTIVE
TTMT,9427956,ผสมเพชรสังฆาต สูตรตำรับที่ 2,ยาผสมเพชรสังฆาต สูตรตำรับที่ 2โรงพยาบาลท่าฉาง,ยาแคปซูล,โรงพยาบาลท่าฉาง,ACTIVE
TTMT,9427960,ไฟประลัยกัลป์,ยาไฟประลัยกัลป์โรงพยาบาลท่าฉาง,ยาแคปซูล,โรงพยาบาลท่าฉาง,ACTIVE
TTMT,9427973,ไฟประลัยกัลป์,ยาไฟประลัยกัลป์โรงพยาบาลท่าฉาง,ยาผง,โรงพยาบาลท่าฉาง,ACTIVE
TTMT,9427987,ไฟประลัยกัลป์,ยาไฟประลัยกัลป์โรงพยาบาลท่าฉาง,ยาเม็ด,โรงพยาบาลท่าฉาง,ACTIVE
TTMT,9427994,ไฟห้ากอง ,ยาไฟห้ากอง โรงพยาบาลท่าฉาง,ยาแคปซูล,โรงพยาบาลท่าฉาง,ACTIVE
TTMT,9428001,ไฟห้ากอง ,ยาไฟห้ากอง โรงพยาบาลท่าฉาง,ยาผง,โรงพยาบาลท่าฉาง,ACTIVE
TTMT,9428017,ไฟห้ากอง ,ยาไฟห้ากอง โรงพยาบาลท่าฉาง,ยาเม็ด,โรงพยาบาลท่าฉาง,ACTIVE
TTMT,9428029,มหาจักรใหญ่,ยามหาจักรใหญ่โรงพยาบาลท่าฉาง,ยาเม็ด,โรงพยาบาลท่าฉาง,ACTIVE
TTMT,9428038,มหาจักรใหญ่,ยามหาจักรใหญ่โรงพยาบาลท่าฉาง,ยาแคปซูล,โรงพยาบาลท่าฉาง,ACTIVE
TTMT,9428040,มหาจักรใหญ่,ยามหาจักรใหญ่โรงพยาบาลท่าฉาง,ยาผง,โรงพยาบาลท่าฉาง,ACTIVE
TTMT,9428055,มหานิลแท่งทอง,ยามหานิลแท่งทองโรงพยาบาลท่าฉาง,ยาเม็ด,โรงพยาบาลท่าฉาง,ACTIVE
TTMT,9428064,มหานิลแท่งทอง,ยามหานิลแท่งทองโรงพยาบาลท่าฉาง,ยาแคปซูล,โรงพยาบาลท่าฉาง,ACTIVE
TTMT,9428072,มหานิลแท่งทอง,ยามหานิลแท่งทองโรงพยาบาลท่าฉาง,ยาผง,โรงพยาบาลท่าฉาง,ACTIVE
TTMT,9428086,มันทธาตุ,ยามันทธาตุโรงพยาบาลท่าฉาง,ยาผง,โรงพยาบาลท่าฉาง,ACTIVE
TTMT,9428093,มันทธาตุ,ยามันทธาตุโรงพยาบาลท่าฉาง,ยาเม็ด,โรงพยาบาลท่าฉาง,ACTIVE
TTMT,9428103,มันทธาตุ,ยามันทธาตุโรงพยาบาลท่าฉาง,ยาแคปซูล,โรงพยาบาลท่าฉาง,ACTIVE
TTMT,9428119,ยาประคบ,ยายาประคบโรงพยาบาลท่าฉาง,ยาประคบ,โรงพยาบาลท่าฉาง,ACTIVE
TTMT,9428126,ริดสีดวงมหากาฬ (ตำรับในระบบทางเดินอาหารส่วนกลางและส่วนปลาย),ยาริดสีดวงมหากาฬ (ตำรับในระบบทางเดินอาหารส่วนกลางและส่วนปลาย)โรงพยาบาลท่าฉาง,ยาเม็ด,โรงพยาบาลท่าฉาง,ACTIVE
TTMT,9428135,ริดสีดวงมหากาฬ (ตำรับในระบบทางเดินอาหารส่วนกลางและส่วนปลาย),ยาริดสีดวงมหากาฬ (ตำรับในระบบทางเดินอาหารส่วนกลางและส่วนปลาย)โรงพยาบาลท่าฉาง,ยาลูกกลอน,โรงพยาบาลท่าฉาง,ACTIVE
TTMT,9428142,ริดสีดวงมหากาฬ (ตำรับในระบบทางเดินอาหารส่วนกลางและส่วนปลาย),ยาริดสีดวงมหากาฬ (ตำรับในระบบทางเดินอาหารส่วนกลางและส่วนปลาย)โรงพยาบาลท่าฉาง,ยาแคปซูล,โรงพยาบาลท่าฉาง,ACTIVE
TTMT,9428157,เลือดงาม,ยาเลือดงามโรงพยาบาลท่าฉาง,ยาแคปซูล,โรงพยาบาลท่าฉาง,ACTIVE
TTMT,9428161,เลือดงาม,ยาเลือดงามโรงพยาบาลท่าฉาง,ยาผง,โรงพยาบาลท่าฉาง,ACTIVE
TTMT,9428174,วิสัมพญาใหญ่,ยาวิสัมพญาใหญ่โรงพยาบาลท่าฉาง,ยาผง,โรงพยาบาลท่าฉาง,ACTIVE
TTMT,9428188,วิสัมพญาใหญ่,ยาวิสัมพญาใหญ่โรงพยาบาลท่าฉาง,ยาลูกกลอน,โรงพยาบาลท่าฉาง,ACTIVE
TTMT,9428190,สตรีหลังคลอด,ยาสตรีหลังคลอดโรงพยาบาลท่าฉาง,ยาต้ม,โรงพยาบาลท่าฉาง,ACTIVE
TTMT,9428208,สหัศธารา,ยาสหัศธาราโรงพยาบาลท่าฉาง,ยาผง,โรงพยาบาลท่าฉาง,ACTIVE
TTMT,9428212,สหัศธารา,ยาสหัศธาราโรงพยาบาลท่าฉาง,ยาเม็ด,โรงพยาบาลท่าฉาง,ACTIVE
TTMT,9428220,สหัศธารา,ยาสหัศธาราโรงพยาบาลท่าฉาง,ยาลูกกลอน,โรงพยาบาลท่าฉาง,ACTIVE
TTMT,9428231,หอมทิพโอสถ,ยาหอมทิพโอสถโรงพยาบาลท่าฉาง,ยาผง,โรงพยาบาลท่าฉาง,ACTIVE
TTMT,9428249,หอมทิพโอสถ,ยาหอมทิพโอสถโรงพยาบาลท่าฉาง,ยาเม็ด,โรงพยาบาลท่าฉาง,ACTIVE
TTMT,9428254,หอมเทพจิตร,ยาหอมเทพจิตรโรงพยาบาลท่าฉาง,ยาผง,โรงพยาบาลท่าฉาง,ACTIVE
TTMT,9428265,หอมเทพจิตร,ยาหอมเทพจิตรโรงพยาบาลท่าฉาง,ยาเม็ด,โรงพยาบาลท่าฉาง,ACTIVE
TTMT,9428277,หอมนวโกฐ,ยาหอมนวโกฐโรงพยาบาลท่าฉาง,ยาผง,โรงพยาบาลท่าฉาง,ACTIVE
TTMT,9428283,หอมนวโกฐ,ยาหอมนวโกฐโรงพยาบาลท่าฉาง,ยาเม็ด,โรงพยาบาลท่าฉาง,ACTIVE
TTMT,9428296,หอมอินทจักร,ยาหอมอินทจักรโรงพยาบาลท่าฉาง,ยาผง,โรงพยาบาลท่าฉาง,ACTIVE
TTMT,9428306,หอมอินทจักร,ยาหอมอินทจักรโรงพยาบาลท่าฉาง,ยาเม็ด,โรงพยาบาลท่าฉาง,ACTIVE
TTMT,9428310,ห้าราก / แก้ไข้ห้าราก / แก้วห้าดวง / เบญจโลกวิเชียร ,ยาห้าราก / แก้ไข้ห้าราก / แก้วห้าดวง / เบญจโลกวิเชียร โรงพยาบาลท่าฉาง,ยาแคปซูล,โรงพยาบาลท่าฉาง,ACTIVE
TTMT,9428323,ห้าราก / แก้ไข้ห้าราก / แก้วห้าดวง / เบญจโลกวิเชียร ,ยาห้าราก / แก้ไข้ห้าราก / แก้วห้าดวง / เบญจโลกวิเชียร โรงพยาบาลท่าฉาง,ยาผง,โรงพยาบาลท่าฉาง,ACTIVE
TTMT,9428334,ห้าราก / แก้ไข้ห้าราก / แก้วห้าดวง / เบญจโลกวิเชียร ,ยาห้าราก / แก้ไข้ห้าราก / แก้วห้าดวง / เบญจโลกวิเชียร โรงพยาบาลท่าฉาง,ยาเม็ด,โรงพยาบาลท่าฉาง,ACTIVE
TTMT,9428347,เหลืองปิดสมุทร,ยาเหลืองปิดสมุทรโรงพยาบาลท่าฉาง,ยาแคปซูล,โรงพยาบาลท่าฉาง,ACTIVE
TTMT,9428352,เหลืองปิดสมุทร,ยาเหลืองปิดสมุทรโรงพยาบาลท่าฉาง,ยาผง,โรงพยาบาลท่าฉาง,ACTIVE
TTMT,9428368,เหลืองปิดสมุทร,ยาเหลืองปิดสมุทรโรงพยาบาลท่าฉาง,ยาเม็ด,โรงพยาบาลท่าฉาง,ACTIVE
TTMT,9428375,อภัยสาลี,ยาอภัยสาลีโรงพยาบาลท่าฉาง,ยาลูกกลอน,โรงพยาบาลท่าฉาง,ACTIVE
TTMT,9428381,อภัยสาลี,ยาอภัยสาลีโรงพยาบาลท่าฉาง,ยาเม็ด,โรงพยาบาลท่าฉาง,ACTIVE
TTMT,9428399,อำมฤควาที,ยาอำมฤควาทีโรงพยาบาลท่าฉาง,ยาผง,โรงพยาบาลท่าฉาง,ACTIVE
TTMT,9428404,อำมฤควาที,ยาอำมฤควาทีโรงพยาบาลท่าฉาง,ยาลูกกลอน,โรงพยาบาลท่าฉาง,ACTIVE
TTMT,9428415,กษัยเส้น,กษัยเส้น,ยาลูกกลอน,โรงพยาบาลกุดชุม,ACTIVE
TTMT,9428427,แก้ไอผสมมะขามป้อม สูตรตำรับที่ 1,แก้ไอผสมมะขามป้อม สูตรตำรับที่ 1,ยาน้ำ,โรงพยาบาลกุดชุม,ACTIVE
TTMT,9428436,แก้ไอผสมมะขามป้อม สูตรตำรับที่ 2,แก้ไอผสมมะขามป้อม สูตรตำรับที่ 2,ยาน้ำ,โรงพยาบาลกุดชุม,ACTIVE
TTMT,9428443,ขี้ผึ้งไพล สูตรตำรับที่ 1,ขี้ผึ้งไพล ,ขี้ผึ้ง,โรงพยาบาลกุดชุม,ACTIVE
TTMT,9428458,ผสมโคคลาน สูตรตำรับที่ 2,ยาต้มโคคลาน,ยาต้ม,โรงพยาบาลกุดชุม,ACTIVE
TTMT,9428462,ขี้ผึ้งไพล สูตรตำรับที่ 1,ยาขี้ผึ้งไพล,ขี้ผึ้ง,โรงพยาบาลละงู,ACTIVE
TTMT,9428470,ผสมเพชรสังฆาต สูตรตำรับที่ 1,ยาผสมเพชรสังฆาต สูตรตำรับที่ 1,ยาแคปซูล,โรงพยาบาลละงู,ACTIVE
TTMT,9428489,พอกเข่า,ยาพอกเข่า เบญรักษ์,ยาพอก,โรงพยาบาลละงู,ACTIVE
TTMT,9428491,หอมนวโกฐ,ยาหอมนวโกฐ รพ.คูเมือง,ยาผง,โรงพยาบาลคูเมือง,ACTIVE
TTMT,9428502,ขี้ผึ้งไพล สูตรตำรับที่ 1,ยาหม่องไพล รพ.คูเมือง,ขี้ผึ้ง,โรงพยาบาลคูเมือง,ACTIVE
TTMT,9428518,พิมเสนน้ำ,พิมเสนน้ำ,ยาน้ำ,โรงพยาบาลแม่ออน,ACTIVE
TTMT,9428525,หม่องไพล/บาล์มไพล/ไพลบาล์ม / ขี้ผึ้งไพล,ยาหม่องไพล,ขี้ผึ้ง,โรงพยาบาลแม่ออน,ACTIVE
TTMT,9428539,หอมเทพจิตร,หอมเทพจิตร ชนิดผง,ยาผง,โรงพยาบาลตระการพืชผล,ACTIVE
TTMT,9428541,เขียวหอม,เขียวหอม ชนิดผง,ยาผง,โรงพยาบาลตระการพืชผล,ACTIVE
TTMT,9428556,ประสะมะแว้ง,ประสะมะแว้ง ชนิดลูกกลอน,ยาลูกกลอน,โรงพยาบาลตระการพืชผล,ACTIVE
TTMT,9428560,ปราบชมพูทวีป,ปราบชมพูทวีปแคปซูล,ยาแคปซูล,โรงพยาบาลตระการพืชผล,ACTIVE
TTMT,9428573,ยาประคบ,ลูกประคบสมุนไพร,ยาประคบ,โรงพยาบาลตระการพืชผล,ACTIVE
TTMT,9428587,สมุนไพรอบตัว,ยาอบสมุนไพร,ยาต้ม,โรงพยาบาลตระการพืชผล,ACTIVE
TTMT,9428594,หอมนวโกฐ,หอมนวโกฐ ชนิดผง,ยาผง,โรงพยาบาลตระการพืชผล,ACTIVE
TTMT,9428600,โลชั่นผสมพญายอ,โลชั่นพญายอ พลทิพย์,โลชั่น,โรงพยาบาลพล,ACTIVE
TTMT,9428616,หอมเทพจิตร,หอมเทพจิตร พลทิพย์,ยาผง,โรงพยาบาลพล,ACTIVE
TTMT,9428628,เขียวหอม,ยาเขียวหอม,ยาแคปซูล,โรงพยาบาลเจ้าพระยาอภัยภูเบศร,ACTIVE
TTMT,9428637,ประสะไพล,ยาประสะไพล,ยาแคปซูล,โรงพยาบาลเจ้าพระยาอภัยภูเบศร,ACTIVE
TTMT,9428644,หอมทิพโอสถ,ยาหอมทิพโอสถ,ยาผง,โรงพยาบาลเจ้าพระยาอภัยภูเบศร,ACTIVE
TTMT,9428659,หอมเทพจิตร,ยาหอมเทพจิตร,ยาผง,โรงพยาบาลเจ้าพระยาอภัยภูเบศร,ACTIVE
TTMT,9428663,หอมนวโกฐ,ยาหอมนวโกฐ,ยาผง,โรงพยาบาลเจ้าพระยาอภัยภูเบศร,ACTIVE
TTMT,9428671,หอมอินทจักร,ยาหอมอินทจักร,ยาผง,โรงพยาบาลเจ้าพระยาอภัยภูเบศร,ACTIVE
TTMT,9428685,จันทน์ลีลา,ยาจันทน์ลีลา,ยาแคปซูล,โรงพยาบาลเจ้าพระยาอภัยภูเบศร,ACTIVE
TTMT,9428692,ถ่ายดีเกลือฝรั่ง ,ยาถ่ายดีเกลือฝรั่ง ,ยาแคปซูล,โรงพยาบาลเจ้าพระยาอภัยภูเบศร,ACTIVE
TTMT,9428709,ประสะกะเพรา,ยาประสะกะเพรา,ยาแคปซูล,โรงพยาบาลเจ้าพระยาอภัยภูเบศร,ACTIVE
TTMT,9428713,ประสะกานพลู,ยาประสะกานพลู,ยาแคปซูล,โรงพยาบาลเจ้าพระยาอภัยภูเบศร,ACTIVE
TTMT,9428721,ประสะเปราะใหญ่,ยาประสะเปราะใหญ่,ยาแคปซูล,โรงพยาบาลเจ้าพระยาอภัยภูเบศร,ACTIVE
TTMT,9428732,ประสะมะแว้ง,ยาประสะมะแว้ง,ยาแคปซูล,โรงพยาบาลเจ้าพระยาอภัยภูเบศร,ACTIVE
TTMT,9428745,ห้าราก / แก้ไข้ห้าราก / แก้วห้าดวง / เบญจโลกวิเชียร ,ยาห้าราก,ยาแคปซูล,โรงพยาบาลเจ้าพระยาอภัยภูเบศร,ACTIVE
TTMT,9428750,น้ำมันกระดูกไก่ดำ-ขัดมอญ,ยาน้ำมันกระดูกไก่ดำ-ขัดมอญ,ยาเข้าน้ำมัน,โรงพยาบาลเจ้าพระยาอภัยภูเบศร,ACTIVE
TTMT,9428766,ทาพระเส้น,ยาทาพระเส้น,ยาน้ำ,โรงพยาบาลเจ้าพระยาอภัยภูเบศร,ACTIVE
TTMT,9428778,ธาตุบรรจบ ,ยาแคปซูลธาตุบรรจบ,ยาแคปซูล,โรงพยาบาลเจ้าพระยาอภัยภูเบศร,ACTIVE
TTMT,9428784,มันทธาตุ,ยาแคปซูลมันทธาตุ,ยาแคปซูล,โรงพยาบาลเจ้าพระยาอภัยภูเบศร,ACTIVE
TTMT,9428797,เบญจกูล / พิกัดเบญจกูล,ยาแคปซูลเบญจกูล,ยาแคปซูล,โรงพยาบาลเจ้าพระยาอภัยภูเบศร,ACTIVE
TTMT,9428807,เลือดงาม,ยาแคปซูลเลือดงาม,ยาแคปซูล,โรงพยาบาลเจ้าพระยาอภัยภูเบศร,ACTIVE
TTMT,9428811,ธรณีสันฑะฆาต,ยาแคปซูลธรณีสัณฑะฆาต,ยาแคปซูล,โรงพยาบาลเจ้าพระยาอภัยภูเบศร,ACTIVE
TTMT,9428824,ล้างลำไส้,ยาน้ำล้างลำไส้,ยาน้ำ,โรงพยาบาลเจ้าพระยาอภัยภูเบศร,ACTIVE
TTMT,9428830,ธาตุอบเชย ,ยาธาตุอบเชย,ยาน้ำ,โรงพยาบาลเจ้าพระยาอภัยภูเบศร,ACTIVE
TTMT,9428848,แก้ลมพิษ (ยาใช้ภายนอก),ยาน้ำสเปรย์แก้ลมพิษ,ยาน้ำ,โรงพยาบาลเจ้าพระยาอภัยภูเบศร,ACTIVE
TTMT,9428853,น้ำมันสะเก็ดเงิน,ยาน้ำมันสะเก็ดเงิน,ยาเข้าน้ำมัน,โรงพยาบาลเจ้าพระยาอภัยภูเบศร,ACTIVE
TTMT,9428869,น้ำมันบัวบก,ยาน้ำมันบัวบก,ยาเข้าน้ำมัน,โรงพยาบาลเจ้าพระยาอภัยภูเบศร,ACTIVE
TTMT,9428876,แก้คัน (ยาใช้ภายนอก),ยาครีมแก้คัน,ครีม,โรงพยาบาลเจ้าพระยาอภัยภูเบศร,ACTIVE
TTMT,9428882,น้ำมันกัญชาทั้ง 5 (สูตรรับประทาน),ยาน้ำมันกัญชาทั้ง 5 (สูตรรับประทาน) อภัยภูเบศร,ยาเข้าน้ำมัน,โรงพยาบาลเจ้าพระยาอภัยภูเบศร,ACTIVE
TTMT,9428895,น้ำมันกัญชาทั้ง 5 (สูตรใช้ภายนอก),ยาน้ำมันกัญชาทั้ง 5 (สูตรใช้ภายนอก) อภัยภูเบศร,ยาเข้าน้ำมัน,โรงพยาบาลเจ้าพระยาอภัยภูเบศร,ACTIVE
TTMT,9428905,ขี้ผึ้งกัญชา ขมิ้นชัน,ขี้ผึ้งกัญชา ขมิ้นชัน (Cannabis leaf and Tumeric extract oinment),ขี้ผึ้ง,โรงพยาบาลเจ้าพระยาอภัยภูเบศร,ACTIVE
TTMT,9428914,แก้คัน (รพ.เจ้าพระยาอภัยภูเบศร),ยาสบู่แก้คัน,อื่นๆ,โรงพยาบาลเจ้าพระยาอภัยภูเบศร,ACTIVE
TTMT,9428922,ขี้ผึ้งไพล สูตรตำรับที่ 2,ขี้ผึ้งไพล,ขี้ผึ้ง,โรงพยาบาลเจ้าคุณไพบูลย์พนมทวน,ACTIVE
TTMT,9428933,ลูกประคบสมุนไพร,ยาประคบ,ยาประคบ,โรงพยาบาลวังน้ำเย็น,ACTIVE
TTMT,9428946,หอมบำรุงหัวใจ,ยาหอมบำรุงหัวใจ ,ยาผง,โรงพยาบาลวังน้ำเย็น,ACTIVE
TTMT,9428951,หม่องไพล/บาล์มไพล/ไพลบาล์ม / ขี้ผึ้งไพล,ยาหม่องไพล,ขี้ผึ้ง,โรงพยาบาลวังน้ำเย็น,ACTIVE
TTMT,9428967,น้ำมันไพล,น้ำมันไพล,ยาเข้าน้ำมัน,โรงพยาบาลวังน้ำเย็น,ACTIVE
TTMT,9428979,แก้ไอผสมมะขามป้อม สูตรตำรับที่ 1,ยาน้ำแก้ไอมะขามป้อม,ยาน้ำ,โรงพยาบาลวังน้ำเย็น,ACTIVE
TTMT,9428980,ชาชงบำรุงน้ำนม,ชาบำรุงน้ำนม,ยาชง,โรงพยาบาลวังน้ำเย็น,ACTIVE
TTMT,9428998,อบสมุนไพร,ยาอบสมุนไพร,ยาต้ม,โรงพยาบาลวังน้ำเย็น,ACTIVE
TTMT,9429009,น้ำมันไพล,สุวรรณภูมิเฮิร์บ,ยาเข้าน้ำมัน,โรงพยาบาลสุวรรณภูมิ,ACTIVE
TTMT,9429013,ธาตุอบเชย ,ยาธาตุอบเชย,ยาน้ำ,โรงพยาบาลสมเด็จพระยุพราชเด่นชัย,ACTIVE
TTMT,9429021,น้ำมันนวดกัญชา,น้ำมันนวดกัญชา,ยาเข้าน้ำมัน,โรงพยาบาลสมเด็จพระยุพราชเด่นชัย,ACTIVE
TTMT,9429032,ขี้ผึ้งไพล สูตรตำรับที่ 1,ขี้ผึ้งไพล,ขี้ผึ้ง,โรงพยาบาลพญาเม็งราย,ACTIVE
TTMT,9429045,ตรีผลา / พิกัดตรีผลา ,ตรีผลาแคปซูล,ยาแคปซูล,โรงพยาบาลพญาเม็งราย,ACTIVE
TTMT,9429050,ปราบชมพูทวีป,ปราบชมพูทวีปแคปซูล,ยาแคปซูล,โรงพยาบาลพญาเม็งราย,ACTIVE
TTMT,9429066,ริดสีดวงมหากาฬ (ตำรับในระบบทางเดินอาหารส่วนกลางและส่วนปลาย),ยาริดสีดวง ,ยาแคปซูล,โรงพยาบาลพญาเม็งราย,ACTIVE
TTMT,9429078,สหัศธารา,สหัสธาราแคปซูล,ยาแคปซูล,โรงพยาบาลพญาเม็งราย,ACTIVE
TTMT,9429084,หอมเทพจิตร,ยาผงหอมเทพจิตร,ยาผง,โรงพยาบาลพญาเม็งราย,ACTIVE
TTMT,9429097,หอมเทพจิตร,ยาหอมเทพจิตร,ยาเม็ด,โรงพยาบาลพญาเม็งราย,ACTIVE
TTMT,9429107,หอมนวโกฐ,ยาผงหอมนวโกฐ,ยาผง,โรงพยาบาลพญาเม็งราย,ACTIVE
TTMT,9429111,หอมนวโกฐ,ยาหอมนวโกฐ,ยาเม็ด,โรงพยาบาลพญาเม็งราย,ACTIVE
TTMT,9429124,ห้าราก / แก้ไข้ห้าราก / แก้วห้าดวง / เบญจโลกวิเชียร ,ยาแก้ไข้ห้าราก,ยาแคปซูล,โรงพยาบาลพญาเม็งราย,ACTIVE
TTMT,9429130,ผสมเพชรสังฆาต สูตรตำรับที่ 2,ยาผสมเพชรสังฆาต สูตร 2,ยาแคปซูล,โรงพยาบาลวังน้ำเย็น,ACTIVE
TTMT,9429148,ตำรับเบาหวาน,ยาเบาหวาน,ยาแคปซูล,โรงพยาบาลวังน้ำเย็น,ACTIVE
TTMT,9429153,แก้ไอผสมมะขามป้อม สูตรตำรับที่ 2,ยาน้ำแก้ไอผสมมะขามป้อมไพรวนารี,ยาน้ำ,โรงพยาบาลนิคมคำสร้อย,ACTIVE
TTMT,9429169,ขี้ผึ้งไพล สูตรตำรับที่ 1,ขี้ผึ้งไพล-ไพรวนารี,ขี้ผึ้ง,โรงพยาบาลนิคมคำสร้อย,ACTIVE
TTMT,9429176,จันทน์ลีลา,จันทร์ลีลาแคปซูลไพรวนารี,ยาแคปซูล,โรงพยาบาลนิคมคำสร้อย,ACTIVE
TTMT,9429182,ธรณีสันฑะฆาต,ธรณีสันฑะฆาตแคปซูลไพรวนารี,ยาแคปซูล,โรงพยาบาลนิคมคำสร้อย,ACTIVE
TTMT,9429195,ธาตุอบเชย ,ยาน้ำธาตุอบเชยไพรวนารี,ยาน้ำ,โรงพยาบาลนิคมคำสร้อย,ACTIVE
TTMT,9429202,ประสะไพล,ประสะไพลแคปซูลไพรวนารี,ยาแคปซูล,โรงพยาบาลนิคมคำสร้อย,ACTIVE
TTMT,9429218,ปลูกไฟธาตุ,ยาปลูกไฟธาตุแคปซูลไพรวนารี,ยาแคปซูล,โรงพยาบาลนิคมคำสร้อย,ACTIVE
TTMT,9429225,ผสมเพชรสังฆาต สูตรตำรับที่ 2,เพชรสังฆาตแคปซูลไพรวนารี,ยาแคปซูล,โรงพยาบาลนิคมคำสร้อย,ACTIVE
TTMT,9429239,ยาประคบ,ลูกประคบสมุนไพร-ไพรวนารี,ยาประคบ,โรงพยาบาลนิคมคำสร้อย,ACTIVE
TTMT,9429241,เลือดงาม,ยาเลือดงามแคปซูลไพรวนารี,ยาแคปซูล,โรงพยาบาลนิคมคำสร้อย,ACTIVE
TTMT,9429256,แก้ไอผสมมะขามป้อม สูตรตำรับที่ 2,ยาน้ำแก้ไอผสมมะขามป้อม สูตรที่ 2 รพ.คูเมือง,ยาน้ำ,โรงพยาบาลคูเมือง,ACTIVE
TTMT,9429260,ธาตุอบเชย ,ยาธาตุอบเชย รพ.คูเมือง,ยาน้ำ,โรงพยาบาลคูเมือง,ACTIVE
TTMT,9429273,ยาประคบ,ลูกประคบสมุนไพร รพ.คูเมือง,ยาประคบ,โรงพยาบาลคูเมือง,ACTIVE
TTMT,9429287,น้ำมันสารสกัดกัญชาที่มี delta-9-tetrahydrocannabinol (THC) 13 มิลลิกรัม/มิลลิลิตร,น้ำมันกัญชาหยดใต้ลิ้น THC 13 mg/ml รพ.คูเมือง,ยาเข้าน้ำมัน,โรงพยาบาลคูเมือง,ACTIVE
TTMT,9429294,น้ำมันสารสกัดกัญชาที่มี cannabidiol (CBD) 100 มิลลิกรัม/มิลลิลิตร และมี delta-9-tetrahydrocannabinol (THC) ในอัตราส่วนที่ CBD:THC มากกว่าหรือเท่ากับ 20:1),น้ำมันกัญชาหยดใต้ลิ้น CBD 100 mg/ml รพ.คูเมือง,ยาเข้าน้ำมัน,โรงพยาบาลคูเมือง,ACTIVE
TTMT,9429304,น้ำมันสารสกัดกัญชาที่มี delta-9-tetrahydrocannabinol (THC) และ cannabidiol (CBD) ในอัตราส่วน 1:1,น้ำมันกัญชาหยดใต้ลิ้น THC:CBD รพ.คูเมือง,ยาเข้าน้ำมัน,โรงพยาบาลคูเมือง,ACTIVE
TTMT,9429315,ประสะมะแว้ง,ยาอมประสะมะแว้ง,ยาลูกกลอน,โรงพยาบาลมหาสารคาม,ACTIVE
TTMT,9429327,ยาประคบ,ยาประคบ,ยาประคบ,โรงพยาบาลมหาสารคาม,ACTIVE
TTMT,9429336,สตรีหลังคลอด,ยาสตรีหลังคลอด,ยาต้ม,โรงพยาบาลมหาสารคาม,ACTIVE
TTMT,9429343,สหัศธารา,ยาแคปซูลสหัศธารา,ยาแคปซูล,โรงพยาบาลมหาสารคาม,ACTIVE
TTMT,9429358,มะขามแขกผสมกานพลู,ยาระบายมะขามแขกชนิดแคปซูล,ยาแคปซูล,โรงพยาบาลห้วยยอด,ACTIVE
TTMT,9429362,น้ำมันไพล,น้ำมันไพล,ยาเข้าน้ำมัน,โรงพยาบาลห้วยยอด,ACTIVE
TTMT,9429370,จันทน์ลีลา,จันทน์ลีลาแค็ปซูล,ยาแคปซูล,โรงพยาบาลห้วยยอด,ACTIVE
TTMT,9429389,ธรณีสันฑะฆาต,ธรณีสันฑฆาตแค็ปซูล,ยาแคปซูล,โรงพยาบาลห้วยยอด,ACTIVE
TTMT,9429391,ธรณีสันฑะฆาต,ธรณีสันฑฆาตลูกกลอน,ยาลูกกลอน,โรงพยาบาลห้วยยอด,ACTIVE
TTMT,9429406,ธาตุบรรจบ ,ธาตุบรรจบแค็ปซูล,ยาแคปซูล,โรงพยาบาลห้วยยอด,ACTIVE
TTMT,9429410,เบญจกูล / พิกัดเบญจกูล,เบญจกูลลูกกลอน,ยาลูกกลอน,โรงพยาบาลห้วยยอด,ACTIVE
TTMT,9429423,เบญจกูล / พิกัดเบญจกูล,เบญจกูลแค็ปซูล,ยาแคปซูล,โรงพยาบาลห้วยยอด,ACTIVE
TTMT,9429434,ธาตุอบเชย ,ยาธาตุอบเชย,ยาน้ำ,โรงพยาบาลห้วยยอด,ACTIVE
TTMT,9429447,ประสะกานพลู,ประสะกานพลูลูกกลอน,ยาลูกกลอน,โรงพยาบาลห้วยยอด,ACTIVE
TTMT,9429452,ตรีผลา / พิกัดตรีผลา ,ตรีผลาชนิดแคปซูล,ยาแคปซูล,โรงพยาบาลห้วยยอด,ACTIVE
TTMT,9429468,บำรุงโลหิต,ยาบำรุงโลหิตลูกกลอน,ยาลูกกลอน,โรงพยาบาลห้วยยอด,ACTIVE
TTMT,9429475,ปราบชมพูทวีป,ยาปราบชมพูทวีปลูกกลอน,ยาลูกกลอน,โรงพยาบาลห้วยยอด,ACTIVE
TTMT,9429481,ลูกประคบสมุนไพร,ลูกประคบ,ยาประคบ,โรงพยาบาลห้วยยอด,ACTIVE
TTMT,9429499,ประสะไพล,ยาประสะไพลลูกกลอน,ยาลูกกลอน,โรงพยาบาลห้วยยอด,ACTIVE
TTMT,9429508,ประสะไพล,ยาประสะไพลชนิดแคปซูล,ยาแคปซูล,โรงพยาบาลห้วยยอด,ACTIVE
TTMT,9429512,ปลูกไฟธาตุ,ยาปลูกไฟธาตุชนิดแคปซูล,ยาแคปซูล,โรงพยาบาลห้วยยอด,ACTIVE
TTMT,9429520,ไฟห้ากอง ,ยาไฟห้ากองชนิดแคปซูล,ยาแคปซูล,โรงพยาบาลห้วยยอด,ACTIVE
TTMT,9429531,ริดสีดวงมหากาฬ (ตำรับในระบบทางเดินอาหารส่วนกลางและส่วนปลาย),ยาริดสีดวงทวารมหากาฬ,ยาลูกกลอน,โรงพยาบาลห้วยยอด,ACTIVE
TTMT,9429549,เหลืองปิดสมุทร,ยาเหลืองปิดสมุทรลูกกลอน,ยาลูกกลอน,โรงพยาบาลห้วยยอด,ACTIVE
TTMT,9429554,เหลืองปิดสมุทร,ยาเหลืองปิดสมุทรชนิดแคปซูล,ยาแคปซูล,โรงพยาบาลห้วยยอด,ACTIVE
TTMT,9429565,หอมเทพจิตร,ยาหอมเทพจิตรลูกกลอน,ยาลูกกลอน,โรงพยาบาลห้วยยอด,ACTIVE
TTMT,9429577,หอมเทพจิตร,ยาหอมเทพจิตรชนิดแคปซูล,ยาแคปซูล,โรงพยาบาลห้วยยอด,ACTIVE
TTMT,9429583,ห้าราก / แก้ไข้ห้าราก / แก้วห้าดวง / เบญจโลกวิเชียร ,ยาเบญจโลกวิเชียรชนิดแคปซูล,ยาแคปซูล,โรงพยาบาลห้วยยอด,ACTIVE
TTMT,9429596,หอมนวโกฐ,ยาหอมนวโกฐแค็ปซูล,ยาแคปซูล,โรงพยาบาลห้วยยอด,ACTIVE
TTMT,9429605,หอมบำรุงหัวใจ,ยาหอมบำรุงหัวใจ,ยาผง,โรงพยาบาลห้วยยอด,ACTIVE
TTMT,9429614,สหัศธารา,ยาสหัศธาราลูกกลอน,ยาลูกกลอน,โรงพยาบาลห้วยยอด,ACTIVE
TTMT,9429622,สหัศธารา,ยาสหัศธาราชนิดแคปซูล,ยาแคปซูล,โรงพยาบาลห้วยยอด,ACTIVE
TTMT,9429633,เขียวหอม,ยาเขียวหอมชนิดแคปซูล,ยาแคปซูล,โรงพยาบาลห้วยยอด,ACTIVE
TTMT,9429646,ตรีผลา / พิกัดตรีผลา ,ยาตรีผลา,ยาเม็ด,โรงพยาบาลพญาเม็งราย,ACTIVE
TTMT,9429651,เขียวหอม,ยาเขียวหอม,ยาผง,โรงพยาบาลจัตุรัส,ACTIVE
TTMT,9429667,หอมเทพจิตร,ยาหอมเทพจิตร,ยาผง,โรงพยาบาลจัตุรัส,ACTIVE
TTMT,9429679,หอมนวโกฐ,ยาหอมนวโกฐ,ยาผง,โรงพยาบาลจัตุรัส,ACTIVE
TTMT,9429680,เขียวหอม,ยาเขียวหอม,ยาผง,โรงพยาบาลจัตุรัส,ACTIVE
TTMT,9429698,หอมเทพจิตร,ยาหอมเทพจิตร,ยาผง,โรงพยาบาลจัตุรัส,ACTIVE
TTMT,9429701,หอมนวโกฐ,ยาหอมนวโกฐ,ยาผง,โรงพยาบาลจัตุรัส,ACTIVE
TTMT,9429717,หม่องไพล/บาล์มไพล/ไพลบาล์ม / ขี้ผึ้งไพล,สามพรานเฮิร์บไพลขี้ผึ้ง,ขี้ผึ้ง,โรงพยาบาลสามพราน,ACTIVE
TTMT,9429729,เจลเสลดพังพอน,สามพรานเฮิร์บเสลดพังพอนเจล,เจล,โรงพยาบาลสามพราน,ACTIVE
TTMT,9429738,เจลว่านหางจระเข้,สามพรานเฮิร์บ ว่านหางจระเข้เจล,เจล,โรงพยาบาลสามพราน,ACTIVE
TTMT,9429740,เจลบัวบก,สามพรานเฮิร์บ บัวบกเจล,เจล,โรงพยาบาลสามพราน,ACTIVE
TTMT,9429755,หม่องเสลดพังพอน/เสลดพังพอนบาล์ม/หม่องพญายอ/ขี้ผึ้งพญายอ/ขี้ผึ้งเสลดพังพอน,สามพรานเฮิร์บ เสลดพังพอน ยาหม่อง ,ขี้ผึ้ง,โรงพยาบาลสามพราน,ACTIVE
TTMT,9429764,สมุนไพรแช่มือแช่เท้า,แช่มือ/แช่เท้า สูตรตำรับสามพรานเฮิร์บ,ยาแช่,โรงพยาบาลสามพราน,ACTIVE
TTMT,9429772,ยาประคบ,สามพรานเฮิร์บ ลูกประคบ,ยาประคบ,โรงพยาบาลสามพราน,ACTIVE
TTMT,9429786,สมุนไพรอบตัว,สามพรานเฮิร์บ ยาอบตัวสด,ยาต้ม,โรงพยาบาลสามพราน,ACTIVE
TTMT,9429793,สเปรย์กระดูกไก่ดำ,สามพรานเฮิร์บ กระดูกไก่ดำเปรย์ ,ยาน้ำ,โรงพยาบาลสามพราน,ACTIVE
TTMT,9429803,เถาวัลย์เปรียง,เถาวัลย์เปรียงแคปซูล,ยาแคปซูล,โรงพยาบาลท่าแซะ,ACTIVE
TTMT,9429819,พญายอ,เสลดพังพอนกลีเซอรีน,ทิงเจอร์,โรงพยาบาลพญาเม็งราย,ACTIVE
TTMT,9429826,พญายอ,พญายอ,ทิงเจอร์,โรงพยาบาลพิชัย,ACTIVE
TTMT,9429835,น้ำมันไพล,ยาน้ำมันไพลโรงพยาบาลท่าฉาง,ยาเข้าน้ำมัน,โรงพยาบาลท่าฉาง,ACTIVE
TTMT,9429842,น้ำมันไพล,น้ำมันไพล พลทิพย์ ,ยาเข้าน้ำมัน,โรงพยาบาลพล,ACTIVE
TTMT,9429857,ขิง,ชาชงขิง,ยาชง,โรงพยาบาลพล,ACTIVE
TTMT,9429861,น้ำมันไพล,น้ำมันไพล,ยาเข้าน้ำมัน,โรงพยาบาลหนองแค,ACTIVE
TTMT,9429874,หญ้าหนวดแมว,โอรีนา,ยาแคปซูล,บริษัท แก้วมังกรเภสัช จำกัด,ACTIVE
TTMT,9429888,หญ้าหนวดแมว,หญ้าหนวดแมวสกัด ตราเคเอ็มพี,ยาแคปซูล,บริษัท แก้วมังกรเภสัช จำกัด,ACTIVE
TTMT,9429890,ขิง,ยาขิงชนิดชง GALYA HERB,ยาชง,สถาบันกัลยาณ์ราชนครินทร์,ACTIVE
TTMT,9429900,ขิง,ยาขิงชนิดชง GALYA HERB,ยาชง,สถาบันกัลยาณ์ราชนครินทร์,ACTIVE
TTMT,9429916,หญ้าดอกขาว,ยาชงหญ้าดอกขาว GALYA HERB,ยาชง,สถาบันกัลยาณ์ราชนครินทร์,ACTIVE
TTMT,9429928,รางจืด,ยาชงรางจืด GALYA HERB,ยาชง,สถาบันกัลยาณ์ราชนครินทร์,ACTIVE
TTMT,9429937,รางจืด,ยาชงรางจืด GALYA HERB,ยาชง,สถาบันกัลยาณ์ราชนครินทร์,ACTIVE
TTMT,9429944,กระเจี๊ยบแดง,ยาชงกระเจี๊ยบแดง GALYA HERB,ยาชง,สถาบันกัลยาณ์ราชนครินทร์,ACTIVE
TTMT,9429959,กระเจี๊ยบแดง,ยาชงกระเจี๊ยบแดง GALYA HERB,ยาชง,สถาบันกัลยาณ์ราชนครินทร์,ACTIVE
TTMT,9429963,พญายอ,ขี้ผึ้งพญายอ GALYA HERB,ขี้ผึ้ง,สถาบันกัลยาณ์ราชนครินทร์,ACTIVE
TTMT,9429971,พญายอ,ครีมพญายอ GALYA HERB,ครีม,สถาบันกัลยาณ์ราชนครินทร์,ACTIVE
TTMT,9429985,พญายอ,ยาทิงเจอร์พญายอ GALYA HERB,ทิงเจอร์,สถาบันกัลยาณ์ราชนครินทร์,ACTIVE
TTMT,9429992,น้ำมันไพล,น้ำมันไพล,ยาเข้าน้ำมัน,โรงพยาบาลธัญบุรี,ACTIVE
TTMT,9430004,น้ำมันไพล,ยาน้ำมันไพล,ยาเข้าน้ำมัน,โรงพยาบาลส่งเสริมสุขภาพตำบลบ้านเขาล้อ,ACTIVE
TTMT,9430015,น้ำมันไพล,น้ำมันไพล,ยาเข้าน้ำมัน,โรงพยาบาลขุนหาญ,ACTIVE
TTMT,9430027,ขิง,ชาชงขิง,ยาชง,โรงพยาบาลสวรรคโลก,ACTIVE
TTMT,9430036,กล้วย,ยากล้วยผง,ยาผง,โรงพยาบาลสวรรคโลก,ACTIVE
TTMT,9430043,กล้วย,ยากล้วยผง,ยาผง,โรงพยาบาลสวรรคโลก,ACTIVE
TTMT,9430058,พญายอ,ยาเสลดพังพอน กลีเซอรีน,ทิงเจอร์,โรงพยาบาลสวรรคโลก,ACTIVE
TTMT,9430062,ฟ้าทะลายโจร,แคปซูลฟ้าทะลายโจร,ยาแคปซูล,โรงพยาบาลสวรรคโลก,ACTIVE
TTMT,9430070,น้ำมันไพล,ยาน้ำมันไพล ทรายขาว เฮอร์บ,ยาเข้าน้ำมัน,โรงพยาบาลส่งเสริมสุขภาพตำบลทรายขาว จ.เลย,ACTIVE
TTMT,9430089,ผสมเพชรสังฆาต สูตรตำรับที่ 2,ผสมเพชรสังฆาต สูตรตำรับที่ 2,ยาแคปซูล,โรงพยาบาลอินทร์บุรี,ACTIVE
TTMT,9430091,ยาประคบ,ลูกประคบสมุนไพร,ยาประคบ,โรงพยาบาลส่งเสริมสุขภาพตำบลบ้านโนนสวรรค์    ตำบลโนนสวรรค์,ACTIVE
TTMT,9430101,ลูกประคบสมุนไพร,ลูกประคบสมุนไพร,ยาประคบ,โรงพยาบาลสะเมิง,ACTIVE
TTMT,9430117,พอกเข่า,ยาพอกเข่า สูตรลดปิตตะ พลทิพย์,ยาผง,โรงพยาบาลพล,ACTIVE
TTMT,9430129,ยาประคบ,ยาประคบสมุนไพรแห้ง,ยาประคบ,โรงพยาบาลส่งเสริมสุขภาพตำบลเสม็ดใต้,ACTIVE
TTMT,9430138,ธาตุอบเชย ,ยาธาตุอบเชย,ยาน้ำ,โรงพยาบาลสารภี,ACTIVE
TTMT,9430140,ลูกประคบสมุนไพร,ยาประคบ (แห้ง),ยาประคบ,โรงพยาบาลสารภี,ACTIVE
TTMT,9430155,ลูกประคบสมุนไพร,ลูกประคบสมุนไพร (แบบสด),ยาประคบ,โรงพยาบาลมวกเหล็ก,ACTIVE
TTMT,9430164,พอกเข่า,ยาพอกเข่าสมุนไพร,ยาผง,โรงพยาบาลหนองแค,ACTIVE
TTMT,9430172,ดมสมุนไพร,ยาดมสมุนไพร,ยาดม,โรงพยาบาลหนองแค,ACTIVE
TTMT,9430186,พอกตา,ชุดสมุนไพรพอกตา,ยาพอก,โรงพยาบาลหนองแค,ACTIVE
TTMT,9430193,พอกเข่า,ยาพอกเข่า,ยาพอก,โรงพยาบาลส่งเสริมสุขภาพตำบลบ้านเขาดิน จ.กระบี่,ACTIVE
TTMT,9430206,พอกตา,ยาพอกตา,ยาพอก,กองพัฒนายาแผนไทยและสมุนไพร กรมการแพทย์แผนไทยและการแพทย์ทางเลือก,ACTIVE
TTMT,9430210,พอกฝ่าเท้า,ยาพอกฝ่าเท้า,ยาพอก,กองพัฒนายาแผนไทยและสมุนไพร กรมการแพทย์แผนไทยและการแพทย์ทางเลือก,ACTIVE
TTMT,9430223,ยาประคบ,ยาประคบ แบบที่ 2 ดู่ใหญ่ 200 กรัม,ยาประคบ,โรงพยาบาลส่งเสริมสุขภาพตำบลบ้านดู่ - ฝายใหญ่    ตำบลหนองแคน,ACTIVE
TTMT,9430234,น้ำโสมอเมริกาสกัด,ยาน้ำโสมอเมริกาสกัด ตราโฟเลียส,ยาน้ำ,ห้างธงทองโอสถ,ACTIVE
TTMT,9430247,น้ำมันไพล,ยาน้ำมันไพล,ยาเข้าน้ำมัน,โรงพยาบาลท่าตะโก,ACTIVE
TTMT,9430252,หม่องไพล/บาล์มไพล/ไพลบาล์ม / ขี้ผึ้งไพล,ยาขี้ผึ้งไพล,ขี้ผึ้ง,โรงพยาบาลท่าตะโก,ACTIVE
TTMT,9430268,แก้น้ำเหลืองเสีย,เอสเอ็ม 70,ยาแคปซูล,บริษัท แก้วมังกรเภสัช จำกัด,ACTIVE
TTMT,9430275,แก้น้ำเหลืองเสีย,ไดออสซี่,ยาแคปซูล,บริษัท แก้วมังกรเภสัช จำกัด,ACTIVE
TTMT,9430281,ห้าราก / แก้ไข้ห้าราก / แก้วห้าดวง / เบญจโลกวิเชียร ,ยาห้าราก ชนิดแคปซูล ตราเอสเอ็ม 35,ยาแคปซูล,บริษัท แก้วมังกรเภสัช จำกัด,ACTIVE
TTMT,9430299,ประสะจันทน์แดง ,ยาประสะจันทน์แดง ชนิดแคปซูล ตราเอสเอ็ม 44,ยาแคปซูล,บริษัท แก้วมังกรเภสัช จำกัด,ACTIVE
TTMT,9430309,ประสะจันทน์แดง ,ยาประสะจันทน์แดง ชนิดแคปซูล ตราเคเอ็มพี,ยาแคปซูล,บริษัท แก้วมังกรเภสัช จำกัด,ACTIVE
TTMT,9430313,ธาตุอบเชย ,ธาตุอบเชย,ยาน้ำ,โรงพยาบาลสังขะ,ACTIVE
TTMT,9430321,เขียว (บริษัท ไทยเอฟดี จำกัด),ยาเขียว ตราดีเจริญ,ยาเม็ด,บริษัท ไทยเอฟดี จำกัด,ACTIVE
TTMT,9430332,หม่องสมุนไพร / หม่อง / หม่องแก้ปวด,ยาหม่องสมุนไพร ตรา การบูร,ขี้ผึ้ง,บริษัท ไทยเอฟดี จำกัด,ACTIVE
TTMT,9430345,น้ำมันไพล,น้ำมันไพล  GALYA HERB,ยาเข้าน้ำมัน,สถาบันกัลยาณ์ราชนครินทร์,ACTIVE
TTMT,9430350,น้ำมันไพล,น้ำมันไพลผสม GALYA HERB,ยาเข้าน้ำมัน,สถาบันกัลยาณ์ราชนครินทร์,ACTIVE
TTMT,9430366,ขี้ผึ้งไพล สูตรตำรับที่ 1,ขี้ผึ้งไพล GALYA HERB,ขี้ผึ้ง,สถาบันกัลยาณ์ราชนครินทร์,ACTIVE
TTMT,9430378,หม่องไพล/บาล์มไพล/ไพลบาล์ม / ขี้ผึ้งไพล,ยาขี้ผึ้งไพลผสม  GALYA HERB,ขี้ผึ้ง,สถาบันกัลยาณ์ราชนครินทร์,ACTIVE
TTMT,9430384,ยาประคบ,ลูกประคบสมุนไพรแห้ง GALYA HERB,ยาประคบ,สถาบันกัลยาณ์ราชนครินทร์,ACTIVE
TTMT,9430397,ทับหม้อเกลือ,ชุดสมุนไพรทับหม้อเกลือ GALYA HERB,ยาประคบ,สถาบันกัลยาณ์ราชนครินทร์,ACTIVE
TTMT,9430402,สมุนไพรแช่มือแช่เท้า,ชุดสมุนไพรแช่มือ แช่เท้า GALYA HERB,ยาแช่,สถาบันกัลยาณ์ราชนครินทร์,ACTIVE
TTMT,9430418,พอกตา,ชุดสมุนไพรพอกตา GALYA HERB,ยาพอก,สถาบันกัลยาณ์ราชนครินทร์,ACTIVE
TTMT,9430425,พอกเข่า,ชุดสมุนไพรพอกเข่า GALYA HERB,ยาพอก,สถาบันกัลยาณ์ราชนครินทร์,ACTIVE
TTMT,9430439,พอกท้อง,ชุดสมุนไพรพอกท้อง GALYA HERB,ยาพอก,สถาบันกัลยาณ์ราชนครินทร์,ACTIVE
TTMT,9430441,อบสมุนไพร,ชุดยาอบสมุนไพร GALYA HERB,ยาต้ม,สถาบันกัลยาณ์ราชนครินทร์,ACTIVE
TTMT,9430456,พิมเสนน้ำ,พิมเสน GALYA HERB,ยาเข้าน้ำมัน,สถาบันกัลยาณ์ราชนครินทร์,ACTIVE
TTMT,9430460,ทาพระเส้น,ยาทาพระเส้น GALYA HERB,ยาเข้าน้ำมัน,สถาบันกัลยาณ์ราชนครินทร์,ACTIVE
TTMT,9430473,สเปรย์กระดูกไก่ดำ,ยาสเปรย์กระดูกไก่ดำ GALYA HERB,ยาน้ำ,สถาบันกัลยาณ์ราชนครินทร์,ACTIVE
TTMT,9430487,พอกเข่า สูตรร้อน,ยาพอกเข่า สูตรร้อน,ยาพอก,โรงพยาบาลห้วยยอด,ACTIVE
TTMT,9430494,พอกเข่า สูตรเย็น,ยาพอกเข่า สูตรเย็น,ยาพอก,โรงพยาบาลห้วยยอด,ACTIVE
TTMT,9430500,พอกสมุนไพรแก้ปวด,ยาพอกสมุนไพรลดปวด,ยาดอง,โรงพยาบาลตากฟ้า,ACTIVE
TTMT,9430516,พอกสมุนไพรแก้ปวด,ยาพอกสมุนไพรสูตรโรงพยาบาลแม่วงก์,ยาดอง,โรงพยาบาลแม่วงก์,ACTIVE
TTMT,9430528,ยาประคบ,ยาประคบ โรงพยาบาลแม่วงก์,ยาประคบ,โรงพยาบาลแม่วงก์,ACTIVE
TTMT,9430537,ขี้ผึ้งไพล สูตรตำรับที่ 1,ยาขี้ผึ้งไพล,ขี้ผึ้ง,โรงพยาบาลธัญบุรี,ACTIVE
TTMT,9430544,ยาประคบ,ยาประคบสมุนไพรสด,ยาประคบ,โรงพยาบาลธัญบุรี,ACTIVE
TTMT,9430559,พิมเสนน้ำ,พิมเสนน้ำ,ยาเข้าน้ำมัน,โรงพยาบาลธัญบุรี,ACTIVE
TTMT,9430563,ขี้ผึ้งไพล สูตรตำรับที่ 1,ยาขี้ผึ้งไพลสูตรตำรับที่ 1,ขี้ผึ้ง,โรงพยาบาลส่งเสริมสุขภาพตำบลบ้านเขาล้อ,ACTIVE
TTMT,9430571,ยาประคบ,ยาประคบ,ยาประคบ,โรงพยาบาลส่งเสริมสุขภาพตำบลบ้านเขาล้อ,ACTIVE
TTMT,9430585,ยาประคบ,ยาประคบ ดู่ใหญ่,ยาประคบ,โรงพยาบาลส่งเสริมสุขภาพตำบลบ้านดู่ - ฝายใหญ่    ตำบลหนองแคน,ACTIVE
TTMT,9430592,หอมเทพจิตร,ยาหอมเทพจิตร ตราห้าม้า,ยาเม็ด,บริษัท ห้าม้า เภสัช จำกัด,ACTIVE
TTMT,9430603,ขี้ผึ้งไพล สูตรตำรับที่ 1,ขี้ผึ้งไพล สูตรตำรับที่ 1,ขี้ผึ้ง,โรงพยาบาลขุนหาญ,ACTIVE
TTMT,9430619,ยาประคบ,ยาประคบ,ยาประคบ,โรงพยาบาลขุนหาญ,ACTIVE
TTMT,9430626,ยาประคบ,ยาประคบ,ยาประคบ,โรงพยาบาลขุนหาญ,ACTIVE
TTMT,9430635,หม่องเสลดพังพอน/เสลดพังพอนบาล์ม/หม่องพญายอ/ขี้ผึ้งพญายอ/ขี้ผึ้งเสลดพังพอน,หม่องเสลดพังพอน/เสลดพังพอนบาล์ม/หม่องพญายอ/ขี้ผึ้งพญายอ/ขี้ผึ้งเสลดพังพอน,ขี้ผึ้ง,โรงพยาบาลขุนหาญ,ACTIVE
TTMT,9430642,กษัยเส้น,ยากษัยเส้น ยาลูกกลอน,ยาลูกกลอน,โรงพยาบาลสวรรคโลก,ACTIVE
TTMT,9430657,ธาตุบรรจบ ,ยาธาตุบรรจบ,ยาแคปซูล,โรงพยาบาลสวรรคโลก,ACTIVE
TTMT,9430661,ประสะไพล,ยาประสะไพล,ยาลูกกลอน,โรงพยาบาลสวรรคโลก,ACTIVE
TTMT,9430674,ผสมเพชรสังฆาต สูตรตำรับที่ 1,ยาผสมเพชรสังฆาต,ยาแคปซูล,โรงพยาบาลสวรรคโลก,ACTIVE
TTMT,9430688,หอมนวโกฐ,ยาหอมบำรุงหัวใจ,ยาผง,โรงพยาบาลสวรรคโลก,ACTIVE
TTMT,9430690,หอมนวโกฐ,ยาหอมบำรุงหัวใจ,ยาผง,โรงพยาบาลสวรรคโลก,ACTIVE
TTMT,9430707,ขมิ้นกล้วย,"ยาขมิ้นกล้วย 
ยาลูกกลอน",ยาลูกกลอน,โรงพยาบาลสวรรคโลก,ACTIVE
TTMT,9430711,ลูกประคบสมุนไพร,ลูกประคบสมุนไพร ตราธันยพรสมุนไพร HERBAL COMPRESS BALLS THANYAPORN HERBS BRAND,ยาประคบ,บริษัท ธันยพรสมุนไพร จำกัด,ACTIVE
TTMT,9430724,ยาประคบ,ยาประคบสมุนไพร (Herbal Ball),ยาประคบ,โรงพยาบาลส่งเสริมสุขภาพตำบลทรายขาว จ.เลย,ACTIVE
TTMT,9430730,น้ำมันไพล,น้ำมันไพล,ยาเข้าน้ำมัน,โรงพยาบาลสมเด็จพระยุพราชด่านซ้าย,ACTIVE
TTMT,9430748,ไพล,ยาไพล,ครีม,โรงพยาบาลขุนหาญ,ACTIVE
TTMT,9430753,รางจืด,ชาชงรางจืด,ยาชง,โรงพยาบาลขุนหาญ,ACTIVE
TTMT,9430769,ย่านาง,น้ำย่านางสกัด,ยากลั่น,โรงพยาบาลกำแพงเพชร,ACTIVE
TTMT,9430776,พญายอ,ทิงเจอร์พญายอ,ทิงเจอร์,โรงพยาบาลแม่สะเรียง,ACTIVE
TTMT,9430782,พญายอ,ยาขี้ผึ้งพญายอ,ขี้ผึ้ง,โรงพยาบาลแม่สะเรียง,ACTIVE
TTMT,9430795,ฟ้าทะลายโจร,ฟ้าทะลายโจรชนิดแคปซูล,ยาแคปซูล,บริษัท ขาวละออเภสัช จำกัด,ACTIVE
TTMT,9430805,เถาวัลย์เปรียง,ยาแคปซูล เถาวัลย์เปรียง PH HERB,ยาแคปซูล,โรงพยาบาลโพนพิสัย,ACTIVE
TTMT,9430814,น้ำมันไพล,น้ำมันไพล (รพ.โพทะเล),ยาเข้าน้ำมัน,โรงพยาบาลโพทะเล,ACTIVE
TTMT,9430822,ทิงเจอร์ทองพันชั่ง,ทิงเจอร์ทองพันชั่ง,ทิงเจอร์,โรงพยาบาลมหาสารคาม,ACTIVE
TTMT,9430833,ทิงเจอร์พลู,ทิงเจอร์พลู,ทิงเจอร์,โรงพยาบาลมหาสารคาม,ACTIVE
TTMT,9430846,บัวบก,ครีมบัวบก,ครีม,โรงพยาบาลมหาสารคาม,ACTIVE
TTMT,9430851,พญายอ,ครีมพญายอ,ครีม,โรงพยาบาลมหาสารคาม,ACTIVE
TTMT,9430867,พญายอ,กลีเซอรีนพญายอ,สารละลายสำหรับป้ายปาก,โรงพยาบาลมหาสารคาม,ACTIVE
TTMT,9430879,พญายอ,คาลาไมน์พญายอ,โลชั่น,โรงพยาบาลมหาสารคาม,ACTIVE
TTMT,9430880,พญายอ,ขี้ผึ้งพญายอ,ขี้ผึ้ง,โรงพยาบาลมหาสารคาม,ACTIVE
TTMT,9430898,พญายอ,ทิงเจอร์พญายอ,ทิงเจอร์,โรงพยาบาลมหาสารคาม,ACTIVE
TTMT,9430908,พริก,เจลพริก,เจล,โรงพยาบาลมหาสารคาม,ACTIVE
TTMT,9430912,ไพล,ครีมไพล,ครีม,โรงพยาบาลมหาสารคาม,ACTIVE
TTMT,9430920,น้ำมันไพล,น้ำมันไพล,ยาเข้าน้ำมัน,โรงพยาบาลมหาสารคาม,ACTIVE
TTMT,9430931,มังคุด/เปลือกมังคุด,ยาเปลือกมังคุด,ยาน้ำ,โรงพยาบาลมหาสารคาม,ACTIVE
TTMT,9430949,พญายอ,จัมปาศรีพญายอบาล์ม 50 กรัม,ขี้ผึ้ง,โรงพยาบาลมหาสารคาม,ACTIVE
TTMT,9430954,กระเจี๊ยบแดง,ชาชงกระเจี๊ยบแดง,ยาชง,โรงพยาบาลมหาสารคาม,ACTIVE
TTMT,9430965,ขิง,ยาแคปซูลขิง,ยาแคปซูล,โรงพยาบาลมหาสารคาม,ACTIVE
TTMT,9430977,ชุมเห็ดเทศ,ยาแคปซูลชุมเห็ดเทศ,ยาแคปซูล,โรงพยาบาลมหาสารคาม,ACTIVE
TTMT,9430983,บัวบก,ยาแคปซูลบัวบก,ยาแคปซูล,โรงพยาบาลมหาสารคาม,ACTIVE
TTMT,9430996,มะระขี้นก,ยาแคปซูลมะระขี้นก,ยาแคปซูล,โรงพยาบาลมหาสารคาม,ACTIVE
TTMT,9431000,มังคุด/เปลือกมังคุด,ยาเปลือกมังคุด,ยาน้ำ,โรงพยาบาลมหาสารคาม,ACTIVE
TTMT,9431016,รางจืด,ยาแคปซูลรางจืด,ยาแคปซูล,โรงพยาบาลมหาสารคาม,ACTIVE
TTMT,9431028,หญ้าปักกิ่ง,ยาแคปซูลหญ้าปักกิ่ง,ยาแคปซูล,โรงพยาบาลมหาสารคาม,ACTIVE
TTMT,9431037,น้ำมันไพล,น้ำมันไพล,ยาเข้าน้ำมัน,โรงพยาบาลแม่ออน,ACTIVE
TTMT,9431044,ขิง,ขิงแคปซูล,ยาแคปซูล,โรงพยาบาลห้วยยอด,ACTIVE
TTMT,9431059,ชุมเห็ดเทศ,ชุมเห็ดเทศแคปซูล,ยาแคปซูล,โรงพยาบาลห้วยยอด,ACTIVE
TTMT,9431063,พญายอ,เสลดพังพอนกลีเซอรีน,ยาน้ำแขวนตะกอน,โรงพยาบาลห้วยยอด,ACTIVE
TTMT,9431071,พญายอ,คาลาไมน์เสลดพังพอน,โลชั่น,โรงพยาบาลห้วยยอด,ACTIVE
TTMT,9431085,พญายอ,เสลดพังพอนบาล์ม,ขี้ผึ้ง,โรงพยาบาลห้วยยอด,ACTIVE
TTMT,9431092,พญายอ,เสลดพังพอนทิงเจอร์,ทิงเจอร์,โรงพยาบาลห้วยยอด,ACTIVE
TTMT,9431102,ไพล,ไพลครีม,ครีม,โรงพยาบาลห้วยยอด,ACTIVE
TTMT,9431118,น้ำมันไพล,น้ำมันไพล,ยาเข้าน้ำมัน,โรงพยาบาลห้วยยอด,ACTIVE
TTMT,9431125,มะขามแขก,มะขามแขกแคปซูล,ยาแคปซูล,โรงพยาบาลห้วยยอด,ACTIVE
TTMT,9431139,มังคุด/เปลือกมังคุด,ทิงเจอร์เปลือกมังคุด,ยาน้ำ,โรงพยาบาลห้วยยอด,ACTIVE
TTMT,9431141,หญ้าดอกขาว,ชาชงหญ้าดอกขาว,ยาชง,โรงพยาบาลห้วยยอด,ACTIVE
TTMT,9431156,น้ำมันไพล,น้ำมันไพล,ยาเข้าน้ำมัน,โรงพยาบาลสูงเนิน,ACTIVE
TTMT,9431160,พญายอ,จัมปาศรีพญายอบาล์ม 100 กรัม,ขี้ผึ้ง,โรงพยาบาลมหาสารคาม,ACTIVE
TTMT,9431173,ปราบชมพูทวีป,ยาแคปซูลปราบชมพูทวีป ตราอภัยภูเบศร,ยาแคปซูล,มูลนิธิ โรงพยาบาลเจ้าพระยาอภัยภูเบศร,ACTIVE
TTMT,9431187,ผสมเถาวัลย์เปรียง สูตรตำรับที่ 2,ผสมเถาวัลย์เปรียง สูตรตำรับที่ 2,ยาแคปซูล,โรงพยาบาลพนา,ACTIVE
TTMT,9431194,น้ำมันเถาเอ็นอ่อน,ยาน้ำมันนวด ตราวิสาหกิจชุมชนจิตอาสาวิถีธรรม,ยาเข้าน้ำมัน,กลุ่มวิสาหกิจชุมชนจิตอาสาวิถีธรรม,ACTIVE
TTMT,9431207,ขี้ผึ้งรักษาแผลกดทับ,พุทธโอสถ,ขี้ผึ้ง,โรงพยาบาลเชียงกลาง,ACTIVE
TTMT,9431211,ขี้ผึ้งไพล สูตรตำรับที่ 1,ยาขี้ผึ้งไพล สูตร 1,ขี้ผึ้ง,โรงพยาบาลเชียงกลาง,ACTIVE
TTMT,9431224,ดมสมุนไพรปถวีธาตุ,ยาดมสมุนไพรปถวีธาตุ GALYA HERB,ยาดม,สถาบันกัลยาณ์ราชนครินทร์,ACTIVE
TTMT,9431230,ดมสมุนไพรเตโชธาตุ,ยาดมสมุนไพรเตโชธาตุ GALYA HERB,ยาดม,สถาบันกัลยาณ์ราชนครินทร์,ACTIVE
TTMT,9431248,ดมสมุนไพรวาโยธาตุ,ยาดมสมุนไพรวาโยธาตุ GALYA HERB,ยาดม,สถาบันกัลยาณ์ราชนครินทร์,ACTIVE
TTMT,9431253,ดมสมุนไพรอาโปธาตุ,ยาดมสมุนไพรอาโปธาตุ GALYA HERB,ยาดม,สถาบันกัลยาณ์ราชนครินทร์,ACTIVE
TTMT,9431269,แก้ไอมะแว้ง ,สมุนไพรแก้ไอมะแว้ง,ยาน้ำ,โรงพยาบาลกระบี่,ACTIVE
TTMT,9431276,น้ำมันผสมไพล,น้ำมันผสมไพล ตราภรณ์สวัสดิ์,ยาเข้าน้ำมัน,อรุณศรี,ACTIVE
TTMT,9431282,ขี้ผึ้งสมุนไพร,ขี้ผึ้งบาล์มสมุนไพร,ขี้ผึ้ง,อรุณศรี,ACTIVE
TTMT,9431295,ยาประคบ,ลูกประคบสมุนไพร,ยาประคบ,โรงพยาบาลส่งเสริมสุขภาพตำบลหนองผักบุ้ง ตำบลนายม,ACTIVE
TTMT,9431305,น้ำมันปาล์มไมร่า,น้ำมันปาล์มไมร่า,ยาเข้าน้ำมัน,โรงพยาบาลชุมแสง,ACTIVE
TTMT,9431314,ยาประคบ,ยาประคบสมุนไพร ตรา ทีเอฟดี,ยาประคบ,บริษัท ไทยเอฟดี จำกัด,ACTIVE
TTMT,9431322,ยาประคบ,ยาประคบสด,ยาประคบ,โรงพยาบาลคอนสาร,ACTIVE
TTMT,9431333,พอกเข่า,ยาพอกเข่า,ยาพอก,โรงพยาบาลคอนสาร,ACTIVE
TTMT,9431346,พอกสูตรตำรับไพลสัตตนาคา,ยาพอกสูตรตำรับไพลสัตตนาคา,ยาพอก,สำนักงานสาธารณสุขจังหวัดบึงกาฬ,ACTIVE
TTMT,9431351,ชาชงอรุณวาโย,ยาชาชงอรุณวาโย,ยาชง,สำนักงานสาธารณสุขจังหวัดบึงกาฬ,ACTIVE
TTMT,9431367,ยาต้มแสงอรุณ,ยาต้มแสงอรุณ,ยาต้ม,สำนักงานสาธารณสุขจังหวัดบึงกาฬ,ACTIVE
TTMT,9431379,ขี้ผึ้งถอดเสี้ยน,ยาขี้ผึ้งถอดเสี้ยน,ขี้ผึ้ง,สำนักงานสาธารณสุขจังหวัดบึงกาฬ,ACTIVE
TTMT,9431380,ชาชงบำรุงน้ำนม,ชาบำรุงน้ำนม,ยาชง,โรงพยาบาลขุนหาญ,ACTIVE
TTMT,9431398,สเปรย์ตะไคร้หอม,สเปร์ยตะไคร้หอม,ยาน้ำ,โรงพยาบาลขุนหาญ,ACTIVE
TTMT,9431403,โลชั่นตะไคร้หอม,โลชั่น ทากันยุง ตะไคร้หอม,โลชั่น,โรงพยาบาลขุนหาญ,ACTIVE
TTMT,9431419,พิมเสนน้ำ,พิมเสนน้ำ,ยาน้ำ,โรงพยาบาลขุนหาญ,ACTIVE
TTMT,9431426,ขี้ผึ้งทาโรคผิวหนัง,ขี้ผึ้งทาโรคผิวหนัง,ขี้ผึ้ง,โรงพยาบาลขุนหาญ,ACTIVE
TTMT,9431435,ขี้ผึ้งสมุนไพรแก้โรคน้ำกัดเท้า,ขี้ผึ้งสมุนไพรแก้โรคน้ำกัดเท้า,ขี้ผึ้ง,โรงพยาบาลขุนหาญ,ACTIVE
TTMT,9431442,แชมพูสมุนไพรเหงือกปลาหมอผสมทองพันชั่ง           ,แชมพูสมุนไพรเหงือกปลาหมอผสมทองพันชั่ง           ,อื่นๆ,โรงพยาบาลขุนหาญ,ACTIVE
TTMT,9431457,ดมสมุนไพร,ยาดมสมุนไพร สูตรโบราณ,ยาดม,โรงพยาบาลขุนหาญ,ACTIVE
TTMT,9431461,หม่องวิกแก้หวัด,ยาหม่องวิกแก้หวัด,ขี้ผึ้ง,โรงพยาบาลขุนหาญ,ACTIVE
TTMT,9431474,ยาประคบ,ยาประคบสมุนไพร,ยาประคบ,โรงพยาบาลแม่สะเรียง,ACTIVE
TTMT,9431488,อบสมุนไพร,ยาอบสมุนไพร,ยาต้ม,โรงพยาบาลแม่สะเรียง,ACTIVE
TTMT,9431490,พอกเข่า,ยาพอกเข่า,ยาพอก,โรงพยาบาลแม่สะเรียง,ACTIVE
TTMT,9431501,แก้ไอผสมมะขามป้อม สูตรตำรับที่ 1,ยาแก้ไอมะขามป้อม,ยาน้ำ,โรงพยาบาลตระการพืชผล,ACTIVE
TTMT,9431517,ขี้ผึ้งไพล สูตรตำรับที่ 1,ขี้ผึ้งไพล ,ขี้ผึ้ง,โรงพยาบาลตระการพืชผล,ACTIVE
TTMT,9431529,ธาตุอบเชย ,ยาธาตุอบเชย ,ยาน้ำ,โรงพยาบาลตระการพืชผล,ACTIVE
TTMT,9431538,น้ำมันเหลือง,น้ำมันเหลือง,ยาเข้าน้ำมัน,โรงพยาบาลตระการพืชผล,ACTIVE
TTMT,9431540,ยาประคบ,ยาประคบ,ยาประคบ,โรงพยาบาลส่งเสริมสุขภาพตำบลบ้านสงเปลือย,ACTIVE
TTMT,9431555,พิมเสนน้ำ,พิมเสนน้ำ,ยาเข้าน้ำมัน,โรงพยาบาลสมเด็จพระยุพราชยะหา,ACTIVE
TTMT,9431564,สเปรย์ตะไคร้หอม,สเปรย์ไล่ยุงตะไคร้หอม,ยาเข้าน้ำมัน,โรงพยาบาลสมเด็จพระยุพราชยะหา,ACTIVE
TTMT,9431572,บำรุงสมอง,ตำรับยาบำรุงสมอง,ยาแคปซูล,โรงพยาบาลพระอาจารย์ฝั้นอาจาโร,ACTIVE
TTMT,9431586,บำรุงตับ,ตำรับยาบำรุงตับ,ยาแคปซูล,โรงพยาบาลพระอาจารย์ฝั้นอาจาโร,ACTIVE
TTMT,9431593,ตำรับยาเบาหวาน,ตำรับยาลดเบาหวาน,ยาแคปซูล,โรงพยาบาลพระอาจารย์ฝั้นอาจาโร,ACTIVE
TTMT,9431604,ตำรับยาบำรุงสายตา,ตำรับยาบำรุงสายตา,ยาแคปซูล,โรงพยาบาลพระอาจารย์ฝั้นอาจาโร,ACTIVE
TTMT,9431615,แก้ไอมะขามป้อม,ยาน้ำแก้ไอมะขามป้อม,ยาน้ำ,โรงพยาบาลสุโขทัย,ACTIVE
TTMT,9431627,ห้าราก / แก้ไข้ห้าราก / แก้วห้าดวง / เบญจโลกวิเชียร ,ยาแก้ไข้ห้ารากแคปซูล,ยาแคปซูล,โรงพยาบาลเสาไห้เฉลิมพระเกียรติ 80 พรรษา,ACTIVE
TTMT,9431636,เขียวหอม,ยาเขียวหอมแคปซูล,ยาแคปซูล,โรงพยาบาลเสาไห้เฉลิมพระเกียรติ 80 พรรษา,ACTIVE
TTMT,9431643,เบญจกูล / พิกัดเบญจกูล,ยาเบญจกูลแคปซูล,ยาแคปซูล,โรงพยาบาลเสาไห้เฉลิมพระเกียรติ 80 พรรษา,ACTIVE
TTMT,9431658,ประสะไพล,ยาประสะไพลแคปซูล,ยาแคปซูล,โรงพยาบาลเสาไห้เฉลิมพระเกียรติ 80 พรรษา,ACTIVE
TTMT,9431662,ปลูกไฟธาตุ,ยาปลูกไฟธาตุแคปซูล,ยาแคปซูล,โรงพยาบาลเสาไห้เฉลิมพระเกียรติ 80 พรรษา,ACTIVE
TTMT,9431670,แก้ไอผสมมะขามป้อม สูตรตำรับที่ 2,ยาแก้ไอผสมมะขามป้อม สูตร 2,ยาน้ำ,โรงพยาบาลเสาไห้เฉลิมพระเกียรติ 80 พรรษา,ACTIVE
TTMT,9431689,ธาตุอบเชย ,ยาธาตุอบเชย,ยาน้ำ,โรงพยาบาลเสาไห้เฉลิมพระเกียรติ 80 พรรษา,ACTIVE
TTMT,9431691,ตรีผลา / พิกัดตรีผลา ,ยาตรีผลาแคปซูล,ยาแคปซูล,โรงพยาบาลเสาไห้เฉลิมพระเกียรติ 80 พรรษา,ACTIVE
TTMT,9431708,ธรณีสันฑะฆาต,ยาธรณีสัณฑฆาตแคปซูล,ยาแคปซูล,โรงพยาบาลเสาไห้เฉลิมพระเกียรติ 80 พรรษา,ACTIVE
TTMT,9431712,ธาตุบรรจบ ,ยาธาตุบรรจบแคปซูล,ยาแคปซูล,โรงพยาบาลเสาไห้เฉลิมพระเกียรติ 80 พรรษา,ACTIVE
TTMT,9431720,บำรุงโลหิต,ยาบำรุงโลหิตแคปซูล,ยาแคปซูล,โรงพยาบาลเสาไห้เฉลิมพระเกียรติ 80 พรรษา,ACTIVE
TTMT,9431731,ประสะมะแว้ง,ยาประสะมะแว้งแคปซูล,ยาแคปซูล,โรงพยาบาลเสาไห้เฉลิมพระเกียรติ 80 พรรษา,ACTIVE
TTMT,9431749,ปราบชมพูทวีป,ยาปราบชมพูทวีปแคปซูล,ยาแคปซูล,โรงพยาบาลเสาไห้เฉลิมพระเกียรติ 80 พรรษา,ACTIVE
TTMT,9431754,ผสมเพชรสังฆาต สูตรตำรับที่ 2,ยาผสมเพชรสังฆาต สูตร 2 แคปซูล,ยาแคปซูล,โรงพยาบาลเสาไห้เฉลิมพระเกียรติ 80 พรรษา,ACTIVE
TTMT,9431765,สหัศธารา,ยาสหัศธาราแคปซูล,ยาแคปซูล,โรงพยาบาลเสาไห้เฉลิมพระเกียรติ 80 พรรษา,ACTIVE
TTMT,9431777,ขี้ผึ้งไพล สูตรตำรับที่ 1,ยาหม่องไพล,ขี้ผึ้ง,โรงพยาบาลเสาไห้เฉลิมพระเกียรติ 80 พรรษา,ACTIVE
TTMT,9431783,หอมเทพจิตร,ยาหอมเทพจิตรแคปซูล,ยาแคปซูล,โรงพยาบาลเสาไห้เฉลิมพระเกียรติ 80 พรรษา,ACTIVE
TTMT,9431796,หอมเทพจิตร,ยาผงยาหอมเทพจิตร,ยาผง,โรงพยาบาลเสาไห้เฉลิมพระเกียรติ 80 พรรษา,ACTIVE
TTMT,9431806,หอมนวโกฐ,ยาผงยาหอมนวโกฐ,ยาผง,โรงพยาบาลเสาไห้เฉลิมพระเกียรติ 80 พรรษา,ACTIVE
TTMT,9431810,หอมนวโกฐ,ยาหอมนวโกฐแคปซูล,ยาแคปซูล,โรงพยาบาลเสาไห้เฉลิมพระเกียรติ 80 พรรษา,ACTIVE
TTMT,9431823,เหลืองปิดสมุทร,ยาเหลืองปิดสมุทรแคปซูล,ยาแคปซูล,โรงพยาบาลเสาไห้เฉลิมพระเกียรติ 80 พรรษา,ACTIVE
TTMT,9431834,อำมฤควาที,ยาอำมฤควาทีแคปซูล,ยาแคปซูล,โรงพยาบาลเสาไห้เฉลิมพระเกียรติ 80 พรรษา,ACTIVE
TTMT,9431847,สเปรย์ลูกประคบแก้ปวด,สเปรย์ลูกประคบแก้ปวด,ยาน้ำ,โรงพยาบาลองครักษ์,ACTIVE
TTMT,9431852,มังสังโอสถ,มังสังโอสถ,ยาเข้าน้ำมัน,โรงพยาบาลส่งเสริมสุขภาพตำบลเทพารักษ์,ACTIVE
TTMT,9431868,หม่องไพล/บาล์มไพล/ไพลบาล์ม / ขี้ผึ้งไพล,ยาหม่องไพล,ขี้ผึ้ง,โรงพยาบาลส่งเสริมสุขภาพตำบลเทพารักษ์,ACTIVE
TTMT,9431875,ดมสมุนไพร,ยาดมหอมรักษ์,ยาดม,โรงพยาบาลส่งเสริมสุขภาพตำบลเทพารักษ์,ACTIVE
TTMT,9431881,ชาไกลโคเฮิร์บ,ชาไกลโคเฮิร์บ,ยาชง,โรงพยาบาลส่งเสริมสุขภาพตำบลเทพารักษ์,ACTIVE
TTMT,9431899,พอกเข่า สูตรเย็น,ยาพอกเข่าสูตรเย็น,ยาพอก,โรงพยาบาลส่งเสริมสุขภาพตำบลเทพารักษ์,ACTIVE
TTMT,9431909,พอกเข่า สูตรร้อน,ยาพอกเข่าสูตรร้อน,ยาพอก,โรงพยาบาลส่งเสริมสุขภาพตำบลเทพารักษ์,ACTIVE
TTMT,9431913,หม่องน้ำ,ยาหม่องน้ำ (Peacepulse),ยาเข้าน้ำมัน,โรงพยาบาลส่งเสริมสุขภาพตำบลเทพารักษ์,ACTIVE
TTMT,9431921,ยาประคบ,ลูกประคบ,ยาประคบ,โรงพยาบาลส่งเสริมสุขภาพตำบลเทพารักษ์,ACTIVE
TTMT,9431932,ชุดอบสมุนไพร,ยาอบสมุนไพร,ยาต้ม,โรงพยาบาลส่งเสริมสุขภาพตำบลเทพารักษ์,ACTIVE
TTMT,9431945,ทับหม้อเกลือ,ยาทับหม้อเกลือ,ยาประคบ,โรงพยาบาลส่งเสริมสุขภาพตำบลเทพารักษ์,ACTIVE
TTMT,9431950,สมุนไพรเผา,ยาเผาหน้าท้อง,อื่นๆ,โรงพยาบาลส่งเสริมสุขภาพตำบลเทพารักษ์,ACTIVE
TTMT,9431966,สเปรย์กระดูกไก่ดำ,สเปรย์กระดูกไก่ดำ,ยาน้ำ,โรงพยาบาลส่งเสริมสุขภาพตำบลเทพารักษ์,ACTIVE
TTMT,9431978,สเปรย์เวนแคร์,สเปรย์เวนแคร์ (VeinCare),ยาน้ำ,โรงพยาบาลส่งเสริมสุขภาพตำบลเทพารักษ์,ACTIVE
TTMT,9431984,ชาชงกระตุ้นน้ำนม,ชามิลค์ฟลอร์ (Milk Flow),ยาชง,โรงพยาบาลส่งเสริมสุขภาพตำบลเทพารักษ์,ACTIVE
TTMT,9431997,น้ำมันไพล,น้ำมันว่านไพล,ยาเข้าน้ำมัน,โรงพยาบาลส่งเสริมสุขภาพตำบลเทพารักษ์,ACTIVE
TTMT,9432007,พอกตา,ยาพอกอายเฮิร์บ (Eye Herb),ยาพอก,โรงพยาบาลส่งเสริมสุขภาพตำบลเทพารักษ์,ACTIVE
TTMT,9432011,หอมนวโกฐ,ยาหอมนวโกฐ ชนิดผง ตราขาวละออ,ยาผง,บริษัท ขาวละออเภสัช จำกัด,ACTIVE
TTMT,9432024,ยาประคบ,ยาประคบ,ยาประคบ,โรงพยาบาลส่งเสริมสุขภาพตำบลบ้านหัวงัว,ACTIVE
TTMT,9432030,ขี้ผึ้งไพล สูตรตำรับที่ 1,ขี้ผึ้งไพล สูตรตำรับที่ 1,ขี้ผึ้ง,โรงพยาบาลส่งเสริมสุขภาพตำบลบ้านหัวงัว,ACTIVE
TTMT,9432048,พอกเข่า,ยาพอกเข่า,ยาผง,โรงพยาบาลส่งเสริมสุขภาพตำบลบ้านหัวงัว,ACTIVE
TTMT,9432053,เขียวหอม,ยาเขียวหอม ตราธงทอง,ยาผง,ห้างธงทองโอสถ,ACTIVE
TTMT,9432069,แคปซูลผสมเถาวัลย์เปรียง,ยาแคปซูลผสมเถาวัลย์เปรียง,ยาแคปซูล,บริษัท เจริญสุขเภสัช (เจริญสุขกรุ๊ป),ACTIVE
TTMT,9432076,ขี้ผึ้งไพล สูตรตำรับที่ 1,Plai balm.,ขี้ผึ้ง,โรงพยาบาลหนองโดน,ACTIVE
TTMT,9432082,จันทน์ลีลา,จันทลีลาแคปซูล,ยาแคปซูล,โรงพยาบาลหนองโดน,ACTIVE
TTMT,9432095,ตรีผลา / พิกัดตรีผลา ,ตรีผลาแคปซูล,ยาแคปซูล,โรงพยาบาลหนองโดน,ACTIVE
TTMT,9432105,ธรณีสันฑะฆาต,ธรณีสันฑะฆาต แคปซูล,ยาแคปซูล,โรงพยาบาลหนองโดน,ACTIVE
TTMT,9432114,ธาตุบรรจบ ,ธาตุบรรจบ แคปซูล,ยาแคปซูล,โรงพยาบาลหนองโดน,ACTIVE
TTMT,9432122,ธาตุอบเชย ,ยาธาตุอบเชย,ยาน้ำ,โรงพยาบาลหนองโดน,ACTIVE
TTMT,9432133,เบญจกูล / พิกัดเบญจกูล,ยาเบญจกูล,ยาแคปซูล,โรงพยาบาลหนองโดน,ACTIVE
TTMT,9432146,ประสะไพล,ยาประสะไพล,ยาแคปซูล,โรงพยาบาลหนองโดน,ACTIVE
TTMT,9432151,ประสะมะแว้ง,ยาประสะมะแว้ง,ยาเม็ด,โรงพยาบาลหนองโดน,ACTIVE
TTMT,9432167,ประสะมะแว้ง,ยาอมประสะมะแว้ง,ยาลูกกลอน,โรงพยาบาลหนองโดน,ACTIVE
TTMT,9432179,ปราบชมพูทวีป,ปราบชมพูทวีปแคปซูล,ยาแคปซูล,โรงพยาบาลหนองโดน,ACTIVE
TTMT,9432180,ผสมเพชรสังฆาต สูตรตำรับที่ 2,ผสมเพชรสังฆาต,ยาแคปซูล,โรงพยาบาลหนองโดน,ACTIVE
TTMT,9432198,ไฟประลัยกัลป์,ยาไฟประลัยกัลป์,ยาแคปซูล,โรงพยาบาลหนองโดน,ACTIVE
TTMT,9432200,ยาประคบ,ลูกประคบ,ยาประคบ,โรงพยาบาลหนองโดน,ACTIVE
TTMT,9432216,หอมทิพโอสถ,ยาหอมทิพโอสถ,ยาผง,โรงพยาบาลหนองโดน,ACTIVE
TTMT,9432228,หอมเทพจิตร,ยาหอมเทพจิตร,ยาผง,โรงพยาบาลหนองโดน,ACTIVE
TTMT,9432237,หอมเทพจิตร,ยาหอมเทพจิตร,ยาเม็ด,โรงพยาบาลหนองโดน,ACTIVE
TTMT,9432244,หอมนวโกฐ,ยาหอมนวโกฐ,ยาผง,โรงพยาบาลหนองโดน,ACTIVE
TTMT,9432259,หอมอินทจักร,ยาหอมอินทจักร,ยาผง,โรงพยาบาลหนองโดน,ACTIVE
TTMT,9432263,ห้าราก / แก้ไข้ห้าราก / แก้วห้าดวง / เบญจโลกวิเชียร ,ยาห้าราก,ยาแคปซูล,โรงพยาบาลหนองโดน,ACTIVE
TTMT,9432271,เหลืองปิดสมุทร,ยาเหลืองปิดสมุทร,ยาแคปซูล,โรงพยาบาลหนองโดน,ACTIVE
TTMT,9432285,อำมฤควาที,ยาอำมฤควาที,ยาผง,โรงพยาบาลหนองโดน,ACTIVE
TTMT,9432292,น้ำมันเถาเอ็นอ่อน,น้ำมันเถาเอ็นอ่อน,ยาเข้าน้ำมัน,โรงพยาบาลหนองโดน,ACTIVE
TTMT,9432302,แก้ไอผสมมะขามป้อม สูตรตำรับที่ 1,ยาน้ำแก้ไอผสมมะขามป้อม สูตรตำรับที่ 1,ยาน้ำ,โรงพยาบาลมหาสารคาม,ACTIVE
TTMT,9432318,แก้ไอผสมมะขามป้อม สูตรตำรับที่ 2,ยาน้ำแก้ไอผสมมะขามป้อม สูตรตำรับที่ 2,ยาน้ำ,โรงพยาบาลมหาสารคาม,ACTIVE
TTMT,9432325,แก้ไอพื้นบ้านอีสาน,ยาน้ำแก้ไอพื้นบ้านอีสาน,ยาน้ำ,โรงพยาบาลมหาสารคาม,ACTIVE
TTMT,9432339,ขี้ผึ้งไพล สูตรตำรับที่ 1,ขี้ผึ้งไพล สูตรตำรับที่ 1,ขี้ผึ้ง,โรงพยาบาลมหาสารคาม,ACTIVE
TTMT,9432341,ขี้ผึ้งไพล สูตรตำรับที่ 2,ขี้ผึ้งไพล  สูตรตำรับที่ 2,ขี้ผึ้ง,โรงพยาบาลมหาสารคาม,ACTIVE
TTMT,9432356,ตรีผลา / พิกัดตรีผลา ,ยาน้ำตรีผลา / พิกัดตรีผลา ,ยาน้ำ,โรงพยาบาลมหาสารคาม,ACTIVE
TTMT,9432360,ตำรับแก้น้ำนมพิการ,ตำรับแก้น้ำนมพิการ,ยาน้ำ,โรงพยาบาลมหาสารคาม,ACTIVE
TTMT,9432373,ธาตุอบเชย ,ยาธาตุอบเชย ,ยาน้ำ,โรงพยาบาลมหาสารคาม,ACTIVE
TTMT,9432387,น้ำมันเหลือง,น้ำมันเหลือง,ยาเข้าน้ำมัน,โรงพยาบาลมหาสารคาม,ACTIVE
TTMT,9432394,ผสมโคคลาน สูตรตำรับที่ 2,ยาน้ำผสมโคคลาน สูตรตำรับที่ 2,ยาต้ม,โรงพยาบาลมหาสารคาม,ACTIVE
TTMT,9432409,ผสมโคคลาน สูตรตำรับที่ 3,ยาน้ำผสมโคคลาน สูตรตำรับที่ 3,ยาต้ม,โรงพยาบาลมหาสารคาม,ACTIVE
TTMT,9432413,หม่องไพล/บาล์มไพล/ไพลบาล์ม / ขี้ผึ้งไพล,จัมปาศรีไพลบาล์ม 50 กรัม,ขี้ผึ้ง,โรงพยาบาลมหาสารคาม,ACTIVE
TTMT,9432421,หม่องไพล/บาล์มไพล/ไพลบาล์ม / ขี้ผึ้งไพล,จัมปาศรีไพลบาล์ม 100 กรัม,ขี้ผึ้ง,โรงพยาบาลมหาสารคาม,ACTIVE
TTMT,9432432,ยาประคบ,ยาประคบสมุนไพร PH HERB,ยาประคบ,โรงพยาบาลโพนพิสัย,ACTIVE
TTMT,9432445,แก้ลมอัมพฤกษ์ ,ยาแก้ลมอัมพฤกษ์ ,ยาผง,โรงพยาบาลห้วยยอด,ACTIVE
TTMT,9432450,แก้ไอผสมมะขามป้อม สูตรตำรับที่ 2,ยาน้ำแก้ไอมะขามป้อม,ยาน้ำ,โรงพยาบาลห้วยยอด,ACTIVE
TTMT,9432466,ขี้ผึ้งไพล สูตรตำรับที่ 1,ไพลบาล์ม,ขี้ผึ้ง,โรงพยาบาลห้วยยอด,ACTIVE
TTMT,9432478,ธรณีสันฑะฆาต,ยาธรณีสันฑะฆาตแคปซูล,ยาแคปซูล,โรงพยาบาลห้วยยอด,ACTIVE
TTMT,9432484,ธรณีสันฑะฆาต,ยาธรณีสันฑะฆาตลูกกลอน,ยาลูกกลอน,โรงพยาบาลห้วยยอด,ACTIVE
TTMT,9432497,ธาตุบรรจบ ,ยาธาตุบรรจบลูกกลอน,ยาลูกกลอน,โรงพยาบาลห้วยยอด,ACTIVE
TTMT,9432506,ธาตุอบเชย ,ยาธาตุอบเชย,ยาน้ำ,โรงพยาบาลห้วยยอด,ACTIVE
TTMT,9432510,บำรุงโลหิต,ยาบำรุงโลหิตแคปซูล,ยาแคปซูล,โรงพยาบาลห้วยยอด,ACTIVE
TTMT,9432523,เบญจกูล / พิกัดเบญจกูล,ยาเบญจกูลแคปซูล,ยาแคปซูล,โรงพยาบาลห้วยยอด,ACTIVE
TTMT,9432534,เบญจกูล / พิกัดเบญจกูล,ยาเบยกูลชนิดลูกกลอน,ยาลูกกลอน,โรงพยาบาลห้วยยอด,ACTIVE
TTMT,9432547,ประสะกะเพรา,ยาประสะกระเพราแคปซูล,ยาแคปซูล,โรงพยาบาลห้วยยอด,ACTIVE
TTMT,9432552,ประสะกานพลู,ยาประสะกานพลูแคปซูล,ยาแคปซูล,โรงพยาบาลห้วยยอด,ACTIVE
TTMT,9432568,ประสะจันทน์แดง ,ยาประสะจันทร์แคปซูล,ยาแคปซูล,โรงพยาบาลห้วยยอด,ACTIVE
TTMT,9432575,ประสะเจตพังคี,ยาประสะเจตพังคีแคปซูล,ยาแคปซูล,โรงพยาบาลห้วยยอด,ACTIVE
TTMT,9432581,ประสะเปราะใหญ่,ยาประสะเปราะใหญ่แคปซูล,ยาแคปซูล,โรงพยาบาลห้วยยอด,ACTIVE
TTMT,9432599,ประสะไพล,ยาประสะไพลลูกกลอน,ยาลูกกลอน,โรงพยาบาลห้วยยอด,ACTIVE
TTMT,9432608,ประสะมะแว้ง,ยาอมประสะมะแว้ง,ยาเม็ด,โรงพยาบาลห้วยยอด,ACTIVE
TTMT,9432612,ประสะมะแว้ง,ยาอมแก้ไอประสะมะแว้ง,ยาลูกกลอน,โรงพยาบาลห้วยยอด,ACTIVE
TTMT,9432620,ปราบชมพูทวีป,ยาปราบชมพูทวีปแคปซูล,ยาแคปซูล,โรงพยาบาลห้วยยอด,ACTIVE
TTMT,9432631,ปราบชมพูทวีป,ยาปราบชมพูทวีปชนิดลูกกลอน,ยาลูกกลอน,โรงพยาบาลห้วยยอด,ACTIVE
TTMT,9432649,ปลูกไฟธาตุ,ยาปลูกไฟธาตุแคปซูล,ยาแคปซูล,โรงพยาบาลห้วยยอด,ACTIVE
TTMT,9432654,ปลูกไฟธาตุ,ยาลูกกลอนปลูกไฟธาตุ,ยาลูกกลอน,โรงพยาบาลห้วยยอด,ACTIVE
TTMT,9432665,ผสมเพชรสังฆาต สูตรตำรับที่ 1,ยาเพชรสังฆาต สูตร 1,ยาแคปซูล,โรงพยาบาลห้วยยอด,ACTIVE
TTMT,9432677,ไฟประลัยกัลป์,ยาไฟประลัยกัลป์แคปซูล,ยาแคปซูล,โรงพยาบาลห้วยยอด,ACTIVE
TTMT,9432683,ไฟห้ากอง ,ยาไฟห้ากองแคปซูล,ยาแคปซูล,โรงพยาบาลห้วยยอด,ACTIVE
TTMT,9432696,มหาจักรใหญ่,ยามหาจักรใหญ่แคปซูล,ยาแคปซูล,โรงพยาบาลห้วยยอด,ACTIVE
TTMT,9432704,ริดสีดวงมหากาฬ (ตำรับในระบบทางเดินอาหารส่วนกลางและส่วนปลาย),ยาริดสีดวงมหากาฬชนิดลูกกลอน,ยาลูกกลอน,โรงพยาบาลห้วยยอด,ACTIVE
TTMT,9432715,เลือดงาม,ยาเลือดงามแคปซูล,ยาแคปซูล,โรงพยาบาลห้วยยอด,ACTIVE
TTMT,9432727,หอมทิพโอสถ,ยาหอมทิพโอสถ,ยาผง,โรงพยาบาลห้วยยอด,ACTIVE
TTMT,9432736,หอมเทพจิตร,ยาหอมเทพจิตรชนิดเม็ด,ยาเม็ด,โรงพยาบาลห้วยยอด,ACTIVE
TTMT,9432743,หอมอินทจักร,ยาหอมอินทจักร,ยาผง,โรงพยาบาลห้วยยอด,ACTIVE
TTMT,9432758,ห้าราก / แก้ไข้ห้าราก / แก้วห้าดวง / เบญจโลกวิเชียร ,ยาเบญจโลกวิเชียรแคปซูล,ยาแคปซูล,โรงพยาบาลห้วยยอด,ACTIVE
TTMT,9432762,อำมฤควาที,ยาเม็ดอมแก้ไออมฤควาที,ยาลูกกลอน,โรงพยาบาลห้วยยอด,ACTIVE
TTMT,9432770,โลชั่นตะไคร้หอม,โลชั่นกันยุงตะไคร้หอม,ยาน้ำ,โรงพยาบาลห้วยยอด,ACTIVE
TTMT,9432789,บำรุงน้ำนม,ยาบำรุงน้ำนม,ยาผง,โรงพยาบาลห้วยยอด,ACTIVE
TTMT,9432791,พอกเข่า,ยาพอกเข่า,ยาผง,โรงพยาบาลห้วยยอด,ACTIVE
TTMT,9432801,น้ำมันไพล,น้ำมันไพล,ยาเข้าน้ำมัน,โรงพยาบาลสรรคบุรี,ACTIVE
TTMT,9432817,ธาตุอบเชย ,ธาตุอบเชย ,ยาน้ำ,โรงพยาบาลสรรคบุรี,ACTIVE
TTMT,9432829,หอมนวโกฐ,หอมนวโกฐ,ยาผง,โรงพยาบาลวังจันทร์,ACTIVE
TTMT,9432838,เลือดงาม,ยาเลือดงามแคปซูล,ยาแคปซูล,โรงพยาบาลกาบเชิง,ACTIVE
TTMT,9432840,เลือดงาม,ยาเลือดงามแคปซูล,ยาแคปซูล,โรงพยาบาลกาบเชิง,ACTIVE
TTMT,9432855,ยาประคบ,ยาประคบแห้ง,ยาประคบ,โรงพยาบาลคอนสาร,ACTIVE
TTMT,9432864,มะขามแขก,ยาเซนน่า ชนิดเม็ด YA SENNA TABLET,ยาเม็ด,ห้างหุ้นส่วนจำกัด ไทยรุ่งเรืองฟาร์มาซูติคอล,ACTIVE
TTMT,9432872,ฟ้าทะลายโจร,พลทิพย์,ยาลูกกลอน,โรงพยาบาลพล,ACTIVE
TTMT,9432886,กล้วย,ยากล้วยโรงพยาบาลท่าฉาง,ยาแคปซูล,โรงพยาบาลท่าฉาง,ACTIVE
TTMT,9432893,สารสกัดกระชายดำ,มูก้า 90 มก.,ยาเม็ด,บริษัท แก้วมังกรเภสัช จำกัด,ACTIVE
TTMT,9432903,สารสกัดกระชายดำ,มูก้า 180 มก.,ยาเม็ด,บริษัท แก้วมังกรเภสัช จำกัด,ACTIVE
TTMT,9432919,รางจืด,ยาชงรางจืด,ยาชง,บริษัท ขาวละออเภสัช จำกัด,ACTIVE
TTMT,9432926,น้ำมันไพล,น้ำมันไพล (Plai Oil),ยาเข้าน้ำมัน,โรงพยาบาลจัตุรัส,ACTIVE
TTMT,9432935,พญายอ,พญายอกลีเซอรีน,สารละลายสำหรับป้ายปาก,โรงพยาบาลจัตุรัส,ACTIVE
TTMT,9432942,พญายอ,พญายอกลีเซอรีน,สารละลายสำหรับป้ายปาก,โรงพยาบาลจัตุรัส,ACTIVE
TTMT,9432957,เถาวัลย์เปรียง,ยาเถาวัลย์เปรียง,ยาแคปซูล,โรงพยาบาลละงู,ACTIVE
TTMT,9432961,ฟ้าทะลายโจร,ยาฟ้าทะลายโจร,ยาแคปซูล,โรงพยาบาลละงู,ACTIVE
TTMT,9432974,กล้วย,ยากล้วย,ยาผง,โรงพยาบาลบางกระทุ่ม,ACTIVE
TTMT,9432988,ชุมเห็ดเทศ,ชุมเห็ดเทศยาชง,ยาชง,โรงพยาบาลบางกระทุ่ม,ACTIVE
TTMT,9432990,เถาวัลย์เปรียง,เถาวัลย์เปรียงแคปซูล,ยาแคปซูล,โรงพยาบาลบางกระทุ่ม,ACTIVE
TTMT,9433002,บัวบก,บัวบกแคปซูล,ยาแคปซูล,โรงพยาบาลบางกระทุ่ม,ACTIVE
TTMT,9433018,ฟ้าทะลายโจร,ฟ้าทะลายโจรลูกกลอน,ยาลูกกลอน,โรงพยาบาลบางกระทุ่ม,ACTIVE
TTMT,9433025,ขมิ้นชัน,ขมิ้นชันลูกกลอน,ยาลูกกลอน,โรงพยาบาลบางกระทุ่ม,ACTIVE
TTMT,9433039,ใบเตย,ใบเตยยาชง,ยาชง,โรงพยาบาลบางกระทุ่ม,ACTIVE
TTMT,9433041,พลูคาว,พลูคาวแคปซูล,ยาแคปซูล,โรงพยาบาลบางกระทุ่ม,ACTIVE
TTMT,9433056,น้ำมันไพล,สามพรานเฮิร์บไพลน้ำ,ยาเข้าน้ำมัน,โรงพยาบาลสามพราน,ACTIVE
TTMT,9433060,ว่านหางจระเข้,สามพรานเฮิร์บ ว่านหางจระเข้เจล,เจล,โรงพยาบาลสามพราน,ACTIVE
TTMT,9433073,เก๊กฮวย,โนเกรน NO Graine,ยาผง,บริษัท แสงสว่างตราค้างคาว จำกัด,ACTIVE
TTMT,9433087,ฟ้าทะลายโจร,ยาฟ้าทะลายโจร ชนิดแคปซูล ตราไบโอทานิค,ยาแคปซูล,บริษัท โควิก เคทท์ อินเตอร์เนชั่นแนล (ประเทศไทย) จำกัด,ACTIVE
TTMT,9433094,ขมิ้นชัน,ยาแคปซูลขมิ้นชัน ตราไบโอทานิค TURMERIC CAPSULE CAPSULE BIOTANIC BRAND,ยาแคปซูล,บริษัท โควิก เคทท์ อินเตอร์เนชั่นแนล (ประเทศไทย) จำกัด,ACTIVE
TTMT,9433104,ไพล,ไพลทานอยด์ / PLAITANOIDS,ครีม,บริษัท โควิก เคทท์ อินเตอร์เนชั่นแนล (ประเทศไทย) จำกัด,ACTIVE
TTMT,9433115,มังคุด/เปลือกมังคุด,ยาเปลือกมังคุด,ยาน้ำ,โรงพยาบาลเพ็ญ,ACTIVE
TTMT,9433127,พญายอ,คาลาไมน์พญายอ,โลชั่น,มูลนิธิ โรงพยาบาลเจ้าพระยาอภัยภูเบศร,ACTIVE
TTMT,9433136,น้ำมันไพล,น้ำมันไพล,ยาเข้าน้ำมัน,โรงพยาบาลปางมะผ้า,ACTIVE
TTMT,9433143,ขมิ้นชัน,ทิงเจอร์สมุนไพรขมิ้นชัน,ทิงเจอร์,โรงพยาบาลปางมะผ้า,ACTIVE
TTMT,9433158,มังคุด/เปลือกมังคุด,ทิงเจอร์สมุนไพรเปลือกมังคุด,ทิงเจอร์,โรงพยาบาลปางมะผ้า,ACTIVE
TTMT,9433162,เหงือกปลาหมอ,ทิงเจอร์สมุนไพรเหงือกปลาหมอ,ทิงเจอร์,โรงพยาบาลปางมะผ้า,ACTIVE
TTMT,9433170,น้ำมันไพล,น้ำมันไพล,ยาเข้าน้ำมัน,โรงพยาบาลละงู,ACTIVE
TTMT,9433189,พญายอ,ยาหม่องเสลดพังพอน,ขี้ผึ้ง,สถานีอนามัยสุเทพ,ACTIVE
TTMT,9433191,น้ำมันไพล,น้ำมันเพ็ญไพล,ยาเข้าน้ำมัน,โรงพยาบาลเพ็ญ,ACTIVE
TTMT,9433209,น้ำมันไพล,น้ำมันไพล,ยาเข้าน้ำมัน,โรงพยาบาลส่งเสริมสุขภาพตำบลเสม็ดใต้,ACTIVE
TTMT,9433213,ประสะไพล,ยาแคปซูลประสะไพล 500 มิลลิกรัม ตราทีเอฟดี,ยาแคปซูล,บริษัท ไทยเอฟดี จำกัด,ACTIVE
TTMT,9433221,เบญจกูล / พิกัดเบญจกูล,ยาเบญจกูล,ยาแคปซูล,โรงพยาบาลบางกระทุ่ม,ACTIVE
TTMT,9433232,สเปรย์พ่นคอจากสารสกัดฟ้าทะลายโจร,ANDRO SPRAY,ยาน้ำ,โรงพยาบาลเจ้าพระยาอภัยภูเบศร,ACTIVE
TTMT,9433245,หอมแก้ลมวิงเวียน,ยาหอมแก้ลมวิงเวียน,ยาผง,โรงพยาบาลวังน้ำเย็น,ACTIVE
TTMT,9433250,ตำรับเมตตาโอสถ สูตร 2,DTAM METTA OSOT PLUS ดีแทม ตำรับเมตตาโอสถ พลัส กรมการแพทย์แผนไทยและการแพทย์ทางเลือก,ยาเข้าน้ำมัน,กองพัฒนายาแผนไทยและสมุนไพร กรมการแพทย์แผนไทยและการแพทย์ทางเลือก,ACTIVE
TTMT,9433266,ผสมเพชรสังฆาต สูตรตำรับที่ 2,ยาผสมเพชรสังฆาต ชนิดแคปซูล,ยาแคปซูล,บริษัท แก้วมังกรเภสัช จำกัด,ACTIVE
TTMT,9433278,แก้นอนไม่หลับ / แก้เครียด,ยาแก้นอนไม่หลับ ชนิดแคปซูล,ยาแคปซูล,บริษัท เจริญสุขเภสัช (เจริญสุขกรุ๊ป),ACTIVE
TTMT,9433284,แก้ลมแก้เส้น,ยาแก้ลมแก้เส้น ชนิดแคปซูล,ยาแคปซูล,บริษัท เจริญสุขเภสัช (เจริญสุขกรุ๊ป),ACTIVE
TTMT,9433297,ศุขไสยาศน์,ยาศุขไสยาศน์ ชนิดแคปซูล,ยาแคปซูล,บริษัท เจริญสุขเภสัช (เจริญสุขกรุ๊ป),ACTIVE
TTMT,9433307,ต้มแก้ปวด คลายเส้น สูตร รพ.กาฬสินธุ์,เบญจกายคลายเส้น,ยาต้ม,โรงพยาบาลกาฬสินธุ์,ACTIVE
TTMT,9433311,ต้มแก้หวัด คัดจมูก สูตร รพ.กาฬสินธุ์,ชื่นอรุณโอสถ,ยาต้ม,โรงพยาบาลกาฬสินธุ์,ACTIVE
TTMT,9433324,ต้มแก้อาการนอนไม่หลับ ลดความเครียด สูตร รพ.กาฬสินธุ์,บุษบานิทรา,ยาต้ม,โรงพยาบาลกาฬสินธุ์,ACTIVE
TTMT,9433330,พอกเข่า สูตรร้อน,อัคนีโอสถ (สูตรร้อน),ยาพอก,โรงพยาบาลกาฬสินธุ์,ACTIVE
TTMT,9433348,พอกเข่า สูตรเย็น,ยาเย็นโอสถ  (สูตรเย็น),ยาพอก,โรงพยาบาลกาฬสินธุ์,ACTIVE
TTMT,9433353,ยาประคบ,ยาลูกประคบสมุนไพร,ยาประคบ,โรงพยาบาลบ้านลาด,ACTIVE
TTMT,9433369,พอกสมุนไพร,ยาพอกสมุนไพร PH HERB ,ยาพอก,โรงพยาบาลโพนพิสัย,ACTIVE
TTMT,9433376,พอก สูตรร้อน,แผ่นพอกร้อน,ยาพอก,โรงพยาบาลห้วยคต,ACTIVE
TTMT,9433382,พอก สูตรเย็น,ยาพอกเย็น,ยาพอก,โรงพยาบาลห้วยคต,ACTIVE
TTMT,9433395,อมอดบุหรี่,ยาอมเลิกบุหรี่,ยาเม็ด,โรงพยาบาลห้วยคต,ACTIVE
TTMT,9433400,ตรีผลา / พิกัดตรีผลา ,ยาตรีผลา,ยาแคปซูล,โรงพยาบาลสอง,ACTIVE
TTMT,9433416,ธาตุบรรจบ ,ยาธาตุบรรจบ ,ยาแคปซูล,โรงพยาบาลสอง,ACTIVE
TTMT,9433428,หอมนวโกฐ,ยาหอมนวโกฐ,ยาผง,โรงพยาบาลสอง,ACTIVE
TTMT,9433437,จันทน์ลีลา,ยาจันทน์ลีลา,ยาแคปซูล,โรงพยาบาลละงู,ACTIVE
TTMT,9433444,สหัศธารา,ยาสหัศธารา,ยาแคปซูล,โรงพยาบาลละงู,ACTIVE
TTMT,9433459,เหลืองปิดสมุทร,ยาเหลืองปิดสมุทร,ยาแคปซูล,โรงพยาบาลละงู,ACTIVE
TTMT,9433463,เบญจกูล / พิกัดเบญจกูล,ยาเบญจกูล,ยาแคปซูล,โรงพยาบาลละงู,ACTIVE
TTMT,9433471,ปราบชมพูทวีป,ยาปราบชมพูทวีป,ยาแคปซูล,โรงพยาบาลละงู,ACTIVE
TTMT,9433485,หอมเทพจิตร,ยาหอมเทพจิตร,ยาผง,โรงพยาบาลละงู,ACTIVE
TTMT,9433492,หอมนวโกฐ,ยาหอมนวโกฐ,ยาผง,โรงพยาบาลละงู,ACTIVE
TTMT,9433503,ประสะไพล,ยาประสะไพล,ยาลูกกลอน,โรงพยาบาลละงู,ACTIVE
TTMT,9433519,หอมเทพจิตร,ยาหอมเทพจิตร,ยาผง,โรงพยาบาลบางกระทุ่ม,ACTIVE
TTMT,9433526,พอกเข่า,ยาพอกเข่า,ยาพอก,โรงพยาบาลบางกระทุ่ม,ACTIVE
TTMT,9433535,แช่เท้า,ยาแช่เท้า,ยาต้ม,โรงพยาบาลบางกระทุ่ม,ACTIVE
TTMT,9433542,ธรณีสันฑะฆาต,ยาธรณีสันฑะฆาต,ยาแคปซูล,โรงพยาบาลบางกระทุ่ม,ACTIVE
TTMT,9433557,เขียวหอม,ยาเขียวหอม,ยาผง,โรงพยาบาลบางกระทุ่ม,ACTIVE
TTMT,9433561,จันทน์ลีลา,จันทลีลาแคปซูล,ยาแคปซูล,โรงพยาบาลบางกระทุ่ม,ACTIVE
TTMT,9433574,ห้าราก / แก้ไข้ห้าราก / แก้วห้าดวง / เบญจโลกวิเชียร ,ห้ารากแคปซูล,ยาแคปซูล,โรงพยาบาลบางกระทุ่ม,ACTIVE
TTMT,9433588,กล้วยขมิ้น,กล้วยลูกกลอน,ยาลูกกลอน,โรงพยาบาลบางกระทุ่ม,ACTIVE
TTMT,9433590,ยาประคบ,ยาประคบ,ยาประคบ,โรงพยาบาลส่งเสริมสุขภาพตำบลบ้านอุทัยวรรณ,ACTIVE
TTMT,9433601,ขี้ผึ้งไพล สูตรตำรับที่ 1,ขี้ผึ้งไพล สูตรตำรับที่ 1,ขี้ผึ้ง,โรงพยาบาลส่งเสริมสุขภาพตำบลบ้านอุทัยวรรณ,ACTIVE
TTMT,9433617,พอกเข่า,ยาพอกเข่า,ยาพอก,โรงพยาบาลส่งเสริมสุขภาพตำบลบ้านอุทัยวรรณ,ACTIVE
TTMT,9433629,ยาประคบ,ยาประคบ (แห้ง),ยาประคบ,สถานีอนามัยสุเทพ,ACTIVE
TTMT,9433638,ขี้ผึ้งไพล สูตรตำรับที่ 1,ยาหม่องไพล,ขี้ผึ้ง,สถานีอนามัยสุเทพ,ACTIVE
TTMT,9433640,ขี้ผึ้งไพล สูตรตำรับที่ 1,สามพรานเฮิร์บไพลขี้ผึ้ง,ขี้ผึ้ง,โรงพยาบาลสามพราน,ACTIVE
TTMT,9433655,ขี้ผึ้งไพล สูตรตำรับที่ 1,สามพรานเฮิร์บไพลขี้ผึ้ง,ขี้ผึ้ง,โรงพยาบาลสามพราน,ACTIVE
TTMT,9433664,สเปรย์กระดูกไก่ดำ,ยาสเปรย์กระดูกไก่ดำ ทรายขาว เฮอร์บ,ยาเข้าน้ำมัน,โรงพยาบาลส่งเสริมสุขภาพตำบลทรายขาว จ.เลย,ACTIVE
TTMT,9433672,ขี้ผึ้งไพล สูตรตำรับที่ 1,ขี้ผึ้งไพล สูตรตำรับที่ 1,ขี้ผึ้ง,โรงพยาบาลส่งเสริมสุขภาพตำบลบ้านสงเปลือย,ACTIVE
TTMT,9433686,พอกเข่า,ยาพอกเข่า,ยาผง,โรงพยาบาลส่งเสริมสุขภาพตำบลบ้านสงเปลือย,ACTIVE
TTMT,9433693,จันทน์ลีลา,ยาจันทน์ลีลา ชนิดแคปซูล ตราไบโอทานิค / JANTALEELA CAPSULE BIOTANIC BRAND,ยาแคปซูล,บริษัท โควิก เคทท์ อินเตอร์เนชั่นแนล (ประเทศไทย) จำกัด,ACTIVE
TTMT,9433705,พอกเข่าสมุนไพร,ยาพอกเข่าสมุนไพร,ยาพอก,โรงพยาบาลนิคมพัฒนา,ACTIVE
TTMT,9433714,พอกเข่าสมุนไพร,ยาพอกเข่า เบญจอัคคี,ยาพอก,โรงพยาบาลอุดรธานี,ACTIVE
TTMT,9433722,หอมเทพจิตร,ยาหอมเทพจิตร 15 กรัม,ยาผง,โรงพยาบาลอุดรธานี,ACTIVE
TTMT,9433733,หอมนวโกฐ,ยาหอมนวโกฐ 15 กรัม,ยาผง,โรงพยาบาลอุดรธานี,ACTIVE
TTMT,9433746,อำมฤควาที,ยาผงอำมฤควาที 15 กรัม,ยาผง,โรงพยาบาลอุดรธานี,ACTIVE
TTMT,9433751,ดมสมุนไพร,"ยาดมสมุนไพร ตรา การบูร/
HERBAL INHALER KARABOON BRAND",ยาดม,บริษัท ไทยเอฟดี จำกัด,ACTIVE
TTMT,9433767,ดมสมุนไพร,"ยาดมสมุนไพร ตรา การบูร/
HERBAL INHALER KARABOON BRAND",ยาดม,บริษัท ไทยเอฟดี จำกัด,ACTIVE
TTMT,9433779,ดมสมุนไพร,"ยาดมสมุนไพร ตรา การบูร/
HERBAL INHALER KARABOON BRAND",ยาดม,บริษัท ไทยเอฟดี จำกัด,ACTIVE
TTMT,9433780,ดมสมุนไพร,"ยาดมสมุนไพร ตรา การบูร/
HERBAL INHALER KARABOON BRAND",ยาดม,บริษัท ไทยเอฟดี จำกัด,ACTIVE
TTMT,9433798,ดมสมุนไพร,"ยาดมสมุนไพร ตรา การบูร/
HERBAL INHALER KARABOON BRAND",ยาดม,บริษัท ไทยเอฟดี จำกัด,ACTIVE
TTMT,9433808,ดมสมุนไพร,"ยาดมสมุนไพร ตรา การบูร/
HERBAL INHALER KARABOON BRAND",ยาดม,บริษัท ไทยเอฟดี จำกัด,ACTIVE
TTMT,9433812,ดมสมุนไพร,"ยาดมสมุนไพร ตรา การบูร/
HERBAL INHALER KARABOON BRAND",ยาดม,บริษัท ไทยเอฟดี จำกัด,ACTIVE
TTMT,9433820,พอกเข่า,ยาปรุงพอกเข่า,ยาพอก,โรงพยาบาลรัตนวาปี,ACTIVE
TTMT,9433831,พิมเสนน้ำ,ยาดมพิมเสนน้ำ,ยาดม,โรงพยาบาลรัตนวาปี,ACTIVE
TTMT,9433849,ขี้ผึ้งไพล สูตรตำรับที่ 1,ขี้ผึ้งเพ็ญไพล,ขี้ผึ้ง,โรงพยาบาลเพ็ญ,ACTIVE
TTMT,9433854,ยาประคบ,ยาประคบ,ยาประคบ,โรงพยาบาลเพ็ญ,ACTIVE
TTMT,9433865,ขี้ผึ้งไพล สูตรตำรับที่ 1,ยาหม่องไพล,ขี้ผึ้ง,โรงพยาบาลปางมะผ้า,ACTIVE
TTMT,9433877,ยาประคบ,ลูกประคบสมุนไพร,ยาประคบ,โรงพยาบาลปางมะผ้า,ACTIVE
TTMT,9433883,อบสมุนไพร,ยาอบสมุนไพร,ยาต้ม,โรงพยาบาลปางมะผ้า,ACTIVE
TTMT,9433896,ดมสมุนไพร,ยาดมสมุนไพร,ยาดม,โรงพยาบาลปางมะผ้า,ACTIVE
TTMT,9433906,ทับหม้อเกลือ,ยาทับหม้อเกลือ,ยาประคบ,โรงพยาบาลปางมะผ้า,ACTIVE
TTMT,9433910,พอกสมุนไพร,ยาพอกสมุนไพร,ยาพอก,โรงพยาบาลปางมะผ้า,ACTIVE
TTMT,9433923,น้ำมันเขียว,น้ำมันเขียวสมุนไพร,ยาเข้าน้ำมัน,โรงพยาบาลปางมะผ้า,ACTIVE
TTMT,9433934,ทิงเจอร์ทองพันชั่ง,ยาทิงเจอร์ทองพันชั่ง(รพ.),ทิงเจอร์,โรงพยาบาลจะนะ,ACTIVE
TTMT,9433947,ทิงเจอร์ทองพันชั่ง,ยาทองพันชั่งคุณหลวง,ทิงเจอร์,โรงพยาบาลธวัชบุรี,ACTIVE
TTMT,9433952,ทิงเจอร์ทองพันชั่ง,ทิงเจอร์ทองพันชั่ง,ทิงเจอร์,โรงพยาบาลหนองฉาง,ACTIVE
TTMT,9433968,ไพล,ครีมไพล,ครีม,มูลนิธิ โรงพยาบาลเจ้าพระยาอภัยภูเบศร,ACTIVE
TTMT,9433975,ไพล,ไพลวาน่า (PLAIVANA),ครีม,บริษัท บางกอกแล็ป แอนด์ คอสเมติค จำกัด,ACTIVE
TTMT,9433981,ไพล,ไพลวาน่า (PLAIVANA),ครีม,บริษัท บางกอกแล็ป แอนด์ คอสเมติค จำกัด,ACTIVE
TTMT,9433999,ไพล,ไพลวาน่า (PLAIVANA),ครีม,บริษัท บางกอกแล็ป แอนด์ คอสเมติค จำกัด,ACTIVE
TTMT,9434008,ไพล,ไพลวาน่า (PLAIVANA),ครีม,บริษัท บางกอกแล็ป แอนด์ คอสเมติค จำกัด,ACTIVE
TTMT,9434012,ไพล,ไพลวาน่า (PLAIVANA),ครีม,บริษัท บางกอกแล็ป แอนด์ คอสเมติค จำกัด,ACTIVE
TTMT,9434020,ไพล,ไพลวาน่า (PLAIVANA),ครีม,บริษัท บางกอกแล็ป แอนด์ คอสเมติค จำกัด,ACTIVE
TTMT,9434031,ไพล,ไพลวาน่า (กลิ่นบัวหลวง)  PLAIVANA (LOTUS ODOR),ครีม,บริษัท บางกอกแล็ป แอนด์ คอสเมติค จำกัด,ACTIVE
TTMT,9434049,ไพล,ไพลวาน่า (กลิ่นบัวหลวง)  PLAIVANA (LOTUS ODOR),ครีม,บริษัท บางกอกแล็ป แอนด์ คอสเมติค จำกัด,ACTIVE
TTMT,9434054,ไพล,ครีมไพล,ครีม,โรงพยาบาลสมเด็จพระยุพราชสายบุรี,ACTIVE
TTMT,9434065,ไพล,ยาครีมผสมไพล,ครีม,บริษัท สเปเชียลตี้ อินโนเวชั่น จำกัด,ACTIVE
TTMT,9434077,ไพล,ยาครีมผสมไพล,ครีม,บริษัท สเปเชียลตี้ อินโนเวชั่น จำกัด,ACTIVE
TTMT,9434083,ไพล,ยาครีมผสมไพล,ครีม,บริษัท สเปเชียลตี้ อินโนเวชั่น จำกัด,ACTIVE
TTMT,9434096,ไพล,ยาครีมผสมไพล,ครีม,บริษัท สเปเชียลตี้ อินโนเวชั่น จำกัด,ACTIVE
TTMT,9434106,ไพล,ยาครีมผสมไพล,ครีม,บริษัท สเปเชียลตี้ อินโนเวชั่น จำกัด,ACTIVE
TTMT,9434110,ไพล,ยาครีมผสมไพล,ครีม,บริษัท สเปเชียลตี้ อินโนเวชั่น จำกัด,ACTIVE
TTMT,9434123,ไพล,ยาครีมผสมไพล,ครีม,บริษัท สเปเชียลตี้ อินโนเวชั่น จำกัด,ACTIVE
TTMT,9434134,ไพล,ยาครีมผสมไพล,ครีม,บริษัท สเปเชียลตี้ อินโนเวชั่น จำกัด,ACTIVE
TTMT,9434147,ไพล,ยาครีมผสมไพล,ครีม,บริษัท พรีราน่าเนเจอร์ จำกัด,ACTIVE
TTMT,9434152,ไพล,ยาครีมผสมไพล,ครีม,บริษัท พรีราน่าเนเจอร์ จำกัด,ACTIVE
TTMT,9434168,ไพล,ยาครีมผสมไพล,ครีม,บริษัท พรีราน่าเนเจอร์ จำกัด,ACTIVE
TTMT,9434175,ไพล,ยาครีมผสมไพล,ครีม,บริษัท พรีราน่าเนเจอร์ จำกัด,ACTIVE
TTMT,9434181,ไพล,SAOHAI HERBAL,ครีม,โรงพยาบาลเสาไห้เฉลิมพระเกียรติ 80 พรรษา,ACTIVE
TTMT,9434199,น้ำมันไพล,ยาน้ำมันไพล,ยาเข้าน้ำมัน,โรงพยาบาลนิคมน้ำอูน,ACTIVE
TTMT,9434201,น้ำมันไพล,น้ำมันไพล,ยาเข้าน้ำมัน,โรงพยาบาลพระอาจารย์ฝั้นอาจาโร,ACTIVE
TTMT,9434217,น้ำมันไพล,น้ำมันไพลห้วยเฮิร์บ,ยาเข้าน้ำมัน,โรงพยาบาลห้วยทับทัน,ACTIVE
TTMT,9434229,น้ำมันไพล,พลทิพย์,ยาเข้าน้ำมัน,โรงพยาบาลพล,ACTIVE
TTMT,9434238,น้ำมันไพล,น้ำมันไพล,ยาเข้าน้ำมัน,โรงพยาบาลขุนหาญ,ACTIVE
TTMT,9434240,พญายอ,ทิงเจอร์พญายอคุณหลวง,ทิงเจอร์,โรงพยาบาลธวัชบุรี,ACTIVE
TTMT,9434255,พญายอ,ครีมพญายอ ตราไทรทอง,ครีม,บริษัท ซีโนฟาร์ม(ไทย) จำกัด,ACTIVE
TTMT,9434264,พญายอ,ครีมพญายอ ตราไทรทอง,ครีม,บริษัท ซีโนฟาร์ม(ไทย) จำกัด,ACTIVE
TTMT,9434272,พญายอ,ครีมพญายอ ตราไทรทอง,ครีม,บริษัท ซีโนฟาร์ม(ไทย) จำกัด,ACTIVE
TTMT,9434286,พญายอ,ครีมพญายอ ตราไทรทอง,ครีม,บริษัท ซีโนฟาร์ม(ไทย) จำกัด,ACTIVE
TTMT,9434293,พญายอ,ครีมพญายอ ตราไทรทอง,ครีม,บริษัท ซีโนฟาร์ม(ไทย) จำกัด,ACTIVE
TTMT,9434303,พญายอ,ครีมพญายอ ตราไทรทอง,ครีม,บริษัท ซีโนฟาร์ม(ไทย) จำกัด,ACTIVE
TTMT,9434319,พญายอ,ครีมพญายอ ตราไทรทอง,ครีม,บริษัท ซีโนฟาร์ม(ไทย) จำกัด,ACTIVE
TTMT,9434326,พญายอ,ครีมพญายอ ตราไทรทอง,ครีม,บริษัท ซีโนฟาร์ม(ไทย) จำกัด,ACTIVE
TTMT,9434335,พญายอ,ครีมพญายอ ตราไทรทอง,ครีม,บริษัท ซีโนฟาร์ม(ไทย) จำกัด,ACTIVE
TTMT,9434342,พญายอ,ครีมพญายอ ตราไทรทอง,ครีม,บริษัท ซีโนฟาร์ม(ไทย) จำกัด,ACTIVE
TTMT,9434357,พญายอ,ยากลีเซอรีนพญายอ ตราไทรทอง,สารละลายสำหรับป้ายปาก,บริษัท ซีโนฟาร์ม(ไทย) จำกัด,ACTIVE
TTMT,9434361,พญายอ,ยากลีเซอรีนพญายอ ตราไทรทอง,สารละลายสำหรับป้ายปาก,บริษัท ซีโนฟาร์ม(ไทย) จำกัด,ACTIVE
TTMT,9434374,พญายอ,ยากลีเซอรีนพญายอ ตราไทรทอง,สารละลายสำหรับป้ายปาก,บริษัท ซีโนฟาร์ม(ไทย) จำกัด,ACTIVE
TTMT,9434388,พญายอ,ยากลีเซอรีนพญายอ ตราไทรทอง,สารละลายสำหรับป้ายปาก,บริษัท ซีโนฟาร์ม(ไทย) จำกัด,ACTIVE
TTMT,9434390,พญายอ,ยากลีเซอรีนพญายอ ตราไทรทอง,สารละลายสำหรับป้ายปาก,บริษัท ซีโนฟาร์ม(ไทย) จำกัด,ACTIVE
TTMT,9434405,พญายอ,ยากลีเซอรีนพญายอ ตราไทรทอง,สารละลายสำหรับป้ายปาก,บริษัท ซีโนฟาร์ม(ไทย) จำกัด,ACTIVE
TTMT,9434414,พญายอ,ยากลีเซอรีนพญายอ ตราไทรทอง,สารละลายสำหรับป้ายปาก,บริษัท ซีโนฟาร์ม(ไทย) จำกัด,ACTIVE
TTMT,9434422,พญายอ,ยากลีเซอรีนพญายอ ตราไทรทอง,สารละลายสำหรับป้ายปาก,บริษัท ซีโนฟาร์ม(ไทย) จำกัด,ACTIVE
TTMT,9434433,พญายอ,ยากลีเซอรีนพญายอ ตราไทรทอง,สารละลายสำหรับป้ายปาก,บริษัท ซีโนฟาร์ม(ไทย) จำกัด,ACTIVE
TTMT,9434446,พญายอ,ยากลีเซอรีนพญายอ ตราไทรทอง,สารละลายสำหรับป้ายปาก,บริษัท ซีโนฟาร์ม(ไทย) จำกัด,ACTIVE
TTMT,9434451,พญายอ,ยาหม่องผสมพญายอ,ขี้ผึ้ง,มูลนิธิ โรงพยาบาลเจ้าพระยาอภัยภูเบศร,ACTIVE
TTMT,9434467,พญายอ,ทิงเจอร์พญายอ นาโก เฮิร์บ ,ทิงเจอร์,โรงพยาบาลส่งเสริมสุขภาพตำบลนาโก,ACTIVE
TTMT,9434479,พญายอ,ยาหม่องเสลดพังพอน,ขี้ผึ้ง,โรงพยาบาลหนองฉาง,ACTIVE
TTMT,9434480,พญายอ,ยาหม่องเสลดพังพอน,ขี้ผึ้ง,โรงพยาบาลสอง,ACTIVE
TTMT,9434498,พญายอ,ขี้ผึ้งพญายอ GALYA HERB,ขี้ผึ้ง,สถาบันกัลยาณ์ราชนครินทร์,ACTIVE
TTMT,9434507,พญายอ,ครีมพญายอ GALYA HERB,ครีม,สถาบันกัลยาณ์ราชนครินทร์,ACTIVE
TTMT,9434511,พญายอ,ยาทิงเจอร์พญายอ GALYA HERB,ทิงเจอร์,สถาบันกัลยาณ์ราชนครินทร์,ACTIVE
TTMT,9434524,พริก,แคปซิกา เจล (CAPSIKA GEL),เจล,บริษัท บางกอกแล็ป แอนด์ คอสเมติค จำกัด,ACTIVE
TTMT,9434530,พริก,แคปซิกา เจล (CAPSIKA GEL),เจล,บริษัท บางกอกแล็ป แอนด์ คอสเมติค จำกัด,ACTIVE
TTMT,9434548,พริก,แคปซิกา เจล (CAPSIKA GEL),เจล,บริษัท บางกอกแล็ป แอนด์ คอสเมติค จำกัด,ACTIVE
TTMT,9434553,พริก,แคปซิกา - 25 เจล (CAPSIKA - 25 GEL),เจล,บริษัท บางกอกแล็ป แอนด์ คอสเมติค จำกัด,ACTIVE
TTMT,9434569,พริก,แคปซิกา - 25 เจล (CAPSIKA - 25 GEL),เจล,บริษัท บางกอกแล็ป แอนด์ คอสเมติค จำกัด,ACTIVE
TTMT,9434576,พริก,แคปซิกา - 25 เจล (CAPSIKA - 25 GEL),เจล,บริษัท บางกอกแล็ป แอนด์ คอสเมติค จำกัด,ACTIVE
TTMT,9434582,พริก,แคปซิกา - ดีเอส (CAPSIKA - DS) ,เจล,บริษัท บางกอกแล็ป แอนด์ คอสเมติค จำกัด,ACTIVE
TTMT,9434595,พริก,แคปซิกา - ดีเอส (CAPSIKA - DS) ,เจล,บริษัท บางกอกแล็ป แอนด์ คอสเมติค จำกัด,ACTIVE
TTMT,9434609,พริก,แคปซิกา - ดีเอส (CAPSIKA - DS) ,เจล,บริษัท บางกอกแล็ป แอนด์ คอสเมติค จำกัด,ACTIVE
TTMT,9434613,ว่านหางจระเข้,Radiara,เจล,บริษัท บางกอกแล็ป แอนด์ คอสเมติค จำกัด,ACTIVE
TTMT,9434621,แก้ไอมะขามป้อม,ยาแก้ไอผสมมะขามป้อมตราเคเอ็มพี,ยาน้ำ,บริษัท แก้วมังกรเภสัช จำกัด,ACTIVE
TTMT,9434632,แก้ไอผสมมะขามป้อม สูตรตำรับที่ 2,  ยาแก้ไอผสมมะขามป้อม  ตราวังหลัง  COMPOUND  MA  KHAMPOM  COUGH  SYRUP  WANGLANG  BRAND  ,ยาน้ำ,บริษัท ซีโนฟาร์ม(ไทย)  จำกัด,ACTIVE
TTMT,9434645,แก้ไอผสมมะขามป้อม สูตรตำรับที่ 2,  ยาแก้ไอผสมมะขามป้อม  ตราวังหลัง  COMPOUND  MA  KHAMPOM  COUGH  SYRUP  WANGLANG  BRAND  ,ยาน้ำ,บริษัท ซีโนฟาร์ม(ไทย)  จำกัด,ACTIVE
TTMT,9434650,แก้ไอผสมมะขามป้อม สูตรตำรับที่ 2,  ยาแก้ไอผสมมะขามป้อม  ตราวังหลัง  COMPOUND  MA  KHAMPOM  COUGH  SYRUP  WANGLANG  BRAND  ,ยาน้ำ,บริษัท ซีโนฟาร์ม(ไทย)  จำกัด,ACTIVE
TTMT,9434666,แก้ไอผสมมะขามป้อม สูตรตำรับที่ 2,  ยาแก้ไอผสมมะขามป้อม  ตราวังหลัง  COMPOUND  MA  KHAMPOM  COUGH  SYRUP  WANGLANG  BRAND  ,ยาน้ำ,บริษัท ซีโนฟาร์ม(ไทย)  จำกัด,ACTIVE
TTMT,9434678,แก้ไอผสมมะขามป้อม สูตรตำรับที่ 2,ยาน้ำแก้ไอพลทิพย์ สูตรมะขามป้อม,ยาน้ำ,โรงพยาบาลพล,ACTIVE
TTMT,9434684,แก้ไอมะขามป้อม ตราอภัยภูเบศร,ยาน้ำแก้ไอมะขามป้อม ตราอภัยภูเบศร (ยาสามัญประจำบ้าน),ยาน้ำ,มูลนิธิ โรงพยาบาลเจ้าพระยาอภัยภูเบศร,ACTIVE
TTMT,9434697,แก้ไอมะขามป้อม,ยาแก้ไอมะขามป้อม COMPOUND MAKHAM POM COUGH SYRUP,ยาน้ำ,บริษัท ซีโนฟาร์ม(ไทย)  จำกัด,ACTIVE
TTMT,9434700,แก้ไอมะขามป้อม,ยาแก้ไอมะขามป้อม COMPOUND MAKHAM POM COUGH SYRUP,ยาน้ำ,บริษัท ซีโนฟาร์ม(ไทย)  จำกัด,ACTIVE
TTMT,9434716,แก้ไอมะขามป้อม,ยาแก้ไอมะขามป้อม COMPOUND MAKHAM POM COUGH SYRUP,ยาน้ำ,บริษัท ซีโนฟาร์ม(ไทย)  จำกัด,ACTIVE
TTMT,9434728,แก้ไอมะขามป้อม,ยาแก้ไอมะขามป้อม COMPOUND MAKHAM POM COUGH SYRUP,ยาน้ำ,บริษัท ซีโนฟาร์ม(ไทย)  จำกัด,ACTIVE
TTMT,9434737,แก้ไอผสมมะขามป้อม,ยาแก้ไอผสมมะขามป้อม COMPOUND  MAKHAM POM COUGH SYRUP,ยาน้ำ,บริษัท ซีโนฟาร์ม(ไทย)  จำกัด,ACTIVE
TTMT,9434744,แก้ไอผสมมะขามป้อม,ยาแก้ไอผสมมะขามป้อม COMPOUND  MAKHAM POM COUGH SYRUP,ยาน้ำ,บริษัท ซีโนฟาร์ม(ไทย)  จำกัด,ACTIVE
TTMT,9434759,แก้ไอผสมมะขามป้อม,ยาแก้ไอผสมมะขามป้อม COMPOUND  MAKHAM POM COUGH SYRUP,ยาน้ำ,บริษัท ซีโนฟาร์ม(ไทย)  จำกัด,ACTIVE
TTMT,9434763,แก้ไอผสมมะขามป้อม สูตรตำรับที่ 2,ยาคอร์ไรคอฟ,ยาน้ำ,บริษัท แก้วมังกรเภสัช จำกัด,ACTIVE
TTMT,9434771,แก้ไอผสมมะขามป้อม สูตรตำรับที่ 2,ยาน้ำแก้ไอผสมมะขามป้อม สูตร 2 ตราธงทอง,ยาน้ำ,ห้างธงทองโอสถ,ACTIVE
TTMT,9434785,แก้ไอผสมมะขามป้อม สูตรตำรับที่ 1,ยาน้ำผสมมะขามป้อมสูตร 1 ตราทีเอฟดี,ยาน้ำ,บริษัท ไทยเอฟดี จำกัด,ACTIVE
TTMT,9434792,แก้ไอผสมมะขามป้อม สูตรตำรับที่ 1,ยาน้ำผสมมะขามป้อมสูตร 1 ตราทีเอฟดี,ยาน้ำ,บริษัท ไทยเอฟดี จำกัด,ACTIVE
TTMT,9434802,แก้ไอผสมมะขามป้อม สูตรตำรับที่ 1,ยาน้ำผสมมะขามป้อมสูตร 1 ตราทีเอฟดี,ยาน้ำ,บริษัท ไทยเอฟดี จำกัด,ACTIVE
TTMT,9434818,แก้ไอผสมมะขามป้อม สูตรตำรับที่ 1,ยาน้ำผสมมะขามป้อมสูตร 1 ตราทีเอฟดี,ยาน้ำ,บริษัท ไทยเอฟดี จำกัด,ACTIVE
TTMT,9434825,แก้ไอผสมมะขามป้อม สูตรตำรับที่ 1,ยาน้ำผสมมะขามป้อมสูตร 1 ตราทีเอฟดี,ยาน้ำ,บริษัท ไทยเอฟดี จำกัด,ACTIVE
TTMT,9434839,แก้ไอผสมมะขามป้อมคิดส์ ตราไทรทอง,ยาน้ำแก้ไอผสมมะขามป้อมคิดส์ ตราไทรทอง,ยาน้ำ,บริษัท ซีโนฟาร์ม(ไทย)  จำกัด,ACTIVE
TTMT,9434841,แก้ไอผสมมะขามป้อมคิดส์ ตราไทรทอง,ยาน้ำแก้ไอผสมมะขามป้อมคิดส์ ตราไทรทอง,ยาน้ำ,บริษัท ซีโนฟาร์ม(ไทย)  จำกัด,ACTIVE
TTMT,9434856,แก้ไอผสมมะขามป้อม สูตรตำรับที่ 1,ยาแก้ไอผสมมะขามป้อม  ตราไทรทอง ชนิดน้ำ,ยาน้ำ,บริษัท ซีโนฟาร์ม(ไทย)  จำกัด,ACTIVE
TTMT,9434860,แก้ไอผสมมะขามป้อม สูตรตำรับที่ 1,ยาแก้ไอผสมมะขามป้อม  ตราไทรทอง ชนิดน้ำ,ยาน้ำ,บริษัท ซีโนฟาร์ม(ไทย)  จำกัด,ACTIVE
TTMT,9434873,แก้ไอมะขามป้อม (อภัยภูเบศร),ยาน้ำแก้ไอผสมมะขามป้อม ตราอภัยภูเบศร,ยาน้ำ,มูลนิธิ โรงพยาบาลเจ้าพระยาอภัยภูเบศร,ACTIVE
TTMT,9434887,แก้ไอผสมมะขามป้อม สูตรตำรับที่ 2,ยาน้ำแก้ไอผสมมะขามป้อม สูตร 2,ยาน้ำ,โรงพยาบาลสมเด็จพระยุพราชยะหา,ACTIVE
TTMT,9434894,แก้ไอผสมมะขามป้อม สูตรตำรับที่ 1,ยาน้ำแก้ไอมะขามป้อมห้วยเฮิร์บ,ยาน้ำ,โรงพยาบาลห้วยทับทัน,ACTIVE
TTMT,9434904,แก้ไอผสมมะขามป้อม สูตรตำรับที่ 1,ยาน้ำแก้ไอมะขามป้อม,ยาน้ำ,โรงพยาบาลวังน้ำเย็น,ACTIVE
TTMT,9434915,แก้ไอผสมมะขามป้อม สูตรตำรับที่ 2,ยาแก้ไอผสมมะขามป้อม สูตร 2,ยาน้ำ,โรงพยาบาลเสาไห้เฉลิมพระเกียรติ 80 พรรษา,ACTIVE
TTMT,9434927,ธาตุอบเชย ,ยาธาตุทีเอฟดี (สูตรยาธาตุอบเชย),ยาน้ำ,บริษัท ไทยเอฟดี จำกัด,ACTIVE
TTMT,9434936,ธาตุอบเชย ,ยาธาตุทีเอฟดี (สูตรยาธาตุอบเชย),ยาน้ำ,บริษัท ไทยเอฟดี จำกัด,ACTIVE
TTMT,9434943,ธาตุอบเชย ,ยาธาตุทีเอฟดี (สูตรยาธาตุอบเชย),ยาน้ำ,บริษัท ไทยเอฟดี จำกัด,ACTIVE
TTMT,9434958,ธาตุอบเชย ,ยาธาตุอบเชย ทีเอฟดี   ,ยาน้ำ,บริษัท ไทยเอฟดี จำกัด,ACTIVE
TTMT,9434962,ธาตุอบเชย ,ยาธาตุอบเชย ทีเอฟดี   ,ยาน้ำ,บริษัท ไทยเอฟดี จำกัด,ACTIVE
TTMT,9434970,ธาตุอบเชย ,ยาธาตุอบเชย ทีเอฟดี   ,ยาน้ำ,บริษัท ไทยเอฟดี จำกัด,ACTIVE
TTMT,9434989,ธาตุอบเชย ,ยาธาตุอบเชย ทีเอฟดี   ,ยาน้ำ,บริษัท ไทยเอฟดี จำกัด,ACTIVE
TTMT,9434991,ธาตุอบเชย ,ยาธาตุอบเชย ทีเอฟดี   ,ยาน้ำ,บริษัท ไทยเอฟดี จำกัด,ACTIVE
TTMT,9435009,ธาตุอบเชย ,ยาน้ำธาตุอบเชย,ยาน้ำ,โรงพยาบาลเจ้าพระยาอภัยภูเบศร,ACTIVE
TTMT,9435013,ธาตุอบเชย ,ยาธาตุอบเชยพลทิพย์,ยาน้ำ,โรงพยาบาลพล,ACTIVE
TTMT,9435021,ธาตุอบเชย ,ยาธาตุอบเชย,ยาน้ำ,โรงพยาบาลอู่ทอง,ACTIVE
TTMT,9435032,ธาตุอบเชย ,ยาธาตุผสมอบเชย ตราขาวละออ,ยาน้ำ,บริษัท ขาวละออเภสัช จำกัด,ACTIVE
TTMT,9435045,ธาตุอบเชย ,ยาธาตุผสมอบเชย ตราขาวละออ,ยาน้ำ,บริษัท ขาวละออเภสัช จำกัด,ACTIVE
TTMT,9435050,ธาตุอบเชย ,ยาธาตุผสมอบเชย ตราขาวละออ,ยาน้ำ,บริษัท ขาวละออเภสัช จำกัด,ACTIVE
TTMT,9435066,ธาตุอบเชย ,ยาธาตุผสมอบเชย ตราขาวละออ,ยาน้ำ,บริษัท ขาวละออเภสัช จำกัด,ACTIVE
TTMT,9435078,ธาตุอบเชย ,ยาธาตุผสมอบเชย ตราขาวละออ,ยาน้ำ,บริษัท ขาวละออเภสัช จำกัด,ACTIVE
TTMT,9435084,ธาตุอบเชย ,ยาธาตุผสมอบเชย ตราขาวละออ,ยาน้ำ,บริษัท ขาวละออเภสัช จำกัด,ACTIVE
TTMT,9435097,ธาตุอบเชย ,ยาธาตุผสมอบเชย ตราขาวละออ,ยาน้ำ,บริษัท ขาวละออเภสัช จำกัด,ACTIVE
TTMT,9435107,ธาตุอบเชย ,ยาธาตุผสมอบเชย ตราขาวละออ,ยาน้ำ,บริษัท ขาวละออเภสัช จำกัด,ACTIVE
TTMT,9435111,ธาตุอบเชย ,ยาธาตุผสมอบเชย ตราขาวละออ,ยาน้ำ,บริษัท ขาวละออเภสัช จำกัด,ACTIVE
TTMT,9435124,ธาตุอบเชย ,ธาตุอบเชยห้วยเฮิร์บ,ยาน้ำ,โรงพยาบาลห้วยทับทัน,ACTIVE
TTMT,9435130,ธาตุอบเชย ,ยาธาตุอบเชย,ยาน้ำ,โรงพยาบาลพระอาจารย์ฝั้นอาจาโร,ACTIVE
TTMT,9435148,ธาตุอบเชย ,ยาธาตุอบเชย,ยาน้ำ,โรงพยาบาลห้วยยอด,ACTIVE
TTMT,9435153,น้ำมันไพล,น้ำมันไพล,ยาเข้าน้ำมัน,โรงพยาบาลอินทร์บุรี,ACTIVE
TTMT,9435169,น้ำมันไพล,น้ำมันไพล,ยาเข้าน้ำมัน,โรงพยาบาลพนา,ACTIVE
TTMT,9435176,น้ำมันไพล,น้ำมันไพล,ยาเข้าน้ำมัน,โรงพยาบาลพนา,ACTIVE
TTMT,9435182,น้ำมันไพล,ยาน้ำมันจากไพลตราธงทอง,ยาเข้าน้ำมัน,ห้างธงทองโอสถ,ACTIVE
TTMT,9435195,น้ำมันไพล,โรงพยาบาลโพนสวรรค์,ยาเข้าน้ำมัน,โรงพยาบาลโพนสวรรค์,ACTIVE
TTMT,9435202,น้ำมันไพล,ยาน้ำมันไพล,ยาเข้าน้ำมัน,บริษัท ไทยเอฟดี จำกัด,ACTIVE
TTMT,9435218,น้ำมันไพล,ยาน้ำมันไพล,ยาเข้าน้ำมัน,บริษัท ไทยเอฟดี จำกัด,ACTIVE
TTMT,9435225,น้ำมันไพล,ยาน้ำมันไพล,ยาเข้าน้ำมัน,บริษัท ไทยเอฟดี จำกัด,ACTIVE
TTMT,9435239,น้ำมันไพล,ยาน้ำมันไพล,ยาเข้าน้ำมัน,บริษัท ไทยเอฟดี จำกัด,ACTIVE
TTMT,9435241,น้ำมันไพล,ยาน้ำมันไพล,ยาเข้าน้ำมัน,บริษัท ไทยเอฟดี จำกัด,ACTIVE
TTMT,9435256,ขี้ผึ้งไพล สูตรตำรับที่ 1,ยาขี้ผึ้งผสมไพล,ขี้ผึ้ง,บริษัท เจริญสุขเภสัช (เจริญสุขกรุ๊ป),ACTIVE
TTMT,9435260,ขี้ผึ้งไพล สูตรตำรับที่ 1,ยาขี้ผึ้งผสมไพล,ขี้ผึ้ง,บริษัท เจริญสุขเภสัช (เจริญสุขกรุ๊ป),ACTIVE
TTMT,9435273,ขี้ผึ้งไพล สูตรตำรับที่ 1,ยาขี้ผึ้งผสมไพล,ขี้ผึ้ง,บริษัท เจริญสุขเภสัช (เจริญสุขกรุ๊ป),ACTIVE
TTMT,9435287,ขี้ผึ้งไพล สูตรตำรับที่ 1,ยาขี้ผึ้งผสมไพล,ขี้ผึ้ง,บริษัท เจริญสุขเภสัช (เจริญสุขกรุ๊ป),ACTIVE
TTMT,9435294,ขี้ผึ้งไพล สูตรตำรับที่ 1,ยาขี้ผึ้งผสมไพล,ขี้ผึ้ง,บริษัท เจริญสุขเภสัช (เจริญสุขกรุ๊ป),ACTIVE
TTMT,9435304,ขี้ผึ้งไพล สูตรตำรับที่ 1,ยาขี้ผึ้งผสมไพล,ขี้ผึ้ง,บริษัท เจริญสุขเภสัช (เจริญสุขกรุ๊ป),ACTIVE
TTMT,9435315,ขี้ผึ้งไพล สูตรตำรับที่ 1,ยาขี้ผึ้งผสมไพล,ขี้ผึ้ง,บริษัท เจริญสุขเภสัช (เจริญสุขกรุ๊ป),ACTIVE
TTMT,9435327,ขี้ผึ้งไพล สูตรตำรับที่ 1,ยาขี้ผึ้งผสมไพล,ขี้ผึ้ง,บริษัท เจริญสุขเภสัช (เจริญสุขกรุ๊ป),ACTIVE
TTMT,9435336,ขี้ผึ้งไพล สูตรตำรับที่ 1,ขี้ผึ้งผสมไพล สูตร 1 ตราทีเอฟดี,ขี้ผึ้ง,บริษัท ไทยเอฟดี จำกัด,ACTIVE
TTMT,9435343,ขี้ผึ้งไพล สูตรตำรับที่ 1,ขี้ผึ้งผสมไพล สูตร 1 ตราทีเอฟดี,ขี้ผึ้ง,บริษัท ไทยเอฟดี จำกัด,ACTIVE
TTMT,9435358,ขี้ผึ้งไพล สูตรตำรับที่ 1,ขี้ผึ้งผสมไพล สูตร 1 ตราทีเอฟดี,ขี้ผึ้ง,บริษัท ไทยเอฟดี จำกัด,ACTIVE
TTMT,9435362,ขี้ผึ้งไพล สูตรตำรับที่ 1,ขี้ผึ้งผสมไพล สูตร 1 ตราทีเอฟดี,ขี้ผึ้ง,บริษัท ไทยเอฟดี จำกัด,ACTIVE
TTMT,9435370,ขี้ผึ้งไพล สูตรตำรับที่ 1,ยาหม่องไพล สูตรตำรับที่ 1,ขี้ผึ้ง,โรงพยาบาลสอง,ACTIVE
TTMT,9435389,ขี้ผึ้งไพล สูตรตำรับที่ 1,ยาหม่องไพลห้วยเฮิร์บ,ขี้ผึ้ง,โรงพยาบาลห้วยทับทัน,ACTIVE
TTMT,9435391,ขี้ผึ้งไพล สูตรตำรับที่ 1,ยาหม่องไพล,ขี้ผึ้ง,โรงพยาบาลหนองฉาง,ACTIVE
TTMT,9435406,ขี้ผึ้งไพล สูตรตำรับที่ 1,ยาหม่องไพล,ขี้ผึ้ง,โรงพยาบาลพนา,ACTIVE
TTMT,9435410,ขี้ผึ้งไพล สูตรตำรับที่ 1,ยาขี้ผึ้งไพล,ขี้ผึ้ง,โรงพยาบาลละงู,ACTIVE
TTMT,9435423,ขี้ผึ้งไพล สูตรตำรับที่ 1,ยาหม่องไพล รพ.คูเมือง,ขี้ผึ้ง,โรงพยาบาลคูเมือง,ACTIVE
TTMT,9435434,ขี้ผึ้งไพล สูตรตำรับที่ 1,ขี้ผึ้งไพล GALYA HERB,ขี้ผึ้ง,สถาบันกัลยาณ์ราชนครินทร์,ACTIVE
TTMT,9435447,ขี้ผึ้งไพล สูตรตำรับที่ 1,ขี้ผึ้งไพล GALYA HERB,ขี้ผึ้ง,สถาบันกัลยาณ์ราชนครินทร์,ACTIVE
TTMT,9435452,ขี้ผึ้งไพล สูตรตำรับที่ 1,ขี้ผึ้งไพล GALYA HERB,ขี้ผึ้ง,สถาบันกัลยาณ์ราชนครินทร์,ACTIVE
TTMT,9435468,ขี้ผึ้งไพล สูตรตำรับที่ 1,ขี้ผึ้งไพล สูตรตำรับที่ 1,ขี้ผึ้ง,โรงพยาบาลขุนหาญ,ACTIVE
TTMT,9435475,ขี้ผึ้งไพล สูตรตำรับที่ 1,ยาหม่องไพล,ขี้ผึ้ง,โรงพยาบาลเสาไห้เฉลิมพระเกียรติ 80 พรรษา,ACTIVE
TTMT,9435481,ขี้ผึ้งไพล สูตรตำรับที่ 1,ยาหม่องไพล,ขี้ผึ้ง,โรงพยาบาลเสาไห้เฉลิมพระเกียรติ 80 พรรษา,ACTIVE
TTMT,9435499,ไพล,ยาครีมผสมไพล สูตร 2 ตราธงทอง,ครีม,ห้างธงทองโอสถ,ACTIVE
TTMT,9435508,แก้ไอผสมมะขามป้อม สูตรตำรับที่ 1,ยาแก้ไอผสมมะขามป้อมตราเคเอ็มพี,ยาน้ำ,บริษัท แก้วมังกรเภสัช จำกัด,ACTIVE
TTMT,9435512,แก้ไอผสมมะขามป้อม สูตรตำรับที่ 1,ยาแก้ไอผสมมะขามป้อมตราเคเอ็มพี,ยาน้ำ,บริษัท แก้วมังกรเภสัช จำกัด,ACTIVE
TTMT,9435520,แก้ไอผสมมะขามป้อม สูตรตำรับที่ 2,ยาแก้ไอผสมมะขามป้อมตราเคเอ็มพี,ยาน้ำ,บริษัท แก้วมังกรเภสัช จำกัด,ACTIVE
TTMT,9435531,แก้ไอผสมมะขามป้อม สูตรตำรับที่ 2,ยาแก้ไอผสมมะขามป้อมตราเคเอ็มพี,ยาน้ำ,บริษัท แก้วมังกรเภสัช จำกัด,ACTIVE
TTMT,9435549,แก้ไอผสมมะขามป้อม สูตรตำรับที่ 2,ยาน้ำแก้ไอมะขามป้อม ตราไอยรา,ยาน้ำ,บริษัท ที.แมน.ฟาร์มาซูติคอล จำกัด (บริษัท เฮเว่น เฮิร์บ จำกัด ),ACTIVE
TTMT,9435554,แก้ไอผสมมะขามป้อม สูตรตำรับที่ 2,ยาแก้ไอมะขามป้อม ตราเวชกร,ยาน้ำ,ร้านเวชกรโอสถ,ACTIVE
TTMT,9435565,แก้ไอผสมมะขามป้อม สูตรตำรับที่ 2,ยาน้ำแก้ไอมะขามป้อมตราแสงดาว,ยาน้ำ,บริษัท ศิริบัญชา จำกัด,ACTIVE
TTMT,9435577,แก้ไอผสมมะขามป้อม สูตรตำรับที่ 1,ยาแก้ไอมะขามป้อม สูตรเย็น,ยาน้ำ,โรงพยาบาลส่งเสริมสุขภาพตำบลต้นยวน,ACTIVE
TTMT,9435583,แก้ไอผสมมะขามป้อม สูตรตำรับที่ 2,ยาแก้ไอผสมมะขามป้อม ตราไทรทอง,ยาน้ำ,บริษัท ซีโนฟาร์ม(ไทย) จำกัด,ACTIVE
TTMT,9435596,แก้ไอผสมมะขามป้อม สูตรตำรับที่ 2,ยาแก้ไอผสมมะขามป้อม ตราไทรทอง,ยาน้ำ,บริษัท ซีโนฟาร์ม(ไทย) จำกัด,ACTIVE
TTMT,9435605,แก้ไอผสมมะขามป้อม สูตรตำรับที่ 2,ยาแก้ไอผสมมะขามป้อม ตราไทรทอง,ยาน้ำ,บริษัท ซีโนฟาร์ม(ไทย) จำกัด,ACTIVE
TTMT,9435614,แก้ไอผสมมะขามป้อม สูตรตำรับที่ 1,ยาน้ำแก้ไอมะขามป้อม ตราอภัยภูเบศร (ยาสามัญประจำบ้าน),ยาน้ำ,มูลนิธิ โรงพยาบาลเจ้าพระยาอภัยภูเบศร,ACTIVE
TTMT,9435622,แก้ไอผสมมะขามป้อม สูตรตำรับที่ 1,ยาน้ำแก้ไอมะขามป้อม ตราอภัยภูเบศร (ยาสามัญประจำบ้าน),ยาน้ำ,มูลนิธิ โรงพยาบาลเจ้าพระยาอภัยภูเบศร,ACTIVE
TTMT,9435633,แก้ไอผสมมะขามป้อม สูตรตำรับที่ 2,ยาน้ำแก้ไอผสมมะขามป้อม,ยาน้ำ,สถานที่ผลิตยาอ้วยอันโอสถ,ACTIVE
TTMT,9435646,แก้ไอผสมมะขามป้อม สูตรตำรับที่ 2,ยาแก้ไอมะขามป้อม COMPOUND MAKHAM POM COUGH SYRUP,ยาน้ำ,บริษัท ซีโนฟาร์ม(ไทย) จำกัด,ACTIVE
TTMT,9435651,แก้ไอผสมมะขามป้อม สูตรตำรับที่ 2,ยาแก้ไอมะขามป้อม COMPOUND MAKHAM POM COUGH SYRUP,ยาน้ำ,บริษัท ซีโนฟาร์ม(ไทย) จำกัด,ACTIVE
TTMT,9435667,แก้ไอผสมมะขามป้อม สูตรตำรับที่ 2,ยาแก้ไอมะขามป้อม COMPOUND MAKHAM POM COUGH SYRUP,ยาน้ำ,บริษัท ซีโนฟาร์ม(ไทย) จำกัด,ACTIVE
TTMT,9435679,แก้ไอผสมมะขามป้อม สูตรตำรับที่ 2,ยาแก้ไอมะขามป้อม COMPOUND MAKHAM POM COUGH SYRUP,ยาน้ำ,บริษัท ซีโนฟาร์ม(ไทย) จำกัด,ACTIVE
TTMT,9435680,แก้ไอผสมมะขามป้อม สูตรตำรับที่ 2,ยาแก้ไอมะขามป้อม COMPOUND MAKHAM POM COUGH SYRUP,ยาน้ำ,บริษัท ซีโนฟาร์ม(ไทย) จำกัด,ACTIVE
TTMT,9435698,แก้ไอผสมมะขามป้อม สูตรตำรับที่ 2,ยาแก้ไอผสมมะขามป้อม COMPOUND  MAKHAM POM COUGH SYRUP,ยาน้ำ,บริษัท ซีโนฟาร์ม(ไทย) จำกัด,ACTIVE
TTMT,9435701,แก้ไอผสมมะขามป้อม สูตรตำรับที่ 2,ยาแก้ไอผสมมะขามป้อม COMPOUND  MAKHAM POM COUGH SYRUP,ยาน้ำ,บริษัท ซีโนฟาร์ม(ไทย) จำกัด,ACTIVE
TTMT,9435717,แก้ไอผสมมะขามป้อม สูตรตำรับที่ 2,ยาแก้ไอผสมมะขามป้อม COMPOUND  MAKHAM POM COUGH SYRUP,ยาน้ำ,บริษัท ซีโนฟาร์ม(ไทย) จำกัด,ACTIVE
TTMT,9435729,แก้ไอผสมมะขามป้อม สูตรตำรับที่ 2,ยาแก้ไอผสมมะขามป้อม COMPOUND  MAKHAM POM COUGH SYRUP,ยาน้ำ,บริษัท ซีโนฟาร์ม(ไทย) จำกัด,ACTIVE
TTMT,9435738,แก้ไอผสมมะขามป้อม สูตรตำรับที่ 1,ยาแก้ไอมะขามป้อม,ยาน้ำ,โรงพยาบาลบ้านตาขุน,ACTIVE
TTMT,9435740,แก้ไอผสมมะขามป้อม สูตรตำรับที่ 2,ยาแก้ไอมะขามป้อม,ยาน้ำ,โรงพยาบาลบ้านตาขุน,ACTIVE
TTMT,9435755,แก้ไอผสมมะขามป้อม สูตรตำรับที่ 2,ยาแก้ไอมะขามป้อม ตราปาริฉัตร,ยาน้ำ,บริษัท ที.แมน.ฟาร์มาซูติคอล จำกัด (บริษัท เฮเว่น เฮิร์บ จำกัด ),ACTIVE
TTMT,9435764,แก้ไอผสมมะขามป้อม สูตรตำรับที่ 2,ยาน้ำแก้ไอผสมมะขามป้อมคิดส์ ตราไทรทอง,ยาน้ำ,บริษัท ซีโนฟาร์ม(ไทย) จำกัด,ACTIVE
TTMT,9435772,แก้ไอผสมมะขามป้อม สูตรตำรับที่ 2,ยาน้ำแก้ไอผสมมะขามป้อมคิดส์ ตราไทรทอง,ยาน้ำ,บริษัท ซีโนฟาร์ม(ไทย) จำกัด,ACTIVE
TTMT,9435786,แก้ไอผสมมะขามป้อม สูตรตำรับที่ 2,ยาน้ำแก้ไอผสมมะขามป้อมคิดส์ ตราไทรทอง,ยาน้ำ,บริษัท ซีโนฟาร์ม(ไทย) จำกัด,ACTIVE
TTMT,9435793,แก้ไอผสมมะขามป้อม สูตรตำรับที่ 1,ยาน้ำแก้ไอผสมมะขามป้อม ตราอภัยภูเบศร,ยาน้ำ,มูลนิธิ โรงพยาบาลเจ้าพระยาอภัยภูเบศร,ACTIVE
TTMT,9435803,แก้ไอผสมมะขามป้อม สูตรตำรับที่ 1,ยาน้ำแก้ไอผสมมะขามป้อม ตราอภัยภูเบศร,ยาน้ำ,มูลนิธิ โรงพยาบาลเจ้าพระยาอภัยภูเบศร,ACTIVE
TTMT,9435819,ขี้ผึ้งไพล สูตรตำรับที่ 2,ยาหม่องไพล,ขี้ผึ้ง,โรงพยาบาลวังน้ำเย็น,ACTIVE
TTMT,9435826,ขี้ผึ้งไพล สูตรตำรับที่ 2,ยาขี้ผึ้งไพล (สูตรร้อน),ขี้ผึ้ง,โรงพยาบาลแวงใหญ่,ACTIVE
TTMT,9435835,ขี้ผึ้งไพล สูตรตำรับที่ 2,ยาขี้ผึ้งไพล (สูตรเย็น),ขี้ผึ้ง,โรงพยาบาลแวงใหญ่,ACTIVE
TTMT,9435842,ขี้ผึ้งไพล สูตรตำรับที่ 1,ยาขี้ผึ้งไพล (สูตรร้อน),ขี้ผึ้ง,โรงพยาบาลแวงใหญ่,ACTIVE
TTMT,9435857,ขี้ผึ้งไพล สูตรตำรับที่ 1,ยาขี้ผึ้งไพล (สูตรเย็น),ขี้ผึ้ง,โรงพยาบาลแวงใหญ่,ACTIVE
TTMT,9435861,ขี้ผึ้งไพล สูตรตำรับที่ 1,ไพลขี้ผึ้ง,ขี้ผึ้ง,โรงพยาบาลบางซ้าย,ACTIVE
TTMT,9435874,ผสมเพชรสังฆาต สูตรตำรับที่ ๑,ยาแคปซูลผสมเพชรสังฆาต ตราปาริฉัตร,ยาแคปซูล,บริษัท ที.แมน.ฟาร์มาซูติคอล จำกัด (บริษัท เฮเว่น เฮิร์บ จำกัด ),ACTIVE
TTMT,9435888,ผสมเพชรสังฆาต สูตรตำรับที่ ๑,ยาแคปซูลผสมเพชรสังฆาต (Combined Pet Sung Kat capsules),ยาแคปซูล,โรงงานเภสัชกรรมทหารศูนย์การอุตสาหกรรมป้องกันประเทศและพลังงานทหาร,ACTIVE
TTMT,9435890,ผสมเพชรสังฆาต สูตรตำรับที่ ๑,ยาแคปซูลเพชรสังฆาต,ยาแคปซูล,สถานที่ผลิตยาแผนโบราณ คณะเภสัชศาสตร์ มหาวิทยาลัยสงขลานครินทร์,ACTIVE
TTMT,9435900,ผสมเพชรสังฆาต สูตรตำรับที่ ๑,ยาผสมเพชรสังฆาต,ยาแคปซูล,บริษัท ภูลประสิทธิ์ จำกัด,ACTIVE
TTMT,9435916,ผสมเพชรสังฆาต สูตรตำรับที่ ๑,ยาแคปซูลผสมเพชรสังฆาต ตรา เอเอ็นพีเอส,ยาแคปซูล,บริษัท เอสบีเค เฮอร์เบอลิสท์ จำกัด,ACTIVE
TTMT,9435928,ผสมเพชรสังฆาต สูตรตำรับที่ ๑,ผสมเพชรสังฆาต,ยาแคปซูล,โรงพยาบาลห้วยเกิ้ง,ACTIVE
TTMT,9435937,ผสมเพชรสังฆาต สูตรตำรับที่ ๑,ยาแคปซูลผสมเพชรสังฆาต,ยาแคปซูล,โรงงานฟาร์มแคร์ฟาร์มาซูติคอล คณะเภสัชศาสตร์ มหาวิทยาลัยมหาสารคาม,ACTIVE
TTMT,9435944,ผสมเพชรสังฆาต สูตรตำรับที่ ๒,ยาผสมเพชรสังฆาต ชนิดแคปซูล,ยาแคปซูล,บริษัท แสงสว่างตราค้างคาว จำกัด,ACTIVE
TTMT,9435959,ผสมเพชรสังฆาต สูตรตำรับที่ ๑,ยาผสมเพชรสังฆาต (ช่อเขียวมะกอก),ยาแคปซูล,บริษัท แซนด์ - เอ็ม โกลบอล จำกัด,ACTIVE
TTMT,9435963,น้ำมันกัญชา,ซีบาแนค ซีบีดี แคนนาบิส ออยล์,ยาเข้าน้ำมัน,องค์การเภสัชกรรม,ACTIVE
TTMT,9435971,น้ำมันสารสกัดกัญชาที่มี cannabidiol (CBD) 100 มิลลิกรัม/มิลลิลิตร และมี delta-9-tetrahydrocannabinol (THC) ในอัตราส่วนที่ CBD:THC มากกว่าหรือเท่ากับ 20:1),ซีบาแนค ทีเอชซี แคนนาบิส ออยล์,ยาเข้าน้ำมัน,องค์การเภสัชกรรม,ACTIVE
TTMT,9435985,น้ำมันสารสกัดกัญชาที่มี cannabidiol (CBD) 100 มิลลิกรัม/มิลลิลิตร และมี delta-9-tetrahydrocannabinol (THC) ในอัตราส่วนที่ CBD : THC มากกว่าหรือเท่ากับ 20 : 1,"ซีบาแนค ซีบีดี แคนนาบิส ออยล์ (SIBANNAC CBD CANNABIS OIL)
",ยาเข้าน้ำมัน,องค์การเภสัชกรรม,ACTIVE
TTMT,9435992,น้ำมันสารสกัดกัญชาที่มี delta-9-tetrahydrocannabinol (THC) จำนวน 2 ความแรง ได้แก่ ไม่เกิน 0.5 มิลลิกรัม/หยด และไม่เกิน 3 มิลลิกรัม/หยด,"ซีบาแนค ทีเอชซี แคนนาบิส ออยล์ (SIBANNAC THC CANNABIS OIL)
",ยาเข้าน้ำมัน,องค์การเภสัชกรรม,ACTIVE
TTMT,9436005,น้ำมันสารสกัดกัญชาที่มี delta-9-tetrahydrocannabinol (THC) จำนวน 2 ความแรง ได้แก่ ไม่เกิน 0.5 มิลลิกรัม/หยด และไม่เกิน 3 มิลลิกรัม/หยด,ซีบาแนค ทีเอชซี ฟอร์ท แคนนาบิส ออยล์ (SIBANNAC THC FORTE CANNABIS OIL),ยาเข้าน้ำมัน,องค์การเภสัชกรรม,ACTIVE
TTMT,9436014,น้ำมันสารสกัดกัญชาที่มี delta-9-tetrahydrocannabinol (THC) และ cannabidiol (CBD) ในอัตราส่วน 1:1,ซีบาแนค ทีเอชซี : ซีบีดี (1:1) แคนนาบิสออยล์ (SIBANNAC THC : CBD (1:1) CANNABIS OIL),ยาเข้าน้ำมัน,องค์การเภสัชกรรม,ACTIVE
TTMT,9436022,ไพล,ยาครีมผสมไพล สูตร 2 ตราธงทอง,ครีม,ห้างธงทองโอสถ,ACTIVE
TTMT,9436033,พญายอ,ครีมพญายอ ตราไตรแว็ก,ยาครีมสำหรับป้ายปาก,ห้างธงทองโอสถ,ACTIVE
TTMT,9436046,พญายอ,ยาหม่องพญายอ,ขี้ผึ้ง,โรงพยาบาลสมเด็จพระยุพราชเด่นชัย,ACTIVE
TTMT,9436051,น้ำมันไพล,น้ำมันไพล,ยาเข้าน้ำมัน,โรงพยาบาลไชโย,ACTIVE
TTMT,9436067,น้ำมันไพล,น้ำมันไพล,ยาเข้าน้ำมัน,โรงพยาบาลคอนสวรรค์,ACTIVE
TTMT,9436079,คำฝอย,ชาชงดอกคำฝอย,ยาชง,โรงพยาบาลเรณูนคร,ACTIVE
TTMT,9436080,ฟ้าทะลายโจร,ยาแคปซูลฟ้าทะลายโจร,ยาแคปซูล,โรงผลิตผลิตภัณฑ์สมุนไพร มหาวิทยาลัยเทคโนโลยีราชมงคลอีสาน วิทยาเขตสกลนคร,ACTIVE
TTMT,9436098,ขมิ้นชัน,ยาแคปซูลขมิ้นชัน,ยาแคปซูล,โรงผลิตผลิตภัณฑ์สมุนไพร มหาวิทยาลัยเทคโนโลยีราชมงคลอีสาน วิทยาเขตสกลนคร,ACTIVE
TTMT,9436108,ว่านหางจระเข้,Burnova Gel,เจล,บริษัท บางกอกแล็ป แอนด์ คอสเมติค จำกัด,ACTIVE
TTMT,9436112,บัวบก,มายเฮอบัล บัวบก,ครีม,บริษัท เกร๊ทเตอร์ฟาร์ม่า จำกัด,ACTIVE
TTMT,9436120,บัวบก,มายเฮอบัล บัวบก,ครีม,บริษัท เกร๊ทเตอร์ฟาร์ม่า จำกัด,ACTIVE
TTMT,9436131,หญ้าดอกขาว,ยาชงหญ้าดอกขาว บริษัท เกร๊ทเตอร์ฟาม่า,ยาผง,บริษัท เกร๊ทเตอร์ฟาร์ม่า จำกัด,ACTIVE
TTMT,9436149,ขมิ้นชัน,ยาขมิ้นชัน 500 อีดี บริษัทเกร๊ทเตอร์ฟาร์ม่า,ยาแคปซูล,บริษัท เกร๊ทเตอร์ฟาร์ม่า จำกัด,ACTIVE
TTMT,9436154,สารสกัดขิง,ยาสารสกัดขิง ชนิดเม็ด GINGER EXTRACT TABLETS,ยาเม็ด,บริษัท สเปเชียลตี้ อินโนเวชั่น จำกัด,ACTIVE
TTMT,9436165,สารสกัดขิง,ยาสารสกัดขิง ชนิดเม็ด 250 มก. GINGER EXTRACT TABLETS 250 MG.,ยาเม็ด,บริษัท สเปเชียลตี้ อินโนเวชั่น จำกัด,ACTIVE
TTMT,9436177,สารสกัดขิง,ยาสารสกัดขิง ชนิดเม็ด หก-จินเจอรอล 8 มก. GINGER EXTRACT TABLETS 6-GINGEROL 8 MG.,ยาเม็ด,บริษัท สเปเชียลตี้ อินโนเวชั่น จำกัด,ACTIVE
TTMT,9436183,สารสกัดขิง,ยาสารสกัดขิง ชนิดเม็ด GINGER EXTRACT TABLETS ,ยาเม็ด,บริษัท สเปเชียลตี้ อินโนเวชั่น จำกัด,ACTIVE
TTMT,9436196,สารสกัดขิง,ยาสารสกัดขิงชนิดเม็ด ตรามาดาม GINGER EXTRACT TABLETS MADAM BRAND,ยาเม็ด,บริษัท สเปเชียลตี้ อินโนเวชั่น จำกัด,ACTIVE
TTMT,9436203,น้ำมันไพล,น้ำมันไพล (สูตรที่ 2),ยาเข้าน้ำมัน,โรงพยาบาลส่งเสริมสุขภาพตำบลสานตม,ACTIVE
TTMT,9436219,น้ำมันไพล,น้ำมันไพล,ยาเข้าน้ำมัน,ศูนย์บริการทางการแพทย์ คณะแพทยศาสตร์ มหาวิทยาลัยมหาสารคาม,ACTIVE
TTMT,9436226,มังคุด/เปลือกมังคุด,มังคุด,ยาน้ำ,ศูนย์บริการทางการแพทย์ คณะแพทยศาสตร์ มหาวิทยาลัยมหาสารคาม,ACTIVE
TTMT,9436235,ขิง,ชาขิง,ยาชง,ศูนย์บริการทางการแพทย์ คณะแพทยศาสตร์ มหาวิทยาลัยมหาสารคาม,ACTIVE
TTMT,9436242,ชุมเห็ดเทศ,ชาชุมเห็ดเทศ,ยาชง,ศูนย์บริการทางการแพทย์ คณะแพทยศาสตร์ มหาวิทยาลัยมหาสารคาม,ACTIVE
TTMT,9436257,ฟ้าทะลายโจร,ฟ้าทะลายโจรแคปซูล,ยาแคปซูล,ศูนย์บริการทางการแพทย์ คณะแพทยศาสตร์ มหาวิทยาลัยมหาสารคาม,ACTIVE
TTMT,9436261,มะขามแขก,มะขามแขกแคปซูล,ยาแคปซูล,ศูนย์บริการทางการแพทย์ คณะแพทยศาสตร์ มหาวิทยาลัยมหาสารคาม,ACTIVE
TTMT,9436274,มะขามแขก,ชามะขามแขก,ยาชง,ศูนย์บริการทางการแพทย์ คณะแพทยศาสตร์ มหาวิทยาลัยมหาสารคาม,ACTIVE
TTMT,9436288,มะระขี้นก,มะระขี้นกแคปซุล,ยาแคปซูล,ศูนย์บริการทางการแพทย์ คณะแพทยศาสตร์ มหาวิทยาลัยมหาสารคาม,ACTIVE
TTMT,9436290,มะระขี้นก,ชามะระขี้นก,ยาชง,ศูนย์บริการทางการแพทย์ คณะแพทยศาสตร์ มหาวิทยาลัยมหาสารคาม,ACTIVE
TTMT,9436300,รางจืด,รางจืดแคปซูล,ยาแคปซูล,ศูนย์บริการทางการแพทย์ คณะแพทยศาสตร์ มหาวิทยาลัยมหาสารคาม,ACTIVE
TTMT,9436316,รางจืด,ชารางจืด,ยาชง,ศูนย์บริการทางการแพทย์ คณะแพทยศาสตร์ มหาวิทยาลัยมหาสารคาม,ACTIVE
TTMT,9436328,หญ้าดอกขาว,ชาหญ้าดอกขาว,ยาชง,ศูนย์บริการทางการแพทย์ คณะแพทยศาสตร์ มหาวิทยาลัยมหาสารคาม,ACTIVE
TTMT,9436337,หญ้าปักกิ่ง,หญ้าปักกิ่งแคปซูล,ยาแคปซูล,ศูนย์บริการทางการแพทย์ คณะแพทยศาสตร์ มหาวิทยาลัยมหาสารคาม,ACTIVE
TTMT,9436344,หญ้าปักกิ่ง,ชาหญ้าปักกิ่ง,ยาชง,ศูนย์บริการทางการแพทย์ คณะแพทยศาสตร์ มหาวิทยาลัยมหาสารคาม,ACTIVE
TTMT,9436359,หญ้าหนวดแมว,ชาหญ้าหนวดแมว,ยาชง,ศูนย์บริการทางการแพทย์ คณะแพทยศาสตร์ มหาวิทยาลัยมหาสารคาม,ACTIVE
TTMT,9436363,กระเจี๊ยบแดง,กระเจี๊ยบแดง,ยาชง,ศูนย์บริการทางการแพทย์ คณะแพทยศาสตร์ มหาวิทยาลัยมหาสารคาม,ACTIVE
TTMT,9436371,ขมิ้นชัน,ขมิ้นชันแคปซูล,ยาแคปซูล,ศูนย์บริการทางการแพทย์ คณะแพทยศาสตร์ มหาวิทยาลัยมหาสารคาม,ACTIVE
TTMT,9436385,ขมิ้นชัน,ขมิ้นชัน,ยาเม็ด,ศูนย์บริการทางการแพทย์ คณะแพทยศาสตร์ มหาวิทยาลัยมหาสารคาม,ACTIVE
TTMT,9436392,มะระขี้นก,ยามะระขี้นก ตราวังหลัง,ยาแคปซูล,บริษัท โรงงานเภสัชอุตสาหกรรม เจเอสพี (ประเทศไทย) จำกัด (มหาชน),ACTIVE
TTMT,9436407,ขิง,ยาขิง ตราวังหลัง,ยาแคปซูล,บริษัท โรงงานเภสัชอุตสาหกรรม เจเอสพี (ประเทศไทย) จำกัด (มหาชน),ACTIVE
TTMT,9436411,ขมิ้นชัน,ยาขมิ้นชัน ตราวังหลัง YA KHAMIN CHAN WANG LANG BRAND,ยาแคปซูล,บริษัท โรงงานเภสัชอุตสาหกรรม เจเอสพี (ประเทศไทย) จำกัด (มหาชน),ACTIVE
TTMT,9436424,มะขามแขก,ยามะขามแขก ชนิดแคปซูล ตราขาวละออ,ยาแคปซูล,บริษัท ขาวละออเภสัช จำกัด,ACTIVE
TTMT,9436430,ฟ้าทะลายโจร,ฟ้าทะลายโจร 400mg,ยาแคปซูล,โรงพยาบาลพญาเม็งราย,ACTIVE
TTMT,9436448,เถาวัลย์เปรียง,เถาวัลย์เปรียง แคปซูล 500mg,ยาแคปซูล,โรงพยาบาลพญาเม็งราย,ACTIVE
TTMT,9436453,พญายอ,สามพรานเฮิร์บขี้ผึ้งพญายอ,ขี้ผึ้ง,โรงพยาบาลสามพราน,ACTIVE
TTMT,9436469,น้ำมันไพล,น้ำมันไพล,ยาเข้าน้ำมัน,โรงพยาบาลเพชรบูรณ์,ACTIVE
TTMT,9436476,น้ำมันไพล,น้ำมันไพล,ยาเข้าน้ำมัน,โรงพยาบาลสรรคบุรี,ACTIVE
TTMT,9436482,น้ำมันไพล,น้ำมันไพล,ยาเข้าน้ำมัน,โรงพยาบาลสรรคบุรี,ACTIVE
TTMT,9436495,ประสะจันทน์แดง ,ยาประสะจันทน์แดง ทีเอฟดี,ยาแคปซูล,บริษัท ไทยเอฟดี จำกัด,ACTIVE
TTMT,9436509,สเปรย์สมุนไพรบรรเทาอาการปวดเมื่อย,ยาสเปรย์สมุนไพรบรรเทาอาการปวดเมื่อย ตรา สุข,ยาเข้าน้ำมัน,บริษัท ไทยเอฟดี จำกัด,ACTIVE
TTMT,9436513,น้ำมันสมุนไพร,ยาน้ำมันสมุนไพร ตรา ยักษ์คิ้ว กลิ่น กระดังงา,ยาเข้าน้ำมัน,บริษัท ไทยเอฟดี จำกัด,ACTIVE
TTMT,9436521,พอกเข่า สูตรร้อน,ยาพอกเข่าสูตรร้อน หนองฉาง,ยาพอก,โรงพยาบาลหนองฉาง,ACTIVE
TTMT,9436532,พอกเข่า สูตรเย็น,ยาพอกเข่าสูตรเย็น หนองฉาง,ยาพอก,โรงพยาบาลหนองฉาง,ACTIVE
TTMT,9436545,พอกตา,ยาพอกเนตรทิพย์หนองฉาง,ยาพอก,โรงพยาบาลหนองฉาง,ACTIVE
TTMT,9436550,บาล์มสมุนไพร,PhanatHerb,ขี้ผึ้ง,โรงพยาบาลพนัสนิคม,ACTIVE
TTMT,9436566,บาล์มสมุนไพร,PhanatHerb,ขี้ผึ้ง,โรงพยาบาลพนัสนิคม,ACTIVE
TTMT,9436578,ยาพอกสมุนไพร,ยาพอกสมุนไพร,ยาพอก,โรงพยาบาลพนัสนิคม,ACTIVE
TTMT,9436584,สมุนไพรระบาย,ยาระบายมะขามแขก,ยาแคปซูล,โรงพยาบาลพนัสนิคม,ACTIVE
TTMT,9436597,พอกเข่า,ยาพอกสูตร 2,ยาพอก,โรงพยาบาลเขาย้อย,ACTIVE
TTMT,9436606,ดมสมุนไพร,ยาดมสมุนไพร,ยาดม,โรงพยาบาลไชโย,ACTIVE
TTMT,9436610,ขี้ผึ้งไพล สูตรตำรับที่ 2,ยาขี้ผึ้งไพล,ขี้ผึ้ง,โรงพยาบาลไชโย,ACTIVE
TTMT,9436623,สเปรย์กระดูกไก่ดำ,สเปรย์กระดูกไก่ดำ,ยาน้ำ,โรงพยาบาลไชโย,ACTIVE
TTMT,9436634,แก้ไอมะแว้ง ,ยาอมมะแว้งรสบ๊วย,ยาลูกกลอน,โรงพยาบาลขามสะแกแสง,ACTIVE
TTMT,9436647,หม่องไพล/บาล์มไพล/ไพลบาล์ม / ขี้ผึ้งไพล,ยาหม่องไพล,ขี้ผึ้ง,โรงพยาบาลคอนสวรรค์,ACTIVE
TTMT,9436652,ยาประคบ,ลูกประคบ,ยาประคบ,โรงพยาบาลพระทองคำ เฉลิมพระเกียรติ 80 พรรษา,ACTIVE
TTMT,9436668,อบสมุนไพร,ยาอบสมุนไพร,ยาต้ม,โรงพยาบาลพระทองคำ เฉลิมพระเกียรติ 80 พรรษา,ACTIVE
TTMT,9436675,ยาประคบสมุนไพร,ยาประคบ บ้านน้ำคำ แบบที่ 1,ยาประคบ,โรงพยาบาลส่งเสริมสุขภาพตำบลบ้านน้ำคำ   ตำบลโนนสวรรค์,ACTIVE
TTMT,9436681,ยาประคบสมุนไพร,ยาประคบ บ้านน้ำคำ   แบบที่ 2,ยาประคบ,โรงพยาบาลส่งเสริมสุขภาพตำบลบ้านน้ำคำ   ตำบลโนนสวรรค์,ACTIVE
TTMT,9436699,จันทน์ลีลา,มายเฮอบัล ยาจันทลีลา ชนิดแคปซูล,ยาแคปซูล,บริษัท เกร๊ทเตอร์ฟาร์ม่า จำกัด,ACTIVE
TTMT,9436702,ศุขไสยาศน์,มายเฮอบัล ยาศุขไสยาศน์,ยาแคปซูล,บริษัท เกร๊ทเตอร์ฟาร์ม่า จำกัด,ACTIVE
TTMT,9436718,น้ำมันเหลือง,น้ำมันเหลือง มายเฮอบัล,ยาเข้าน้ำมัน,บริษัท เกร๊ทเตอร์ฟาร์ม่า จำกัด,ACTIVE
TTMT,9436725,พิมเสนน้ำ,พิมเสนน้ำ ตรามายเฮอบัล มายบาซิน,ยาน้ำ,บริษัท เกร๊ทเตอร์ฟาร์ม่า จำกัด,ACTIVE
TTMT,9436739,หอมเทพจิตร,ยาหอมเทพจิตร,ยาผง,โรงพยาบาลดอนตูม,ACTIVE
TTMT,9436741,หอมอินทจักร,ยาหอมอินทจักร,ยาผง,โรงพยาบาลดอนตูม,ACTIVE
TTMT,9436756,หอมนวโกฐ,ยาหอมนวโกฐ,ยาผง,โรงพยาบาลดอนตูม,ACTIVE
TTMT,9436760,ผสมเพชรสังฆาต สูตรตำรับที่ 2,ยาแคปซูลสูตรผสม สูตรที่ 2 เพชรสังฆาต,ยาแคปซูล,โรงพยาบาลพญาเม็งราย,ACTIVE
TTMT,9436773,ผสมหญ้าดอกขาว,ยาผสมหญ้าดอกขาว รพ.,ยาลูกกลอน,โรงพยาบาลพญาเม็งราย,ACTIVE
TTMT,9436787,พอกเข่า,ยาพอกเข่า ตำรับโรงพยาบาลระยอง,ยาพอก,โรงพยาบาลระยอง,ACTIVE
TTMT,9436794,แก้ไอผสมมะขามป้อม สูตรตำรับที่ 1,แก้ไอผสมมะขามป้อม สูตรตำรับที่ 1,ยาน้ำ,โรงพยาบาลเพชรบูรณ์,ACTIVE
TTMT,9436804,ขี้ผึ้งไพล สูตรตำรับที่ 1,ขี้ผึ้งไพล สูตรตำรับที่ 1,ขี้ผึ้ง,โรงพยาบาลเพชรบูรณ์,ACTIVE
TTMT,9436815,ธาตุอบเชย ,ธาตุอบเชย ,ยาน้ำ,โรงพยาบาลเพชรบูรณ์,ACTIVE
TTMT,9436827,ผสมโคคลาน สูตรตำรับที่ 2,ผสมโคคลาน สูตรตำรับที่ 2,ยาต้ม,โรงพยาบาลเพชรบูรณ์,ACTIVE
TTMT,9436836,ตรีผลา / พิกัดตรีผลา ,ตรีผลา / พิกัดตรีผลา ,ยาชง,โรงพยาบาลเพชรบูรณ์,ACTIVE
TTMT,9436843,ต้มแก้ปวดเมื่อย,ยาต้มแก้ปวดเมื่อย,ยาต้ม,โรงพยาบาลเพชรบูรณ์,ACTIVE
TTMT,9436858,"ต้มแก้ปวดกล้ามเนื้อ,เส้นเอ็น,กระดูก ","ยาต้มแก้ปวดกล้ามเนื้อ,เส้นเอ็น,กระดูก ",ยาต้ม,โรงพยาบาลเพชรบูรณ์,ACTIVE
TTMT,9436862,ต้มแก้เส้นเอ็นพิการ (นหารูพิการ),ยาต้มแก้ปวดเมื่อย นหารูพิการ ,ยาต้ม,โรงพยาบาลเพชรบูรณ์,ACTIVE
TTMT,9436870,แก้ลมอัมพฤกษ์ ,แก้ลมอัมพฤกษ์ ,ยาผง,โรงพยาบาลสรรคบุรี,ACTIVE
TTMT,9436889,ยาประคบ,ยาลูกประคบหมอยาไทย,ยาประคบ,บริษัท หมอยาไทย 101 จำกัด,ACTIVE
TTMT,9436891,ยาประคบ,ยาลูกประคบหมอยาไทย,ยาประคบ,บริษัท หมอยาไทย 101 จำกัด,ACTIVE
TTMT,9436901,ยาประคบ,ยาลูกประคบหมอยาไทย,ยาประคบ,บริษัท หมอยาไทย 101 จำกัด,ACTIVE
TTMT,9436917,ยาประคบ,ยาลูกประคบหมอยาไทย,ยาประคบ,บริษัท หมอยาไทย 101 จำกัด,ACTIVE
TTMT,9436929,หญ้าดอกขาว,ยาชงหญ้าดอกขาว,ยาชง,บริษัท เจริญสุขเภสัช (เจริญสุขกรุ๊ป),ACTIVE
TTMT,9436938,มะนาว,ยาแก้ไอมะนาว,ยาน้ำ,โรงพยาบาลเจ้าคุณไพบูลย์พนมทวน,ACTIVE
TTMT,9436940,มะกรูด,ยาแก้ไอมะกรูด,ยาน้ำ,โรงพยาบาลเจ้าคุณไพบูลย์พนมทวน,ACTIVE
TTMT,9436955,น้ำมันไพล,น้ำมันไพล,ยาเข้าน้ำมัน,โรงพยาบาลเจาะไอร้อง,ACTIVE
TTMT,9436964,น้ำมันไพล,น้ำมันไพล,ยาเข้าน้ำมัน,โรงพยาบาลเจาะไอร้อง,ACTIVE
TTMT,9436972,น้ำมันไพล,น้ำมันไพล,ยาเข้าน้ำมัน,โรงพยาบาลส่งเสริมสุขภาพตำบลบ้านห้วยบงเหนือ,ACTIVE
TTMT,9436986,น้ำมันไพล,น้ำมันไพล,ยาเข้าน้ำมัน,โรงพยาบาลส่งเสริมสุขภาพตำบลห้วยป่าน,ACTIVE
TTMT,9436993,กระเจี๊ยบแดง,ยากระเจี๊ยบแดง,ยาชง,บริษัท เจริญสุขเภสัช (เจริญสุขกรุ๊ป),ACTIVE
TTMT,9437001,มะขามไทย,ยาแก้ไอมะขาม,ยาน้ำ,โรงพยาบาลเจ้าคุณไพบูลย์พนมทวน,ACTIVE
TTMT,9437017,จันทน์ลีลา,ยาจันทลีลา ชนิดแคปซูล,ยาแคปซูล,บริษัท แก้วมังกรเภสัช จำกัด,ACTIVE
TTMT,9437029,น้ำมันสมุนไพร,ยาน้ำมันสมุนไพร ตรา ยักษ์คิ้ว กลิ่น โสม,ยาเข้าน้ำมัน,บริษัท ไทยเอฟดี จำกัด,ACTIVE
TTMT,9437038,น้ำมันสมุนไพร,ยาน้ำมันสมุนไพร ตรา ยักษ์คิ้ว กลิ่น กาสะลอง,ยาเข้าน้ำมัน,บริษัท ไทยเอฟดี จำกัด,ACTIVE
TTMT,9437040,แก้ไอผสมมะขามป้อม สูตรตำรับที่ 2,ยาแก้ไอผสมมะขามป้อม (พนาพัฒน์ 1),ยาน้ำ,บริษัท พนาพัฒน์ เฮลท์แคร์ จำกัด,ACTIVE
TTMT,9437055,แก้ไอผสมมะขามป้อม สูตรตำรับที่ 2,ยาแก้ไอผสมมะขามป้อม (พนาพัฒน์ 1),ยาน้ำ,บริษัท พนาพัฒน์ เฮลท์แคร์ จำกัด,ACTIVE
TTMT,9437064,แก้ไอผสมมะขามป้อม สูตรตำรับที่ 2,ยาแก้ไอผสมมะขามป้อม (พนาพัฒน์ 1),ยาน้ำ,บริษัท พนาพัฒน์ เฮลท์แคร์ จำกัด,ACTIVE
TTMT,9437072,แก้ไอผสมมะขามป้อม สูตรตำรับที่ 2,ยาแก้ไอผสมมะขามป้อม (พนาพัฒน์ 1),ยาน้ำ,บริษัท พนาพัฒน์ เฮลท์แคร์ จำกัด,ACTIVE
TTMT,9437086,แก้ไอผสมมะขามป้อม สูตรตำรับที่ 2,ยาแก้ไอผสมมะขามป้อม กลิ่นน้ำผึ้งมานูก้า ตราวังหลัง,ยาน้ำ,บริษัท พนาพัฒน์ เฮลท์แคร์ จำกัด,ACTIVE
TTMT,9437093,แก้ไอผสมมะขามป้อม สูตรตำรับที่ 2,ยาแก้ไอผสมมะขามป้อม กลิ่นน้ำผึ้งมานูก้า ตราวังหลัง,ยาน้ำ,บริษัท พนาพัฒน์ เฮลท์แคร์ จำกัด,ACTIVE
TTMT,9437103,แก้ไอผสมมะขามป้อม สูตรตำรับที่ 2,ยาแก้ไอผสมมะขามป้อม กลิ่นน้ำผึ้งมานูก้า ตราวังหลัง,ยาน้ำ,บริษัท พนาพัฒน์ เฮลท์แคร์ จำกัด,ACTIVE
TTMT,9437119,แก้ไอผสมมะขามป้อม สูตรตำรับที่ 2,ยาแก้ไอผสมมะขามป้อม กลิ่นน้ำผึ้งมานูก้า ตราวังหลัง,ยาน้ำ,บริษัท พนาพัฒน์ เฮลท์แคร์ จำกัด,ACTIVE
TTMT,9437126,แก้ไอผสมมะขามป้อม สูตรตำรับที่ 2,ยาแก้ไอผสมมะขามป้อม สูตร 2 ตราวังหลัง,ยาน้ำ,บริษัท พนาพัฒน์ เฮลท์แคร์ จำกัด,ACTIVE
TTMT,9437135,แก้ไอผสมมะขามป้อม สูตรตำรับที่ 2,ยาแก้ไอผสมมะขามป้อม สูตร 2 ตราวังหลัง,ยาน้ำ,บริษัท พนาพัฒน์ เฮลท์แคร์ จำกัด,ACTIVE
TTMT,9437142,แก้ไอผสมมะขามป้อม สูตรตำรับที่ 2,ยาแก้ไอผสมมะขามป้อม สูตร 2 ตราวังหลัง,ยาน้ำ,บริษัท พนาพัฒน์ เฮลท์แคร์ จำกัด,ACTIVE
TTMT,9437157,แก้ไอผสมมะขามป้อม สูตรตำรับที่ 2,ยาแก้ไอผสมมะขามป้อม สูตร 2 ตราวังหลัง,ยาน้ำ,บริษัท พนาพัฒน์ เฮลท์แคร์ จำกัด,ACTIVE
TTMT,9437161,แก้ไอผสมมะขามป้อม,ยาน้ำแก้ไอผสมมะขามป้อม ตรา ไอ-เฮิร์บ,ยาน้ำ,บริษัท มิลลิเมด จำกัด,ACTIVE
TTMT,9437174,ขี้ผึ้งไพล สูตรตำรับที่ 1,ขี้ผึ้งไพล สูตรตำรับที่ 1,ขี้ผึ้ง,โรงพยาบาลเจาะไอร้อง,ACTIVE
TTMT,9437188,ขี้ผึ้งไพล สูตรตำรับที่ 1,ขี้ผึ้งไพล สูตรตำรับที่ 1,ขี้ผึ้ง,โรงพยาบาลเจาะไอร้อง,ACTIVE
TTMT,9437190,ดมสมุนไพร,ยาดมสมุนไพร,ยาดม,โรงพยาบาลเจาะไอร้อง,ACTIVE
TTMT,9437208,ดมสมุนไพร,ยาดมสมุนไพร,ยาดม,โรงพยาบาลเจาะไอร้อง,ACTIVE
TTMT,9437212,ยาประคบ,ยาประคบสมุนไพร,ยาประคบ,โรงพยาบาลเจาะไอร้อง,ACTIVE
TTMT,9437220,สเปรย์กระดูกไก่ดำ,สเปร์ยกระดูกไก่ดำเพ็ญไพร,ยาน้ำ,โรงพยาบาลเพ็ญ,ACTIVE
TTMT,9437231,สเปรย์กระดูกไก่ดำ,COOLPAIN,ยาน้ำ,โรงพยาบาลลานสัก,ACTIVE
TTMT,9437249,สเปรย์กระดูกไก่ดำ,COOLPAIN,ยาน้ำ,โรงพยาบาลลานสัก,ACTIVE
TTMT,9437254,สเปรย์กระดูกไก่ดำ,COOLPAIN,ยาน้ำ,โรงพยาบาลลานสัก,ACTIVE
TTMT,9437265,สเปรย์กระดูกไก่ดำ,COOLPAIN,ยาน้ำ,โรงพยาบาลลานสัก,ACTIVE
TTMT,9437277,สเปรย์กระดูกไก่ดำ,COOLPAIN,ยาน้ำ,โรงพยาบาลลานสัก,ACTIVE
TTMT,9437283,สเปรย์กระดูกไก่ดำ,COOLPAIN,ยาน้ำ,โรงพยาบาลลานสัก,ACTIVE
TTMT,9437296,ยาประคบ,ลูกประคบ,ยาประคบ,โรงพยาบาลส่งเสริมสุขภาพตำบลบ้านโคกมั่งงอย,ACTIVE
TTMT,9437306,ยาประคบ,ยาประคบ,ยาประคบ,โรงพยาบาลส่งเสริมสุขภาพตำบลบ้านห้วยบงเหนือ,ACTIVE
TTMT,9437310,ยาประคบ,ลูกประคบ,ยาประคบ,โรงพยาบาลส่งเสริมสุขภาพตำบลคอนสวรรค์,ACTIVE
TTMT,9437323,ยาประคบ,ยาประคบ,ยาประคบ,โรงพยาบาลส่งเสริมสุขภาพตำบลบ้านโนนศรีสวัสดิ์,ACTIVE
TTMT,9437334,ขี้ผึ้งไพล สูตรตำรับที่ 1,ขี้ผึ้งไพล สูตรตำรับที่ 1,ขี้ผึ้ง,โรงพยาบาลส่งเสริมสุขภาพตำบลบ้านโนนศรีสวัสดิ์,ACTIVE
TTMT,9437347,พอกเข่า,ยาพอกเข่า,ยาผง,โรงพยาบาลส่งเสริมสุขภาพตำบลบ้านโนนศรีสวัสดิ์,ACTIVE
TTMT,9437352,ขี้ผึ้งไพล สูตรตำรับที่ 1,ขี้ผึ้งไพล,ขี้ผึ้ง,โรงพยาบาลบ้านไผ่,ACTIVE
TTMT,9437368,ขี้ผึ้งไพล สูตรตำรับที่ 2,ยาขี้ผึ้งไพล สูตร 2 ตราธงทอง,ขี้ผึ้ง,ห้างธงทองโอสถ,ACTIVE
TTMT,9437375,ยาประคบ,ยาประคบสมุนไพร (Herbal Ball),ยาประคบ,โรงพยาบาลส่งเสริมสุขภาพตำบลห้วยป่าน,ACTIVE
TTMT,9437381,ยาประคบ,ยาประคบสมุนไพร,ยาประคบ,โรงพยาบาลวชิระภูเก็ต,ACTIVE
TTMT,9437399,ฟ้าทะลายโจร,ยาแคปซูลฟ้าทะลายโจร,ยาแคปซูล,โรงผลิตผลิตภัณฑ์สมุนไพร มหาวิทยาลัยเทคโนโลยีราชมงคลอีสาน วิทยาเขตสกลนคร,ACTIVE
TTMT,9437404,ขมิ้นชัน,ยาแคปซูลขมิ้นชัน,ยาแคปซูล,โรงผลิตผลิตภัณฑ์สมุนไพร มหาวิทยาลัยเทคโนโลยีราชมงคลอีสาน วิทยาเขตสกลนคร,ACTIVE
TTMT,9437415,หญ้าหนวดแมว,ยาชงหญ้าหนวดแมว,ยาชง,บริษัท เจริญสุขเภสัช (เจริญสุขกรุ๊ป),ACTIVE
TTMT,9437427,ฟ้าทะลายโจร,ยาฟ้าทะลายโจร,ยาแคปซูล,โรงพยาบาลส่งเสริมสุขภาพตำบลบ้านเมี่ยง,ACTIVE
TTMT,9437436,ขมิ้นชัน,ยาขมิ้นชัน,ยาแคปซูล,โรงพยาบาลส่งเสริมสุขภาพตำบลบ้านเมี่ยง,ACTIVE
TTMT,9437443,น้ำมันไพล,น้ำมันไพล,ยาเข้าน้ำมัน,โรงพยาบาลส่งเสริมสุขภาพตำบลโนนวังแท่น,ACTIVE
TTMT,9437458,สเปรย์กระดูกไก่ดำ,ยาสเปรย์กระดูกไก่ดำ GALYA HERB,ยาน้ำ,สถาบันกัลยาณ์ราชนครินทร์,ACTIVE
TTMT,9437462,สเปรย์กระดูกไก่ดำ,ยาสเปรย์กระดูกไก่ดำ GALYA HERB,ยาน้ำ,สถาบันกัลยาณ์ราชนครินทร์,ACTIVE
TTMT,9437470,สเปรย์กระดูกไก่ดำ,ยาสเปรย์กระดูกไก่ดำ GALYA HERB,ยาน้ำ,สถาบันกัลยาณ์ราชนครินทร์,ACTIVE
TTMT,9437489,แก้ไอพื้นบ้านอีสาน,ยาแก้ไอพื้นบ้านอีสาน,ยาน้ำ,ห้างหุ้นส่วนจำกัด ไร่ อรุณพร,ACTIVE
TTMT,9437491,ธรณีสันฑะฆาต,ธรณีสันฑะฆาต,ยาลูกกลอน,สถานการแพทย์แผนไทยประยุกต์ คณะแพทยศาสตร์ศิริราชพยาบาล มหาวิทยาลัยมหิดล,ACTIVE
TTMT,9437502,ธาตุบรรจบ ,ธาตุบรรจบ,ยาลูกกลอน,สถานการแพทย์แผนไทยประยุกต์ คณะแพทยศาสตร์ศิริราชพยาบาล มหาวิทยาลัยมหิดล,ACTIVE
TTMT,9437518,ยาประคบ,ยาประคบ แบบที่ 3 ดู่ใหญ่ 200 กรัม,ยาประคบ,โรงพยาบาลส่งเสริมสุขภาพตำบลบ้านดู่ - ฝายใหญ่    ตำบลหนองแคน,ACTIVE
TTMT,9437525,ครีมทาแผล,ครีมเหลืองสุราษฎร์ (เหลืองนรินทร์),ครีม,สำนักงานสาธารณสุขจังหวัดสุราษฎร์ธานี,ACTIVE
TTMT,9437539,แปะเข่า,แผ่นแปะข้อเข่าเสื่อม,ยาพอก,สำนักงานสาธารณสุขจังหวัดสุราษฎร์ธานี,ACTIVE
TTMT,9437541,จันทน์ลีลา,ยาจันทน์ลีลา,ยาแคปซูล,โรงพยาบาลส่งเสริมสุขภาพตำบลบ้านเมี่ยง,ACTIVE
TTMT,9437556,ผสมเถาวัลย์เปรียง สูตรตำรับที่ 2,ยาผสมเถาวัลย์เปรียง,ยาแคปซูล,โรงพยาบาลส่งเสริมสุขภาพตำบลบ้านเมี่ยง,ACTIVE
TTMT,9437560,ประสะมะแว้ง,ยาประสะมะแว้ง,ยาลูกกลอน,โรงพยาบาลสรรคบุรี,ACTIVE
TTMT,9437573,หอมทิพโอสถ,หอมทิพโอสถ,ยาผง,โรงพยาบาลสรรคบุรี,ACTIVE
TTMT,9437587,หอมอินทจักร,หอมอินทจักร์,ยาผง,โรงพยาบาลสรรคบุรี,ACTIVE
TTMT,9437594,หอมเทพจิตร,หอมเทพจิตร,ยาผง,โรงพยาบาลสรรคบุรี,ACTIVE
TTMT,9437600,หอมนวโกฐ,หอมนวโกฐ,ยาผง,โรงพยาบาลสรรคบุรี,ACTIVE
TTMT,9437616,เขียวหอม,เขียวหอม,ยาผง,โรงพยาบาลสรรคบุรี,ACTIVE
TTMT,9437628,อำมฤควาที,อำมฤควาที,ยาผง,โรงพยาบาลสรรคบุรี,ACTIVE
TTMT,9437637,วิสัมพญาใหญ่,วิสัมพญาใหญ่,ยาผง,โรงพยาบาลสรรคบุรี,ACTIVE
TTMT,9437644,ยาประคบ,ลูกประคบสมุนไพร,ยาประคบ,โรงพยาบาลบ้านหลวง,ACTIVE
TTMT,9437659,แช่เท้า,นิรชาธารา,ยาแช่,โรงพยาบาลสุโขทัย,ACTIVE
TTMT,9437663,พอกเข่า,ยาพอกเข่าศรีสุโข,ยาพอก,โรงพยาบาลสุโขทัย,ACTIVE
TTMT,9437671,ขี้ผึ้งบรรเทาอาการปวดเมื่อย,สองสหายคลายปวด,ขี้ผึ้ง,โรงพยาบาลสุโขทัย,ACTIVE
TTMT,9437685,ยาประคบ,ยาประคบสมุนไพร,ยาประคบ,โรงพยาบาลส่งเสริมสุขภาพตำบลโนนวังแท่น,ACTIVE
TTMT,9437692,น้ำมันไพล,ยาน้ำบรรเทาอาการปวดเมื่อยตามร่างกายสูตร 9 ตราสวนสารพัดดี,ยาเข้าน้ำมัน,บริษัท สมุนไพรภูผา เอ็มดี (ไทยแลนด์) จำกัด,ACTIVE
TTMT,9437709,น้ำมันไพล,ยาน้ำบรรเทาอาการปวดเมื่อยตามร่างกายสูตร 9 ตราสวนสารพัดดี,ยาเข้าน้ำมัน,บริษัท สมุนไพรภูผา เอ็มดี (ไทยแลนด์) จำกัด,ACTIVE
TTMT,9437713,น้ำมันไพล,ยาน้ำบรรเทาอาการปวดเมื่อยตามร่างกายสูตร 9 ตราสวนสารพัดดี,ยาเข้าน้ำมัน,บริษัท สมุนไพรภูผา เอ็มดี (ไทยแลนด์) จำกัด,ACTIVE
TTMT,9437721,น้ำมันไพล,ยาน้ำบรรเทาอาการปวดเมื่อยตามร่างกายสูตร 9 ตราสวนสารพัดดี,ยาเข้าน้ำมัน,บริษัท สมุนไพรภูผา เอ็มดี (ไทยแลนด์) จำกัด,ACTIVE
TTMT,9437732,หม่องไพล/บาล์มไพล/ไพลบาล์ม / ขี้ผึ้งไพล,ยาหม่อง บรรเทาอาการปวดเมื่อยตามร่างกาย สูตร3 ตราปาริสา,ขี้ผึ้ง,บริษัท สมุนไพรภูผา เอ็มดี (ไทยแลนด์) จำกัด,ACTIVE
TTMT,9437745,หม่องไพล/บาล์มไพล/ไพลบาล์ม / ขี้ผึ้งไพล,ยาหม่อง บรรเทาอาการปวดเมื่อยตามร่างกาย สูตร3 ตราปาริสา,ขี้ผึ้ง,บริษัท สมุนไพรภูผา เอ็มดี (ไทยแลนด์) จำกัด,ACTIVE
TTMT,9437750,หม่องไพล/บาล์มไพล/ไพลบาล์ม / ขี้ผึ้งไพล,ยาหม่อง บรรเทาอาการปวดเมื่อยตามร่างกาย สูตร3 ตราปาริสา,ขี้ผึ้ง,บริษัท สมุนไพรภูผา เอ็มดี (ไทยแลนด์) จำกัด,ACTIVE
TTMT,9437766,หม่องไพล/บาล์มไพล/ไพลบาล์ม / ขี้ผึ้งไพล,ยาหม่อง บรรเทาอาการปวดเมื่อยตามร่างกาย สูตร3 ตราปาริสา,ขี้ผึ้ง,บริษัท สมุนไพรภูผา เอ็มดี (ไทยแลนด์) จำกัด,ACTIVE
TTMT,9437778,น้ำมันไพล,ยาน้ำมันบรรเทาอาการปวดเมื่อยตามร่างกาย สูตร9 ตราดิวาไลฟ์,ยาเข้าน้ำมัน,บริษัท สมุนไพรภูผา เอ็มดี (ไทยแลนด์) จำกัด,ACTIVE
TTMT,9437784,น้ำมันไพล,ยาน้ำมันบรรเทาอาการปวดเมื่อยตามร่างกาย สูตร9 ตราดิวาไลฟ์,ยาเข้าน้ำมัน,บริษัท สมุนไพรภูผา เอ็มดี (ไทยแลนด์) จำกัด,ACTIVE
TTMT,9437797,หม่องไพล/บาล์มไพล/ไพลบาล์ม / ขี้ผึ้งไพล,ยาหม่อง บรรเทาออาการปวดเมื่อยตามร่างกาย สูตร3 ตราทรัพย์จินดา,ขี้ผึ้ง,บริษัท สมุนไพรภูผา เอ็มดี (ไทยแลนด์) จำกัด,ACTIVE
TTMT,9437807,หม่องไพล/บาล์มไพล/ไพลบาล์ม / ขี้ผึ้งไพล,ยาหม่อง บรรเทาออาการปวดเมื่อยตามร่างกาย สูตร3 ตราทรัพย์จินดา,ขี้ผึ้ง,บริษัท สมุนไพรภูผา เอ็มดี (ไทยแลนด์) จำกัด,ACTIVE
TTMT,9437811,หม่องไพล/บาล์มไพล/ไพลบาล์ม / ขี้ผึ้งไพล,ยาหม่อง บรรเทาออาการปวดเมื่อยตามร่างกาย สูตร3 ตราทรัพย์จินดา,ขี้ผึ้ง,บริษัท สมุนไพรภูผา เอ็มดี (ไทยแลนด์) จำกัด,ACTIVE
TTMT,9437824,หม่องไพล/บาล์มไพล/ไพลบาล์ม / ขี้ผึ้งไพล,ยาหม่อง บรรเทาออาการปวดเมื่อยตามร่างกาย สูตร3 ตราทรัพย์จินดา,ขี้ผึ้ง,บริษัท สมุนไพรภูผา เอ็มดี (ไทยแลนด์) จำกัด,ACTIVE
TTMT,9437830,หม่องไพล/บาล์มไพล/ไพลบาล์ม / ขี้ผึ้งไพล,ยาหม่องบรรเทาอาการปวดเมื่อยตามร่างกาย สูตร3 ตรานงลักษณ์,ขี้ผึ้ง,บริษัท สมุนไพรภูผา เอ็มดี (ไทยแลนด์) จำกัด,ACTIVE
TTMT,9437848,หม่องไพล/บาล์มไพล/ไพลบาล์ม / ขี้ผึ้งไพล,ยาหม่องบรรเทาอาการปวดเมื่อยตามร่างกาย สูตร3 ตรานงลักษณ์,ขี้ผึ้ง,บริษัท สมุนไพรภูผา เอ็มดี (ไทยแลนด์) จำกัด,ACTIVE
TTMT,9437853,หม่องไพล/บาล์มไพล/ไพลบาล์ม / ขี้ผึ้งไพล,ยาหม่องบรรเทาอาการปวดเมื่อยตามร่างกาย สูตร3 ตรานงลักษณ์,ขี้ผึ้ง,บริษัท สมุนไพรภูผา เอ็มดี (ไทยแลนด์) จำกัด,ACTIVE
TTMT,9437869,หม่องไพล/บาล์มไพล/ไพลบาล์ม / ขี้ผึ้งไพล,ยาหม่องบรรเทาอาการปวดเมื่อยตามร่างกาย สูตร3 ตรานงลักษณ์,ขี้ผึ้ง,บริษัท สมุนไพรภูผา เอ็มดี (ไทยแลนด์) จำกัด,ACTIVE
TTMT,9437876,หม่องไพล/บาล์มไพล/ไพลบาล์ม / ขี้ผึ้งไพล,ยาหม่องบรรเทาอาการปวดเมื่อยตามร่างกาย สูตร4 ตราคุณเบญ,ขี้ผึ้ง,บริษัท สมุนไพรภูผา เอ็มดี (ไทยแลนด์) จำกัด,ACTIVE
TTMT,9437882,หม่องไพล/บาล์มไพล/ไพลบาล์ม / ขี้ผึ้งไพล,ยาหม่องบรรเทาอาการปวดเมื่อยตามร่างกาย สูตร4 ตราคุณเบญ,ขี้ผึ้ง,บริษัท สมุนไพรภูผา เอ็มดี (ไทยแลนด์) จำกัด,ACTIVE
TTMT,9437895,หม่องไพล/บาล์มไพล/ไพลบาล์ม / ขี้ผึ้งไพล,ยาหม่องบรรเทาอาการปวดเมื่อยตามร่างกาย สูตร4 ตราคุณเบญ,ขี้ผึ้ง,บริษัท สมุนไพรภูผา เอ็มดี (ไทยแลนด์) จำกัด,ACTIVE
TTMT,9437905,หม่องไพล/บาล์มไพล/ไพลบาล์ม / ขี้ผึ้งไพล,ยาหม่องบรรเทาอาการปวดเมื่อยตามร่างกาย สูตร4 ตราคุณเบญ,ขี้ผึ้ง,บริษัท สมุนไพรภูผา เอ็มดี (ไทยแลนด์) จำกัด,ACTIVE
TTMT,9437914,น้ำมันไพล,ยาน้ำมันบรรเทาอาการปวดเมื่อยตามร่างกาย สูตร 6 ตราธัญญลักษณ์,ยาเข้าน้ำมัน,บริษัท สมุนไพรภูผา เอ็มดี (ไทยแลนด์) จำกัด,ACTIVE
TTMT,9437922,น้ำมันไพล,ยาน้ำมันบรรเทาอาการปวดเมื่อยตามร่างกาย สูตร 6 ตราธัญญลักษณ์,ยาเข้าน้ำมัน,บริษัท สมุนไพรภูผา เอ็มดี (ไทยแลนด์) จำกัด,ACTIVE
TTMT,9437933,น้ำมันไพล,ยาน้ำมันบรรเทาอาการปวดเมื่อยตามร่างกาย สูตร 6 ตราธัญญลักษณ์,ยาเข้าน้ำมัน,บริษัท สมุนไพรภูผา เอ็มดี (ไทยแลนด์) จำกัด,ACTIVE
TTMT,9437946,น้ำมันไพล,ยาน้ำมันบรรเทาอาการปวดเมื่อยตามร่างกาย สูตร 6 ตราธัญญลักษณ์,ยาเข้าน้ำมัน,บริษัท สมุนไพรภูผา เอ็มดี (ไทยแลนด์) จำกัด,ACTIVE
TTMT,9437951,น้ำมันไพล,ยาน้ำมันบรรเทาอาการปวดเมื่อยตามร่างกาย สูตร 6 ตราหอมดอกกรรณิการ์,ยาเข้าน้ำมัน,บริษัท สมุนไพรภูผา เอ็มดี (ไทยแลนด์) จำกัด,ACTIVE
TTMT,9437967,น้ำมันไพล,ยาน้ำมันบรรเทาอาการปวดเมื่อยตามร่างกาย สูตร 6 ตราหอมดอกกรรณิการ์,ยาเข้าน้ำมัน,บริษัท สมุนไพรภูผา เอ็มดี (ไทยแลนด์) จำกัด,ACTIVE
TTMT,9437979,น้ำมันไพล,ยาน้ำมันบรรเทาอาการปวดเมื่อยตามร่างกาย สูตร 6 ตราหอมดอกกรรณิการ์,ยาเข้าน้ำมัน,บริษัท สมุนไพรภูผา เอ็มดี (ไทยแลนด์) จำกัด,ACTIVE
TTMT,9437980,น้ำมันไพล,ยาน้ำมันบรรเทาอาการปวดเมื่อยตามร่างกาย สูตร 6 ตราหอมดอกกรรณิการ์,ยาเข้าน้ำมัน,บริษัท สมุนไพรภูผา เอ็มดี (ไทยแลนด์) จำกัด,ACTIVE
TTMT,9437998,น้ำมันไพล,ยาน้ำมันบรรเทาอาการปวดเมื่อยตามร่างกาย สูตร 1 ตราดอกบัวคราม,ยาเข้าน้ำมัน,บริษัท สมุนไพรภูผา เอ็มดี (ไทยแลนด์) จำกัด,ACTIVE
TTMT,9438006,น้ำมันไพล,ยาน้ำมันบรรเทาอาการปวดเมื่อยตามร่างกาย สูตร 1 ตราดอกบัวคราม,ยาเข้าน้ำมัน,บริษัท สมุนไพรภูผา เอ็มดี (ไทยแลนด์) จำกัด,ACTIVE
TTMT,9438010,น้ำมันไพล,ยาน้ำมันบรรเทาอาการปวดเมื่อยตามร่างกาย สูตร 1 ตราดอกบัวคราม,ยาเข้าน้ำมัน,บริษัท สมุนไพรภูผา เอ็มดี (ไทยแลนด์) จำกัด,ACTIVE
TTMT,9438023,น้ำมันไพล,ยาน้ำมันบรรเทาอาการปวดเมื่อยตามร่างกาย สูตร 1 ตราดอกบัวคราม,ยาเข้าน้ำมัน,บริษัท สมุนไพรภูผา เอ็มดี (ไทยแลนด์) จำกัด,ACTIVE
TTMT,9438034,หม่องไพล/บาล์มไพล/ไพลบาล์ม / ขี้ผึ้งไพล,ยาหม่องบรรเทาอาการปวดเมื่อย ตราไทยทิพย์,ขี้ผึ้ง,บริษัท สมุนไพรภูผา เอ็มดี (ไทยแลนด์) จำกัด,ACTIVE
TTMT,9438047,หม่องไพล/บาล์มไพล/ไพลบาล์ม / ขี้ผึ้งไพล,ยาหม่องบรรเทาอาการปวดเมื่อย ตราไทยทิพย์,ขี้ผึ้ง,บริษัท สมุนไพรภูผา เอ็มดี (ไทยแลนด์) จำกัด,ACTIVE
TTMT,9438052,หม่องไพล/บาล์มไพล/ไพลบาล์ม / ขี้ผึ้งไพล,ยาหม่อง ตราหอมทิพย์,ขี้ผึ้ง,บริษัท สมุนไพรภูผา เอ็มดี (ไทยแลนด์) จำกัด,ACTIVE
TTMT,9438068,หม่องไพล/บาล์มไพล/ไพลบาล์ม / ขี้ผึ้งไพล,ยาหม่อง ตราหอมทิพย์,ขี้ผึ้ง,บริษัท สมุนไพรภูผา เอ็มดี (ไทยแลนด์) จำกัด,ACTIVE
TTMT,9438075,หม่องไพล/บาล์มไพล/ไพลบาล์ม / ขี้ผึ้งไพล,ยาหม่อง ตราไพลทิพย์,ขี้ผึ้ง,บริษัท สมุนไพรภูผา เอ็มดี (ไทยแลนด์) จำกัด,ACTIVE
TTMT,9438081,หม่องไพล/บาล์มไพล/ไพลบาล์ม / ขี้ผึ้งไพล,ยาหม่อง ตราไพลทิพย์,ขี้ผึ้ง,บริษัท สมุนไพรภูผา เอ็มดี (ไทยแลนด์) จำกัด,ACTIVE
TTMT,9438099,หม่องไพล/บาล์มไพล/ไพลบาล์ม / ขี้ผึ้งไพล,ยาหม่อง บรรเทาอาการปวดเมื่อยตามร่างกาย สูตร3 ตราไรห์ม,ขี้ผึ้ง,บริษัท สมุนไพรภูผา เอ็มดี (ไทยแลนด์) จำกัด,ACTIVE
TTMT,9438109,หม่องไพล/บาล์มไพล/ไพลบาล์ม / ขี้ผึ้งไพล,ยาหม่อง บรรเทาอาการปวดเมื่อยตามร่างกาย สูตร3 ตราไรห์ม,ขี้ผึ้ง,บริษัท สมุนไพรภูผา เอ็มดี (ไทยแลนด์) จำกัด,ACTIVE
TTMT,9438113,หม่องไพล/บาล์มไพล/ไพลบาล์ม / ขี้ผึ้งไพล,ยาหม่อง บรรเทาอาการปวดเมื่อยตามร่างกาย สูตร3 ตราไรห์ม,ขี้ผึ้ง,บริษัท สมุนไพรภูผา เอ็มดี (ไทยแลนด์) จำกัด,ACTIVE
TTMT,9438121,หม่องไพล/บาล์มไพล/ไพลบาล์ม / ขี้ผึ้งไพล,ยาหม่อง บรรเทาอาการปวดเมื่อยตามร่างกาย สูตร3 ตราไรห์ม,ขี้ผึ้ง,บริษัท สมุนไพรภูผา เอ็มดี (ไทยแลนด์) จำกัด,ACTIVE
TTMT,9438132,น้ำมันไพล,ยาน้ำมันไพล,ยาเข้าน้ำมัน,โรงพยาบาลห้วยคต,ACTIVE
TTMT,9438145,ชุมเห็ดเทศ,ยาชงชุดเห็ดเทศ,ยาชง,บริษัท เจริญสุขเภสัช (เจริญสุขกรุ๊ป),ACTIVE
TTMT,9438150,ทิงเจอร์ทองพันชั่ง,ทิงเจอร์ทองพันชั่ง,ทิงเจอร์,โรงพยาบาลการแพทย์แผนไทยสกลนคร หลวงปู่แฟ๊ป สุภัทโท,ACTIVE
TTMT,9438166,เถาวัลย์เปรียง,เถาวัลย์เปรียงแคปซูล,ยาแคปซูล,โรงพยาบาลการแพทย์แผนไทยสกลนคร หลวงปู่แฟ๊ป สุภัทโท,ACTIVE
TTMT,9438178,ว่านชักมดลูก,ยาแคปซูลว่านชักมดลูก,ยาแคปซูล,โรงพยาบาลการแพทย์แผนไทยสกลนคร หลวงปู่แฟ๊ป สุภัทโท,ACTIVE
TTMT,9438184,น้ำมันไพล,น้ำมันไพล (สูตรที่ 2),ยาเข้าน้ำมัน,โรงพยาบาลการแพทย์แผนไทยสกลนคร หลวงปู่แฟ๊ป สุภัทโท,ACTIVE
TTMT,9438197,ขมิ้นชัน,ยาขมิ้นชัน ชนิดแคปซูล,ยาแคปซูล,บริษัท สเปเชียลตี้ อินโนเวชั่น จำกัด,ACTIVE
TTMT,9438204,ขมิ้นชัน,ยาขมิ้นชัน ชนิดแคปซูล,ยาแคปซูล,บริษัท สเปเชียลตี้ อินโนเวชั่น จำกัด,ACTIVE
TTMT,9438215,หญ้าดอกขาว,ยาชงหญ้าดอกขาว,ยาชง,บริษัท สเปเชียลตี้ อินโนเวชั่น จำกัด,ACTIVE
TTMT,9438227,หญ้าปักกิ่ง,ยาหญ้าปักกิ่ง  ชนิดแคปซูล,ยาแคปซูล,บริษัท สเปเชียลตี้ อินโนเวชั่น จำกัด,ACTIVE
TTMT,9438236,รางจืด,ยาชงรางจืด,ยาชง,บริษัท สเปเชียลตี้ อินโนเวชั่น จำกัด,ACTIVE
TTMT,9438243,มะระขี้นก,ยาชงมะระขี้นก,ยาชง,บริษัท สเปเชียลตี้ อินโนเวชั่น จำกัด,ACTIVE
TTMT,9438258,บัวบก,ยาบัวบก  ชนิดแคปซูล,ยาแคปซูล,บริษัท สเปเชียลตี้ อินโนเวชั่น จำกัด,ACTIVE
TTMT,9438262,บัวบก,ยาชงบัวบก,ยาชง,บริษัท สเปเชียลตี้ อินโนเวชั่น จำกัด,ACTIVE
TTMT,9438270,หญ้าหนวดแมว,ยาชงหญ้าหนวดแมว,ยาชง,บริษัท สเปเชียลตี้ อินโนเวชั่น จำกัด,ACTIVE
TTMT,9438289,หญ้าปักกิ่ง,ยาชงหญ้าปักกิ่ง,ยาชง,บริษัท สเปเชียลตี้ อินโนเวชั่น จำกัด,ACTIVE
TTMT,9438291,กล้วย,ยากล้วย ชนิดผง,ยาผง,บริษัท สเปเชียลตี้ อินโนเวชั่น จำกัด,ACTIVE
TTMT,9438301,มะระขี้นก,ยามะระขี้นก ชนิดแคปซูล,ยาแคปซูล,บริษัท สเปเชียลตี้ อินโนเวชั่น จำกัด,ACTIVE
TTMT,9438317,ชุมเห็ดเทศ,ยาชงชุมเห็ดเทศ,ยาชง,บริษัท สเปเชียลตี้ อินโนเวชั่น จำกัด,ACTIVE
TTMT,9438329,ชุมเห็ดเทศ,ยาชุมเห็ดเทศ ชนิดแคปซูล,ยาแคปซูล,บริษัท สเปเชียลตี้ อินโนเวชั่น จำกัด,ACTIVE
TTMT,9438338,มะขามแขก,ยามะขามแขก ชนิดแคปซูล,ยาแคปซูล,บริษัท สเปเชียลตี้ อินโนเวชั่น จำกัด,ACTIVE
TTMT,9438340,กระเจี๊ยบแดง,ยาชงกระเจี๊ยบแดง,ยาชง,บริษัท สเปเชียลตี้ อินโนเวชั่น จำกัด,ACTIVE
TTMT,9438355,ฟ้าทะลายโจร,ยาฟ้าทะลายโจร ชนิดแคปซูล,ยาแคปซูล,บริษัท สเปเชียลตี้ อินโนเวชั่น จำกัด,ACTIVE
TTMT,9438364,พรมมิ,ภัตต์ พรมมิเมลตี้ PATT BrahmiMELTY,ยาผง,บริษัท สเปเชียลตี้ อินโนเวชั่น จำกัด,ACTIVE
TTMT,9438372,น้ำมันไพล,น้ำมันไพล,ยาเข้าน้ำมัน,โรงพยาบาลทับคล้อ,ACTIVE
TTMT,9438386,พญายอ,โลชั่นพญายอพลทิพย์,โลชั่น,โรงพยาบาลพล,ACTIVE
TTMT,9438393,พญายอ,หม่องเสลดพังพอน พลทิพย์,ขี้ผึ้ง,โรงพยาบาลพล,ACTIVE
TTMT,9438408,พญายอ,กลีเซอรีนพญายอ พลทิพย์,ยาน้ำ,โรงพยาบาลพล,ACTIVE
TTMT,9438412,จตุผลาธิกะ,จตุผลาธิกะ ชนิดแคปซูล,ยาแคปซูล,กองพัฒนายาแผนไทยและสมุนไพร กรมการแพทย์แผนไทยและการแพทย์ทางเลือก,ACTIVE
TTMT,9438420,สุมกระหม่อม,ยาสุมกระหม่อม,ยาประคบ,กองพัฒนายาแผนไทยและสมุนไพร กรมการแพทย์แผนไทยและการแพทย์ทางเลือก,ACTIVE
TTMT,9438431,ต้มบำรุงโลหิต,ตำรับบำรุงโลหิต/ลดความดัน 1,ยาต้ม,กองพัฒนายาแผนไทยและสมุนไพร กรมการแพทย์แผนไทยและการแพทย์ทางเลือก,ACTIVE
TTMT,9438449,บำรุงกำลัง (ชาย),ตำรับบำรุงร่างกายชาย,ยาต้ม,กองพัฒนายาแผนไทยและสมุนไพร กรมการแพทย์แผนไทยและการแพทย์ทางเลือก,ACTIVE
TTMT,9438454,บำรุงร่างกายหญิง,ตำรับบำรุงร่างกายหญิง,ยาต้ม,กองพัฒนายาแผนไทยและสมุนไพร กรมการแพทย์แผนไทยและการแพทย์ทางเลือก,ACTIVE
TTMT,9438465,ตรีผลา / พิกัดตรีผลา ,ตำรับตรีผลา,ยาต้ม,กองพัฒนายาแผนไทยและสมุนไพร กรมการแพทย์แผนไทยและการแพทย์ทางเลือก,ACTIVE
TTMT,9438477,จตุผลาธิกะ,ตำรับพิกัดจตุผลาธิกะ,ยาต้ม,กองพัฒนายาแผนไทยและสมุนไพร กรมการแพทย์แผนไทยและการแพทย์ทางเลือก,ACTIVE
TTMT,9438483,บำรุงกำลังและร่างกาย,ตำรับบำรุงกำลัง 1,ยาต้ม,กองพัฒนายาแผนไทยและสมุนไพร กรมการแพทย์แผนไทยและการแพทย์ทางเลือก,ACTIVE
TTMT,9438496,ตำรับต่อมลูกหมากโต,ตำรับต่อมลูกหมากโต 1,ยาต้ม,กองพัฒนายาแผนไทยและสมุนไพร กรมการแพทย์แผนไทยและการแพทย์ทางเลือก,ACTIVE
TTMT,9438505,ตำรับสตรีวัยหมดประจำเดือน,ตำรับสตรีวัยหมดประจำเดือน (ป1),ยาต้ม,กองพัฒนายาแผนไทยและสมุนไพร กรมการแพทย์แผนไทยและการแพทย์ทางเลือก,ACTIVE
TTMT,9438514,ลดไขมันในเส้นเลือด,ตำรับลดไขมันในเลือดสูง 2,ยาต้ม,กองพัฒนายาแผนไทยและสมุนไพร กรมการแพทย์แผนไทยและการแพทย์ทางเลือก,ACTIVE
TTMT,9438522,ตำรับยาลดความดันโลหิต,ตำรับลดความดัน 1,ยาต้ม,กองพัฒนายาแผนไทยและสมุนไพร กรมการแพทย์แผนไทยและการแพทย์ทางเลือก,ACTIVE
TTMT,9438533,สเปรย์กระดูกไก่ดำ,ยาสเปรย์กระดูกไก่ดำ,ยาน้ำ,โรงพยาบาลสตูล,ACTIVE
TTMT,9438546,ขี้ผึ้งไพล สูตรตำรับที่ 1,ยาขี้ผึ้งไพลตำรับ ที่ 1 ,ขี้ผึ้ง,โรงพยาบาลสตูล,ACTIVE
TTMT,9438551,ทาพระเส้น,ยาทาพระเส้น,ยาน้ำ,โรงพยาบาลหนองโดน,ACTIVE
TTMT,9438567,ทาพระเส้น,ยาทาพระเส้น,ยาน้ำ,โรงพยาบาลหนองโดน,ACTIVE
TTMT,9438579,ทาพระเส้น,ยาทาพระเส้น,ยาน้ำ,โรงพยาบาลหนองโดน,ACTIVE
TTMT,9438580,หอมเทพจิตร,ยาหอมเทพจิตร,ยาผง,โรงพยาบาลหนองเสือ,ACTIVE
TTMT,9438598,หอมเทพจิตร,ยาหอมเทพจิตร,ยาผง,โรงพยาบาลหนองเสือ,ACTIVE
TTMT,9438607,หอมทิพโอสถ,ยาหอมทิพโอสถ,ยาผง,โรงพยาบาลหนองเสือ,ACTIVE
TTMT,9438611,หอมทิพโอสถ,ยาหอมทิพโอสถ,ยาผง,โรงพยาบาลหนองเสือ,ACTIVE
TTMT,9438624,หอมนวโกฐ,ยาหอมนวโกฐ,ยาผง,โรงพยาบาลหนองเสือ,ACTIVE
TTMT,9438630,หอมนวโกฐ,ยาหอมนวโกฐ,ยาผง,โรงพยาบาลหนองเสือ,ACTIVE
TTMT,9438648,หอมอินทจักร,ยาหอมอินทจักร์,ยาผง,โรงพยาบาลหนองเสือ,ACTIVE
TTMT,9438653,หอมอินทจักร,ยาหอมอินทจักร์,ยาผง,โรงพยาบาลหนองเสือ,ACTIVE
TTMT,9438669,หอมเทพจิตร,ยาหอมเทพจิตร,ยาเม็ด,โรงพยาบาลหนองเสือ,ACTIVE
TTMT,9438676,แก้ท้องเสีย,ยาเม็ด ตราดี-เอสโต้,ยาเม็ด,ห้างธงทองโอสถ,ACTIVE
TTMT,9438682,บาล์มเขียว แก้โรคผิวหนัง,บาล์มเขียว ตรานงลักษณ์,ขี้ผึ้ง,บริษัท สมุนไพรภูผา เอ็มดี (ไทยแลนด์) จำกัด,ACTIVE
TTMT,9438695,บาล์มเขียว แก้โรคผิวหนัง,บาล์มเขียว ตรานงลักษณ์,ขี้ผึ้ง,บริษัท สมุนไพรภูผา เอ็มดี (ไทยแลนด์) จำกัด,ACTIVE
TTMT,9438703,บาล์มเขียว แก้โรคผิวหนัง,บาล์มเขียว ตรานงลักษณ์,ขี้ผึ้ง,บริษัท สมุนไพรภูผา เอ็มดี (ไทยแลนด์) จำกัด,ACTIVE
TTMT,9438719,บาล์มเขียว แก้โรคผิวหนัง,บาล์มเขียว ตรานงลักษณ์,ขี้ผึ้ง,บริษัท สมุนไพรภูผา เอ็มดี (ไทยแลนด์) จำกัด,ACTIVE
TTMT,9438726,ขี้ผึ้งไพล สูตรตำรับที่ 2,ยาหม่องไพล,ขี้ผึ้ง,โรงพยาบาลการแพทย์แผนไทยสกลนคร หลวงปู่แฟ๊ป สุภัทโท,ACTIVE
TTMT,9438735,ขี้ผึ้งไพล สูตรตำรับที่ 2,ยาหม่องไพล,ขี้ผึ้ง,โรงพยาบาลการแพทย์แผนไทยสกลนคร หลวงปู่แฟ๊ป สุภัทโท,ACTIVE
TTMT,9438742,น้ำมันไพล,น้ำมันไพล,ยาเข้าน้ำมัน,โรงพยาบาลการแพทย์แผนไทยสกลนคร หลวงปู่แฟ๊ป สุภัทโท,ACTIVE
TTMT,9438757,พิมเสนน้ำ,พิมเสนน้ำ,ยาน้ำ,โรงพยาบาลการแพทย์แผนไทยสกลนคร หลวงปู่แฟ๊ป สุภัทโท,ACTIVE
TTMT,9438761,ดมสมุนไพร,ยาดมสมุนไพร,ยาดม,โรงพยาบาลการแพทย์แผนไทยสกลนคร หลวงปู่แฟ๊ป สุภัทโท,ACTIVE
TTMT,9438774,ลูกประคบสมุนไพร,ลูกประคบสมุนไพร(HERBAL HOT COMPRESS),ยาประคบ,โรงพยาบาลการแพทย์แผนไทยสกลนคร หลวงปู่แฟ๊ป สุภัทโท,ACTIVE
TTMT,9438788,ลูกประคบสมุนไพร,ลูกประคบสมุนไพร (HERBAL HOT COMPRESS),ยาประคบ,โรงพยาบาลการแพทย์แผนไทยสกลนคร หลวงปู่แฟ๊ป สุภัทโท,ACTIVE
TTMT,9438790,หอมเทพจิตร,ยาหอมเทพจิตรแคปซูล,ยาแคปซูล,โรงพยาบาลการแพทย์แผนไทยสกลนคร หลวงปู่แฟ๊ป สุภัทโท,ACTIVE
TTMT,9438800,หอมทิพโอสถ,ยาหอมทิพโอสถแคปซูล,ยาแคปซูล,โรงพยาบาลการแพทย์แผนไทยสกลนคร หลวงปู่แฟ๊ป สุภัทโท,ACTIVE
TTMT,9438816,หอมนวโกฐ,ยาหอมนวโกฐแคปซูล ,ยาแคปซูล,โรงพยาบาลการแพทย์แผนไทยสกลนคร หลวงปู่แฟ๊ป สุภัทโท,ACTIVE
TTMT,9438828,กษัยเส้น,ยากษัยเส้นแคปซูล,ยาแคปซูล,โรงพยาบาลการแพทย์แผนไทยสกลนคร หลวงปู่แฟ๊ป สุภัทโท,ACTIVE
TTMT,9438837,แสงหมึก,ยาแสงหมึกแคปซูล,ยาแคปซูล,โรงพยาบาลการแพทย์แผนไทยสกลนคร หลวงปู่แฟ๊ป สุภัทโท,ACTIVE
TTMT,9438844,แก้ไอผสมมะขามป้อม สูตรตำรับที่ 1,ยาน้ำแก้ไอมะขามป้อม,ยาน้ำ,โรงพยาบาลการแพทย์แผนไทยสกลนคร หลวงปู่แฟ๊ป สุภัทโท,ACTIVE
TTMT,9438859,ธาตุอบเชย ,ยาธาตุอบเชย,ยาน้ำ,โรงพยาบาลการแพทย์แผนไทยสกลนคร หลวงปู่แฟ๊ป สุภัทโท,ACTIVE
TTMT,9438863,จันทน์ลีลา,ยาแคปซูลจันทน์ลีลา,ยาแคปซูล,โรงพยาบาลการแพทย์แผนไทยสกลนคร หลวงปู่แฟ๊ป สุภัทโท,ACTIVE
TTMT,9438871,ไพลเจล,"แคปไพลซิน เจล 
CAPPLAICIN GEL",เจล,บริษัท สเปเชียลตี้ อินโนเวชั่น จำกัด,ACTIVE
TTMT,9438885,แก้คัน,"ครีมสมุนไพรแก้คัน
ANTIPRURITIC HERBAL CREAM",ครีม,บริษัท สเปเชียลตี้ อินโนเวชั่น จำกัด,ACTIVE
TTMT,9438892,เจลบรรเทาอาการคัดจมูกเนื่องจากหวัด,"ยาเจลกลิ่นส้ม 
ORANGE-SCENTED MEDICATED GEL",เจล,บริษัท สเปเชียลตี้ อินโนเวชั่น จำกัด,ACTIVE
TTMT,9438902,เจลบรรเทาอาการคัดจมูกเนื่องจากหวัด,ยาเจลกลิ่นลาเวนเดอร์ LAVENDER-SCENTED MEDICATED GEL,เจล,บริษัท สเปเชียลตี้ อินโนเวชั่น จำกัด,ACTIVE
TTMT,9438918,ครีม บรรเทาอาการปวดเมื่อย,โบทาเมด ครีม  BOTAMED CREAM,ยาชง,บริษัท สเปเชียลตี้ อินโนเวชั่น จำกัด,ACTIVE
TTMT,9438925,บำรุงร่างกาย,"คอร์เซส แคปซูล
CORCES CAPSULE",ยาแคปซูล,บริษัท สเปเชียลตี้ อินโนเวชั่น จำกัด,ACTIVE
TTMT,9438939,ครีม บรรเทาอาการปวดเมื่อย,ยาครีมผสมสมุนไพรไทย/COMPOUND THAI HERBAL CREAM,ครีม,บริษัท สเปเชียลตี้ อินโนเวชั่น จำกัด,ACTIVE
TTMT,9438941,บรรเทาริดสีดวงทวารหนัก,"ยาบรรเทาริดสีดวงทวารหนัก
ANTI-HEMORRHOID CAPSULE",ยาแคปซูล,บริษัท สเปเชียลตี้ อินโนเวชั่น จำกัด,ACTIVE
TTMT,9438956,ขี้ผึ้งบรรเทาอาการแมลงกัดต่อย,ไวท์ บาล์ม สติ๊ก สูตร 2 WHITE BALM STICK FORMULA 2,ขี้ผึ้ง,บริษัท สเปเชียลตี้ อินโนเวชั่น จำกัด,ACTIVE
TTMT,9438960,แก้ไอผสมตรีผลา,ยาแก้ไอผสมตรีผลา,ยาน้ำ,บริษัท สเปเชียลตี้ อินโนเวชั่น จำกัด,ACTIVE
TTMT,9438973,แก้ไอผสมตรีผลา,ยาน้ำเชื่อมแก้ไอ,ยาน้ำ,บริษัท สเปเชียลตี้ อินโนเวชั่น จำกัด,ACTIVE
TTMT,9438987,ครีม บรรเทาอาการปวดเมื่อย,"ยาครีมสมุนไพรบรรเทาอาการปวดเมื่อย ตรา ทับทิมแก้ว 
TUPTIM KAEW BRAND HERBAL MUSCLE  PAIN RELIEF CREAM",ครีม,บริษัท สเปเชียลตี้ อินโนเวชั่น จำกัด,ACTIVE
TTMT,9438994,ขี้ผึ้งบรรเทาอาการปวดเมื่อย,"ยาหม่องแก้ปวดเมื่อย สูตรสมุนไพรไทย  
THAI HERBAL PAIN RELIEF BALM ",ขี้ผึ้ง,บริษัท สเปเชียลตี้ อินโนเวชั่น จำกัด,ACTIVE
TTMT,9439003,ครีม บรรเทาอาการปวดเมื่อย,"ยาครีมผสมสมุนไพรไทยบรรเทาอาการปวดเมื่อย 
THAI HERBAL MUSCLE PAIN RELIEF CREAM",ครีม,บริษัท สเปเชียลตี้ อินโนเวชั่น จำกัด,ACTIVE
TTMT,9439019,ผสมเพชรสังฆาต สูตรตำรับที่ 2,ยาผสมเพชรสังฆาต ชนิดแคปซูล,ยาแคปซูล,บริษัท สเปเชียลตี้ อินโนเวชั่น จำกัด,ACTIVE
TTMT,9439026,ยาประคบ,ยาประคบสมุนไพร,ยาประคบ,โรงพยาบาลฉลอง,ACTIVE
TTMT,9439035,ขี้ผึ้งไพล สูตรตำรับที่ 1,ขี้ผึ้งไพล พลทิพย์,ขี้ผึ้ง,โรงพยาบาลพล,ACTIVE
TTMT,9439042,ขี้ผึ้งไพล สูตรตำรับที่ 1,ขี้ผึ้งไพล พลทิพย์,ขี้ผึ้ง,โรงพยาบาลพล,ACTIVE
TTMT,9439057,หอมอินทจักร,หอมอินทร์จักร พลทิพย์,ยาผง,โรงพยาบาลพล,ACTIVE
TTMT,9439061,ผสมเพชรสังฆาต สูตรตำรับที่ 2,ยาผสมเพชรสังฆาต สูตรที่ 2 พลทิพย์,ยาแคปซูล,โรงพยาบาลพล,ACTIVE
TTMT,9439074,แก้ไอผสมมะขามป้อม,ยาน้ำแก้ไอผสมมะขามป้อม สูตรเย็น,ยาน้ำ,บริษัท ผลิตภัณฑ์สมุนไพรไทย จำกัด,ACTIVE
TTMT,9439088,แก้ไอผสมมะขามป้อม,ยาน้ำแก้ไอผสมมะขามป้อม ,ยาน้ำ,บริษัท ผลิตภัณฑ์สมุนไพรไทย จำกัด,ACTIVE
TTMT,9439090,แก้ไอผสมตรีผลา,คอฟ Cof,ยาน้ำ,บริษัท สเปเชียลตี้ อินโนเวชั่น จำกัด,ACTIVE
TTMT,9439100,สเปรย์แก้ปวด,"อโรติกา สเปรย์ แก้ปวด 
AROTIKA PAIN RELIEF SPRAY",ยาเข้าน้ำมัน,บริษัท สเปเชียลตี้ อินโนเวชั่น จำกัด,ACTIVE
TTMT,9439116,สเปรย์แก้ปวด,เฮอร์เบิล ออยล์ สเปรย์ HERBAL OIL SPRAY,ยาเข้าน้ำมัน,บริษัท สเปเชียลตี้ อินโนเวชั่น จำกัด,ACTIVE
TTMT,9439128,แก้ท้องอืด ท้องเฟ้อ,"ยาขับลมสมุนไพร 
HERBAL CARMINATIVE MIXTURE",ยาน้ำ,บริษัท สเปเชียลตี้ อินโนเวชั่น จำกัด,ACTIVE
TTMT,9439137,น้ำมันไพล,น้ำมันไพล  ,ยาเข้าน้ำมัน,โรงพยาบาลท่าตะโก,ACTIVE
TTMT,9439144,พญายอ,ขี้ผึ้งพญายอ,ขี้ผึ้ง,โรงพยาบาลท่าตะโก,ACTIVE
TTMT,9439159,ขมิ้นชัน,"ยาแคปซูลขมิ้นชัน ตราผลไพร
(TURMERIC CAPSULE PONPRI BRAND)",ยาแคปซูล,วิสาหกิจชุมชนไทย เฮิร์บ เซนเตอร์,ACTIVE
TTMT,9439163,ฟ้าทะลายโจร,"ยาแคปซูลฟ้าทะลายโจร ตราผลไพร
(FAH TALAI JONE CAPSULE PONPRI BRAND)",ยาแคปซูล,วิสาหกิจชุมชนไทย เฮิร์บ เซนเตอร์,ACTIVE
TTMT,9439171,ขิง,"ยาขิง ชนิดแคปซูล ตราผลไพร
(GINGER CAPSULE PONPRI BRAND)",ยาแคปซูล,วิสาหกิจชุมชนไทย เฮิร์บ เซนเตอร์,ACTIVE
TTMT,9439185,มะขามแขก,ยามะขามแขก ชนิดแคปซูล ตราผลไพร (SENNA CAPSULE PONPRI BRAND),ยาแคปซูล,วิสาหกิจชุมชนไทย เฮิร์บ เซนเตอร์,ACTIVE
TTMT,9439192,รางจืด,ยารางจืด  ชนิดแคปซูล ตราผลไพร (THUNBERGIA LAURIFOLIA CAPSULE PONPRI BRAND),ยาแคปซูล,วิสาหกิจชุมชนไทย เฮิร์บ เซนเตอร์,ACTIVE
TTMT,9439205,มะระขี้นก,ยามะระขี้นก  ชนิดแคปซูล ตราผลไพร (BITTER GOURD CAPSULE PONPRI BRAND),ยาแคปซูล,วิสาหกิจชุมชนไทย เฮิร์บ เซนเตอร์,ACTIVE
TTMT,9439214,ทิงเจอร์ทองพันชั่ง,ทิงเจอร์ทองพันชั่ง,ทิงเจอร์,โรงพยาบาลท่าตะโก,ACTIVE
TTMT,9439222,ทิงเจอร์พลู,ทิงเจอร์พลู,ทิงเจอร์,โรงพยาบาลท่าตะโก,ACTIVE
TTMT,9439233,ว่านหางจระเข้,เจลว่านหางจระเข้,เจล,โรงพยาบาลท่าตะโก,ACTIVE
TTMT,9439246,มังคุด/เปลือกมังคุด,ยาเปลือกมังคุด,ยาน้ำ,โรงพยาบาลท่าตะโก,ACTIVE
TTMT,9439251,น้ำมันไพล,ยาน้ำมันผสมไพล ตรากอบุญ,ยาเข้าน้ำมัน,สถานที่ผลิตยาแผนโบราณ คณะเภสัชศาสตร์ มหาวิทยาลัยสงขลานครินทร์,ACTIVE
TTMT,9439267,สเปรย์พ่นคออำมฤควาที,ยาสเปรย์พ่นคออำมฤควาที,ยาน้ำ,กองพัฒนายาแผนไทยและสมุนไพร กรมการแพทย์แผนไทยและการแพทย์ทางเลือก,ACTIVE
TTMT,9439279,สเปรย์พ่นคออำมฤควาที,ยาสเปรย์พ่นคออำมฤควาที,ยาน้ำ,กองพัฒนายาแผนไทยและสมุนไพร กรมการแพทย์แผนไทยและการแพทย์ทางเลือก,ACTIVE
TTMT,9439280,สบู่ห้าราก,DTAM Herbal Soap ดีแทม เฮอร์เบิล โซป,อื่นๆ,กองพัฒนายาแผนไทยและสมุนไพร กรมการแพทย์แผนไทยและการแพทย์ทางเลือก,ACTIVE
TTMT,9439298,แก้ไอผสมมะขามป้อม สูตรตำรับที่ 2,ยาน้ำแก้ไอมะขามป้อม ตราไอยรา,ยาน้ำ,บริษัท ที.แมน.ฟาร์มาซูติคอล จำกัด (บริษัท เฮเว่น เฮิร์บ จำกัด ),ACTIVE
TTMT,9439308,แก้ไอผสมมะขามป้อม สูตรตำรับที่ 2,"ยาน้ำแก้ไอมะขาม
ป้อม",ยาน้ำ,โรงพยาบาลทับคล้อ,ACTIVE
TTMT,9439312,แก้ไอผสมมะขามป้อม สูตรตำรับที่ 1,ยาน้ำแก้ไอผสมมะขามป้อม ตรา ไอ-เฮิร์บ,ยาน้ำ,บริษัท มิลลิเมด จำกัด,ACTIVE
TTMT,9439320,แก้ไอผสมมะขามป้อม สูตรตำรับที่ 1,ยาน้ำแก้ไอผสมมะขามป้อม ตรา ไอ-เฮิร์บ,ยาน้ำ,บริษัท มิลลิเมด จำกัด,ACTIVE
TTMT,9439331,พอกเข่า สูตรร้อน,ยาพอกสมุนไพร สูตรร้อน,ยาพอก,โรงพยาบาลศรีเชียงใหม่,ACTIVE
TTMT,9439349,พอกเข่า สูตรเย็น,ยาพอกสมุนไพร สูตรเย็น,ยาพอก,โรงพยาบาลศรีเชียงใหม่,ACTIVE
TTMT,9439354,พอกสมุนไพร,ยาพอกสมุนไพร แก้คันตามผิวหนัง,ยาพอก,โรงพยาบาลศรีเชียงใหม่,ACTIVE
TTMT,9439365,ขี้ผึ้งไพล สูตรตำรับที่ 1,ยาหม่องไพล,ขี้ผึ้ง,โรงพยาบาลส่งเสริมสุขภาพตำบลบางยอ,ACTIVE
TTMT,9439377,หอมเทพจิตร,ยาผงยาหอมเทพจิตร,ยาผง,โรงพยาบาลเสาไห้เฉลิมพระเกียรติ 80 พรรษา,ACTIVE
TTMT,9439383,หอมเทพจิตร,ยาหอมเทพจิตร,ยาผง,โรงพยาบาลหนองโดน,ACTIVE
TTMT,9439396,ยาประคบ,ยาประคบสมุนไพรสด สูตรธัชกร 2,ยาประคบ,โรงพยาบาลส่งเสริมสุขภาพตำบลบ้านชำสมอ,ACTIVE
TTMT,9439401,ยาประคบ,ยาประคบสมุนไพรเบาใจ,ยาประคบ,โรงพยาบาลส่งเสริมสุขภาพตำบลบ้านเขาดิน,ACTIVE
TTMT,9439417,พอกเข่า สูตรร้อน,เบาเข่า,ยาพอก,โรงพยาบาลส่งเสริมสุขภาพตำบลบ้านเขาดิน,ACTIVE
TTMT,9439429,ยาประคบ,ยาประคบ บ้านน้ำคำ แบบที่ 3,ยาประคบ,โรงพยาบาลส่งเสริมสุขภาพตำบลบ้านน้ำคำ   ตำบลโนนสวรรค์,ACTIVE
TTMT,9439438,ยาประคบ,ยาประคบสมุนไพรสด สูตรจุรีวัณย์ 2,ยาประคบ,โรงพยาบาลส่งเสริมสุขภาพตำบลปากน้ำกระแส,ACTIVE
TTMT,9439440,พอกเข่าสมุนไพร,ยาพอกเข่าสมุนไพรสด สูตรจุรีวัณย์ 1,ยาพอก,โรงพยาบาลส่งเสริมสุขภาพตำบลปากน้ำกระแส,ACTIVE
TTMT,9439455,ลูกประคบสมุนไพร,ลูกประคบสมุนไพร,ยาประคบ,โรงพยาบาลส่งเสริมสุขภาพตำบลบ้านสามหลัง ตำบลเขาแก้วศรีสมบูรณ์,ACTIVE
TTMT,9439464,ยาประคบ,ยาประคบข่อยทิพย์ 200 กรัม,ยาประคบ,โรงพยาบาลส่งเสริมสุขภาพตำบลบ้านข่อย  ตำบลหนองหิน,ACTIVE
TTMT,9439472,น้ำมันไพล,น้ำมันไพลสูตรลูกประคบ,ยาเข้าน้ำมัน,โรงพยาบาลองครักษ์,ACTIVE
TTMT,9439486,หม่องไพล/บาล์มไพล/ไพลบาล์ม / ขี้ผึ้งไพล,ขี้ผึ้งไพลสูตรลูกประคบ,ขี้ผึ้ง,โรงพยาบาลองครักษ์,ACTIVE
TTMT,9439493,ยาประคบ,สมุนไพรลูกประคบ (สด),ยาประคบ,โรงพยาบาลสัตหีบ กม.10,ACTIVE
TTMT,9439504,ถ่ายดีเกลือฝรั่ง ,ยาถ่ายดีเกลือฝรั่งแคปซูล,ยาแคปซูล,โรงพยาบาลการแพทย์แผนไทยสกลนคร หลวงปู่แฟ๊ป สุภัทโท,ACTIVE
TTMT,9439515,ห้าราก / แก้ไข้ห้าราก / แก้วห้าดวง / เบญจโลกวิเชียร ,ยาห้ารากแคปซูล,ยาแคปซูล,โรงพยาบาลการแพทย์แผนไทยสกลนคร หลวงปู่แฟ๊ป สุภัทโท,ACTIVE
TTMT,9439527,หอมอินทจักร,ยาหอมอินจักร์แคปซูล,ยาแคปซูล,โรงพยาบาลการแพทย์แผนไทยสกลนคร หลวงปู่แฟ๊ป สุภัทโท,ACTIVE
TTMT,9439536,สหัศธารา,ยาสหัศธาราแคปซูล,ยาแคปซูล,โรงพยาบาลการแพทย์แผนไทยสกลนคร หลวงปู่แฟ๊ป สุภัทโท,ACTIVE
TTMT,9439543,ไฟห้ากอง ,ยาไฟห้ากองแคปซูล,ยาแคปซูล,โรงพยาบาลการแพทย์แผนไทยสกลนคร หลวงปู่แฟ๊ป สุภัทโท,ACTIVE
TTMT,9439558,เหลืองปิดสมุทร,ยาเหลืองปิดสมุทรแคปซูล,ยาแคปซูล,โรงพยาบาลการแพทย์แผนไทยสกลนคร หลวงปู่แฟ๊ป สุภัทโท,ACTIVE
TTMT,9439562,เขียวหอม,ยาเขียวหอมแคปซูล,ยาแคปซูล,โรงพยาบาลการแพทย์แผนไทยสกลนคร หลวงปู่แฟ๊ป สุภัทโท,ACTIVE
TTMT,9439570,เลือดงาม,ยาเลือดงามแคปซูล,ยาแคปซูล,โรงพยาบาลการแพทย์แผนไทยสกลนคร หลวงปู่แฟ๊ป สุภัทโท,ACTIVE
TTMT,9439589,หม่องไพล/บาล์มไพล/ไพลบาล์ม / ขี้ผึ้งไพล,ยาหม่องไพล,ขี้ผึ้ง,โรงพยาบาลการแพทย์แผนไทยสกลนคร หลวงปู่แฟ๊ป สุภัทโท,ACTIVE
TTMT,9439591,ผสมเพชรสังฆาต สูตรตำรับที่ 2,ยาเพชรสังฆาตแคปซูล สูตรที่ 2,ยาแคปซูล,โรงพยาบาลการแพทย์แผนไทยสกลนคร หลวงปู่แฟ๊ป สุภัทโท,ACTIVE
TTMT,9439602,แก้ไอผสมมะขามป้อม,"วิลิตา ยาน้ำแก้ไอขับเสมหะผสมมะขามป้อม
VILITA COMPOUND PHYLLANTHUS EMBLICA COUGH MIXTURE ",ยาน้ำ,บริษัท พนาพัฒน์ เฮลท์แคร์ จำกัด,ACTIVE
TTMT,9439618,แก้ไอผสมมะขามป้อม,"วิลิตา ยาน้ำแก้ไอขับเสมหะผสมมะขามป้อม
VILITA COMPOUND PHYLLANTHUS EMBLICA COUGH MIXTURE ",ยาน้ำ,บริษัท พนาพัฒน์ เฮลท์แคร์ จำกัด,ACTIVE
TTMT,9439625,แก้ไอผสมมะขามป้อม,"วิลิตา ยาน้ำแก้ไอขับเสมหะผสมมะขามป้อม
VILITA COMPOUND PHYLLANTHUS EMBLICA COUGH MIXTURE ",ยาน้ำ,บริษัท พนาพัฒน์ เฮลท์แคร์ จำกัด,ACTIVE
TTMT,9439639,แก้ไอผสมมะขามป้อม สูตรตำรับที่ 2,ยาอมผสมมะขามป้อม กลิ่นส้ม ตราวังหลัง COMPOUND MA KHAM POM LOZENGES ORANGE FLAVOR WANG LANG BRAND ,ยาเม็ด,บริษัท พนาพัฒน์ เฮลท์แคร์ จำกัด,ACTIVE
TTMT,9439641,แก้ไอผสมมะขามป้อม สูตรตำรับที่ 2,ยาแก้ไอเด็ก ตราวังหลัง กลิ่นส้มยูสุ COUGH KID MIXTURE WANG LANG BRAND YUZU ORANGE FLAVOR ,ยาน้ำ,บริษัท พนาพัฒน์ เฮลท์แคร์ จำกัด,ACTIVE
TTMT,9439656,แก้ไอผสมมะขามป้อม สูตรตำรับที่ 2,ยาแก้ไอเด็ก ตราวังหลัง กลิ่นส้มยูสุ COUGH KID MIXTURE WANG LANG BRAND YUZU ORANGE FLAVOR ,ยาน้ำ,บริษัท พนาพัฒน์ เฮลท์แคร์ จำกัด,ACTIVE
TTMT,9439660,แก้ไอผสมมะขามป้อม สูตรตำรับที่ 2,ยาแก้ไอเด็ก ตราวังหลัง กลิ่นส้มยูสุ COUGH KID MIXTURE WANG LANG BRAND YUZU ORANGE FLAVOR ,ยาน้ำ,บริษัท พนาพัฒน์ เฮลท์แคร์ จำกัด,ACTIVE
TTMT,9439673,แก้ไอผสมมะขามป้อม สูตรตำรับที่ 2,ยาแก้ไอเด็ก ตราวังหลัง กลิ่นส้มยูสุ COUGH KID MIXTURE WANG LANG BRAND YUZU ORANGE FLAVOR ,ยาน้ำ,บริษัท พนาพัฒน์ เฮลท์แคร์ จำกัด,ACTIVE
TTMT,9439687,น้ำมันสมุนไพร,ยาน้ำมันสมุนไพร ตรา ยักษ์คิ้ว กลิ่น เปปเปอร์มิ้นท์,ยาเข้าน้ำมัน,บริษัท ไทยเอฟดี จำกัด,ACTIVE
TTMT,9439694,น้ำมันสมุนไพร,ยาน้ำมันสมุนไพร ตรา ยักษ์คิ้ว กลิ่น ส้ม,ยาเข้าน้ำมัน,บริษัท ไทยเอฟดี จำกัด,ACTIVE
TTMT,9439706,น้ำมันสมุนไพร,ยาน้ำมันสมุนไพร ตรา ยักษ์คิ้ว กลิ่น ตะไคร้,ยาเข้าน้ำมัน,บริษัท ไทยเอฟดี จำกัด,ACTIVE
TTMT,9439710,ทาพระเส้น,ยาทาพระเส้น ตราทีเอฟดี,ยาน้ำ,บริษัท ไทยเอฟดี จำกัด,ACTIVE
TTMT,9439723,ทาพระเส้น,ยาทาพระเส้น ตราทีเอฟดี,ยาน้ำ,บริษัท ไทยเอฟดี จำกัด,ACTIVE
TTMT,9439734,ทาพระเส้น,ยาทาพระเส้น ตราทีเอฟดี,ยาน้ำ,บริษัท ไทยเอฟดี จำกัด,ACTIVE
TTMT,9439747,ทาพระเส้น,ยาทาพระเส้น ตราทีเอฟดี,ยาน้ำ,บริษัท ไทยเอฟดี จำกัด,ACTIVE
TTMT,9439752,ทาพระเส้น,ยาทาพระเส้น ตราทีเอฟดี,ยาน้ำ,บริษัท ไทยเอฟดี จำกัด,ACTIVE
TTMT,9439768,ทาพระเส้น,ยาทาพระเส้น ตราทีเอฟดี,ยาน้ำ,บริษัท ไทยเอฟดี จำกัด,ACTIVE
TTMT,9439775,ทาพระเส้น,ยาทาพระเส้น ตราทีเอฟดี,ยาน้ำ,บริษัท ไทยเอฟดี จำกัด,ACTIVE
TTMT,9439781,น้ำมันสมุนไพร,น้ำมันมะกรูด ,ยาเข้าน้ำมัน,โรงพยาบาลท่าตะโก,ACTIVE
TTMT,9439799,เจลหนุมานประสานกาย,เจลหนุมานประสานกาย,เจล,โรงพยาบาลท่าตะโก,ACTIVE
TTMT,9439809,น้ำมันสมุนไพร,น้ำมันยาสุมดอกบัวแดง,ยาเข้าน้ำมัน,โรงพยาบาลท่าตะโก,ACTIVE
TTMT,9439813,น้ำมันสมุนไพร,น้ำมันยาสุมดอกซ้องปีบ,ยาเข้าน้ำมัน,โรงพยาบาลท่าตะโก,ACTIVE
TTMT,9439821,ดมสมุนไพร,ยาดมเกสรบัวแดง,ยาดม,โรงพยาบาลท่าตะโก,ACTIVE
TTMT,9439832,ขี้ผึ้งสมุนไพร,ยาหม่องกลีบบัวแดง,ขี้ผึ้ง,โรงพยาบาลท่าตะโก,ACTIVE
TTMT,9439845,พอกฝักราชพฤกษ์,ยาพอกฝักราชพฤกษ์,ยาพอก,โรงพยาบาลท่าตะโก,ACTIVE
TTMT,9439850,รมสมุนไพรรักษ์เท้า,ยารมสมุนไพรรักษ์เท้า,ยาผง,โรงพยาบาลท่าตะโก,ACTIVE
TTMT,9439866,ดมสมุนไพร,ยาดมผิวมะกรูด,ยาดม,โรงพยาบาลท่าตะโก,ACTIVE
TTMT,9439878,พิมเสนน้ำ,พิมเสนน้ำ สุคนธบำบัด,ยาเข้าน้ำมัน,โรงพยาบาลท่าตะโก,ACTIVE
TTMT,9439884,โลชั่นทองพันชั่ง,โลชั่นทองพันชั่ง,โลชั่น,โรงพยาบาลท่าตะโก,ACTIVE
TTMT,9439897,ขี้ผึ้งสมุนไพร,"ยาหม่อง ตราผลไพร
(BALM PONPRI BRAND)",ขี้ผึ้ง,วิสาหกิจชุมชนไทย เฮิร์บ เซนเตอร์,ACTIVE
TTMT,9439907,น้ำมันสมุนไพร,"ยาน้ำมัน ตราผลไพร
(MEDICATED OIL PONPRI BRAND)",ยาเข้าน้ำมัน,วิสาหกิจชุมชนไทย เฮิร์บ เซนเตอร์,ACTIVE
TTMT,9439911,ดมสมุนไพร,"ยาดมสมุนไพร ตราผลไพร 
(HERBAL INHALER PONPRI BRAND)",ยาดม,วิสาหกิจชุมชนไทย เฮิร์บ เซนเตอร์,ACTIVE
TTMT,9439924,น้ำมันสมุนไพร,"ยาน้ำมันสมุนไพร ตราผลไพร
(HERBAL MEDICATED OIL PONPRI BRAND)",ยาเข้าน้ำมัน,วิสาหกิจชุมชนไทย เฮิร์บ เซนเตอร์,ACTIVE
TTMT,9439930,น้ำมันสมุนไพร,ยาน้ำมันนวดสมุนไพร สูตรร้อน ตราผลไพร (HERBAL MASSAGE OIL WARM FORMULA PONPRI BRAND),ยาเข้าน้ำมัน,วิสาหกิจชุมชนไทย เฮิร์บ เซนเตอร์,ACTIVE
TTMT,9439948,ตรีผลา / พิกัดตรีผลา ,"ยาตรีผลา  ชนิดแคปซูล ตราผลไพร
(TRIPHALA CAPSULE PONPRI BRAND)",ยาแคปซูล,วิสาหกิจชุมชนไทย เฮิร์บ เซนเตอร์,ACTIVE
TTMT,9439953,ผสมเพชรสังฆาต สูตรตำรับที่ 1,"ยาผสมเพชรสังฆาต  ชนิดแคปซูล ตราผลไพร
(COMPOUND PHET SANG KHAT CAPSULE PONPRI BRAND)",ยาแคปซูล,วิสาหกิจชุมชนไทย เฮิร์บ เซนเตอร์,ACTIVE
TTMT,9439969,ขี้ผึ้งสมุนไพร,ยาหม่องผสมเสลดพังพอน ตรา สมุนไพรไทยสยาม,ขี้ผึ้ง,บริษัท สมุนไพรไทยสยาม จำกัด,ACTIVE
TTMT,9439976,ขี้ผึ้งสมุนไพร,ยาหม่องผสมเสลดพังพอน ตรา สมุนไพรไทยสยาม,ขี้ผึ้ง,บริษัท สมุนไพรไทยสยาม จำกัด,ACTIVE
TTMT,9439982,ผสมเถาเอ็นอ่อน,ยาครีมผสมเถาเอ็นอ่อน ตรา เอสทีเอส,ครีม,บริษัท สมุนไพรไทยสยาม จำกัด,ACTIVE
TTMT,9439995,ยาประคบ,ลูกประคบสมุนไพรสด,ยาประคบ,โรงพยาบาลสวรรคโลก,ACTIVE
TTMT,9440001,ยาประคบ,ลูกประคบสมุนไพรแห้ง,ยาประคบ,โรงพยาบาลสวรรคโลก,ACTIVE
TTMT,9440017,สเปรย์กระดูกไก่ดำ,ยาสเปรย์กระดูกไก่ดำ,ยาน้ำ,โรงพยาบาลท่าตะโก,ACTIVE
TTMT,9440029,แก้ลมอัมพฤกษ์ ,ยาแก้ลมอัมพฤกษ์,ยาผง,โรงพยาบาลท่าตะโก,ACTIVE
TTMT,9440038,มันทธาตุ,ยามันทธาตุชนิดแคปซูล ตราธงทอง,ยาแคปซูล,ห้างธงทองโอสถ,ACTIVE
TTMT,9440040,ระบายชนิดแคปซูล,ยาแคปซูลสมุนไพรโกไชยสาม,ยาแคปซูล,สิทธิยาโอสถ,ACTIVE
TTMT,9440055,ระบายชนิดแคปซูล,ยาแคปซูลสมุนไพรโกไชยสาม เอ็ม,ยาแคปซูล,สิทธิยาโอสถ,ACTIVE
TTMT,9440064,ลูกประคบสมุนไพร,ยาประคบสมุนไพรแห้ง สูตรมนัญชยา 1,ยาประคบ,โรงพยาบาลส่งเสริมสุขภาพตำบลกร่ำ,ACTIVE
TTMT,9440072,พอกเข่าสมุนไพร,ยาพอกเข่าสมุนไพร สูตรมนัญชยา 1,ยาพอก,โรงพยาบาลส่งเสริมสุขภาพตำบลกร่ำ,ACTIVE
TTMT,9440086,ลูกประคบสมุนไพร,ยาประคบสมุนไพรสด สูตรวรวุฒิ 1,ยาประคบ,โรงพยาบาลส่งเสริมสุขภาพตำบลบ้านคลองคา,ACTIVE
TTMT,9440093,ลูกประคบสมุนไพร,ยาประคบสมุนไพรแห้ง สูตรวรวุฒิ 2,ยาประคบ,โรงพยาบาลส่งเสริมสุขภาพตำบลบ้านคลองคา,ACTIVE
TTMT,9440103,พอกเข่าสมุนไพร,ยาพอกเข่าสมุนไพรสด สูตรวรวุฒิ 3,ยาพอก,โรงพยาบาลส่งเสริมสุขภาพตำบลบ้านคลองคา,ACTIVE
TTMT,9440119,ยาประคบ,ยาประคบสมุนไพรสด สูตรคุณฐิติยา,ยาประคบ,โรงพยาบาลส่งเสริมสุขภาพตำบลวังหว้า,ACTIVE
TTMT,9440126,พอกเข่า สูตรร้อน,ยาพอกเข่าสมุนไพร สูตรร้อน(ฐิติยา),ยาพอก,โรงพยาบาลส่งเสริมสุขภาพตำบลวังหว้า,ACTIVE
TTMT,9440135,พอกเข่า สูตรเย็น,ยาพอกเข่าสมุนไพร สูตรเย็น(ฐิติยา),ยาพอก,โรงพยาบาลส่งเสริมสุขภาพตำบลวังหว้า,ACTIVE
TTMT,9440142,ยาประคบ,ยาประคบสมุนไพร,ยาประคบ,โรงพยาบาลส่งเสริมสุขภาพตำบลเจริญสุข,ACTIVE
TTMT,9440157,พอกเข่าสมุนไพร,สมุนไพร พอกเข่า,ยาพอก,โรงพยาบาลส่งเสริมสุขภาพตำบลเจริญสุข,ACTIVE
TTMT,9440161,น้ำมันไพล,น้ำมันไพล,ยาเข้าน้ำมัน,โรงพยาบาลส่งเสริมสุขภาพตำบลเจริญสุข,ACTIVE
TTMT,9440174,หม่องไพล/บาล์มไพล/ไพลบาล์ม / ขี้ผึ้งไพล,หม่องไพล,ขี้ผึ้ง,โรงพยาบาลเมืองสรวง,ACTIVE
TTMT,9440188,หอมนวโกฐ,ยาหอมนวโกฐ,ยาผง,โรงพยาบาลหนองโดน,ACTIVE
TTMT,9440190,ตำรับการุณย์โอสถ,DTAM KARUN OSOT PLUS ดีแทม ตำรับการุณย์โอสถ พลัส กรมการแพทย์แผนไทยและการแพทย์ทางเลือก,ยาเข้าน้ำมัน,กองพัฒนายาแผนไทยและสมุนไพร กรมการแพทย์แผนไทยและการแพทย์ทางเลือก,ACTIVE
TTMT,9440208,ขิง,ชาขิง,ยาชง,โรงพยาบาลท่าศาลา,ACTIVE
TTMT,9440212,ขมิ้นชัน,ยาขมิ้นชัน ชนิดแคปซูล,ยาแคปซูล,บริษัท พนาพัฒน์ เฮลท์แคร์ จำกัด,ACTIVE
TTMT,9440220,ฟ้าทะลายโจร,ยาฟ้าทะลายโจร ชนิดแคปซูล,ยาแคปซูล,บริษัท พนาพัฒน์ เฮลท์แคร์ จำกัด,ACTIVE
TTMT,9440231,มะขามแขก,ยามะขามแขก ชนิดแคปซูล,ยาแคปซูล,บริษัท พนาพัฒน์ เฮลท์แคร์ จำกัด,ACTIVE
TTMT,9440249,ขมิ้นชัน,ยาขมิ้นชัน,ยาแคปซูล,บริษัท พนาพัฒน์ เฮลท์แคร์ จำกัด,ACTIVE
TTMT,9440254,ฟ้าทะลายโจร,ยาฟ้าทะลายโจร ตราพนาพัฒน์,ยาแคปซูล,บริษัท พนาพัฒน์ เฮลท์แคร์ จำกัด,ACTIVE
TTMT,9440265,ฟ้าทะลายโจร,ยาแคปซูลฟ้าทะลายโจร 500 มิลลิกรัม ตราวังหลัง FA THALAI CHON CAPSULE 500 MG WANGLANG BRAND,ยาแคปซูล,บริษัท โรงงานเภสัชอุตสาหกรรม เจเอสพี (ประเทศไทย) จำกัด (มหาชน),ACTIVE
TTMT,9440277,น้ำมันไพล,น้ำมันไพล PH HERB,ยาเข้าน้ำมัน,โรงพยาบาลโพนพิสัย,ACTIVE
TTMT,9440283,ไพล,ครีมไพล PH HERB,ครีม,โรงพยาบาลโพนพิสัย,ACTIVE
TTMT,9440296,พญายอ,น้ำมันมรกต,ทิงเจอร์,โรงพยาบาลหนองฉาง,ACTIVE
TTMT,9440306,น้ำมันไพล,น้ำมันไพล,ยาเข้าน้ำมัน,โรงพยาบาลหนองฉาง,ACTIVE
TTMT,9440310,เถาเอ็นอ่อน,น้ำมันเถาเอ็นอ่อน,ยาเข้าน้ำมัน,โรงพยาบาลหนองฉาง,ACTIVE
TTMT,9440323,ตะไคร้หอม,ยาสเปรย์ไล่ยุงตะไคร้หอม,ทิงเจอร์,โรงพยาบาลสอง,ACTIVE
TTMT,9440334,กระดูกไก่ดำ,ยาสเปรย์กระดูกไก่ดำ,ทิงเจอร์,โรงพยาบาลสอง,ACTIVE
TTMT,9440347,กระชายดำ,กระชายดำ ชนิดแคปซูล ตราขาวละออ,ยาแคปซูล,บริษัท ขาวละออเภสัช จำกัด,ACTIVE
TTMT,9440352,หญ้าดอกขาว,ยาชงหญ้าดอกขาว,ยาชง,บริษัท ขาวละออเภสัช จำกัด,ACTIVE
TTMT,9440368,น้ำมันไพล,ดีแทม มัสเซิลคูล สเปรย์ DTAM MuscleCool Spray,ยาเข้าน้ำมัน,กองพัฒนายาแผนไทยและสมุนไพร กรมการแพทย์แผนไทยและการแพทย์ทางเลือก,ACTIVE
TTMT,9440375,หญ้าดอกขาว,ยาอมสารสกัดหญ้าดอกขาว,ยาเม็ด,สถาบันวิจัยการแพทย์แผนไทย,ACTIVE
TTMT,9440381,ผักเคลสกัด,เฮิร์บเบิล นาซอล สเปรย์ ดีแทม,ยาพ่นจมูก,กองพัฒนายาแผนไทยและสมุนไพร กรมการแพทย์แผนไทยและการแพทย์ทางเลือก,ACTIVE
TTMT,9440399,ขี้ผึ้งไพล สูตรตำรับที่ 2,ยาครีมผสมไพล หมอยาไทย,ครีม,บริษัท หมอยาไทย 101 จำกัด,ACTIVE
TTMT,9440404,ขี้ผึ้งไพล สูตรตำรับที่ 2,ยาครีมผสมไพล หมอยาไทย,ครีม,บริษัท หมอยาไทย 101 จำกัด,ACTIVE
TTMT,9440415,ขี้ผึ้งไพล สูตรตำรับที่ 2,ยาครีมผสมไพล หมอยาไทย,ครีม,บริษัท หมอยาไทย 101 จำกัด,ACTIVE
TTMT,9440427,ขี้ผึ้งไพล สูตรตำรับที่ 2,ยาครีมผสมไพล หมอยาไทย,ครีม,บริษัท หมอยาไทย 101 จำกัด,ACTIVE
TTMT,9440436,ขี้ผึ้งไพล สูตรตำรับที่ 2,ยาครีมผสมไพล หมอยาไทย,ครีม,บริษัท หมอยาไทย 101 จำกัด,ACTIVE
TTMT,9440443,ขี้ผึ้งไพล สูตรตำรับที่ 2,ยาครีมผสมไพล หมอยาไทย,ครีม,บริษัท หมอยาไทย 101 จำกัด,ACTIVE
TTMT,9440458,ขี้ผึ้งไพล สูตรตำรับที่ 2,ยาครีมผสมไพล หมอยาไทย,ครีม,บริษัท หมอยาไทย 101 จำกัด,ACTIVE
TTMT,9440462,ขี้ผึ้งไพล สูตรตำรับที่ 2,ยาครีมผสมไพล หมอยาไทย,ครีม,บริษัท หมอยาไทย 101 จำกัด,ACTIVE
TTMT,9440470,ขี้ผึ้งตราพระอินทร์,ยาขี้ผึ้ง ตราพระอินทร์,ขี้ผึ้ง,บริษัท หมอยาไทย 101 จำกัด,ACTIVE
TTMT,9440489,ขี้ผึ้งตราพระอินทร์,ยาขี้ผึ้ง ตราพระอินทร์,ขี้ผึ้ง,บริษัท หมอยาไทย 101 จำกัด,ACTIVE
TTMT,9440491,ขี้ผึ้งตราพระอินทร์,ยาขี้ผึ้ง ตราพระอินทร์,ขี้ผึ้ง,บริษัท หมอยาไทย 101 จำกัด,ACTIVE
TTMT,9440502,ขี้ผึ้งตราพระอินทร์,ยาขี้ผึ้ง ตราพระอินทร์,ขี้ผึ้ง,บริษัท หมอยาไทย 101 จำกัด,ACTIVE
TTMT,9440518,ขี้ผึ้งตราพระอินทร์,ยาขี้ผึ้ง ตราพระอินทร์,ขี้ผึ้ง,บริษัท หมอยาไทย 101 จำกัด,ACTIVE
TTMT,9440525,ขี้ผึ้งตราพระอินทร์,ยาขี้ผึ้ง ตราพระอินทร์,ขี้ผึ้ง,บริษัท หมอยาไทย 101 จำกัด,ACTIVE
TTMT,9440539,ขี้ผึ้งตราพระอินทร์,ยาขี้ผึ้ง ตราพระอินทร์,ขี้ผึ้ง,บริษัท หมอยาไทย 101 จำกัด,ACTIVE
TTMT,9440541,ขี้ผึ้งตราพระอินทร์,ยาขี้ผึ้ง ตราพระอินทร์,ขี้ผึ้ง,บริษัท หมอยาไทย 101 จำกัด,ACTIVE
TTMT,9440556,ศุขไสยาศน์,ยาศุขไสยาศน์ ชนิดแคปซูล,ยาแคปซูล,บริษัท หมอยาไทย 101 จำกัด,ACTIVE
TTMT,9440560,หม่องไพล/บาล์มไพล/ไพลบาล์ม / ขี้ผึ้งไพล,ยาขี้ผึ้งไพล,ขี้ผึ้ง,โรงพยาบาลท่าศาลา,ACTIVE
TTMT,9440573,พอกสมุนไพร,ยาพอก,ยาผง,โรงพยาบาลท่าศาลา,ACTIVE
TTMT,9440587,ต้มแช่มือ-เท้า,ยาต้มแช่มือ-เท้า,ยาต้ม,โรงพยาบาลท่าศาลา,ACTIVE
TTMT,9440594,แก้ไอผสมมะขามป้อม สูตรตำรับที่ 2,ยาน้ำแก้ไอผสมมะขามป้อม สูตร 2 ตราวังหลัง COMPOUND MA KHAM POM COUGH FORMULA 2 WANG LANG BRAND,ยาน้ำ,บริษัท พนาพัฒน์ เฮลท์แคร์ จำกัด,ACTIVE
TTMT,9440600,แก้ไอผสมมะขามป้อม สูตรตำรับที่ 2,ยาน้ำแก้ไอผสมมะขามป้อม สูตร 2 ตราวังหลัง COMPOUND MA KHAM POM COUGH FORMULA 2 WANG LANG BRAND,ยาน้ำ,บริษัท พนาพัฒน์ เฮลท์แคร์ จำกัด,ACTIVE
TTMT,9440616,แก้ไอผสมมะขามป้อม สูตรตำรับที่ 2,ยาน้ำแก้ไอผสมมะขามป้อม สูตร 2 ตราวังหลัง COMPOUND MA KHAM POM COUGH FORMULA 2 WANG LANG BRAND,ยาน้ำ,บริษัท พนาพัฒน์ เฮลท์แคร์ จำกัด,ACTIVE
TTMT,9440628,แก้ไอผสมมะขามป้อม สูตรตำรับที่ 2,ยาน้ำแก้ไอผสมมะขามป้อม สูตร 2 ตราวังหลัง COMPOUND MA KHAM POM COUGH FORMULA 2 WANG LANG BRAND,ยาน้ำ,บริษัท พนาพัฒน์ เฮลท์แคร์ จำกัด,ACTIVE
TTMT,9440637,สมุนไพรอบตัว,สมุนไพรอบตัว,ยาผง,โรงพยาบาลสมเด็จพระยุพราชยะหา,ACTIVE
TTMT,9440644,น้ำมันไพล,ยาน้ำมันไพล,ยาเข้าน้ำมัน,โรงพยาบาลสมเด็จพระยุพราชยะหา,ACTIVE
TTMT,9440659,แช่เท้า,ผงสมุนไพรสำหรับแช่เท้า,ยาผง,โรงพยาบาลสมเด็จพระยุพราชยะหา,ACTIVE
TTMT,9440663,แก้ไอผสมมะขามป้อม สูตรตำรับที่ 2,คอร์ไรคอฟ,ยาน้ำ,บริษัท แก้วมังกรเภสัช จำกัด,ACTIVE
TTMT,9440671,พอกเข่า,ยาพอกเข่าสมุนไพรสด สูตรคลองปูน 1,ยาพอก,โรงพยาบาลส่งเสริมสุขภาพตำบลคลองปูน,ACTIVE
TTMT,9440685,ยาประคบ,ยาประคบสมุนไพรสด สูตรคลองปูน 1,ยาประคบ,โรงพยาบาลส่งเสริมสุขภาพตำบลคลองปูน,ACTIVE
TTMT,9440692,ยาประคบ,ยาประคบสมุนไพรสด สูตรโพธิฐาน 1,ยาประคบ,โรงพยาบาลส่งเสริมสุขภาพตำบลบ้านโพธิ์ฐาน,ACTIVE
TTMT,9440709,พอกเข่า,พอกเข่าสมุนไพรสด สูตรโพธิฐาน 2,ยาพอก,โรงพยาบาลส่งเสริมสุขภาพตำบลบ้านโพธิ์ฐาน,ACTIVE
TTMT,9440713,บาล์มเถาวัลย์เปรียง,บาล์มนวดเถาวัลย์เปรียง,ขี้ผึ้ง,โรงพยาบาลบางจาก,ACTIVE
TTMT,9440721,พิมเสนน้ำ,พิมเสนน้ำ,ยาน้ำ,โรงพยาบาลบางจาก,ACTIVE
TTMT,9440732,สเปรย์ตะไคร้หอม,สเปรย์ตะไคร้หอม,ยาดอง,โรงพยาบาลบางจาก,ACTIVE
TTMT,9440745,สเปรย์กระดูกไก่ดำ สูตรผสม,สเปรย์กระดูกไก่ดำ สูตรผสม,ยาดอง,โรงพยาบาลบางจาก,ACTIVE
TTMT,9440750,ประสะมะแว้ง,ยาอมผสมมะแว้ง ตราไฟโตแคร์ / COMPOUND MA-WAENG LOZENGES PHYTO CARE BRAND,ยาเม็ด,บริษัท ผลิตภัณฑ์สมุนไพรไทย จำกัด,ACTIVE
TTMT,9440766,ประสะมะแว้ง,ยาอมผสมมะแว้ง รสบ๊วย ตราไฟโตแคร์ / COMPOUND MA-WAENG LOZENGES PLUM FLAVOUR PHYTO CARE BRAND,ยาเม็ด,บริษัท ผลิตภัณฑ์สมุนไพรไทย จำกัด,ACTIVE
TTMT,9440778,กรดไหลย้อน,DTAM GERD Chewable tablet ยาเม็ดเคี้ยวบรรเทาอาการกรดไหลย้อน ตราดีแทม ,ยาเม็ด,กองพัฒนายาแผนไทยและสมุนไพร กรมการแพทย์แผนไทยและการแพทย์ทางเลือก,ACTIVE
TTMT,9440784,หอมนวโกฐ,ยาหอมนวโกฐ,ยาแคปซูล,สถาบันวิจัยการแพทย์แผนไทย,ACTIVE
TTMT,9440797,จิตรารมณ์,ยาจิตรารมณ์,ยาแคปซูล,สถาบันวิจัยการแพทย์แผนไทย,ACTIVE
TTMT,9440807,มธุรเมหะ,ยามธุรเมหะ,ยาแคปซูล,สถาบันวิจัยการแพทย์แผนไทย,ACTIVE
TTMT,9440811,หอมเทพจิตร,ยาหอมเทพจิตร ,ยาแคปซูล,สถาบันวิจัยการแพทย์แผนไทย,ACTIVE
TTMT,9440824,กล่อมนางนอน,ยากล่อมนางนอน,ยาแคปซูล,สถาบันวิจัยการแพทย์แผนไทย,ACTIVE
TTMT,9440830,เบญจอำมฤตย์ ,ยาเบญจอำมฤตย์ ,ยาแคปซูล,สถาบันวิจัยการแพทย์แผนไทย,ACTIVE
TTMT,9440848,ขี้ผึ้งไพล สูตรตำรับที่ 1,ขี้ผึ้งไพล,ขี้ผึ้ง,สถาบันวิจัยการแพทย์แผนไทย,ACTIVE
TTMT,9440853,ยาพอกดูดพิษ,แผ่นพอกเข่าดูดพิษ,ยาพอก,สถาบันวิจัยการแพทย์แผนไทย,ACTIVE
TTMT,9440869,แช่สมุนไพรนิ้วล๊อค,ยาแช่สมุนไพรนิ้วล๊อค,ยาแช่,สถาบันวิจัยการแพทย์แผนไทย,ACTIVE
TTMT,9440876,แก้ตะโจพิการ ,ตำรับยาแก้ตะโจพิการ ๑ (ยาอาบ),ยาอาบ,สถาบันวิจัยการแพทย์แผนไทย,ACTIVE
TTMT,9440882,กรดไหลย้อน,ตำรับกรดไหลย้อน,ยาต้ม,สถาบันวิจัยการแพทย์แผนไทย,ACTIVE
TTMT,9440895,แก้กษัย,ตำรับแก้กษัย,ยาต้ม,สถาบันวิจัยการแพทย์แผนไทย,ACTIVE
TTMT,9440905,ปิตตะ,ตำรับลดปิตตะ (แก้ไทรอยด์),ยาต้ม,สถาบันวิจัยการแพทย์แผนไทย,ACTIVE
TTMT,9440914,แก้นอนไม่หลับ / แก้เครียด,ตำรับแก้นอนไม่หลับ/เครียด,ยาต้ม,สถาบันวิจัยการแพทย์แผนไทย,ACTIVE
TTMT,9440922,แก้บุพโพพิการ (วาตะ),ตำรับแก้บุพโพพิการ (วาตะ),ยาต้ม,สถาบันวิจัยการแพทย์แผนไทย,ACTIVE
TTMT,9440933,แก้บุพโพพิการ (ปิตตะ),ตำรับแก้บุพโพพิการ (ปิตตะ),ยาต้ม,สถาบันวิจัยการแพทย์แผนไทย,ACTIVE
TTMT,9440946,แก้บุพโพพิการ (เสมหะ),ตำรับแก้บุพโพพิการ (เสมหะ),ยาต้ม,สถาบันวิจัยการแพทย์แผนไทย,ACTIVE
TTMT,9440951,แก้เบาหวาน 1,ตำรับแก้เบาหวาน ๑,ยาต้ม,สถาบันวิจัยการแพทย์แผนไทย,ACTIVE
TTMT,9440967,แก้เบาหวาน,ตำรับแก้เบาหวาน ๒,ยาต้ม,สถาบันวิจัยการแพทย์แผนไทย,ACTIVE
TTMT,9440979,ตำรับขยายหลอดเลือด,ตำรับขยายหลอดเลือด/เส้นเลือด,ยาต้ม,สถาบันวิจัยการแพทย์แผนไทย,ACTIVE
TTMT,9440980,ตำรับขับนิ่วในไต,ตำรับขับนิ่วในไต,ยาต้ม,สถาบันวิจัยการแพทย์แผนไทย,ACTIVE
TTMT,9440998,ตำรับขับเสมหะ แก้ภูมิแพ้,ตำรับขับเสมหะ/ภูมิแพ้,ยาต้ม,สถาบันวิจัยการแพทย์แผนไทย,ACTIVE
TTMT,9441002,ตรีผลา / พิกัดตรีผลา ,ตำรับตรีผลา,ยาต้ม,สถาบันวิจัยการแพทย์แผนไทย,ACTIVE
TTMT,9441018,ตำรับต่อมลูกหมากโต,ตำรับต่อมลูกหมากโต,ยาต้ม,สถาบันวิจัยการแพทย์แผนไทย,ACTIVE
TTMT,9441025,บำรุงเลือด,ตำรับเนื้องอก/ซีสในมดลูก,ยาต้ม,สถาบันวิจัยการแพทย์แผนไทย,ACTIVE
TTMT,9441039,บำรุงกำลังและร่างกาย,ตำรับบำรุงกำลัง,ยาต้ม,สถาบันวิจัยการแพทย์แผนไทย,ACTIVE
TTMT,9441041,บำรุงกำลังและร่างกาย,ตำรับบำรุงกำลัง/ขับปัสสาวะ,ยาต้ม,สถาบันวิจัยการแพทย์แผนไทย,ACTIVE
TTMT,9441056,บำรุงน้ำนม,ตำรับบำรุงน้ำนมแม่หลังคลอด,ยาต้ม,สถาบันวิจัยการแพทย์แผนไทย,ACTIVE
TTMT,9441060,บำรุงกำลัง (ชาย),ตำรับบำรุงร่างกายชาย,ยาต้ม,สถาบันวิจัยการแพทย์แผนไทย,ACTIVE
TTMT,9441073,บำรุงร่างกายหญิง,ตำรับบำรุงร่างกายหญิง,ยาต้ม,สถาบันวิจัยการแพทย์แผนไทย,ACTIVE
TTMT,9441087,พรหมภักตร์,ตำรับยาพรหมภักตร์,ยาต้ม,สถาบันวิจัยการแพทย์แผนไทย,ACTIVE
TTMT,9441094,แก้ปวดข้อ,ตำรับยาแก้ปวดข้อ ข้ออักเสบ,ยาต้ม,สถาบันวิจัยการแพทย์แผนไทย,ACTIVE
TTMT,9441104,แก้ปวดศีรษะ,ตำรับยาแก้ปวดหัวข้างเดียว,ยาต้ม,สถาบันวิจัยการแพทย์แผนไทย,ACTIVE
TTMT,9441115,แก้ผื่นคัน/แก้ผื่นคันน้ำเหลืองเสีย,ตำรับยาแก้ผื่นคัน,ยาต้ม,สถาบันวิจัยการแพทย์แผนไทย,ACTIVE
TTMT,9441127,อัพยาธิคุณ,ตำรับยาอัพยาธิคุณ,ยาต้ม,สถาบันวิจัยการแพทย์แผนไทย,ACTIVE
TTMT,9441136,ลดไขมันในเส้นเลือด,ตำรับลดไขมันในเส้นเลือด,ยาต้ม,สถาบันวิจัยการแพทย์แผนไทย,ACTIVE
TTMT,9441143,ตำรับยาลดความดันโลหิต,ตำรับยาลดความดัน,ยาต้ม,สถาบันวิจัยการแพทย์แผนไทย,ACTIVE
TTMT,9441158,แก้โลหิตระดูพิการ ,ตำรับโลหิตระดูพิการ,ยาต้ม,สถาบันวิจัยการแพทย์แผนไทย,ACTIVE
TTMT,9441162,ตำรับสตรีวัยหมดประจำเดือน,ตำรับสตรีวัยหมดประจำเดือน,ยาต้ม,สถาบันวิจัยการแพทย์แผนไทย,ACTIVE
TTMT,9441170,ตำรับบำรุงหัวใจและสมอง,ตำรับหทัยบงกช,ยาต้ม,สถาบันวิจัยการแพทย์แผนไทย,ACTIVE
TTMT,9441189,ตำรับมะเร็ง,ตำรับวัดคำประมง ,ยาต้ม,สถาบันวิจัยการแพทย์แผนไทย,ACTIVE
TTMT,9441191,จตุผลาธิกะ,ตำรับพิกัดจตุผลาธิกะ,ยาต้ม,สถาบันวิจัยการแพทย์แผนไทย,ACTIVE
TTMT,9441209,พอกตา,ตำรับยาพอกตา,ยาพอก,สถาบันวิจัยการแพทย์แผนไทย,ACTIVE
TTMT,9441213,พอกฝ่าเท้า,ตำรับยาพอกฝ่าเท้า,ยาพอก,สถาบันวิจัยการแพทย์แผนไทย,ACTIVE
TTMT,9441221,สุมกระหม่อม,ตำรับยาสุมกระหม่อม,ยาต้ม,สถาบันวิจัยการแพทย์แผนไทย,ACTIVE
TTMT,9441232,แก้ลมจับโปง,ตำรับยาแก้ลมจับโปง,ยาพอก,สถาบันวิจัยการแพทย์แผนไทย,ACTIVE
TTMT,9441245,พอก สูตรเย็น,ตำรับยาพอกเย็นลดปวด,ยาพอก,สถาบันวิจัยการแพทย์แผนไทย,ACTIVE
TTMT,9441250,น้ำมันสมุนไพร,ตำรับยาน้ำมันกักสมุนไพร,ยาเข้าน้ำมัน,สถาบันวิจัยการแพทย์แผนไทย,ACTIVE
TTMT,9441266,บำรุงเลือด,"ตำรับบำรุงโลหิต/ลดไขมัน
",ยาต้ม,สถาบันวิจัยการแพทย์แผนไทย,ACTIVE
TTMT,9441278,แก้ลมอัมพฤกษ์ ,"ตำรับแก้ลมอัมพฤกษ์
",ยาต้ม,สถาบันวิจัยการแพทย์แผนไทย,ACTIVE
TTMT,9441284,สบู่สมุนไพร แก้สะเก็ดเงิน,"DTAM Herbal Soap ดีแทม เฮอร์เบิล โซป
สูตร สะเก็ดเงิน",อื่นๆ,กองพัฒนายาแผนไทยและสมุนไพร กรมการแพทย์แผนไทยและการแพทย์ทางเลือก,ACTIVE
TTMT,9441297,พญายอ,พญายอ ครีม,ครีม,บริษัท แก้วมังกรเภสัช จำกัด,ACTIVE
TTMT,9441307,พญายอ,พญายอ ครีม,ครีม,บริษัท แก้วมังกรเภสัช จำกัด,ACTIVE
TTMT,9441311,น้ำมันไพล,น้ำมันไพล  ,ยาเข้าน้ำมัน,โรงพยาบาลส่งเสริมสุขภาพตำบลบ้านสายลำโพงใต้,ACTIVE
TTMT,9441324,พญายอ,ขี้ผึ้งพญายอ,ขี้ผึ้ง,โรงพยาบาลส่งเสริมสุขภาพตำบลบ้านสายลำโพงใต้,ACTIVE
TTMT,9441330,พญายอ,ทิงเจอร์พญายอ,ทิงเจอร์,โรงพยาบาลท่าตะโก,ACTIVE
TTMT,9441348,พริก,ขี้ผึ้งพริก,ขี้ผึ้ง,โรงพยาบาลท่าตะโก,ACTIVE
TTMT,9441353,พริก,เจลพริก,เจล,โรงพยาบาลท่าตะโก,ACTIVE
TTMT,9441369,ตะโกนา,เจลตะโกนา,เจล,โรงพยาบาลท่าตะโก,ACTIVE
TTMT,9441376,น้ำมันไพล,น้ำมันไพล,ยาเข้าน้ำมัน,โรงพยาบาลส่งเสริมสุขภาพตำบลบ้านวังใหญ่,ACTIVE
TTMT,9441382,พญายอ,ขี้ผึ้งพญายอ,ขี้ผึ้ง,โรงพยาบาลส่งเสริมสุขภาพตำบลบ้านวังใหญ่,ACTIVE
TTMT,9441395,น้ำมันไพล,น้ำมันไพล,ยาเข้าน้ำมัน,โรงพยาบาลส่งเสริมสุขภาพตำบลดงมูลเหล็ก ตำบลดงมูลเหล็ก,ACTIVE
TTMT,9441400,น้ำมันไพล,สเปย์น้ำมันไพล ,ยาเข้าน้ำมัน,โรงพยาบาลอินทร์บุรี,ACTIVE
TTMT,9441416,ไพล,ครีมไพล,ครีม,โรงพยาบาลอินทร์บุรี,ACTIVE
TTMT,9441428,น้ำมันไพล,น้ำมันไพล,ยาเข้าน้ำมัน,โรงพยาบาลส่งเสริมสุขภาพตำบลบ้านวังรอ,ACTIVE
TTMT,9441437,พญายอ,ขี้ผึ้งพญายอ,ขี้ผึ้ง,โรงพยาบาลส่งเสริมสุขภาพตำบลบ้านวังรอ,ACTIVE
TTMT,9441444,น้ำมันไพล,ยาน้ำมันไพล ห้วยส้มใต้ เฮิร์บ,ยาเข้าน้ำมัน,โรงพยาบาลส่งเสริมสุขภาพตำบลห้วยส้มใต้,ACTIVE
TTMT,9441459,ไพล,ครีมไพล ห้วยส้มใต้ เฮิร์บ,ครีม,โรงพยาบาลส่งเสริมสุขภาพตำบลห้วยส้มใต้,ACTIVE
TTMT,9441463,ฟ้าทะลายโจร,ยาฟ้าทะลายโจร ห้วยส้มใต้ เฮิร์บ,ยาแคปซูล,โรงพยาบาลส่งเสริมสุขภาพตำบลห้วยส้มใต้,ACTIVE
TTMT,9441471,พญายอ,กลีเซอรีนพญายอ ห้วยส้มใต้ เฮิร์บ,ทิงเจอร์,โรงพยาบาลส่งเสริมสุขภาพตำบลห้วยส้มใต้,ACTIVE
TTMT,9441485,ไพล,ครีมไพล ตราธงทอง,ครีม,ห้างธงทองโอสถ,ACTIVE
TTMT,9441492,พญายอ,ครีมพญายอ ตราไตรแว็ก,ครีม,ห้างธงทองโอสถ,ACTIVE
TTMT,9441503,น้ำมันไพล,น้ำมันไพล,ยาเข้าน้ำมัน,โรงพยาบาลส่งเสริมสุขภาพตำบลบ้านพนมเศษ  ,ACTIVE
TTMT,9441519,พญายอ,ขี้ผึ้งพญายอ,ขี้ผึ้ง,โรงพยาบาลส่งเสริมสุขภาพตำบลบ้านพนมเศษ  ,ACTIVE
TTMT,9441526,สามสิบ,ยารากสามสิบ,ยาแคปซูล,โรงพยาบาลเจ้าพระยาอภัยภูเบศร,ACTIVE
TTMT,9441535,เบญกานี,QI Care คิวไอแคร์,ยาน้ำ,บริษัท โรงงานเภสัชอุตสาหกรรม เจเอสพี (ประเทศไทย) จำกัด (มหาชน),ACTIVE
TTMT,9441542,น้ำมันไพล,น้ำมันไพล (รพ.สต.เพิ่มสุข),ยาเข้าน้ำมัน,โรงพยาบาลส่งเสริมสุขภาพตำบลเพิ่มสุข,ACTIVE
TTMT,9441557,รางจืด,ชาชงรางจืด (รพ.สต.เพิ่มสุข),ยาชง,โรงพยาบาลส่งเสริมสุขภาพตำบลเพิ่มสุข,ACTIVE
TTMT,9441561,ขิง,ชาชงขิง (รพ.สต.เพิ่มสุข),ยาชง,โรงพยาบาลส่งเสริมสุขภาพตำบลเพิ่มสุข,ACTIVE
TTMT,9441574,จตุผลาธิกะ,ยาสารสกัดจตุผลาธิกะ ชนิดแคปซูล,ยาแคปซูล,กองพัฒนายาแผนไทยและสมุนไพร กรมการแพทย์แผนไทยและการแพทย์ทางเลือก,ACTIVE
TTMT,9441588,แช่สมุนไพรนิ้วล๊อค,ยาแช่สมุนไพรนิ้วล็อก,ยาผง,กองพัฒนายาแผนไทยและสมุนไพร กรมการแพทย์แผนไทยและการแพทย์ทางเลือก,ACTIVE
TTMT,9441590,ผสมเถาวัลย์เปรียง,ยาแคปซูลผสมเถาวัลย์เปรียง ตราสิงโต,ยาแคปซูล,บริษัท แสงสว่างตราค้างคาว จำกัด,ACTIVE
TTMT,9441601,แก้ปวดเมื่อย,แนท เฮิร์บส์ ,ยาน้ำ,บริษัท ไพรไทย 1960 จำกัด,ACTIVE
TTMT,9441617,แก้ไอผสมมะขามป้อม สูตรตำรับที่ 1,ยาแก้ไอมะขามป้อม สูตร 1,ยาน้ำ,โรงพยาบาลบ้านตาก,ACTIVE
TTMT,9441629,ผสมเพชรสังฆาต สูตรตำรับที่ 2,ยาเพชรสังฆาต สูตร 2,ยาแคปซูล,โรงพยาบาลบ้านตาก,ACTIVE
TTMT,9441638,ยาประคบ,ลูกประคบสมุนไพร,ยาประคบ,โรงพยาบาลท่าวังผา,ACTIVE
TTMT,9441640,ยาประคบ,ยาประคบสมุนไพร,ยาประคบ,โรงพยาบาลโพธิ์ตาก,ACTIVE
TTMT,9441655,ขี้ผึ้งไพล สูตรตำรับที่ 1,ยาหม่องไพล,ขี้ผึ้ง,โรงพยาบาลป่าซาง,ACTIVE
TTMT,9441664,ผสมเถาวัลย์เปรียง สูตรตำรับที่ 1,ยาคลายเส้น,ยาลูกกลอน,โรงพยาบาลกาบเชิง,ACTIVE
TTMT,9441672,สตรีหลังคลอด,ยาหลังคลอด,ยาต้ม,โรงพยาบาลกาบเชิง,ACTIVE
TTMT,9441686,ยาประคบ,ยาประคบ,ยาประคบ,โรงพยาบาลส่งเสริมสุขภาพตำบลดงมูลเหล็ก ตำบลดงมูลเหล็ก,ACTIVE
TTMT,9441693,ขี้ผึ้งไพล สูตรตำรับที่ 1,ยาขี้ผึ้งไพล,ขี้ผึ้ง,โรงพยาบาลส่งเสริมสุขภาพตำบลดงมูลเหล็ก ตำบลดงมูลเหล็ก,ACTIVE
TTMT,9441705,ยาประคบ,ยาประคบ,ยาประคบ,โรงพยาบาลส่งเสริมสุขภาพตำบลบ้านแม่น้ำคู้,ACTIVE
TTMT,9441714,ขี้ผึ้งไพล สูตรตำรับที่ 1,ขี้ผึ้งไพล สูตรตำรับที่ 1,ขี้ผึ้ง,โรงพยาบาลส่งเสริมสุขภาพตำบลบ้านแม่น้ำคู้,ACTIVE
TTMT,9441722,พอกเข่า,ยาพอกเข่า,ยาผง,โรงพยาบาลส่งเสริมสุขภาพตำบลบ้านแม่น้ำคู้,ACTIVE
TTMT,9441733,น้ำมันไพล,น้ำมันไพล,ยาเข้าน้ำมัน,โรงพยาบาลส่งเสริมสุขภาพตำบลบ้านแม่น้ำคู้,ACTIVE
TTMT,9441746,หอมเทพจิตร,หอมเทพจิตร,ยาผง,โรงพยาบาลอู่ทอง,ACTIVE
TTMT,9441751,หอมนวโกฐ,หอมนวโกฐ,ยาผง,โรงพยาบาลอู่ทอง,ACTIVE
TTMT,9441767,ขี้ผึ้งไพล สูตรตำรับที่ 1,ยาขี้ผึ้งไพล ตำรับ 1,ขี้ผึ้ง,โรงพยาบาลส่งเสริมสุขภาพตำบลบ้านสายลำโพงใต้,ACTIVE
TTMT,9441779,ขี้ผึ้งไพล สูตรตำรับที่ 2,ขี้ผึ้งไพล,ขี้ผึ้ง,โรงพยาบาลการแพทย์แผนไทยสกลนคร หลวงปู่แฟ๊ป สุภัทโท,ACTIVE
TTMT,9441780,ยาประคบ,ลูกประคบ,ยาประคบ,โรงพยาบาลการแพทย์แผนไทยสกลนคร หลวงปู่แฟ๊ป สุภัทโท,ACTIVE
TTMT,9441798,ขับลม,ยาขับลม ตราอบชัน,ยาแคปซูล,บริษัท ไทยเอฟดี จำกัด,ACTIVE
TTMT,9441808,บำรุงร่างกาย,ยาแคปซูลบำรุงร่างกายผสมรากสามสิบ ตราคิวพริน,ยาแคปซูล,บริษัท ไทยเอฟดี จำกัด,ACTIVE
TTMT,9441812,บำรุงร่างกาย,ยาบำรุงร่างกายผสมรากสามสิบ ตราคิวพริน,ยาน้ำ,บริษัท ไทยเอฟดี จำกัด,ACTIVE
TTMT,9441820,ขี้ผึ้งไพล สูตรตำรับที่ 1,ยาขี้ผึ้งไพล,ขี้ผึ้ง,โรงพยาบาลท่าตะโก,ACTIVE
TTMT,9441831,ขี้ผึ้งไพล สูตรตำรับที่ 1,ยาขี้ผึ้งไพล,ขี้ผึ้ง,โรงพยาบาลส่งเสริมสุขภาพตำบลบ้านวังใหญ่,ACTIVE
TTMT,9441849,ยาประคบ,ลูกประคบสมุนไพร,ยาประคบ,วิสาหกิจชุมชนสมุนไพรบ้านโนนงาม,ACTIVE
TTMT,9441854,ยาประคบ,ยาประคบสมุนไพร ,ยาประคบ,โรงพยาบาลส่งเสริมสุขภาพตำบลไทยชนะศึก,ACTIVE
TTMT,9441865,ทาริดสีดวงทวารหนักและโรคผิวหนัง,ยาทาริดสีดวงทวารหนักและแก้โรคผิวหนังผื่นคัน ตรา ทีเอฟดี,อื่นๆ,บริษัท ไทยเอฟดี จำกัด,ACTIVE
TTMT,9441877,ดมสมุนไพร,ยาดมสมุนไพร ตรา สุข,ยาดม,บริษัท ไทยเอฟดี จำกัด,ACTIVE
TTMT,9441883,ดมสมุนไพร,ยาดมสมุนไพร ตรา สุข,ยาดม,บริษัท ไทยเอฟดี จำกัด,ACTIVE
TTMT,9441896,ดมสมุนไพร,ยาดมสมุนไพร ตรา สุข,ยาดม,บริษัท ไทยเอฟดี จำกัด,ACTIVE
TTMT,9441906,ดมสมุนไพร,ยาดมสมุนไพร ตรา สุข,ยาดม,บริษัท ไทยเอฟดี จำกัด,ACTIVE
TTMT,9441910,ดมสมุนไพร,ยาดมสมุนไพร ตรา สุข,ยาดม,บริษัท ไทยเอฟดี จำกัด,ACTIVE
TTMT,9441923,ดมสมุนไพร,ยาดมสมุนไพร ตรา สุข,ยาดม,บริษัท ไทยเอฟดี จำกัด,ACTIVE
TTMT,9441934,ดมสมุนไพร,ยาดมสมุนไพร ตรา สุข,ยาดม,บริษัท ไทยเอฟดี จำกัด,ACTIVE
TTMT,9441947,ตรีผลา / พิกัดตรีผลา ,ยาตรีผลาชนิดเม็ด ตราทีเอฟดี,ยาเม็ด,บริษัท ไทยเอฟดี จำกัด,ACTIVE
TTMT,9441952,บรรเทาอาการผื่นคัน,ยาบรรเทาอาการผื่นคัน ตรา เคยคัน,ยาน้ำ,บริษัท ไทยเอฟดี จำกัด,ACTIVE
TTMT,9441968,เจลลูกประคบ,เจลสูตรลูกประคบสมุนไพร ตราทีเอฟดี,เจล,บริษัท ไทยเอฟดี จำกัด,ACTIVE
TTMT,9441975,พอกเข่า,ยาพอกเข่า,ยาพอก,โรงพยาบาลอินทร์บุรี,ACTIVE
TTMT,9441981,ขี้ผึ้งไพล สูตรตำรับที่ 1,ยาขี้ผึ้งไพล,ขี้ผึ้ง,โรงพยาบาลส่งเสริมสุขภาพตำบลบ้านวังรอ,ACTIVE
TTMT,9441999,ขี้ผึ้งไพล สูตรตำรับที่ 1,ยาหม่องไพล ห้วยส้มใต้ เฮิร์บ,ขี้ผึ้ง,โรงพยาบาลส่งเสริมสุขภาพตำบลห้วยส้มใต้,ACTIVE
TTMT,9442009,ประสะมะแว้ง,ยาประสะมะแว้ง ห้วยส้มใต้ เฮิร์บ,ยาลูกกลอน,โรงพยาบาลส่งเสริมสุขภาพตำบลห้วยส้มใต้,ACTIVE
TTMT,9442013,แก้ไอผสมมะขามป้อม สูตรตำรับที่ 1,ยาแก้ไอมะขามป้อม ห้วยส้มใต้ เฮิร์บ,ยาน้ำ,โรงพยาบาลส่งเสริมสุขภาพตำบลห้วยส้มใต้,ACTIVE
TTMT,9442021,ยาประคบ,ลูกประคบสมุนไพร ห้วยส้มใต้ เฮิร์บ,ยาประคบ,โรงพยาบาลส่งเสริมสุขภาพตำบลห้วยส้มใต้,ACTIVE
TTMT,9442032,ยาประคบ,ลูกประคบสมุนไพร ตราธงทอง,ยาประคบ,ห้างธงทองโอสถ,ACTIVE
TTMT,9442045,หอมนวโกฐ,ยาหอมนวโกฐ ชนิดผง ตราธงทอง,ยาผง,ห้างธงทองโอสถ,ACTIVE
TTMT,9442050,หอมทิพโอสถ,ยาหอมทิพโอสถ ตราโพธิ์ทอง,ยาผง,ห้างธงทองโอสถ,ACTIVE
TTMT,9442066,หอมทิพโอสถ,ยาหอมทิพโอสถ ตราโพธิ์ทอง,ยาผง,ห้างธงทองโอสถ,ACTIVE
TTMT,9442078,แก้ไอผสมมะขามป้อม สูตรตำรับที่ 2,ยาน้ำผสมมะขามป้อมสูตร 2 ตราธงทอง,ยาน้ำ,ห้างธงทองโอสถ,ACTIVE
TTMT,9442084,ธาตุอบเชย ,ยาธาตุผสมเปลือกอบเชยเทศ ตราธงทอง,ยาน้ำ,ห้างธงทองโอสถ,ACTIVE
TTMT,9442097,ธาตุอบเชย ,ยาธาตุผสมเปลือกอบเชยเทศ ตราธงทอง,ยาน้ำ,ห้างธงทองโอสถ,ACTIVE
TTMT,9442107,ขี้ผึ้งไพล สูตรตำรับที่ 2,ยาขี้ผึ้งไพล สูตร 2 ตราธงทอง,ขี้ผึ้ง,ห้างธงทองโอสถ,ACTIVE
TTMT,9442111,ขี้ผึ้งไพล สูตรตำรับที่ 2,ยาขี้ผึ้งไพล สูตร 2 ตราธงทอง,ขี้ผึ้ง,ห้างธงทองโอสถ,ACTIVE
TTMT,9442124,หอมนวโกฐ,ยาหอมนวโกฐ ชนิดผง ตราธงทอง,ยาผง,ห้างธงทองโอสถ,ACTIVE
TTMT,9442130,อำมฤควาที,ยาอำมฤควาที ชนิดเม็ด ตราทีเอฟดี,ยาเม็ด,บริษัท ไทยเอฟดี จำกัด,ACTIVE
TTMT,9442148,ยาประคบ,ลูกประคบสมุนไพรแห้ง,ยาประคบ,โรงพยาบาลส่งเสริมสุขภาพตำบลกลางดง อำเภอทุ่งเสลี่ยม,ACTIVE
TTMT,9442153,ขี้ผึ้งไพล สูตรตำรับที่ 1,ยาขี้ผึ้งไพล,ขี้ผึ้ง,โรงพยาบาลส่งเสริมสุขภาพตำบลบ้านพนมเศษ  ,ACTIVE
TTMT,9442169,หอมเทพจิตร,ยาหอมเทพจิตร,ยาผง,โรงพยาบาลสอง,ACTIVE
TTMT,9442176,ยาประคบ,ยาประคบสมุนไพร สูตรเขาแก้ว ฯ,ยาประคบ,โรงพยาบาลส่งเสริมสุขภาพตำบลเขาแก้วศรีสมบูรณ์,ACTIVE
TTMT,9442182,สเปรย์พ่นคอจากสารสกัดฟ้าทะลายโจร,ANDRO SPRAY,ยาน้ำ,โรงพยาบาลเจ้าพระยาอภัยภูเบศร,ACTIVE
TTMT,9442195,ขี้ผึ้งกัญชา ขมิ้นชัน,ขี้ผึ้งกัญชา ขมิ้นชัน (Cannabis leaf and Tumeric extract oinment),ขี้ผึ้ง,โรงพยาบาลเจ้าพระยาอภัยภูเบศร,ACTIVE
TTMT,9442202,รักนิรันดร์,ยาดมรักนิรันดร์,ยาดม,โรงพยาบาลเจ้าพระยาอภัยภูเบศร,ACTIVE
TTMT,9442218,เนียมหูเสือ,ยาหม่องน้ำเนียมหูเสือ,ยาน้ำ,โรงพยาบาลเจ้าพระยาอภัยภูเบศร,ACTIVE
TTMT,9442225,ปิตตะ,ยาหม่องน้ำสูตรปิตตะ,ยาน้ำ,โรงพยาบาลเจ้าพระยาอภัยภูเบศร,ACTIVE
TTMT,9442239,วาตะ,ยาหม่องน้ำสูตรวาตะ,ยาน้ำ,โรงพยาบาลเจ้าพระยาอภัยภูเบศร,ACTIVE
TTMT,9442241,กผะ,ยาหม่องน้ำสูตรกผะ,ยาน้ำ,โรงพยาบาลเจ้าพระยาอภัยภูเบศร,ACTIVE
TTMT,9442256,ยาประคบ,ยาประคบสมุนไพร,ยาประคบ,โรงพยาบาลส่งเสริมสุขภาพตำบลกมลา,ACTIVE
TTMT,9442260,พอกเข่า,ยาพอกเข่า (รพ.สต.เพิ่มสุข),ยาพอก,โรงพยาบาลส่งเสริมสุขภาพตำบลเพิ่มสุข,ACTIVE
TTMT,9442273,ยาประคบ,ยาประคบสมุนไพร (รพ.สต.เพิ่มสุข),ยาประคบ,โรงพยาบาลส่งเสริมสุขภาพตำบลเพิ่มสุข,ACTIVE
TTMT,9442287,หม่องไพล/บาล์มไพล/ไพลบาล์ม / ขี้ผึ้งไพล,ยาหม่องไพล (รพ.สต.เพิ่มสุข),ขี้ผึ้ง,โรงพยาบาลส่งเสริมสุขภาพตำบลเพิ่มสุข,ACTIVE
TTMT,9442294,มังคุด/เปลือกมังคุด,ยาเปลือกมังคุด,ยาน้ำ,โรงพยาบาลเจาะไอร้อง,ACTIVE
TTMT,9442304,มังคุด/เปลือกมังคุด,ยาเปลือกมังคุด,ยาน้ำ,โรงพยาบาลเจาะไอร้อง,ACTIVE
TTMT,9442315,ทิงเจอร์ทองพันชั่ง,ทิงเจอร์ทองพันชั่ง,ทิงเจอร์,โรงพยาบาลเจาะไอร้อง,ACTIVE
TTMT,9442327,ทิงเจอร์ทองพันชั่ง,ทิงเจอร์ทองพันชั่ง,ทิงเจอร์,โรงพยาบาลเจาะไอร้อง,ACTIVE
TTMT,9442336,ทิงเจอร์พลู,ทิงเจอร์พลู,ทิงเจอร์,โรงพยาบาลเจาะไอร้อง,ACTIVE
TTMT,9442343,ทิงเจอร์พลู,ทิงเจอร์พลู,ทิงเจอร์,โรงพยาบาลเจาะไอร้อง,ACTIVE
TTMT,9442358,ไพล,ยาไพล,ครีม,โรงพยาบาลส่งเสริมสุขภาพตำบลบ้านนาซอ ตำบลนาซอ,ACTIVE
TTMT,9442362,น้ำมันไพล,น้ำมันไพล ศรีอุบล,ยาเข้าน้ำมัน,โรงพยาบาลส่งเสริมสุขภาพตำบลศรีอุบล,ACTIVE
TTMT,9442370,พญายอ,ศรีอุบล ทิงเจอร์พญายอ,ทิงเจอร์,โรงพยาบาลส่งเสริมสุขภาพตำบลศรีอุบล,ACTIVE
TTMT,9442389,รางจืด,ยารางจืด,ยาชง,โรงพยาบาลส่งเสริมสุขภาพตำบลบ้านเมี่ยง,ACTIVE
TTMT,9442391,น้ำมันไพล,ยาน้ำมันไพล,ยาเข้าน้ำมัน,โรงพยาบาลส่งเสริมสุขภาพตำบลบ้านสามหลัง ตำบลเขาแก้วศรีสมบูรณ์,ACTIVE
TTMT,9442406,พญายอ,ยาน้ำมันเสลดพังพอน,ยาเข้าน้ำมัน,โรงพยาบาลส่งเสริมสุขภาพตำบลบ้านสามหลัง ตำบลเขาแก้วศรีสมบูรณ์,ACTIVE
TTMT,9442410,พริก,ยาน้ำมันพริก,ยาเข้าน้ำมัน,โรงพยาบาลส่งเสริมสุขภาพตำบลบ้านสามหลัง ตำบลเขาแก้วศรีสมบูรณ์,ACTIVE
TTMT,9442423,หญ้าดอกขาว,ยาชงหญ้าดอกขาว ตราทีเอฟดี,ยาชง,บริษัท ไทยเอฟดี จำกัด,ACTIVE
TTMT,9442434,หญ้าปักกิ่ง,ยาหญ้าปักกิ่ง ชนิดแคปซูล ตราธงทอง,ยาแคปซูล,ห้างธงทองโอสถ,ACTIVE
TTMT,9442447,ผสมเพชรสังฆาต สูตรตำรับที่ 1,ยาผสมเพชรสังฆาต สูตร 1,ยาแคปซูล,บริษัท แก้วมังกรเภสัช จำกัด,ACTIVE
TTMT,9442452,ผสมเถาวัลย์เปรียง สูตรตำรับที่ 1,ยาผสมเถาวัลย์เปรียง สูตรตำรับที่ 1,ยาแคปซูล,บริษัท แก้วมังกรเภสัช จำกัด,ACTIVE
TTMT,9442468,ผสมเถาวัลย์เปรียง สูตรตำรับที่ 2,ยาผสมเถาวัลย์เปรียง สูตรตำรับที่ 2,ยาแคปซูล,บริษัท แก้วมังกรเภสัช จำกัด,ACTIVE
TTMT,9442475,แก้ไอผสมมะขามป้อม สูตรตำรับที่ 2,ยาน้ำแก้ไอผสมมะขามป้อม สูตรที่ 2 รพ.คูเมือง,ยาน้ำ,โรงพยาบาลคูเมือง,ACTIVE
TTMT,9442481,ธาตุอบเชย ,ยาธาตุอบเชย รพ.คูเมือง,ยาน้ำ,โรงพยาบาลคูเมือง,ACTIVE
TTMT,9442499,อบสมุนไพร,ชุดอบสมุนไพร สูตรโรงพยาบาลจัตุรัส,ยาต้ม,โรงพยาบาลจัตุรัส,ACTIVE
TTMT,9442508,สเปรย์กระดูกไก่ดำ,ยาสเปรย์กระดูกไก่ดำ PH HERB,ยาน้ำ,โรงพยาบาลโพนพิสัย,ACTIVE
TTMT,9442512,พอกเข่าดองดึง,ยาพอกเข่าดองดึง,ยาพอก,โรงพยาบาลยางสีสุราช,ACTIVE
TTMT,9442520,ทับหม้อเกลือ,ยาทับหม้อเกลือ,ยาพอก,โรงพยาบาลยางสีสุราช,ACTIVE
TTMT,9442531,หม่องไพล/บาล์มไพล/ไพลบาล์ม / ขี้ผึ้งไพล,ขี้ผึ้งไพล,ขี้ผึ้ง,โรงพยาบาลยางสีสุราช,ACTIVE
TTMT,9442549,ยาประคบ,ยาประคบสมุนไพร ,ยาประคบ,โรงพยาบาลส่งเสริมสุขภาพตำบลบ้านท่าวิเศษ ตำบลบ้านใหม่ชัยมงคล,ACTIVE
TTMT,9442554,ยาประคบ,ยาประคบสมุนไพร ,ยาประคบ,โรงพยาบาลส่งเสริมสุขภาพตำบลบ้านนาซอ ตำบลนาซอ,ACTIVE
TTMT,9442565,ยาประคบ,ลูกประคบสมุนไพร ศรีอุบล,ยาประคบ,โรงพยาบาลส่งเสริมสุขภาพตำบลศรีอุบล,ACTIVE
TTMT,9442577,ขี้ผึ้งไพล สูตรตำรับที่ 1,ศรีอุบล บาล์ม,ขี้ผึ้ง,โรงพยาบาลส่งเสริมสุขภาพตำบลศรีอุบล,ACTIVE
TTMT,9442583,แช่เท้าสมุนไพร,ยาแช่เท้าสมุนไพรสด,ยาแช่,โรงพยาบาลหนองเสือ,ACTIVE
TTMT,9442596,แช่เท้าสมุนไพร,ยาแช่เท้าสมุนไพรแห้ง,ยาแช่,โรงพยาบาลหนองเสือ,ACTIVE
TTMT,9442605,ขี้ผึ้งไพล สูตรตำรับที่ 1,ขี้ผึ้งไพล,ขี้ผึ้ง,โรงพยาบาลสมเด็จพระยุพราชยะหา,ACTIVE
TTMT,9442614,หอมเทพจิตร,หอมเทพจิตร,ยาผง,โรงพยาบาลการแพทย์แผนไทยสกลนคร หลวงปู่แฟ๊ป สุภัทโท,ACTIVE
TTMT,9442622,หอมนวโกฐ,หอมนวโกฐ,ยาผง,โรงพยาบาลการแพทย์แผนไทยสกลนคร หลวงปู่แฟ๊ป สุภัทโท,ACTIVE
TTMT,9442633,หอมอินทจักร,หอมอินทจักร์,ยาผง,โรงพยาบาลการแพทย์แผนไทยสกลนคร หลวงปู่แฟ๊ป สุภัทโท,ACTIVE
TTMT,9442646,อำมฤควาที,อัมฤควาที,ยาผง,โรงพยาบาลการแพทย์แผนไทยสกลนคร หลวงปู่แฟ๊ป สุภัทโท,ACTIVE
TTMT,9442651,ปราบชมพูทวีป,ปราบชมพูทวีป,ยาแคปซูล,โรงพยาบาลการแพทย์แผนไทยสกลนคร หลวงปู่แฟ๊ป สุภัทโท,ACTIVE
TTMT,9442667,หอมทิพโอสถ,หอมทิพโอสถ,ยาผง,โรงพยาบาลการแพทย์แผนไทยสกลนคร หลวงปู่แฟ๊ป สุภัทโท,ACTIVE
TTMT,9442679,แก้ลมอัมพฤกษ์ ,ยาแก้ลมอัมพฤกษ์,ยาผง,โรงพยาบาลการแพทย์แผนไทยสกลนคร หลวงปู่แฟ๊ป สุภัทโท,ACTIVE
TTMT,9442680,บำรุงโลหิต,ยาบำรุงโลหิต,ยาแคปซูล,โรงพยาบาลการแพทย์แผนไทยสกลนคร หลวงปู่แฟ๊ป สุภัทโท,ACTIVE
TTMT,9442698,เบญจกูล / พิกัดเบญจกูล,ยาเบญจกูล,ยาแคปซูล,โรงพยาบาลการแพทย์แผนไทยสกลนคร หลวงปู่แฟ๊ป สุภัทโท,ACTIVE
TTMT,9442701,ขี้ผึ้งไพล สูตรตำรับที่ 1,ขี้ผึ้งไพล สูตรตำรับที่ 1,ขี้ผึ้ง,โรงพยาบาลการแพทย์แผนไทยสกลนคร หลวงปู่แฟ๊ป สุภัทโท,ACTIVE
TTMT,9442717,เขียวหอม,ยาเขียวหอม,ยาผง,โรงพยาบาลการแพทย์แผนไทยสกลนคร หลวงปู่แฟ๊ป สุภัทโท,ACTIVE
TTMT,9442729,ลูกประคบสมุนไพร,ลูกประคบสมุนไพรสด,ยาประคบ,โรงพยาบาลวังม่วงสัทธรรม,ACTIVE
TTMT,9442738,ชาชงลดความอยากบุหรี่,ชาชงรักษ์สุขภาพ,ยาชง,โรงพยาบาลสมเด็จพระยุพราชด่านซ้าย,ACTIVE
TTMT,9442740,ลูกประคบสมุนไพร,ลูกประคบสมุนไพรแห้ง,ยาประคบ,โรงพยาบาลส่งเสริมสุขภาพตำบลบ้านสามหลัง ตำบลเขาแก้วศรีสมบูรณ์,ACTIVE
TTMT,9442755,ลูกประคบสมุนไพร,ลูกประคบสมุนไพรสด,ยาประคบ,โรงพยาบาลส่งเสริมสุขภาพตำบลบ้านสามหลัง ตำบลเขาแก้วศรีสมบูรณ์,ACTIVE
TTMT,9442764,ลูกประคบสมุนไพร,ลูกประคบสมุนไพรแห้ง,ยาประคบ,โรงพยาบาลส่งเสริมสุขภาพตำบลบ้านสามหลัง ตำบลเขาแก้วศรีสมบูรณ์,ACTIVE
TTMT,9442772,พอกเข่าสมุนไพร,ยาพอกเข่าสมุนไพร,ยาพอก,โรงพยาบาลส่งเสริมสุขภาพตำบลบ้านสามหลัง ตำบลเขาแก้วศรีสมบูรณ์,ACTIVE
TTMT,9442786,ทาริดสีดวงทวารหนักและโรคผิวหนัง,ยาทาริดสีดวงทวารหนักและแก้โรคผิวหนังผื่นคัน ตรา ทีเอฟดี,ยาเข้าน้ำมัน,บริษัท ไทยเอฟดี จำกัด,ACTIVE
TTMT,9442793,ทาริดสีดวงทวารหนักและโรคผิวหนัง,ยาทาริดสีดวงทวารหนักและแก้โรคผิวหนังผื่นคัน ตรา ทีเอฟดี,ยาเข้าน้ำมัน,บริษัท ไทยเอฟดี จำกัด,ACTIVE
TTMT,9442803,ทาริดสีดวงทวารหนักและโรคผิวหนัง,ยาทาริดสีดวงทวารหนักและแก้โรคผิวหนังผื่นคัน ตรา ทีเอฟดี,ยาเข้าน้ำมัน,บริษัท ไทยเอฟดี จำกัด,ACTIVE
TTMT,9442819,ทาริดสีดวงทวารหนักและโรคผิวหนัง,ยาทาริดสีดวงทวารหนักและแก้โรคผิวหนังผื่นคัน ตรา ทีเอฟดี,ยาเข้าน้ำมัน,บริษัท ไทยเอฟดี จำกัด,ACTIVE
TTMT,9442826,ทาริดสีดวงทวารหนักและโรคผิวหนัง,ยาทาริดสีดวงทวารหนักและแก้โรคผิวหนังผื่นคัน ตรา ทีเอฟดี,ยาเข้าน้ำมัน,บริษัท ไทยเอฟดี จำกัด,ACTIVE
TTMT,9442835,ทาริดสีดวงทวารหนักและโรคผิวหนัง,ยาทาริดสีดวงทวารหนักและแก้โรคผิวหนังผื่นคัน ตรา ทีเอฟดี,ยาเข้าน้ำมัน,บริษัท ไทยเอฟดี จำกัด,ACTIVE
TTMT,9442842,หอมอินทจักร,ยาหอมอินทจักร์ชนิดเม็ด ตราทีเอฟดี,ยาเม็ด,บริษัท ไทยเอฟดี จำกัด,ACTIVE
TTMT,9442857,แก้ไอผสมกานพลู,ยาอมแก้ไอผสมกานพลู ตราทีเอฟดี,ยาเม็ด,บริษัท ไทยเอฟดี จำกัด,ACTIVE
TTMT,9442861,ไพล สูตรตำรับที่ 2,ไพลจีเพน PLYGEPANE,ครีม,บริษัท ผลิตภัณฑ์สมุนไพรไทย จำกัด,ACTIVE
TTMT,9442874,ไพล สูตรตำรับที่ 2,ไพลจีเพน PLYGEPANE,ครีม,บริษัท ผลิตภัณฑ์สมุนไพรไทย จำกัด,ACTIVE
TTMT,9442888,ไพล สูตรตำรับที่ 2,ไพลจีเพน PLYGEPANE,ครีม,บริษัท ผลิตภัณฑ์สมุนไพรไทย จำกัด,ACTIVE
TTMT,9442890,ไพล สูตรตำรับที่ 2,ไพลจีเพน PLYGEPANE,ครีม,บริษัท ผลิตภัณฑ์สมุนไพรไทย จำกัด,ACTIVE
TTMT,9442900,ไพล สูตรตำรับที่ 2,ไพลจีเพน PLYGEPANE,ครีม,บริษัท ผลิตภัณฑ์สมุนไพรไทย จำกัด,ACTIVE
TTMT,9442916,ไพล สูตรตำรับที่ 2,ไพลจีเพน PLYGEPANE,ครีม,บริษัท ผลิตภัณฑ์สมุนไพรไทย จำกัด,ACTIVE
TTMT,9442928,ไพล สูตรตำรับที่ 2,ไพลจีเพน PLYGEPANE,ครีม,บริษัท ผลิตภัณฑ์สมุนไพรไทย จำกัด,ACTIVE
TTMT,9442937,ไพล สูตรตำรับที่ 2,ไพลจีเพน PLYGEPANE,ครีม,บริษัท ผลิตภัณฑ์สมุนไพรไทย จำกัด,ACTIVE
TTMT,9442944,ไพล สูตรตำรับที่ 2,ไพลจีเพน PLYGEPANE,ครีม,บริษัท ผลิตภัณฑ์สมุนไพรไทย จำกัด,ACTIVE
TTMT,9442959,ไพล สูตรตำรับที่ 2,ไพลจีเพน PLYGEPANE,ครีม,บริษัท ผลิตภัณฑ์สมุนไพรไทย จำกัด,ACTIVE
TTMT,9442963,ไพล สูตรตำรับที่ 2,ไพลจีเพน PLYGEPANE,ครีม,บริษัท ผลิตภัณฑ์สมุนไพรไทย จำกัด,ACTIVE
TTMT,9442971,ไพล สูตรตำรับที่ 2,ไพลจีเพน PLYGEPANE,ครีม,บริษัท ผลิตภัณฑ์สมุนไพรไทย จำกัด,ACTIVE
TTMT,9442985,ไพล สูตรตำรับที่ 2,ไพลจีเพน PLYGEPANE,ครีม,บริษัท ผลิตภัณฑ์สมุนไพรไทย จำกัด,ACTIVE
TTMT,9442992,ไพล สูตรตำรับที่ 2,ไพลจีเพน PLYGEPANE,ครีม,บริษัท ผลิตภัณฑ์สมุนไพรไทย จำกัด,ACTIVE
TTMT,9443004,ไพล สูตรตำรับที่ 2,ไพลจีเพน PLYGEPANE,ครีม,บริษัท ผลิตภัณฑ์สมุนไพรไทย จำกัด,ACTIVE
TTMT,9443015,ไพล สูตรตำรับที่ 2,ไพลจีเพน PLYGEPANE,ครีม,บริษัท ผลิตภัณฑ์สมุนไพรไทย จำกัด,ACTIVE
TTMT,9443027,ไพล สูตรตำรับที่ 2,ไพลจีเพน PLYGEPANE,ครีม,บริษัท ผลิตภัณฑ์สมุนไพรไทย จำกัด,ACTIVE
TTMT,9443036,ไพล สูตรตำรับที่ 2,ไพลจีเพน PLYGEPANE,ครีม,บริษัท ผลิตภัณฑ์สมุนไพรไทย จำกัด,ACTIVE
TTMT,9443043,ไพล สูตรตำรับที่ 2,ไพลจีเพน PLYGEPANE,ครีม,บริษัท ผลิตภัณฑ์สมุนไพรไทย จำกัด,ACTIVE
TTMT,9443058,ไพล สูตรตำรับที่ 2,ไพลจีเพน PLYGEPANE,ครีม,บริษัท ผลิตภัณฑ์สมุนไพรไทย จำกัด,ACTIVE
TTMT,9443062,ไพล สูตรตำรับที่ 2,ไพลจีเพน PLYGEPANE,ครีม,บริษัท ผลิตภัณฑ์สมุนไพรไทย จำกัด,ACTIVE
TTMT,9443070,ไพล สูตรตำรับที่ 2,ไพลจีเพน PLYGEPANE,ครีม,บริษัท ผลิตภัณฑ์สมุนไพรไทย จำกัด,ACTIVE
TTMT,9443089,ไพล สูตรตำรับที่ 2,ไพลจีเพน PLYGEPANE,ครีม,บริษัท ผลิตภัณฑ์สมุนไพรไทย จำกัด,ACTIVE
TTMT,9443091,ไพล สูตรตำรับที่ 2,ไพลจีเพน PLYGEPANE,ครีม,บริษัท ผลิตภัณฑ์สมุนไพรไทย จำกัด,ACTIVE
TTMT,9443101,ไพล สูตรตำรับที่ 2,ไพลจีเพน PLYGEPANE,ครีม,บริษัท ผลิตภัณฑ์สมุนไพรไทย จำกัด,ACTIVE
TTMT,9443117,ไพล สูตรตำรับที่ 2,ไพลจีเพน PLYGEPANE,ครีม,บริษัท ผลิตภัณฑ์สมุนไพรไทย จำกัด,ACTIVE
TTMT,9443129,ไพล สูตรตำรับที่ 2,ไพลจีเพน PLYGEPANE,ครีม,บริษัท ผลิตภัณฑ์สมุนไพรไทย จำกัด,ACTIVE
TTMT,9443138,ไพล สูตรตำรับที่ 2,ไพลจีเพน PLYGEPANE,ครีม,บริษัท ผลิตภัณฑ์สมุนไพรไทย จำกัด,ACTIVE
TTMT,9443140,ไพล สูตรตำรับที่ 2,ไพลจีเพน PLYGEPANE,ครีม,บริษัท ผลิตภัณฑ์สมุนไพรไทย จำกัด,ACTIVE
TTMT,9443155,เวชพงศ์ เบอร์ 28,ยาเวชพงศ์ เบอร์ 28 (ชนิดผง),ยาผง,บริษัท แสงสว่างตราค้างคาว จำกัด,ACTIVE
TTMT,9443164,หอมนวโกฐ,ยาหอมนวโกฐ (ชนิดผง) เวชพงศ์โอสถ,ยาผง,บริษัท แสงสว่างตราค้างคาว จำกัด,ACTIVE
TTMT,9443172,หอมอินทจักร,ยาหอมอินทจักร์ (ชนิดผง) เวชพงศ์โอสถ,ยาผง,บริษัท แสงสว่างตราค้างคาว จำกัด,ACTIVE
TTMT,9443186,หอมเทพจิตร,ยาหอมเทพจิตร (ชนิดผง) เวชพงศ์โอสถ,ยาผง,บริษัท แสงสว่างตราค้างคาว จำกัด,ACTIVE
TTMT,9443193,หอมทิพโอสถ,ยาหอมทิพโอสถ (ชนิดผง) เวชพงศ์โอสถ,ยาผง,บริษัท แสงสว่างตราค้างคาว จำกัด,ACTIVE
TTMT,9443206,บำรุงโลหิต,ยาบำรุงโลหิต ตราเวชพงศ์โอสถ,ยาผง,บริษัท แสงสว่างตราค้างคาว จำกัด,ACTIVE
TTMT,9443210,หอมสราญจิต,ยาหอมสราญจิต เวชพงศ์โอสถ,ยาผง,บริษัท แสงสว่างตราค้างคาว จำกัด,ACTIVE
TTMT,9443223,เม็ดอมลดความอยากบุหรี่,"DTAM DUALQUIT FOR SMOKING CESSATION
ดีแทม ดูอัลควิท เม็ดอมเลิกบุหรี่ ชนิดแตกตัวเร็วในช่องปาก (พัฒนาจากตำรับยาเหลืองกระท่อม) กรมการแพทย์แผนไทยและการแพทย์ทางเลือก",ยาเม็ด,กองพัฒนายาแผนไทยและสมุนไพร กรมการแพทย์แผนไทยและการแพทย์ทางเลือก,ACTIVE
TTMT,9443234,เจลพอกเข่าดูดพิษ (กรมการแพทย์แผนไทยและการแพทย์ทางเลือก),"DTAM Nelieving Gel Plus ดีแทม เจลพอกเข่าดูดพิษ พลัส
สูตรผสมสารสกัดเตตร้าไฮโดรแคนนาบินอล 
กรมการแพทย์แผนไทยและการแพทย์ทางเลือก",เจล,กองพัฒนายาแผนไทยและสมุนไพร กรมการแพทย์แผนไทยและการแพทย์ทางเลือก,ACTIVE
TTMT,9443247,ครีมทาริดสีดวงทวารหนักและโรคผิวหนัง,"DTAM HEMADERM CREAM ดีแทม ฮีมาเดิร์ม ครีม
(พัฒนาจากตำรับยาทาริดสีดวงทวารหนักและโรคผิวหนัง)
กรมการแพทย์แผนไทยและการแพทย์ทางเลือก",ครีม,กองพัฒนายาแผนไทยและสมุนไพร กรมการแพทย์แผนไทยและการแพทย์ทางเลือก,ACTIVE
TTMT,9443252,น้ำมันกัญชา สูตรภายนอก,"DTAM GANJA OIL FOR EXTERNAL ROUTE
ดีแทม น้ำมันกัญชา ชนิดใช้ภายนอก กรมการแพทย์แผนไทยและการแพทย์ทางเลือก",ยาเข้าน้ำมัน,กองพัฒนายาแผนไทยและสมุนไพร กรมการแพทย์แผนไทยและการแพทย์ทางเลือก,ACTIVE
TTMT,9443268,น้ำมันกัญชาทั้ง 5 (สูตรรับประทาน),ยาน้ำมันกัญชาทั้งห้า,ยาเข้าน้ำมัน,มูลนิธิ โรงพยาบาลเจ้าพระยาอภัยภูเบศร,ACTIVE
TTMT,9443275,น้ำมันเหลือง,ยาน้ำมันเหลือง หยางจื้อหลิง YANG ZHI LING YELLOW OIL ,ยาเข้าน้ำมัน,บริษัท แสงสว่างตราค้างคาว จำกัด,ACTIVE
TTMT,9443281,น้ำมันเหลือง,ยาน้ำมันเหลือง หยางจื้อหลิง YANG ZHI LING YELLOW OIL ,ยาเข้าน้ำมัน,บริษัท แสงสว่างตราค้างคาว จำกัด,ACTIVE
TTMT,9443299,น้ำมันเหลือง,ยาน้ำมันเหลือง หยางจื้อหลิง YANG ZHI LING YELLOW OIL ,ยาเข้าน้ำมัน,บริษัท แสงสว่างตราค้างคาว จำกัด,ACTIVE
TTMT,9443309,แก้ท้องเสีย,ยาแก้ท้องเสีย จิวะเฮิร์บ,ยาแคปซูล,บริษัท พนาพัฒน์ เฮลท์แคร์ จำกัด,ACTIVE
TTMT,9443313,แก้ปวดเมื่อย,ยาบรรเทาอาการปวดเมื่อย จิวะ เฮิร์บ ,ยาแคปซูล,บริษัท พนาพัฒน์ เฮลท์แคร์ จำกัด,ACTIVE
TTMT,9443321,บรรเทาอาการผื่นคัน,ยาบรรเทาอาการผื่นคัน ตรา จิวะเฮิร์บ ,ยาแคปซูล,บริษัท พนาพัฒน์ เฮลท์แคร์ จำกัด,ACTIVE
TTMT,9443332,ประสะไพล,"ประสะไพล แคปซูล 
จิวะเฮิร์บ",ยาแคปซูล,บริษัท พนาพัฒน์ เฮลท์แคร์ จำกัด,ACTIVE
TTMT,9443345,แก้ปวดเมื่อย,ยาบรรเทาอาการปวดเมื่อย ตรานิวเจน เฮิร์บ,ยาแคปซูล,บริษัท พนาพัฒน์ เฮลท์แคร์ จำกัด,ACTIVE
TTMT,9443350,แก้ท้องเสีย,ยาแก้ท้องเสีย ตรานิวเจน เฮิร์บ,ยาแคปซูล,บริษัท พนาพัฒน์ เฮลท์แคร์ จำกัด,ACTIVE
TTMT,9443366,น้ำมันสมานแผล,ยาน้ำมันสมานแผล ขาวละออ,ยาเข้าน้ำมัน,บริษัท ขาวละออเภสัช จำกัด,ACTIVE
